id,games_id,player_id,points,def_rebounds,off_rebounds,steals,blocks,assists,fg3a,fg3m,fgm,fga,fta,ftm,turnovers,mins,fouls,created_at,updated_at,plus_minus,team_id
1,1,217,5,4,1,1,0,4,7,1,2,9,0,0,0,29,5,2026-05-01 22:52:57.817186,2026-05-01 22:52:57.817186,-1,6
2,1,227,7,3,0,1,0,0,3,1,3,5,0,0,0,20,5,2026-05-01 22:52:57.817186,2026-05-01 22:52:57.817186,1,6
3,1,219,24,3,5,0,3,1,6,2,10,19,3,2,2,31,0,2026-05-01 22:52:57.817186,2026-05-01 22:52:57.817186,-6,6
4,1,218,30,7,0,1,2,5,9,3,9,18,11,9,0,9,1,2026-05-01 22:52:57.817186,2026-05-01 22:52:57.817186,8,6
5,1,306,19,3,1,0,0,10,8,3,6,16,7,4,0,38,0,2026-05-01 22:52:57.817186,2026-05-01 22:52:57.817186,-12,6
6,1,226,8,4,2,0,0,1,6,2,3,8,0,0,1,25,2,2026-05-01 22:52:57.817186,2026-05-01 22:52:57.817186,-18,6
7,1,354,0,2,1,1,1,0,1,0,0,1,0,0,0,24,4,2026-05-01 22:52:57.817186,2026-05-01 22:52:57.817186,-15,6
8,1,213,3,2,0,0,0,0,4,1,1,6,0,0,1,13,1,2026-05-01 22:52:57.817186,2026-05-01 22:52:57.817186,-8,6
9,1,364,2,3,0,0,0,2,1,0,1,4,0,0,2,20,1,2026-05-01 22:52:57.817186,2026-05-01 22:52:57.817186,0,6
10,1,221,0,1,0,0,0,0,0,0,0,0,0,0,1,4,0,2026-05-01 22:52:57.817186,2026-05-01 22:52:57.817186,-4,6
11,1,48,20,2,1,0,0,2,9,2,6,16,7,6,1,27,1,2026-05-01 22:52:57.817186,2026-05-01 22:52:57.817186,-3,2
12,1,41,15,3,1,0,0,0,10,5,5,10,0,0,1,24,0,2026-05-01 22:52:57.817186,2026-05-01 22:52:57.817186,11,2
13,1,44,4,11,0,0,0,1,0,0,2,7,0,0,0,35,4,2026-05-01 22:52:57.817186,2026-05-01 22:52:57.817186,13,2
14,1,37,23,6,3,0,0,8,3,1,7,17,9,8,4,13,5,2026-05-01 22:52:57.817186,2026-05-01 22:52:57.817186,17,2
15,1,51,6,6,1,0,0,5,3,0,2,9,2,2,0,35,2,2026-05-01 22:52:57.817186,2026-05-01 22:52:57.817186,-6,2
16,1,43,18,2,1,1,0,7,6,2,7,12,2,2,2,34,2,2026-05-01 22:52:57.817186,2026-05-01 22:52:57.817186,18,2
17,1,45,16,8,2,1,0,0,6,4,6,8,0,0,0,25,1,2026-05-01 22:52:57.817186,2026-05-01 22:52:57.817186,10,2
18,1,38,7,0,1,0,0,1,1,1,2,4,2,2,2,11,3,2026-05-01 22:52:57.817186,2026-05-01 22:52:57.817186,-4,2
19,1,39,0,1,0,0,0,1,0,0,0,1,0,0,0,7,2,2026-05-01 22:52:57.817186,2026-05-01 22:52:57.817186,-1,2
20,2,326,5,2,1,2,0,4,5,0,1,10,4,3,1,29,2,2026-05-01 22:52:57.817186,2026-05-01 22:52:57.817186,27,14
21,2,317,13,5,2,0,1,2,8,3,5,11,0,0,1,36,0,2026-05-01 22:52:57.817186,2026-05-01 22:52:57.817186,5,14
22,2,315,6,6,2,0,2,0,0,0,3,4,0,0,0,19,2,2026-05-01 22:52:57.817186,2026-05-01 22:52:57.817186,3,14
23,2,325,25,4,0,3,1,5,6,3,8,16,7,6,1,14,2,2026-05-01 22:52:57.817186,2026-05-01 22:52:57.817186,5,14
24,2,316,35,8,0,2,0,4,16,5,11,25,10,8,6,38,3,2026-05-01 22:52:57.817186,2026-05-01 22:52:57.817186,14,14
25,2,375,12,2,0,1,0,1,7,3,4,8,1,1,2,26,2,2026-05-01 22:52:57.817186,2026-05-01 22:52:57.817186,0,14
26,2,318,5,1,3,1,0,0,0,0,0,3,6,5,1,16,2,2026-05-01 22:52:57.817186,2026-05-01 22:52:57.817186,8,14
27,2,323,6,1,3,0,0,3,0,0,2,2,2,2,1,12,3,2026-05-01 22:52:57.817186,2026-05-01 22:52:57.817186,8,14
28,2,321,0,0,0,1,0,0,0,0,0,0,0,0,0,9,2,2026-05-01 22:52:57.817186,2026-05-01 22:52:57.817186,-1,14
29,2,330,3,1,1,0,1,1,2,1,1,2,0,0,0,10,2,2026-05-01 22:52:57.817186,2026-05-01 22:52:57.817186,-4,14
30,2,59,8,5,1,2,0,2,1,0,4,8,0,0,1,22,3,2026-05-01 22:52:57.817186,2026-05-01 22:52:57.817186,-5,20
31,2,53,13,5,3,1,0,1,4,1,5,11,2,2,2,37,4,2026-05-01 22:52:57.817186,2026-05-01 22:52:57.817186,-9,20
32,2,67,25,15,1,1,1,2,5,1,8,17,8,8,2,33,4,2026-05-01 22:52:57.817186,2026-05-01 22:52:57.817186,-9,20
33,2,54,0,3,3,1,1,5,4,0,0,6,0,0,2,3,4,2026-05-01 22:52:57.817186,2026-05-01 22:52:57.817186,-4,20
34,2,55,24,6,0,0,0,7,8,3,8,19,7,5,7,42,2,2026-05-01 22:52:57.817186,2026-05-01 22:52:57.817186,-8,20
35,2,65,4,2,2,1,0,0,0,0,2,3,0,0,0,16,1,2026-05-01 22:52:57.817186,2026-05-01 22:52:57.817186,-11,20
36,2,66,10,1,0,1,0,2,6,2,4,8,0,0,3,27,0,2026-05-01 22:52:57.817186,2026-05-01 22:52:57.817186,-18,20
37,2,58,4,0,0,0,0,2,3,0,1,4,2,2,0,14,2,2026-05-01 22:52:57.817186,2026-05-01 22:52:57.817186,1,20
38,2,508,0,0,0,0,0,1,1,0,0,2,0,0,1,7,0,2026-05-01 22:52:57.817186,2026-05-01 22:52:57.817186,-6,20
39,2,56,9,0,0,0,0,1,2,1,3,4,2,2,0,10,3,2026-05-01 22:52:57.817186,2026-05-01 22:52:57.817186,4,20
40,3,411,10,3,2,0,0,5,3,1,3,10,4,3,1,32,2,2026-05-01 22:52:57.817186,2026-05-01 22:52:57.817186,4,16
41,3,404,4,4,2,0,0,2,0,0,1,3,2,2,1,16,4,2026-05-01 22:52:57.817186,2026-05-01 22:52:57.817186,9,16
42,3,402,24,6,3,1,1,6,10,4,7,17,6,6,2,34,1,2026-05-01 22:52:57.817186,2026-05-01 22:52:57.817186,13,16
43,3,406,25,5,1,1,0,3,8,4,8,16,6,5,1,6,1,2026-05-01 22:52:57.817186,2026-05-01 22:52:57.817186,18,16
44,3,412,8,2,0,1,0,4,1,0,4,5,0,0,0,24,2,2026-05-01 22:52:57.817186,2026-05-01 22:52:57.817186,16,16
45,3,416,12,3,3,2,2,0,3,0,6,9,0,0,1,25,4,2026-05-01 22:52:57.817186,2026-05-01 22:52:57.817186,11,16
46,3,408,19,5,1,0,1,7,3,1,6,18,6,6,1,29,2,2026-05-01 22:52:57.817186,2026-05-01 22:52:57.817186,2,16
47,3,407,12,1,1,1,0,0,3,2,5,8,0,0,2,21,3,2026-05-01 22:52:57.817186,2026-05-01 22:52:57.817186,-9,16
48,3,415,7,4,0,3,1,4,1,0,3,6,1,1,1,22,4,2026-05-01 22:52:57.817186,2026-05-01 22:52:57.817186,-1,16
49,3,405,0,2,0,0,0,0,0,0,0,0,0,0,1,2,0,2026-05-01 22:52:57.817186,2026-05-01 22:52:57.817186,-5,16
50,3,557,0,1,0,0,0,0,1,0,0,1,0,0,0,0,0,2026-05-01 22:52:57.817186,2026-05-01 22:52:57.817186,-3,16
51,3,241,3,2,1,0,1,2,7,1,1,7,0,0,0,23,3,2026-05-01 22:52:57.817186,2026-05-01 22:52:57.817186,-4,9
52,3,231,9,1,0,0,3,0,2,0,3,6,3,3,0,24,2,2026-05-01 22:52:57.817186,2026-05-01 22:52:57.817186,-12,9
53,3,229,24,4,1,0,1,1,0,0,10,12,5,4,1,26,3,2026-05-01 22:52:57.817186,2026-05-01 22:52:57.817186,-18,9
54,3,228,26,1,0,0,0,10,9,6,9,18,2,2,4,11,3,2026-05-01 22:52:57.817186,2026-05-01 22:52:57.817186,-16,9
55,3,242,2,1,1,1,0,2,2,0,0,3,2,2,0,19,3,2026-05-01 22:52:57.817186,2026-05-01 22:52:57.817186,-12,9
56,3,244,14,2,4,0,1,1,2,1,6,11,2,1,2,22,4,2026-05-01 22:52:57.817186,2026-05-01 22:52:57.817186,-15,9
57,3,199,4,4,0,1,2,4,4,0,2,7,0,0,0,21,0,2026-05-01 22:52:57.817186,2026-05-01 22:52:57.817186,9,9
58,3,232,5,4,3,1,1,0,2,0,2,6,2,1,1,18,1,2026-05-01 22:52:57.817186,2026-05-01 22:52:57.817186,-16,9
59,3,234,4,4,0,0,2,2,2,1,1,4,2,1,0,15,1,2026-05-01 22:52:57.817186,2026-05-01 22:52:57.817186,4,9
60,3,230,6,2,0,0,0,1,3,0,2,5,2,2,2,15,2,2026-05-01 22:52:57.817186,2026-05-01 22:52:57.817186,-3,9
61,3,237,0,0,0,0,0,0,2,0,0,3,0,0,0,8,1,2026-05-01 22:52:57.817186,2026-05-01 22:52:57.817186,6,9
62,3,240,10,1,3,2,1,1,1,1,3,6,4,3,0,5,0,2026-05-01 22:52:57.817186,2026-05-01 22:52:57.817186,11,9
63,3,236,3,0,0,0,0,2,1,1,1,2,0,0,1,4,0,2026-05-01 22:52:57.817186,2026-05-01 22:52:57.817186,11,9
64,4,93,11,5,1,1,0,6,2,0,4,12,4,3,3,31,2,2026-05-01 22:52:57.817186,2026-05-01 22:52:57.817186,5,28
65,4,88,17,3,1,1,1,5,4,2,6,12,3,3,1,34,3,2026-05-01 22:52:57.817186,2026-05-01 22:52:57.817186,25,28
66,4,99,16,8,2,1,2,4,0,0,8,9,0,0,1,30,2,2026-05-01 22:52:57.817186,2026-05-01 22:52:57.817186,16,28
67,4,89,31,5,1,1,0,3,7,3,13,19,4,2,2,9,2,2026-05-01 22:52:57.817186,2026-05-01 22:52:57.817186,16,28
68,4,100,10,2,0,3,0,8,7,2,4,14,0,0,1,31,1,2026-05-01 22:52:57.817186,2026-05-01 22:52:57.817186,14,28
69,4,103,11,2,1,2,0,4,5,0,4,11,3,3,0,25,2,2026-05-01 22:52:57.817186,2026-05-01 22:52:57.817186,24,28
70,4,101,0,1,0,1,0,4,0,0,0,0,0,0,0,13,1,2026-05-01 22:52:57.817186,2026-05-01 22:52:57.817186,8,28
71,4,91,10,2,0,0,0,2,4,1,4,8,2,1,0,13,3,2026-05-01 22:52:57.817186,2026-05-01 22:52:57.817186,16,28
72,4,95,13,6,1,1,1,3,6,2,5,9,2,1,0,17,3,2026-05-01 22:52:57.817186,2026-05-01 22:52:57.817186,14,28
73,4,90,0,0,0,0,0,0,0,0,0,0,0,0,0,4,0,2026-05-01 22:52:57.817186,2026-05-01 22:52:57.817186,6,28
74,4,102,3,0,1,0,0,0,1,0,0,1,4,3,0,4,0,2026-05-01 22:52:57.817186,2026-05-01 22:52:57.817186,6,28
75,4,446,6,0,2,1,0,1,1,0,2,7,2,2,1,19,3,2026-05-01 22:52:57.817186,2026-05-01 22:52:57.817186,-17,7
76,4,469,9,7,0,1,0,3,5,2,3,8,2,1,2,30,1,2026-05-01 22:52:57.817186,2026-05-01 22:52:57.817186,-14,7
77,4,458,21,5,6,0,1,3,0,0,10,10,1,1,1,23,0,2026-05-01 22:52:57.817186,2026-05-01 22:52:57.817186,-8,7
78,4,457,17,7,1,2,3,6,3,1,7,17,3,2,4,5,1,2026-05-01 22:52:57.817186,2026-05-01 22:52:57.817186,-11,7
79,4,453,2,2,1,0,0,1,7,0,1,11,0,0,2,25,1,2026-05-01 22:52:57.817186,2026-05-01 22:52:57.817186,-22,7
80,4,436,6,6,1,0,0,2,1,0,2,6,2,2,0,19,1,2026-05-01 22:52:57.817186,2026-05-01 22:52:57.817186,-16,7
81,4,463,8,0,0,0,0,1,0,0,3,5,2,2,1,21,2,2026-05-01 22:52:57.817186,2026-05-01 22:52:57.817186,-4,7
82,4,468,5,1,0,0,0,2,7,1,2,10,0,0,2,20,1,2026-05-01 22:52:57.817186,2026-05-01 22:52:57.817186,-8,7
83,4,470,16,0,0,0,2,1,4,1,4,8,8,7,3,18,2,2026-05-01 22:52:57.817186,2026-05-01 22:52:57.817186,-16,7
84,4,464,0,4,1,0,1,0,0,0,0,1,0,0,1,15,6,2026-05-01 22:52:57.817186,2026-05-01 22:52:57.817186,-16,7
85,4,465,2,1,0,1,0,2,1,0,1,2,0,0,0,5,0,2026-05-01 22:52:57.817186,2026-05-01 22:52:57.817186,-6,7
86,4,466,0,1,1,0,0,0,0,0,0,0,0,0,2,5,2,2026-05-01 22:52:57.817186,2026-05-01 22:52:57.817186,-6,7
87,4,444,0,0,0,0,0,0,1,0,0,3,0,0,0,5,0,2026-05-01 22:52:57.817186,2026-05-01 22:52:57.817186,-6,7
130,7,509,23,5,5,2,0,2,4,0,9,17,10,5,0,29,1,2026-05-01 22:52:57.817186,2026-05-01 22:52:57.817186,15,19
131,7,524,20,0,2,0,0,1,0,0,6,8,11,8,0,23,0,2026-05-01 22:52:57.817186,2026-05-01 22:52:57.817186,3,19
132,7,513,4,1,1,3,0,0,1,0,2,6,0,0,2,16,4,2026-05-01 22:52:57.817186,2026-05-01 22:52:57.817186,1,19
133,7,519,24,4,1,1,0,4,9,4,7,14,6,6,0,4,0,2026-05-01 22:52:57.817186,2026-05-01 22:52:57.817186,11,19
134,7,520,19,6,0,2,0,2,1,0,6,9,9,7,2,23,2,2026-05-01 22:52:57.817186,2026-05-01 22:52:57.817186,15,19
135,7,514,2,4,1,0,1,1,0,0,0,0,2,2,0,19,1,2026-05-01 22:52:57.817186,2026-05-01 22:52:57.817186,8,19
136,7,523,13,3,1,0,1,5,2,1,5,9,2,2,1,24,2,2026-05-01 22:52:57.817186,2026-05-01 22:52:57.817186,17,19
137,7,511,18,5,0,1,1,7,4,1,7,16,3,3,2,24,3,2026-05-01 22:52:57.817186,2026-05-01 22:52:57.817186,5,19
138,7,517,4,1,0,1,1,3,0,0,1,2,2,2,1,22,3,2026-05-01 22:52:57.817186,2026-05-01 22:52:57.817186,13,19
139,7,518,2,2,0,0,2,0,0,0,1,1,0,0,0,14,0,2026-05-01 22:52:57.817186,2026-05-01 22:52:57.817186,15,19
140,7,516,5,1,1,1,0,0,1,1,1,2,2,2,0,4,3,2026-05-01 22:52:57.817186,2026-05-01 22:52:57.817186,-1,19
141,7,521,2,0,0,0,0,0,0,0,1,2,0,0,0,4,1,2026-05-01 22:52:57.817186,2026-05-01 22:52:57.817186,-1,19
142,7,512,2,0,0,0,0,0,1,0,1,3,0,0,0,4,0,2026-05-01 22:52:57.817186,2026-05-01 22:52:57.817186,-1,19
143,7,441,5,3,1,0,0,1,7,1,1,12,2,2,0,23,4,2026-05-01 22:52:57.817186,2026-05-01 22:52:57.817186,-13,30
144,7,560,10,3,1,1,0,2,6,2,4,11,0,0,0,31,4,2026-05-01 22:52:57.817186,2026-05-01 22:52:57.817186,-17,30
145,7,448,7,2,2,0,1,1,3,1,3,7,0,0,1,17,2,2026-05-01 22:52:57.817186,2026-05-01 22:52:57.817186,-2,30
146,7,445,20,3,1,0,0,1,7,4,7,13,2,2,1,22,2,2026-05-01 22:52:57.817186,2026-05-01 22:52:57.817186,-2,30
147,7,452,17,3,1,0,0,8,5,3,4,6,8,6,4,17,3,2026-05-01 22:52:57.817186,2026-05-01 22:52:57.817186,0,30
148,7,563,5,5,4,1,2,3,0,0,1,4,4,3,2,25,3,2026-05-01 22:52:57.817186,2026-05-01 22:52:57.817186,-2,30
149,7,438,9,3,0,0,0,4,5,2,3,6,1,1,2,23,3,2026-05-01 22:52:57.817186,2026-05-01 22:52:57.817186,-8,30
150,7,440,5,1,0,0,0,4,1,0,1,3,4,3,1,9,1,2026-05-01 22:52:57.817186,2026-05-01 22:52:57.817186,-4,30
151,7,447,19,1,2,0,0,0,1,0,8,12,3,3,4,25,3,2026-05-01 22:52:57.817186,2026-05-01 22:52:57.817186,-16,30
152,7,443,11,2,0,0,0,0,3,1,5,7,0,0,1,21,3,2026-05-01 22:52:57.817186,2026-05-01 22:52:57.817186,-19,30
153,7,459,10,2,1,0,0,3,4,0,4,10,3,2,1,21,3,2026-05-01 22:52:57.817186,2026-05-01 22:52:57.817186,-17,30
154,8,141,2,3,1,1,1,5,2,0,1,7,0,0,1,24,2,2026-05-01 22:52:57.817186,2026-05-01 22:52:57.817186,-29,17
155,8,278,10,5,2,0,0,2,0,0,5,5,0,0,0,25,2,2026-05-01 22:52:57.817186,2026-05-01 22:52:57.817186,-30,17
156,8,280,3,0,0,0,1,1,3,1,1,6,2,0,2,22,3,2026-05-01 22:52:57.817186,2026-05-01 22:52:57.817186,-27,17
157,8,269,4,1,0,1,0,0,8,1,1,8,1,1,2,4,3,2026-05-01 22:52:57.817186,2026-05-01 22:52:57.817186,-30,17
158,8,277,15,1,0,3,0,1,7,3,5,12,2,2,5,22,1,2026-05-01 22:52:57.817186,2026-05-01 22:52:57.817186,-14,17
159,8,273,6,2,1,2,0,2,2,0,3,5,0,0,0,21,4,2026-05-01 22:52:57.817186,2026-05-01 22:52:57.817186,-17,17
160,8,275,18,8,2,1,1,3,5,4,7,11,1,0,1,27,2,2026-05-01 22:52:57.817186,2026-05-01 22:52:57.817186,-7,17
161,8,279,9,2,1,0,0,0,9,1,4,12,0,0,1,25,3,2026-05-01 22:52:57.817186,2026-05-01 22:52:57.817186,-21,17
162,8,31,17,1,0,1,0,6,4,2,7,12,3,1,2,19,2,2026-05-01 22:52:57.817186,2026-05-01 22:52:57.817186,-3,17
163,8,271,3,2,1,0,0,1,4,1,1,5,0,0,1,12,1,2026-05-01 22:52:57.817186,2026-05-01 22:52:57.817186,-9,17
164,8,266,4,2,1,1,0,1,0,0,1,1,4,2,1,9,0,2026-05-01 22:52:57.817186,2026-05-01 22:52:57.817186,-8,17
165,8,426,5,4,2,1,0,5,3,1,2,5,0,0,1,27,4,2026-05-01 22:52:57.817186,2026-05-01 22:52:57.817186,23,22
166,8,419,33,5,0,0,1,3,6,3,12,16,9,6,1,29,1,2026-05-01 22:52:57.817186,2026-05-01 22:52:57.817186,27,22
167,8,424,9,4,1,2,1,2,1,0,3,6,4,3,1,21,1,2026-05-01 22:52:57.817186,2026-05-01 22:52:57.817186,20,22
168,8,420,18,3,2,4,0,9,3,1,6,12,5,5,3,6,0,2026-05-01 22:52:57.817186,2026-05-01 22:52:57.817186,28,22
169,8,433,20,3,0,2,0,2,3,3,7,9,3,3,5,23,5,2026-05-01 22:52:57.817186,2026-05-01 22:52:57.817186,23,22
170,8,427,14,2,0,0,0,2,4,2,5,8,2,2,2,25,1,2026-05-01 22:52:57.817186,2026-05-01 22:52:57.817186,19,22
171,8,193,5,2,0,0,0,2,6,1,2,8,0,0,1,24,2,2026-05-01 22:52:57.817186,2026-05-01 22:52:57.817186,16,22
172,8,435,3,7,2,0,0,0,1,0,0,3,4,3,0,17,3,2026-05-01 22:52:57.817186,2026-05-01 22:52:57.817186,11,22
173,8,430,8,6,1,2,0,4,3,1,2,5,4,3,0,23,2,2026-05-01 22:52:57.817186,2026-05-01 22:52:57.817186,10,22
174,8,421,7,3,2,0,0,2,1,0,3,4,4,1,1,8,0,2026-05-01 22:52:57.817186,2026-05-01 22:52:57.817186,8,22
175,8,423,8,0,0,0,0,0,2,2,3,4,0,0,0,8,0,2026-05-01 22:52:57.817186,2026-05-01 22:52:57.817186,10,22
176,9,540,5,5,0,0,1,3,3,0,0,6,6,5,1,29,1,2026-05-01 22:52:57.817186,2026-05-01 22:52:57.817186,24,27
177,9,529,11,3,2,2,1,4,6,3,4,7,0,0,0,28,0,2026-05-01 22:52:57.817186,2026-05-01 22:52:57.817186,29,27
178,9,542,29,7,1,2,4,1,5,2,9,13,10,9,0,30,1,2026-05-01 22:52:57.817186,2026-05-01 22:52:57.817186,27,27
179,9,530,20,1,1,0,0,10,4,1,9,15,2,1,2,8,4,2026-05-01 22:52:57.817186,2026-05-01 22:52:57.817186,17,27
180,9,528,23,2,1,0,0,5,4,3,7,13,7,6,2,25,5,2026-05-01 22:52:57.817186,2026-05-01 22:52:57.817186,19,27
181,9,535,2,1,0,0,0,3,0,0,1,1,0,0,0,14,4,2026-05-01 22:52:57.817186,2026-05-01 22:52:57.817186,-7,27
182,9,531,19,2,0,0,0,6,4,3,8,12,0,0,1,25,4,2026-05-01 22:52:57.817186,2026-05-01 22:52:57.817186,-1,27
183,9,533,20,0,1,0,0,2,7,4,8,13,0,0,0,25,4,2026-05-01 22:52:57.817186,2026-05-01 22:52:57.817186,2,27
184,9,527,7,3,0,0,0,0,4,2,2,5,2,1,0,13,2,2026-05-01 22:52:57.817186,2026-05-01 22:52:57.817186,-5,27
185,9,536,3,1,0,0,0,1,1,1,1,1,0,0,0,3,0,2026-05-01 22:52:57.817186,2026-05-01 22:52:57.817186,5,27
186,9,541,3,0,0,0,0,2,1,1,1,1,0,0,0,3,0,2026-05-01 22:52:57.817186,2026-05-01 22:52:57.817186,5,27
187,9,537,3,0,0,0,0,1,1,1,1,1,0,0,0,3,0,2026-05-01 22:52:57.817186,2026-05-01 22:52:57.817186,5,27
188,9,526,0,1,0,0,0,0,0,0,0,0,0,0,1,3,1,2026-05-01 22:52:57.817186,2026-05-01 22:52:57.817186,5,27
189,9,484,17,4,1,0,0,3,2,1,5,8,7,6,0,30,3,2026-05-01 22:52:57.817186,2026-05-01 22:52:57.817186,-24,11
190,9,475,23,4,1,0,2,4,3,1,7,12,9,8,1,33,1,2026-05-01 22:52:57.817186,2026-05-01 22:52:57.817186,-12,11
191,9,482,16,4,2,0,0,3,1,0,7,12,3,2,5,27,4,2026-05-01 22:52:57.817186,2026-05-01 22:52:57.817186,-28,11
192,9,476,2,4,2,1,0,2,2,0,1,6,0,0,1,20,4,2026-05-01 22:52:57.817186,2026-05-01 22:52:57.817186,-20,11
193,9,486,23,5,2,1,0,6,1,0,8,15,8,7,0,35,4,2026-05-01 22:52:57.817186,2026-05-01 22:52:57.817186,-12,11
194,9,477,8,2,0,0,0,3,3,2,3,4,0,0,0,20,2,2026-05-01 22:52:57.817186,2026-05-01 22:52:57.817186,-9,11
195,9,483,17,3,0,1,1,3,10,3,6,15,2,2,4,35,4,2026-05-01 22:52:57.817186,2026-05-01 22:52:57.817186,-9,11
196,9,472,2,3,0,1,2,1,0,0,1,3,0,0,1,14,1,2026-05-01 22:52:57.817186,2026-05-01 22:52:57.817186,10,11
197,9,481,0,0,0,0,0,0,1,0,0,2,0,0,0,6,0,2026-05-01 22:52:57.817186,2026-05-01 22:52:57.817186,-6,11
198,9,479,5,0,0,1,0,0,3,0,2,7,1,1,0,7,0,2026-05-01 22:52:57.817186,2026-05-01 22:52:57.817186,-5,11
199,9,473,0,0,0,0,0,0,0,0,0,0,0,0,0,4,0,2026-05-01 22:52:57.817186,2026-05-01 22:52:57.817186,-5,11
200,9,478,7,0,0,0,0,0,2,1,2,3,2,2,0,4,0,2026-05-01 22:52:57.817186,2026-05-01 22:52:57.817186,-5,11
201,10,161,21,2,0,2,2,1,6,4,6,10,7,5,3,32,2,2026-05-01 22:52:57.817186,2026-05-01 22:52:57.817186,19,25
202,10,157,7,10,1,0,0,2,5,1,3,10,0,0,1,28,1,2026-05-01 22:52:57.817186,2026-05-01 22:52:57.817186,23,25
203,10,159,9,8,3,1,1,3,1,0,4,7,3,1,2,23,4,2026-05-01 22:52:57.817186,2026-05-01 22:52:57.817186,-9,25
204,10,164,21,3,0,0,1,3,8,5,7,10,2,2,2,1,2,2026-05-01 22:52:57.817186,2026-05-01 22:52:57.817186,16,25
205,10,156,18,4,1,0,3,8,4,0,6,16,6,6,1,24,1,2026-05-01 22:52:57.817186,2026-05-01 22:52:57.817186,3,25
206,10,173,12,3,4,0,0,2,0,0,6,8,0,0,0,20,3,2026-05-01 22:52:57.817186,2026-05-01 22:52:57.817186,30,25
207,10,163,28,3,0,1,1,6,7,3,10,15,6,5,0,26,2,2026-05-01 22:52:57.817186,2026-05-01 22:52:57.817186,26,25
208,10,377,7,6,0,0,0,1,8,1,3,10,0,0,1,22,1,2026-05-01 22:52:57.817186,2026-05-01 22:52:57.817186,-5,25
209,10,171,0,0,0,1,0,1,0,0,0,0,0,0,1,7,0,2026-05-01 22:52:57.817186,2026-05-01 22:52:57.817186,3,25
210,10,167,3,1,3,0,0,0,1,1,1,2,0,0,1,16,2,2026-05-01 22:52:57.817186,2026-05-01 22:52:57.817186,0,25
211,10,158,0,0,0,0,0,0,1,0,0,1,0,0,0,4,0,2026-05-01 22:52:57.817186,2026-05-01 22:52:57.817186,-4,25
212,10,162,5,0,1,0,0,0,0,0,1,2,3,3,0,4,0,2026-05-01 22:52:57.817186,2026-05-01 22:52:57.817186,-1,25
213,10,172,0,0,0,0,0,2,0,0,0,2,0,0,0,4,1,2026-05-01 22:52:57.817186,2026-05-01 22:52:57.817186,-1,25
214,10,263,14,3,0,2,0,1,4,2,5,8,2,2,2,30,2,2026-05-01 22:52:57.817186,2026-05-01 22:52:57.817186,-10,12
215,10,260,22,5,1,2,0,5,4,0,9,20,9,4,2,32,2,2026-05-01 22:52:57.817186,2026-05-01 22:52:57.817186,-19,12
216,10,249,16,6,0,1,5,1,10,3,5,15,5,3,2,21,2,2026-05-01 22:52:57.817186,2026-05-01 22:52:57.817186,-2,12
217,10,256,9,1,0,1,0,2,3,1,4,6,0,0,1,0,3,2026-05-01 22:52:57.817186,2026-05-01 22:52:57.817186,-4,12
218,10,255,14,1,1,2,0,9,4,2,5,11,4,2,3,27,1,2026-05-01 22:52:57.817186,2026-05-01 22:52:57.817186,-22,12
219,10,262,4,0,2,0,0,0,3,0,2,5,0,0,0,10,0,2026-05-01 22:52:57.817186,2026-05-01 22:52:57.817186,-17,12
220,10,302,8,3,3,0,1,1,3,2,3,6,0,0,0,20,3,2026-05-01 22:52:57.817186,2026-05-01 22:52:57.817186,-3,12
221,10,259,3,0,1,0,0,0,2,1,1,3,0,0,0,17,2,2026-05-01 22:52:57.817186,2026-05-01 22:52:57.817186,-15,12
222,10,254,6,3,1,0,0,3,0,0,2,7,2,2,0,17,0,2026-05-01 22:52:57.817186,2026-05-01 22:52:57.817186,1,12
223,10,251,2,2,1,0,0,3,2,0,1,5,0,0,0,16,0,2026-05-01 22:52:57.817186,2026-05-01 22:52:57.817186,-12,12
224,10,258,13,2,2,1,0,1,7,3,4,9,2,2,0,15,5,2026-05-01 22:52:57.817186,2026-05-01 22:52:57.817186,-1,12
225,10,252,0,0,0,0,0,1,0,0,0,0,0,0,0,4,2,2026-05-01 22:52:57.817186,2026-05-01 22:52:57.817186,4,12
226,11,360,16,1,2,0,0,2,7,2,6,13,3,2,1,34,4,2026-05-01 22:52:57.817186,2026-05-01 22:52:57.817186,4,26
227,11,349,13,8,1,0,0,3,1,1,6,12,0,0,0,39,3,2026-05-01 22:52:57.817186,2026-05-01 22:52:57.817186,17,26
228,11,361,26,8,3,1,3,2,1,0,10,20,6,6,1,38,3,2026-05-01 22:52:57.817186,2026-05-01 22:52:57.817186,15,26
229,11,352,8,5,1,2,1,3,4,2,3,7,0,0,1,6,1,2026-05-01 22:52:57.817186,2026-05-01 22:52:57.817186,9,26
230,11,366,23,9,2,1,0,12,5,3,7,17,6,6,0,34,2,2026-05-01 22:52:57.817186,2026-05-01 22:52:57.817186,10,26
231,11,358,30,3,1,0,1,5,10,3,11,24,5,5,0,30,2,2026-05-01 22:52:57.817186,2026-05-01 22:52:57.817186,16,26
232,11,558,2,2,1,0,0,3,1,0,1,4,0,0,0,15,3,2026-05-01 22:52:57.817186,2026-05-01 22:52:57.817186,5,26
233,11,355,5,3,1,0,1,0,0,0,2,4,2,1,0,9,2,2026-05-01 22:52:57.817186,2026-05-01 22:52:57.817186,1,26
234,11,351,3,3,1,1,0,3,0,0,1,4,1,1,0,6,1,2026-05-01 22:52:57.817186,2026-05-01 22:52:57.817186,3,26
235,11,203,9,1,0,0,0,1,5,2,2,5,4,3,0,23,6,2026-05-01 22:52:57.817186,2026-05-01 22:52:57.817186,-9,5
236,11,192,20,7,1,0,3,4,6,2,5,12,9,8,3,30,3,2026-05-01 22:52:57.817186,2026-05-01 22:52:57.817186,-4,5
237,11,68,4,2,3,0,0,3,3,1,1,6,2,1,1,22,1,2026-05-01 22:52:57.817186,2026-05-01 22:52:57.817186,0,5
238,11,200,12,1,0,1,0,5,3,0,5,10,3,2,0,7,0,2026-05-01 22:52:57.817186,2026-05-01 22:52:57.817186,-16,5
239,11,198,15,11,1,1,0,10,6,2,6,13,1,1,3,33,0,2026-05-01 22:52:57.817186,2026-05-01 22:52:57.817186,0,5
240,11,399,28,2,0,0,0,3,9,7,9,12,4,3,0,22,0,2026-05-01 22:52:57.817186,2026-05-01 22:52:57.817186,-9,5
241,11,206,4,3,0,0,1,0,5,1,1,6,4,1,0,19,3,2026-05-01 22:52:57.817186,2026-05-01 22:52:57.817186,-6,5
242,11,347,10,8,3,0,1,1,1,0,3,8,7,4,3,20,0,2026-05-01 22:52:57.817186,2026-05-01 22:52:57.817186,5,5
243,11,210,5,1,0,0,1,0,4,1,2,6,0,0,3,17,3,2026-05-01 22:52:57.817186,2026-05-01 22:52:57.817186,-18,5
244,11,125,3,4,1,0,0,0,2,1,1,5,0,0,1,14,2,2026-05-01 22:52:57.817186,2026-05-01 22:52:57.817186,-17,5
245,11,133,0,0,0,0,0,0,1,0,0,1,0,0,0,1,0,2026-05-01 22:52:57.817186,2026-05-01 22:52:57.817186,-2,5
246,11,204,0,0,0,0,0,0,0,0,0,0,0,0,0,1,0,2026-05-01 22:52:57.817186,2026-05-01 22:52:57.817186,-2,5
247,11,201,0,0,0,0,0,0,0,0,0,0,0,0,0,1,1,2026-05-01 22:52:57.817186,2026-05-01 22:52:57.817186,-2,5
248,12,341,24,4,0,1,0,2,10,4,8,19,6,4,3,29,1,2026-05-01 22:52:57.817186,2026-05-01 22:52:57.817186,13,24
249,12,346,3,6,1,3,2,1,6,1,1,6,0,0,0,32,0,2026-05-01 22:52:57.817186,2026-05-01 22:52:57.817186,9,24
250,12,343,2,4,0,0,1,5,0,0,1,3,0,0,0,27,4,2026-05-01 22:52:57.817186,2026-05-01 22:52:57.817186,2,24
251,12,333,30,2,1,0,0,10,6,1,7,18,15,15,2,11,2,2026-05-01 22:52:57.817186,2026-05-01 22:52:57.817186,11,24
252,12,339,24,4,1,0,0,4,10,5,8,15,3,3,1,36,3,2026-05-01 22:52:57.817186,2026-05-01 22:52:57.817186,5,24
253,12,22,3,2,2,1,0,2,2,0,1,4,2,1,0,21,2,2026-05-01 22:52:57.817186,2026-05-01 22:52:57.817186,19,24
254,12,345,4,6,3,0,2,0,0,0,2,4,0,0,0,20,1,2026-05-01 22:52:57.817186,2026-05-01 22:52:57.817186,10,24
255,12,337,3,1,0,0,0,0,1,1,1,1,0,0,0,9,2,2026-05-01 22:52:57.817186,2026-05-01 22:52:57.817186,-6,24
256,12,338,16,0,2,0,0,0,6,4,6,8,0,0,0,22,1,2026-05-01 22:52:57.817186,2026-05-01 22:52:57.817186,1,24
257,12,268,2,1,0,0,0,0,0,0,1,1,0,0,0,5,1,2026-05-01 22:52:57.817186,2026-05-01 22:52:57.817186,-4,24
258,12,392,15,0,1,0,0,4,8,2,4,11,6,5,0,29,1,2026-05-01 22:52:57.817186,2026-05-01 22:52:57.817186,-1,4
259,12,385,16,4,3,0,0,1,6,1,7,16,2,1,2,28,1,2026-05-01 22:52:57.817186,2026-05-01 22:52:57.817186,-4,4
260,12,387,2,2,2,0,4,2,0,0,1,4,0,0,2,26,2,2026-05-01 22:52:57.817186,2026-05-01 22:52:57.817186,5,4
261,12,395,11,8,1,0,1,3,7,2,4,12,2,1,2,8,5,2026-05-01 22:52:57.817186,2026-05-01 22:52:57.817186,-16,4
262,12,384,22,7,0,0,0,6,12,4,9,19,0,0,2,33,4,2026-05-01 22:52:57.817186,2026-05-01 22:52:57.817186,2,4
263,12,388,3,0,0,0,0,1,2,1,1,3,0,0,0,13,1,2026-05-01 22:52:57.817186,2026-05-01 22:52:57.817186,-4,4
264,12,391,10,3,4,0,1,0,0,0,4,6,4,2,0,19,1,2026-05-01 22:52:57.817186,2026-05-01 22:52:57.817186,-21,4
265,12,209,7,1,0,0,0,4,5,1,3,10,0,0,2,19,3,2026-05-01 22:52:57.817186,2026-05-01 22:52:57.817186,-14,4
266,12,401,10,2,0,1,0,2,4,3,3,4,1,1,1,19,2,2026-05-01 22:52:57.817186,2026-05-01 22:52:57.817186,-6,4
267,12,390,3,0,2,0,0,1,1,1,1,1,0,0,0,13,1,2026-05-01 22:52:57.817186,2026-05-01 22:52:57.817186,-4,4
268,12,386,0,1,0,0,0,0,0,0,0,1,0,0,0,1,0,2026-05-01 22:52:57.817186,2026-05-01 22:52:57.817186,1,4
269,12,393,0,0,0,0,0,0,0,0,0,1,0,0,0,1,0,2026-05-01 22:52:57.817186,2026-05-01 22:52:57.817186,2,4
270,13,132,3,4,0,3,0,2,4,0,0,9,4,3,2,28,4,2026-05-01 22:52:57.817186,2026-05-01 22:52:57.817186,-23,18
271,13,134,14,7,2,2,0,1,4,1,6,14,2,1,4,25,3,2026-05-01 22:52:57.817186,2026-05-01 22:52:57.817186,-12,18
272,13,128,12,6,2,2,1,0,0,0,6,6,3,0,2,33,2,2026-05-01 22:52:57.817186,2026-05-01 22:52:57.817186,-13,18
273,13,126,34,2,1,2,2,2,9,5,8,18,14,13,0,7,3,2026-05-01 22:52:57.817186,2026-05-01 22:52:57.817186,-3,18
274,13,124,0,2,0,1,0,4,6,0,0,6,0,0,1,28,2,2026-05-01 22:52:57.817186,2026-05-01 22:52:57.817186,-13,18
275,13,195,3,2,0,0,0,2,4,1,1,6,0,0,1,20,1,2026-05-01 22:52:57.817186,2026-05-01 22:52:57.817186,-18,18
276,13,135,13,6,2,0,0,1,4,1,5,10,4,2,1,26,4,2026-05-01 22:52:57.817186,2026-05-01 22:52:57.817186,-12,18
277,13,129,9,0,1,0,0,4,6,1,3,10,2,2,1,23,0,2026-05-01 22:52:57.817186,2026-05-01 22:52:57.817186,-12,18
278,13,136,0,0,0,0,0,1,1,0,0,1,0,0,0,8,1,2026-05-01 22:52:57.817186,2026-05-01 22:52:57.817186,-8,18
279,13,205,2,0,0,0,1,0,1,0,0,2,2,2,0,4,0,2026-05-01 22:52:57.817186,2026-05-01 22:52:57.817186,-7,18
280,13,122,0,0,0,0,0,0,1,0,0,1,0,0,0,4,0,2026-05-01 22:52:57.817186,2026-05-01 22:52:57.817186,-7,18
281,13,137,2,0,0,0,1,0,0,0,1,1,0,0,0,4,1,2026-05-01 22:52:57.817186,2026-05-01 22:52:57.817186,-7,18
282,13,420,30,3,0,1,0,4,5,0,10,17,10,10,2,33,4,2026-05-01 22:52:57.817186,2026-05-01 22:52:57.817186,13,22
283,13,419,25,13,2,0,0,3,5,1,10,18,4,4,5,34,3,2026-05-01 22:52:57.817186,2026-05-01 22:52:57.817186,15,22
284,13,424,10,4,2,1,1,3,0,0,4,5,2,2,1,24,2,2026-05-01 22:52:57.817186,2026-05-01 22:52:57.817186,16,22
285,13,422,0,1,0,1,0,0,0,0,0,0,2,0,0,2,0,2026-05-01 22:52:57.817186,2026-05-01 22:52:57.817186,2,22
286,13,433,14,4,0,2,1,4,8,3,5,13,1,1,1,29,3,2026-05-01 22:52:57.817186,2026-05-01 22:52:57.817186,13,22
287,13,426,11,5,2,2,0,4,4,1,5,11,0,0,0,31,3,2026-05-01 22:52:57.817186,2026-05-01 22:52:57.817186,24,22
288,13,193,6,2,0,0,0,4,4,2,2,5,2,0,3,18,1,2026-05-01 22:52:57.817186,2026-05-01 22:52:57.817186,14,22
289,13,427,9,2,1,0,1,0,2,1,3,9,2,2,0,25,1,2026-05-01 22:52:57.817186,2026-05-01 22:52:57.817186,14,22
290,13,435,7,6,1,0,0,3,3,0,1,6,6,5,2,19,6,2026-05-01 22:52:57.817186,2026-05-01 22:52:57.817186,6,22
291,13,430,0,3,3,1,1,1,2,0,0,2,0,0,0,14,0,2026-05-01 22:52:57.817186,2026-05-01 22:52:57.817186,8,22
292,13,421,4,0,4,0,0,1,0,0,1,2,2,2,0,3,0,2026-05-01 22:52:57.817186,2026-05-01 22:52:57.817186,5,22
293,13,423,3,0,0,0,0,1,1,1,1,3,0,0,0,3,1,2026-05-01 22:52:57.817186,2026-05-01 22:52:57.817186,5,22
294,14,241,15,0,0,0,0,4,5,3,3,5,7,6,0,23,4,2026-05-01 22:52:57.817186,2026-05-01 22:52:57.817186,-14,9
295,14,231,18,8,2,1,0,0,3,1,8,14,1,1,3,33,4,2026-05-01 22:52:57.817186,2026-05-01 22:52:57.817186,4,9
296,14,229,17,8,6,1,3,2,0,0,7,19,4,3,1,31,1,2026-05-01 22:52:57.817186,2026-05-01 22:52:57.817186,-6,9
297,14,234,11,0,1,2,0,9,1,0,4,9,6,3,3,11,1,2026-05-01 22:52:57.817186,2026-05-01 22:52:57.817186,5,9
298,14,242,8,2,1,5,0,4,4,2,3,9,0,0,2,28,1,2026-05-01 22:52:57.817186,2026-05-01 22:52:57.817186,-1,9
299,14,232,6,0,0,1,0,0,1,0,2,6,2,2,1,18,5,2026-05-01 22:52:57.817186,2026-05-01 22:52:57.817186,10,9
300,14,238,7,2,0,2,1,1,4,1,3,8,0,0,1,16,1,2026-05-01 22:52:57.817186,2026-05-01 22:52:57.817186,4,9
301,14,244,10,4,0,0,0,0,1,1,2,2,8,5,0,20,1,2026-05-01 22:52:57.817186,2026-05-01 22:52:57.817186,5,9
302,14,230,5,2,1,2,0,0,3,1,2,7,0,0,0,17,3,2026-05-01 22:52:57.817186,2026-05-01 22:52:57.817186,-21,9
303,14,199,8,0,0,0,2,1,4,1,2,6,3,3,1,14,1,2026-05-01 22:52:57.817186,2026-05-01 22:52:57.817186,4,9
304,14,27,30,11,2,2,1,1,12,3,10,25,7,7,2,39,2,2026-05-01 22:52:57.817186,2026-05-01 22:52:57.817186,13,3
305,14,19,16,3,0,0,1,2,5,1,4,12,7,7,2,30,2,2026-05-01 22:52:57.817186,2026-05-01 22:52:57.817186,-7,3
306,14,18,2,4,2,1,3,4,0,0,1,5,0,0,2,28,1,2026-05-01 22:52:57.817186,2026-05-01 22:52:57.817186,-6,3
307,14,25,7,3,1,0,1,2,3,0,3,7,2,1,1,5,5,2026-05-01 22:52:57.817186,2026-05-01 22:52:57.817186,12,3
308,14,32,2,1,0,1,1,2,0,0,1,5,0,0,4,15,4,2026-05-01 22:52:57.817186,2026-05-01 22:52:57.817186,-13,3
309,14,30,13,4,3,2,0,4,1,1,6,10,0,0,3,21,2,2026-05-01 22:52:57.817186,2026-05-01 22:52:57.817186,6,3
310,14,33,23,3,1,1,0,0,8,5,5,8,8,8,2,31,5,2026-05-01 22:52:57.817186,2026-05-01 22:52:57.817186,10,3
311,14,29,0,0,0,0,0,1,0,0,0,0,0,0,1,4,0,2026-05-01 22:52:57.817186,2026-05-01 22:52:57.817186,-11,3
312,14,35,8,1,2,0,1,4,0,0,2,3,4,4,1,18,2,2026-05-01 22:52:57.817186,2026-05-01 22:52:57.817186,13,3
313,14,87,6,3,1,0,2,0,1,0,3,5,0,0,1,20,1,2026-05-01 22:52:57.817186,2026-05-01 22:52:57.817186,-7,3
314,15,368,15,6,3,2,0,4,2,1,7,10,0,0,2,34,0,2026-05-01 22:52:57.817186,2026-05-01 22:52:57.817186,14,1
315,15,374,35,8,2,2,0,7,4,2,12,19,9,9,5,38,2,2026-05-01 22:52:57.817186,2026-05-01 22:52:57.817186,12,1
316,15,380,10,4,2,2,0,5,1,1,4,7,2,1,1,28,5,2026-05-01 22:52:57.817186,2026-05-01 22:52:57.817186,14,1
317,15,367,24,1,1,1,0,6,9,4,8,15,4,4,4,12,3,2026-05-01 22:52:57.817186,2026-05-01 22:52:57.817186,11,1
318,15,378,17,2,1,1,0,7,5,1,6,13,6,4,6,32,0,2026-05-01 22:52:57.817186,2026-05-01 22:52:57.817186,19,1
319,15,331,0,0,0,0,0,1,1,0,0,1,0,0,2,4,2,2026-05-01 22:52:57.817186,2026-05-01 22:52:57.817186,-11,1
320,15,382,8,3,1,3,1,2,4,2,3,5,0,0,1,22,0,2026-05-01 22:52:57.817186,2026-05-01 22:52:57.817186,-3,1
321,15,498,7,0,1,0,0,0,2,1,2,4,3,2,0,19,2,2026-05-01 22:52:57.817186,2026-05-01 22:52:57.817186,-5,1
322,15,372,2,1,1,0,1,0,0,0,1,2,0,0,0,9,1,2026-05-01 22:52:57.817186,2026-05-01 22:52:57.817186,-3,1
323,15,376,7,2,0,0,0,0,4,1,3,7,1,0,0,13,3,2026-05-01 22:52:57.817186,2026-05-01 22:52:57.817186,-3,1
324,15,84,24,2,3,2,0,4,5,3,10,15,3,1,5,35,0,2026-05-01 22:52:57.817186,2026-05-01 22:52:57.817186,-8,23
325,15,70,4,1,0,0,1,2,0,0,2,5,0,0,1,26,3,2026-05-01 22:52:57.817186,2026-05-01 22:52:57.817186,-5,23
326,15,72,4,5,2,0,1,3,0,0,2,4,2,0,1,29,2,2026-05-01 22:52:57.817186,2026-05-01 22:52:57.817186,1,23
327,15,80,26,5,1,1,0,3,8,3,9,15,7,5,4,17,3,2026-05-01 22:52:57.817186,2026-05-01 22:52:57.817186,-13,23
328,15,82,31,2,0,4,0,5,7,3,12,22,4,4,5,37,3,2026-05-01 22:52:57.817186,2026-05-01 22:52:57.817186,-10,23
329,15,555,6,1,0,2,1,6,2,0,3,7,0,0,0,14,2,2026-05-01 22:52:57.817186,2026-05-01 22:52:57.817186,5,23
330,15,74,2,4,3,0,0,1,1,0,1,4,0,0,1,18,2,2026-05-01 22:52:57.817186,2026-05-01 22:52:57.817186,-10,23
331,15,85,9,4,1,1,0,1,3,1,3,7,2,2,2,17,1,2026-05-01 22:52:57.817186,2026-05-01 22:52:57.817186,1,23
332,15,86,10,2,0,0,1,2,0,0,5,7,0,0,0,18,4,2026-05-01 22:52:57.817186,2026-05-01 22:52:57.817186,-6,23
333,16,505,8,1,0,0,0,1,8,2,2,8,2,2,1,26,4,2026-05-01 22:52:57.817186,2026-05-01 22:52:57.817186,-7,15
334,16,493,14,5,2,1,1,1,4,1,6,12,2,1,2,22,1,2026-05-01 22:52:57.817186,2026-05-01 22:52:57.817186,-7,15
335,16,502,11,1,1,0,1,2,4,3,4,5,0,0,1,22,3,2026-05-01 22:52:57.817186,2026-05-01 22:52:57.817186,-7,15
336,16,501,11,2,1,1,0,3,3,1,4,7,3,2,2,23,4,2026-05-01 22:52:57.817186,2026-05-01 22:52:57.817186,2,15
337,16,495,23,1,1,3,0,7,5,2,7,17,8,7,1,24,5,2026-05-01 22:52:57.817186,2026-05-01 22:52:57.817186,-6,15
338,16,181,18,1,3,2,2,2,3,3,7,8,1,1,1,26,3,2026-05-01 22:52:57.817186,2026-05-01 22:52:57.817186,5,15
339,16,176,2,2,0,0,0,6,1,0,1,5,0,0,4,18,1,2026-05-01 22:52:57.817186,2026-05-01 22:52:57.817186,7,15
340,16,499,4,1,0,0,0,0,2,0,2,5,0,0,0,24,4,2026-05-01 22:52:57.817186,2026-05-01 22:52:57.817186,1,15
341,16,504,12,0,3,0,0,4,4,2,4,6,2,2,0,15,1,2026-05-01 22:52:57.817186,2026-05-01 22:52:57.817186,7,15
342,16,491,15,7,0,0,1,0,8,2,5,13,4,3,3,21,2,2026-05-01 22:52:57.817186,2026-05-01 22:52:57.817186,4,15
343,16,503,2,2,0,1,1,3,1,0,0,1,2,2,0,14,1,2026-05-01 22:52:57.817186,2026-05-01 22:52:57.817186,-14,15
344,16,308,28,4,1,2,0,2,3,0,8,15,14,12,0,27,0,2026-05-01 22:52:57.817186,2026-05-01 22:52:57.817186,12,13
345,16,307,16,1,3,1,0,1,0,0,7,8,2,2,0,30,3,2026-05-01 22:52:57.817186,2026-05-01 22:52:57.817186,15,13
346,16,309,4,1,0,0,0,0,1,0,2,4,1,0,0,12,1,2026-05-01 22:52:57.817186,2026-05-01 22:52:57.817186,-1,13
347,16,305,0,2,1,2,0,3,1,0,0,2,0,0,3,21,1,2026-05-01 22:52:57.817186,2026-05-01 22:52:57.817186,8,13
348,16,214,21,3,1,0,0,6,8,3,8,20,3,2,3,26,3,2026-05-01 22:52:57.817186,2026-05-01 22:52:57.817186,10,13
349,16,253,21,7,3,1,1,1,3,0,6,15,9,9,2,34,2,2026-05-01 22:52:57.817186,2026-05-01 22:52:57.817186,-2,13
350,16,310,14,1,0,0,0,2,0,0,2,5,12,10,2,33,2,2026-05-01 22:52:57.817186,2026-05-01 22:52:57.817186,0,13
351,16,299,0,0,0,0,0,0,0,0,0,0,0,0,0,5,0,2026-05-01 22:52:57.817186,2026-05-01 22:52:57.817186,-13,13
352,16,312,7,1,1,2,0,0,1,1,2,2,2,2,3,19,4,2026-05-01 22:52:57.817186,2026-05-01 22:52:57.817186,0,13
353,16,250,12,7,5,2,1,0,0,0,6,10,2,0,2,24,4,2026-05-01 22:52:57.817186,2026-05-01 22:52:57.817186,-11,13
354,16,303,0,1,1,0,0,0,0,0,0,1,0,0,0,2,0,2026-05-01 22:52:57.817186,2026-05-01 22:52:57.817186,-1,13
355,16,313,0,0,0,0,0,0,0,0,0,0,0,0,0,1,0,2026-05-01 22:52:57.817186,2026-05-01 22:52:57.817186,-2,13
356,17,272,18,1,1,0,0,5,5,3,6,12,3,3,0,28,5,2026-05-01 22:52:57.817186,2026-05-01 22:52:57.817186,7,17
357,17,265,27,8,1,4,0,8,2,0,9,14,15,9,2,27,1,2026-05-01 22:52:57.817186,2026-05-01 22:52:57.817186,23,17
358,17,280,8,2,1,0,2,0,4,1,3,7,2,1,0,18,3,2026-05-01 22:52:57.817186,2026-05-01 22:52:57.817186,10,17
359,17,141,11,8,0,0,0,9,6,3,4,8,0,0,2,8,1,2026-05-01 22:52:57.817186,2026-05-01 22:52:57.817186,18,17
360,17,277,13,10,1,1,2,8,9,3,5,15,0,0,4,39,1,2026-05-01 22:52:57.817186,2026-05-01 22:52:57.817186,11,17
361,17,269,7,1,0,0,0,1,8,2,2,8,2,1,0,20,4,2026-05-01 22:52:57.817186,2026-05-01 22:52:57.817186,0,17
362,17,275,12,2,2,0,1,0,2,0,5,8,2,2,2,17,1,2026-05-01 22:52:57.817186,2026-05-01 22:52:57.817186,-6,17
363,17,278,6,4,1,2,0,2,0,0,3,4,2,0,1,29,2,2026-05-01 22:52:57.817186,2026-05-01 22:52:57.817186,-2,17
364,17,31,3,0,0,0,0,0,1,1,1,1,2,0,0,6,0,2026-05-01 22:52:57.817186,2026-05-01 22:52:57.817186,-8,17
365,17,279,3,1,0,0,0,0,3,1,1,3,0,0,0,5,2,2026-05-01 22:52:57.817186,2026-05-01 22:52:57.817186,6,17
366,17,273,5,4,0,0,0,0,4,1,2,5,0,0,0,13,0,2026-05-01 22:52:57.817186,2026-05-01 22:52:57.817186,11,17
367,17,191,13,7,4,2,0,2,5,1,4,12,4,4,1,37,0,2026-05-01 22:52:57.817186,2026-05-01 22:52:57.817186,-21,29
368,17,178,14,8,3,1,2,6,5,1,4,11,5,5,2,34,4,2026-05-01 22:52:57.817186,2026-05-01 22:52:57.817186,-11,29
369,17,190,6,4,1,0,0,1,0,0,3,4,1,0,0,12,4,2026-05-01 22:52:57.817186,2026-05-01 22:52:57.817186,-9,29
370,17,175,9,5,1,2,0,3,9,1,4,13,0,0,5,5,6,2026-05-01 22:52:57.817186,2026-05-01 22:52:57.817186,-11,29
371,17,179,22,2,0,0,0,4,8,2,4,17,13,12,0,29,0,2026-05-01 22:52:57.817186,2026-05-01 22:52:57.817186,-15,29
372,17,183,3,5,1,0,0,0,3,1,1,3,0,0,1,13,1,2026-05-01 22:52:57.817186,2026-05-01 22:52:57.817186,-8,29
373,17,497,2,2,1,0,1,0,2,0,0,2,4,2,0,26,2,2026-05-01 22:52:57.817186,2026-05-01 22:52:57.817186,-10,29
374,17,554,8,0,2,0,0,3,7,2,3,9,0,0,0,22,0,2026-05-01 22:52:57.817186,2026-05-01 22:52:57.817186,3,29
375,17,180,5,2,0,0,0,2,4,1,2,7,0,0,2,16,1,2026-05-01 22:52:57.817186,2026-05-01 22:52:57.817186,5,29
376,17,188,17,5,0,2,0,2,6,3,6,12,2,2,0,18,1,2026-05-01 22:52:57.817186,2026-05-01 22:52:57.817186,7,29
377,18,150,9,0,0,4,0,2,3,1,4,8,0,0,3,31,2,2026-05-01 22:52:57.817186,2026-05-01 22:52:57.817186,0,21
378,18,142,8,4,1,1,0,2,7,2,3,10,0,0,1,33,1,2026-05-01 22:52:57.817186,2026-05-01 22:52:57.817186,6,21
379,18,153,9,12,2,0,0,4,6,3,3,7,0,0,6,33,3,2026-05-01 22:52:57.817186,2026-05-01 22:52:57.817186,-1,21
380,18,146,18,4,0,0,0,3,7,2,5,12,6,6,0,10,4,2026-05-01 22:52:57.817186,2026-05-01 22:52:57.817186,7,21
381,18,143,27,5,0,1,1,5,4,1,6,15,15,14,4,35,1,2026-05-01 22:52:57.817186,2026-05-01 22:52:57.817186,3,21
382,18,83,9,1,1,0,0,1,6,3,3,7,0,0,0,12,3,2026-05-01 22:52:57.817186,2026-05-01 22:52:57.817186,1,21
383,18,151,9,2,2,1,0,4,5,1,3,9,2,2,0,28,2,2026-05-01 22:52:57.817186,2026-05-01 22:52:57.817186,8,21
384,18,154,13,7,0,0,0,1,4,2,5,9,1,1,0,19,2,2026-05-01 22:52:57.817186,2026-05-01 22:52:57.817186,2,21
385,18,138,2,0,1,0,0,2,0,0,1,1,0,0,0,11,0,2026-05-01 22:52:57.817186,2026-05-01 22:52:57.817186,9,21
386,18,297,22,8,3,2,0,3,9,2,8,19,6,4,1,37,2,2026-05-01 22:52:57.817186,2026-05-01 22:52:57.817186,-4,10
387,18,285,16,2,2,2,0,5,6,4,6,10,0,0,4,32,2,2026-05-01 22:52:57.817186,2026-05-01 22:52:57.817186,0,10
388,18,287,4,4,1,0,1,4,3,0,2,6,0,0,1,28,1,2026-05-01 22:52:57.817186,2026-05-01 22:52:57.817186,-9,10
389,18,298,9,1,0,1,0,1,2,1,4,6,0,0,2,1,2,2026-05-01 22:52:57.817186,2026-05-01 22:52:57.817186,-10,10
390,18,294,17,5,1,2,0,6,10,3,6,17,2,2,1,39,1,2026-05-01 22:52:57.817186,2026-05-01 22:52:57.817186,-6,10
391,18,293,7,5,7,1,0,1,4,1,3,8,2,0,1,22,2,2026-05-01 22:52:57.817186,2026-05-01 22:52:57.817186,-2,10
392,18,282,6,2,0,0,0,0,4,2,2,4,0,0,0,17,2,2026-05-01 22:52:57.817186,2026-05-01 22:52:57.817186,-1,10
393,18,381,9,4,1,0,1,5,3,0,3,10,6,3,1,22,4,2026-05-01 22:52:57.817186,2026-05-01 22:52:57.817186,6,10
394,18,290,3,1,0,0,1,2,2,1,1,2,0,0,0,6,0,2026-05-01 22:52:57.817186,2026-05-01 22:52:57.817186,3,10
395,18,562,4,0,0,0,0,1,2,0,1,6,2,2,0,8,2,2026-05-01 22:52:57.817186,2026-05-01 22:52:57.817186,-12,10
396,19,41,6,4,1,0,2,0,8,2,2,8,0,0,0,22,1,2026-05-01 22:52:57.817186,2026-05-01 22:52:57.817186,0,2
397,19,48,15,11,1,1,0,7,8,3,6,16,0,0,2,27,2,2026-05-01 22:52:57.817186,2026-05-01 22:52:57.817186,20,2
398,19,44,16,12,3,1,1,0,0,0,6,8,7,4,1,25,2,2026-05-01 22:52:57.817186,2026-05-01 22:52:57.817186,16,2
399,19,37,24,4,3,2,0,7,5,2,9,17,6,4,3,9,1,2026-05-01 22:52:57.817186,2026-05-01 22:52:57.817186,20,2
400,19,51,20,3,1,2,2,4,7,2,8,16,2,2,0,31,1,2026-05-01 22:52:57.817186,2026-05-01 22:52:57.817186,23,2
401,19,43,18,5,2,0,2,6,8,2,8,17,0,0,1,33,0,2026-05-01 22:52:57.817186,2026-05-01 22:52:57.817186,19,2
402,19,208,0,0,0,0,0,0,0,0,0,0,0,0,0,1,0,2026-05-01 22:52:57.817186,2026-05-01 22:52:57.817186,-1,2
403,19,45,5,2,0,0,0,2,1,1,2,3,0,0,0,20,1,2026-05-01 22:52:57.817186,2026-05-01 22:52:57.817186,0,2
404,19,39,6,2,0,0,1,2,3,2,2,4,0,0,0,18,2,2026-05-01 22:52:57.817186,2026-05-01 22:52:57.817186,2,2
405,19,38,10,0,3,0,2,1,6,2,4,8,0,0,1,17,0,2026-05-01 22:52:57.817186,2026-05-01 22:52:57.817186,9,2
406,19,40,0,1,0,0,0,0,2,0,0,2,0,0,0,4,0,2026-05-01 22:52:57.817186,2026-05-01 22:52:57.817186,-4,2
407,19,52,0,0,0,0,0,0,0,0,0,0,0,0,0,2,0,2026-05-01 22:52:57.817186,2026-05-01 22:52:57.817186,-4,2
408,19,446,7,5,0,0,0,3,2,0,2,8,4,3,0,24,2,2026-05-01 22:52:57.817186,2026-05-01 22:52:57.817186,-18,7
409,19,469,5,3,2,0,1,3,3,1,2,9,0,0,1,28,1,2026-05-01 22:52:57.817186,2026-05-01 22:52:57.817186,-23,7
410,19,466,2,3,2,0,1,0,0,0,0,0,2,2,2,15,4,2026-05-01 22:52:57.817186,2026-05-01 22:52:57.817186,-10,7
411,19,457,16,8,0,1,0,6,4,0,7,23,2,2,3,6,5,2026-05-01 22:52:57.817186,2026-05-01 22:52:57.817186,-17,7
412,19,453,12,4,0,0,0,2,6,4,4,9,0,0,2,28,0,2026-05-01 22:52:57.817186,2026-05-01 22:52:57.817186,-19,7
413,19,454,6,5,2,1,3,1,0,0,3,5,0,0,0,25,0,2026-05-01 22:52:57.817186,2026-05-01 22:52:57.817186,10,7
414,19,463,13,0,1,0,0,3,1,1,6,12,0,0,1,25,3,2026-05-01 22:52:57.817186,2026-05-01 22:52:57.817186,-20,7
415,19,464,4,2,1,0,0,0,1,0,2,3,0,0,1,16,1,2026-05-01 22:52:57.817186,2026-05-01 22:52:57.817186,1,7
416,19,468,19,0,0,0,0,1,11,5,7,13,0,0,0,18,0,2026-05-01 22:52:57.817186,2026-05-01 22:52:57.817186,-8,7
417,19,470,11,7,0,0,0,4,5,2,3,8,4,3,0,19,0,2026-05-01 22:52:57.817186,2026-05-01 22:52:57.817186,-4,7
418,19,444,0,0,0,0,0,0,0,0,0,0,0,0,0,4,0,2026-05-01 22:52:57.817186,2026-05-01 22:52:57.817186,4,7
419,19,465,5,0,0,0,0,0,2,1,2,3,0,0,0,4,0,2026-05-01 22:52:57.817186,2026-05-01 22:52:57.817186,4,7
420,20,392,27,2,0,0,0,4,10,6,9,14,3,3,2,33,2,2026-05-01 22:52:57.817186,2026-05-01 22:52:57.817186,-15,4
421,20,385,12,2,0,2,0,1,3,0,5,13,2,2,1,27,0,2026-05-01 22:52:57.817186,2026-05-01 22:52:57.817186,-4,4
422,20,387,6,9,5,0,2,1,0,0,3,6,0,0,0,31,2,2026-05-01 22:52:57.817186,2026-05-01 22:52:57.817186,-1,4
423,20,395,22,11,2,2,1,5,5,3,7,12,5,5,3,9,3,2026-05-01 22:52:57.817186,2026-05-01 22:52:57.817186,-1,4
424,20,384,21,2,0,1,0,5,15,5,7,22,2,2,3,32,2,2026-05-01 22:52:57.817186,2026-05-01 22:52:57.817186,-15,4
425,20,388,2,0,1,0,1,1,2,0,1,3,0,0,1,13,2,2026-05-01 22:52:57.817186,2026-05-01 22:52:57.817186,-7,4
426,20,401,12,4,2,0,0,4,7,3,4,8,1,1,0,18,3,2026-05-01 22:52:57.817186,2026-05-01 22:52:57.817186,3,4
427,20,391,2,1,2,0,4,0,0,0,0,3,2,2,0,16,1,2026-05-01 22:52:57.817186,2026-05-01 22:52:57.817186,-5,4
428,20,209,13,5,0,0,0,3,6,1,4,11,5,4,2,16,1,2026-05-01 22:52:57.817186,2026-05-01 22:52:57.817186,8,4
429,20,390,3,0,0,0,1,0,4,1,1,4,0,0,0,13,2,2026-05-01 22:52:57.817186,2026-05-01 22:52:57.817186,-3,4
430,20,411,11,2,2,0,0,2,1,0,3,8,5,5,2,28,0,2026-05-01 22:52:57.817186,2026-05-01 22:52:57.817186,3,16
431,20,404,6,4,1,0,0,2,2,1,2,4,2,1,0,16,1,2026-05-01 22:52:57.817186,2026-05-01 22:52:57.817186,9,16
432,20,402,24,9,3,1,1,4,5,0,10,26,5,4,0,38,2,2026-05-01 22:52:57.817186,2026-05-01 22:52:57.817186,9,16
433,20,406,33,8,1,1,0,9,10,8,11,20,3,3,0,13,3,2026-05-01 22:52:57.817186,2026-05-01 22:52:57.817186,19,16
434,20,412,13,2,0,0,0,7,4,3,5,9,0,0,1,26,2,2026-05-01 22:52:57.817186,2026-05-01 22:52:57.817186,8,16
435,20,416,10,4,0,1,4,0,5,1,4,8,2,1,0,30,1,2026-05-01 22:52:57.817186,2026-05-01 22:52:57.817186,1,16
436,20,408,21,1,1,0,0,4,6,4,8,13,2,1,2,31,2,2026-05-01 22:52:57.817186,2026-05-01 22:52:57.817186,-1,16
437,20,407,6,1,1,0,0,2,4,1,1,4,4,3,1,12,0,2026-05-01 22:52:57.817186,2026-05-01 22:52:57.817186,-10,16
438,20,415,4,2,2,4,0,1,1,0,1,5,2,2,0,17,3,2026-05-01 22:52:57.817186,2026-05-01 22:52:57.817186,2,16
439,21,476,5,4,1,2,2,0,4,0,2,6,1,1,0,25,5,2026-05-01 22:52:57.817186,2026-05-01 22:52:57.817186,0,11
440,21,475,20,7,1,0,1,5,1,0,8,18,4,4,8,39,3,2026-05-01 22:52:57.817186,2026-05-01 22:52:57.817186,2,11
441,21,482,28,4,2,0,1,2,1,1,11,15,8,5,6,25,5,2026-05-01 22:52:57.817186,2026-05-01 22:52:57.817186,5,11
442,21,483,17,3,0,1,3,6,8,3,5,14,4,4,4,11,4,2026-05-01 22:52:57.817186,2026-05-01 22:52:57.817186,7,11
443,21,486,26,6,1,2,1,7,0,0,11,12,6,4,1,39,1,2026-05-01 22:52:57.817186,2026-05-01 22:52:57.817186,12,11
444,21,477,5,3,2,1,0,2,3,1,2,4,0,0,0,25,2,2026-05-01 22:52:57.817186,2026-05-01 22:52:57.817186,-3,11
445,21,472,2,5,1,1,1,0,0,0,1,2,2,0,3,22,3,2026-05-01 22:52:57.817186,2026-05-01 22:52:57.817186,2,11
446,21,481,0,1,0,1,0,1,0,0,0,0,0,0,0,15,1,2026-05-01 22:52:57.817186,2026-05-01 22:52:57.817186,8,11
447,21,479,3,3,0,1,0,0,2,0,1,5,1,1,0,12,1,2026-05-01 22:52:57.817186,2026-05-01 22:52:57.817186,2,11
448,21,161,21,2,0,2,0,2,5,2,6,14,9,7,1,38,1,2026-05-01 22:52:57.817186,2026-05-01 22:52:57.817186,-1,25
449,21,157,16,5,1,6,0,2,9,4,5,13,4,2,0,39,2,2026-05-01 22:52:57.817186,2026-05-01 22:52:57.817186,4,25
450,21,159,18,6,7,0,1,0,4,1,5,10,11,7,2,25,4,2026-05-01 22:52:57.817186,2026-05-01 22:52:57.817186,-14,25
451,21,164,20,3,1,1,0,10,7,2,8,18,4,2,4,12,2,2026-05-01 22:52:57.817186,2026-05-01 22:52:57.817186,13,25
452,21,163,4,0,2,0,0,2,4,1,1,9,2,1,2,19,1,2026-05-01 22:52:57.817186,2026-05-01 22:52:57.817186,-11,25
453,21,173,8,5,3,3,1,0,1,0,4,5,4,0,2,22,2,2026-05-01 22:52:57.817186,2026-05-01 22:52:57.817186,7,25
454,21,377,0,4,2,0,0,2,5,0,0,5,0,0,0,20,2,2026-05-01 22:52:57.817186,2026-05-01 22:52:57.817186,2,25
455,21,172,7,0,0,0,0,1,1,1,2,3,3,2,2,13,4,2026-05-01 22:52:57.817186,2026-05-01 22:52:57.817186,-12,25
456,21,158,0,1,0,1,0,0,1,0,0,2,0,0,1,12,2,2026-05-01 22:52:57.817186,2026-05-01 22:52:57.817186,-16,25
457,21,171,5,1,0,4,0,1,2,1,2,4,0,0,0,12,0,2026-05-01 22:52:57.817186,2026-05-01 22:52:57.817186,-7,25
472,23,341,25,5,0,0,0,3,9,3,8,17,7,6,2,30,2,2026-05-01 22:52:57.817186,2026-05-01 22:52:57.817186,3,24
473,23,346,11,6,0,0,0,3,8,3,4,9,0,0,0,31,3,2026-05-01 22:52:57.817186,2026-05-01 22:52:57.817186,-7,24
474,23,343,13,5,1,1,1,1,0,0,5,7,5,3,1,26,6,2026-05-01 22:52:57.817186,2026-05-01 22:52:57.817186,2,24
475,23,333,32,3,1,2,0,4,12,5,10,21,8,7,4,11,1,2026-05-01 22:52:57.817186,2026-05-01 22:52:57.817186,1,24
476,23,339,12,1,5,1,0,6,11,4,4,12,0,0,1,32,2,2026-05-01 22:52:57.817186,2026-05-01 22:52:57.817186,-9,24
477,23,345,4,1,3,0,5,1,0,0,2,3,0,0,2,20,2,2026-05-01 22:52:57.817186,2026-05-01 22:52:57.817186,4,24
478,23,332,12,1,1,4,0,8,8,2,4,10,2,2,1,29,2,2026-05-01 22:52:57.817186,2026-05-01 22:52:57.817186,1,24
479,23,338,6,3,2,0,0,0,4,2,2,5,2,0,1,14,1,2026-05-01 22:52:57.817186,2026-05-01 22:52:57.817186,0,24
480,23,337,3,1,0,1,0,1,4,1,1,4,2,0,0,12,3,2026-05-01 22:52:57.817186,2026-05-01 22:52:57.817186,9,24
481,23,268,0,0,2,0,0,0,2,0,0,2,0,0,0,6,1,2026-05-01 22:52:57.817186,2026-05-01 22:52:57.817186,4,24
482,23,22,0,0,0,0,0,0,0,0,0,0,0,0,0,0,0,2026-05-01 22:52:57.817186,2026-05-01 22:52:57.817186,2,24
483,23,509,19,4,2,1,1,0,5,1,5,12,8,8,0,34,3,2026-05-01 22:52:57.817186,2026-05-01 22:52:57.817186,3,19
484,23,524,19,3,7,0,0,3,0,0,6,13,9,7,3,33,4,2026-05-01 22:52:57.817186,2026-05-01 22:52:57.817186,5,19
485,23,513,14,1,1,2,1,4,5,2,6,11,0,0,1,30,4,2026-05-01 22:52:57.817186,2026-05-01 22:52:57.817186,-1,19
486,23,519,22,1,1,2,1,4,9,4,6,17,7,6,0,17,1,2026-05-01 22:52:57.817186,2026-05-01 22:52:57.817186,10,19
487,23,520,15,8,0,2,0,5,5,1,5,13,5,4,3,29,5,2026-05-01 22:52:57.817186,2026-05-01 22:52:57.817186,-1,19
488,23,518,4,6,2,0,0,0,0,0,2,3,0,0,1,16,3,2026-05-01 22:52:57.817186,2026-05-01 22:52:57.817186,-8,19
489,23,511,8,0,0,0,0,1,2,1,2,5,4,3,1,14,1,2026-05-01 22:52:57.817186,2026-05-01 22:52:57.817186,-2,19
490,23,523,4,0,1,0,0,1,0,0,1,4,2,2,3,12,1,2026-05-01 22:52:57.817186,2026-05-01 22:52:57.817186,-8,19
491,23,517,2,2,0,0,0,0,1,0,0,1,2,2,0,13,1,2026-05-01 22:52:57.817186,2026-05-01 22:52:57.817186,-7,19
492,23,516,9,1,2,1,0,0,1,1,4,4,0,0,2,13,1,2026-05-01 22:52:57.817186,2026-05-01 22:52:57.817186,-1,19
493,24,540,11,4,0,1,0,3,8,2,4,13,2,1,0,34,0,2026-05-01 22:52:57.817186,2026-05-01 22:52:57.817186,6,27
494,24,529,20,6,3,0,0,1,8,5,6,10,5,3,2,29,2,2026-05-01 22:52:57.817186,2026-05-01 22:52:57.817186,1,27
495,24,542,27,7,3,1,4,1,9,4,11,21,2,1,1,21,2,2026-05-01 22:52:57.817186,2026-05-01 22:52:57.817186,10,27
496,24,530,19,2,0,1,0,9,8,1,9,18,0,0,2,6,2,2026-05-01 22:52:57.817186,2026-05-01 22:52:57.817186,10,27
497,24,528,6,7,1,0,0,8,3,1,2,8,2,1,4,33,3,2026-05-01 22:52:57.817186,2026-05-01 22:52:57.817186,4,27
498,24,535,10,2,5,0,1,2,0,0,5,9,0,0,2,24,2,2026-05-01 22:52:57.817186,2026-05-01 22:52:57.817186,-7,27
499,24,531,8,2,0,1,1,4,1,1,3,5,3,1,1,20,2,2026-05-01 22:52:57.817186,2026-05-01 22:52:57.817186,-8,27
500,24,533,10,5,1,0,0,0,3,2,4,9,0,0,0,21,2,2026-05-01 22:52:57.817186,2026-05-01 22:52:57.817186,-7,27
501,24,527,5,2,1,2,1,1,1,1,2,2,0,0,0,20,2,2026-05-01 22:52:57.817186,2026-05-01 22:52:57.817186,11,27
502,24,541,0,0,1,0,0,0,0,0,0,0,0,0,0,3,0,2026-05-01 22:52:57.817186,2026-05-01 22:52:57.817186,0,27
503,24,308,30,7,2,3,0,3,6,1,10,20,10,9,2,37,2,2026-05-01 22:52:57.817186,2026-05-01 22:52:57.817186,-3,13
504,24,307,12,3,0,0,2,2,7,2,4,12,2,2,0,33,2,2026-05-01 22:52:57.817186,2026-05-01 22:52:57.817186,3,13
505,24,309,26,5,1,4,0,2,8,4,11,19,0,0,2,34,1,2026-05-01 22:52:57.817186,2026-05-01 22:52:57.817186,0,13
506,24,312,10,2,2,2,0,1,3,2,4,7,0,0,2,1,2,2026-05-01 22:52:57.817186,2026-05-01 22:52:57.817186,-6,13
507,24,305,4,7,0,0,0,5,1,0,2,5,0,0,2,31,3,2026-05-01 22:52:57.817186,2026-05-01 22:52:57.817186,-12,13
508,24,253,8,2,1,0,1,1,3,0,3,12,4,2,0,22,3,2026-05-01 22:52:57.817186,2026-05-01 22:52:57.817186,-1,13
509,24,310,11,2,0,1,0,6,2,1,4,6,2,2,0,25,0,2026-05-01 22:52:57.817186,2026-05-01 22:52:57.817186,-1,13
510,24,299,6,2,0,1,0,1,3,2,2,3,0,0,0,17,1,2026-05-01 22:52:57.817186,2026-05-01 22:52:57.817186,4,13
511,24,250,5,4,1,1,0,1,0,0,2,2,2,1,1,13,1,2026-05-01 22:52:57.817186,2026-05-01 22:52:57.817186,-4,13
512,25,326,11,3,0,0,0,3,4,3,4,6,0,0,2,28,3,2026-05-01 22:52:57.817186,2026-05-01 22:52:57.817186,8,14
513,25,317,13,3,0,0,0,1,3,2,5,8,1,1,0,23,0,2026-05-01 22:52:57.817186,2026-05-01 22:52:57.817186,6,14
514,25,318,9,2,2,1,0,2,0,0,3,6,3,3,0,25,2,2026-05-01 22:52:57.817186,2026-05-01 22:52:57.817186,2,14
515,25,325,19,2,0,0,0,5,4,1,6,14,7,6,3,4,6,2026-05-01 22:52:57.817186,2026-05-01 22:52:57.817186,-12,14
516,25,316,44,9,0,3,2,5,14,7,14,25,10,9,3,31,1,2026-05-01 22:52:57.817186,2026-05-01 22:52:57.817186,20,14
517,25,375,15,6,1,0,0,3,5,3,6,9,0,0,0,26,0,2026-05-01 22:52:57.817186,2026-05-01 22:52:57.817186,26,14
518,25,329,4,2,0,0,0,1,0,0,2,2,0,0,1,22,1,2026-05-01 22:52:57.817186,2026-05-01 22:52:57.817186,9,14
519,25,323,8,1,1,0,0,0,2,0,3,7,2,2,1,15,3,2026-05-01 22:52:57.817186,2026-05-01 22:52:57.817186,13,14
520,25,330,2,6,2,1,0,3,1,0,1,4,0,0,1,21,2,2026-05-01 22:52:57.817186,2026-05-01 22:52:57.817186,12,14
521,25,319,0,0,0,0,0,0,0,0,0,0,0,0,0,4,0,2026-05-01 22:52:57.817186,2026-05-01 22:52:57.817186,-8,14
522,25,322,3,1,0,0,0,1,1,1,1,1,0,0,1,3,0,2026-05-01 22:52:57.817186,2026-05-01 22:52:57.817186,-7,14
523,25,551,0,0,0,0,0,1,2,0,0,2,0,0,0,3,2,2026-05-01 22:52:57.817186,2026-05-01 22:52:57.817186,-7,14
524,25,324,0,2,0,0,0,0,1,0,0,1,0,0,0,3,2,2026-05-01 22:52:57.817186,2026-05-01 22:52:57.817186,-7,14
525,25,263,10,8,1,1,0,5,3,1,4,9,2,1,2,26,2,2026-05-01 22:52:57.817186,2026-05-01 22:52:57.817186,9,12
526,25,260,26,5,0,2,0,3,3,0,10,20,9,6,2,29,1,2026-05-01 22:52:57.817186,2026-05-01 22:52:57.817186,-8,12
527,25,249,16,3,3,1,2,2,6,2,6,13,2,2,0,33,1,2026-05-01 22:52:57.817186,2026-05-01 22:52:57.817186,2,12
528,25,256,7,3,0,0,2,1,6,1,3,10,0,0,1,22,3,2026-05-01 22:52:57.817186,2026-05-01 22:52:57.817186,-4,12
529,25,255,17,1,1,1,0,8,6,1,7,14,2,2,1,31,3,2026-05-01 22:52:57.817186,2026-05-01 22:52:57.817186,-14,12
530,25,262,2,3,1,0,0,1,1,0,1,4,0,0,0,10,2,2026-05-01 22:52:57.817186,2026-05-01 22:52:57.817186,-12,12
531,25,259,5,0,2,3,0,4,5,1,2,6,1,0,1,25,3,2026-05-01 22:52:57.817186,2026-05-01 22:52:57.817186,-8,12
532,25,258,8,3,3,0,0,3,2,1,2,3,4,3,0,14,0,2026-05-01 22:52:57.817186,2026-05-01 22:52:57.817186,5,12
533,25,254,10,1,0,2,0,4,0,0,5,10,0,0,0,17,1,2026-05-01 22:52:57.817186,2026-05-01 22:52:57.817186,-9,12
534,25,302,8,0,1,0,0,0,1,1,3,3,2,1,0,9,1,2026-05-01 22:52:57.817186,2026-05-01 22:52:57.817186,-4,12
535,25,251,8,1,0,0,0,2,2,0,3,6,2,2,0,17,2,2026-05-01 22:52:57.817186,2026-05-01 22:52:57.817186,-12,12
536,26,420,14,6,2,0,0,3,3,1,5,13,3,3,1,37,5,2026-05-01 22:52:57.817186,2026-05-01 22:52:57.817186,-8,22
537,26,419,16,9,3,2,0,6,6,1,7,17,2,1,6,35,0,2026-05-01 22:52:57.817186,2026-05-01 22:52:57.817186,0,22
538,26,424,15,5,2,1,1,1,1,1,5,6,4,4,0,23,4,2026-05-01 22:52:57.817186,2026-05-01 22:52:57.817186,8,22
539,26,422,8,1,2,2,0,3,3,0,3,12,2,2,0,23,3,2026-05-01 22:52:57.817186,2026-05-01 22:52:57.817186,2,22
540,26,433,17,2,0,2,1,7,11,4,6,14,1,1,2,31,1,2026-05-01 22:52:57.817186,2026-05-01 22:52:57.817186,9,22
541,26,193,8,2,0,0,0,4,7,2,3,9,0,0,1,19,2,2026-05-01 22:52:57.817186,2026-05-01 22:52:57.817186,-2,22
542,26,426,19,2,1,3,0,3,4,4,7,7,1,1,1,24,0,2026-05-01 22:52:57.817186,2026-05-01 22:52:57.817186,3,22
543,26,435,6,2,0,0,0,2,1,0,2,8,2,2,0,12,0,2026-05-01 22:52:57.817186,2026-05-01 22:52:57.817186,-10,22
544,26,430,4,2,2,0,0,0,3,0,2,7,0,0,1,19,2,2026-05-01 22:52:57.817186,2026-05-01 22:52:57.817186,0,22
545,26,421,8,2,2,0,0,2,0,0,4,4,1,0,0,12,4,2026-05-01 22:52:57.817186,2026-05-01 22:52:57.817186,3,22
546,26,446,19,1,1,0,0,7,3,1,7,15,5,4,6,32,2,2026-05-01 22:52:57.817186,2026-05-01 22:52:57.817186,-1,7
547,26,469,18,5,0,2,1,1,4,3,4,7,9,7,0,33,1,2026-05-01 22:52:57.817186,2026-05-01 22:52:57.817186,-3,7
548,26,458,12,10,3,0,2,1,0,0,5,6,4,2,1,24,3,2026-05-01 22:52:57.817186,2026-05-01 22:52:57.817186,6,7
549,26,457,18,3,2,1,4,6,4,1,7,22,3,3,2,1,1,2026-05-01 22:52:57.817186,2026-05-01 22:52:57.817186,-4,7
550,26,453,6,3,0,0,0,3,6,2,2,6,0,0,1,27,1,2026-05-01 22:52:57.817186,2026-05-01 22:52:57.817186,-12,7
551,26,466,2,1,3,0,2,0,0,0,1,1,0,0,0,20,3,2026-05-01 22:52:57.817186,2026-05-01 22:52:57.817186,-5,7
552,26,463,6,2,2,2,0,5,2,0,2,10,2,2,2,25,2,2026-05-01 22:52:57.817186,2026-05-01 22:52:57.817186,-6,7
553,26,468,24,4,0,1,0,1,12,7,7,12,3,3,1,25,3,2026-05-01 22:52:57.817186,2026-05-01 22:52:57.817186,13,7
554,26,464,3,2,0,0,0,0,1,0,1,2,2,1,0,11,0,2026-05-01 22:52:57.817186,2026-05-01 22:52:57.817186,3,7
555,26,465,6,2,0,0,0,4,0,0,3,5,0,0,0,13,1,2026-05-01 22:52:57.817186,2026-05-01 22:52:57.817186,4,7
572,28,110,10,3,0,1,0,5,3,1,4,7,2,1,1,21,3,2026-05-01 22:52:57.817186,2026-05-01 22:52:57.817186,-6,8
573,28,107,3,1,2,0,0,3,3,0,1,7,2,1,0,21,0,2026-05-01 22:52:57.817186,2026-05-01 22:52:57.817186,-7,8
574,28,111,38,7,1,2,0,5,7,1,14,21,10,9,3,30,1,2026-05-01 22:52:57.817186,2026-05-01 22:52:57.817186,-18,8
575,28,105,7,2,2,0,0,5,4,1,2,7,4,2,1,6,3,2026-05-01 22:52:57.817186,2026-05-01 22:52:57.817186,-18,8
576,28,114,12,1,0,0,1,3,3,1,5,10,3,1,0,17,1,2026-05-01 22:52:57.817186,2026-05-01 22:52:57.817186,-4,8
577,28,108,6,1,0,0,0,1,5,1,1,6,5,3,1,22,1,2026-05-01 22:52:57.817186,2026-05-01 22:52:57.817186,-24,8
578,28,106,7,2,0,2,0,3,0,0,3,3,1,1,2,21,2,2026-05-01 22:52:57.817186,2026-05-01 22:52:57.817186,-22,8
579,28,117,2,1,1,0,0,1,1,0,1,3,0,0,0,16,1,2026-05-01 22:52:57.817186,2026-05-01 22:52:57.817186,-15,8
580,28,113,2,1,1,0,0,0,3,0,1,4,0,0,0,9,4,2026-05-01 22:52:57.817186,2026-05-01 22:52:57.817186,-15,8
581,28,119,2,0,0,0,0,0,0,0,1,1,0,0,2,1,2,2026-05-01 22:52:57.817186,2026-05-01 22:52:57.817186,-4,8
582,28,429,3,1,0,0,0,1,3,1,1,4,0,0,2,12,0,2026-05-01 22:52:57.817186,2026-05-01 22:52:57.817186,-14,8
583,28,115,0,3,0,0,0,1,2,0,0,2,0,0,1,9,0,2026-05-01 22:52:57.817186,2026-05-01 22:52:57.817186,-13,8
584,28,116,0,0,0,0,0,1,1,0,0,2,0,0,0,9,0,2026-05-01 22:52:57.817186,2026-05-01 22:52:57.817186,-13,8
585,28,109,11,0,1,0,0,0,3,2,3,4,3,3,2,7,0,2026-05-01 22:52:57.817186,2026-05-01 22:52:57.817186,-9,8
586,28,564,0,0,0,1,0,1,2,0,0,2,0,0,0,6,1,2026-05-01 22:52:57.817186,2026-05-01 22:52:57.817186,-13,8
587,28,53,34,4,3,4,1,5,11,6,11,17,6,6,0,31,1,2026-05-01 22:52:57.817186,2026-05-01 22:52:57.817186,17,20
588,28,59,18,4,1,0,0,2,4,2,8,12,2,0,1,24,3,2026-05-01 22:52:57.817186,2026-05-01 22:52:57.817186,10,20
589,28,67,17,12,1,1,0,2,4,1,7,12,3,2,1,27,4,2026-05-01 22:52:57.817186,2026-05-01 22:52:57.817186,19,20
590,28,54,9,2,0,0,3,4,2,1,4,8,0,0,1,0,2,2026-05-01 22:52:57.817186,2026-05-01 22:52:57.817186,12,20
591,28,55,9,2,1,1,0,15,3,1,3,13,2,2,1,33,3,2026-05-01 22:52:57.817186,2026-05-01 22:52:57.817186,19,20
592,28,58,4,0,1,0,0,2,1,0,2,4,0,0,0,12,2,2026-05-01 22:52:57.817186,2026-05-01 22:52:57.817186,7,20
593,28,65,13,1,4,0,0,1,0,0,6,7,2,1,1,14,4,2026-05-01 22:52:57.817186,2026-05-01 22:52:57.817186,12,20
594,28,66,10,2,1,0,0,0,4,2,3,5,2,2,1,18,2,2026-05-01 22:52:57.817186,2026-05-01 22:52:57.817186,21,20
595,28,508,4,1,0,0,0,3,1,0,1,3,2,2,0,11,1,2026-05-01 22:52:57.817186,2026-05-01 22:52:57.817186,13,20
596,28,57,11,1,1,0,0,0,3,3,4,5,0,0,1,9,0,2026-05-01 22:52:57.817186,2026-05-01 22:52:57.817186,13,20
597,28,62,2,1,1,0,0,8,0,0,1,2,0,0,0,9,0,2026-05-01 22:52:57.817186,2026-05-01 22:52:57.817186,13,20
598,28,538,2,3,0,3,0,2,0,0,1,1,0,0,2,9,0,2026-05-01 22:52:57.817186,2026-05-01 22:52:57.817186,13,20
599,28,56,7,3,0,1,0,0,1,0,3,5,2,1,0,7,1,2026-05-01 22:52:57.817186,2026-05-01 22:52:57.817186,13,20
600,28,60,2,0,0,1,0,0,0,0,1,1,0,0,1,6,1,2026-05-01 22:52:57.817186,2026-05-01 22:52:57.817186,13,20
601,29,441,17,3,0,3,0,2,4,2,7,10,4,1,3,34,3,2026-05-01 22:52:57.817186,2026-05-01 22:52:57.817186,-5,30
602,29,560,16,2,1,0,0,1,9,4,5,12,2,2,3,39,3,2026-05-01 22:52:57.817186,2026-05-01 22:52:57.817186,-4,30
603,29,563,18,10,10,1,0,2,0,0,5,7,8,8,2,38,4,2026-05-01 22:52:57.817186,2026-05-01 22:52:57.817186,-2,30
604,29,445,15,7,1,1,0,2,9,5,5,13,0,0,3,20,2,2026-05-01 22:52:57.817186,2026-05-01 22:52:57.817186,2,30
605,29,452,12,1,1,2,0,6,5,1,4,9,6,3,3,19,0,2026-05-01 22:52:57.817186,2026-05-01 22:52:57.817186,4,30
606,29,438,7,1,0,0,1,2,3,2,2,5,1,1,1,15,5,2026-05-01 22:52:57.817186,2026-05-01 22:52:57.817186,-15,30
607,29,443,10,1,2,1,0,1,1,1,3,3,5,3,0,33,1,2026-05-01 22:52:57.817186,2026-05-01 22:52:57.817186,-11,30
608,29,447,13,2,0,0,0,3,6,2,4,10,4,3,4,25,2,2026-05-01 22:52:57.817186,2026-05-01 22:52:57.817186,-11,30
609,29,440,0,0,0,0,0,2,1,0,0,1,0,0,0,3,0,2026-05-01 22:52:57.817186,2026-05-01 22:52:57.817186,-7,30
610,29,459,4,1,0,0,0,1,4,1,1,7,2,1,0,11,0,2026-05-01 22:52:57.817186,2026-05-01 22:52:57.817186,-1,30
611,29,191,13,1,2,2,0,7,2,1,5,6,2,2,2,35,4,2026-05-01 22:52:57.817186,2026-05-01 22:52:57.817186,9,29
612,29,175,32,2,0,2,1,0,11,7,12,19,2,1,0,32,2,2026-05-01 22:52:57.817186,2026-05-01 22:52:57.817186,8,29
613,29,178,20,9,5,2,2,3,2,2,9,14,0,0,2,30,5,2026-05-01 22:52:57.817186,2026-05-01 22:52:57.817186,7,29
614,29,497,0,3,2,5,1,4,2,0,0,3,0,0,2,12,3,2026-05-01 22:52:57.817186,2026-05-01 22:52:57.817186,6,29
615,29,177,27,3,0,0,0,11,2,1,11,18,6,4,3,29,0,2026-05-01 22:52:57.817186,2026-05-01 22:52:57.817186,5,29
616,29,554,10,2,2,0,0,0,5,2,3,8,3,2,0,21,1,2026-05-01 22:52:57.817186,2026-05-01 22:52:57.817186,0,29
617,29,565,6,6,6,0,0,0,0,0,3,6,0,0,0,17,3,2026-05-01 22:52:57.817186,2026-05-01 22:52:57.817186,3,29
618,29,188,14,1,0,1,0,4,9,2,4,15,5,4,2,23,0,2026-05-01 22:52:57.817186,2026-05-01 22:52:57.817186,9,29
619,29,180,0,1,0,0,0,2,2,0,0,3,0,0,0,11,4,2026-05-01 22:52:57.817186,2026-05-01 22:52:57.817186,3,29
620,30,411,16,1,0,0,0,4,2,2,6,13,2,2,1,30,4,2026-05-01 22:52:57.817186,2026-05-01 22:52:57.817186,14,16
621,30,417,8,3,1,2,0,1,3,0,4,10,0,0,0,22,0,2026-05-01 22:52:57.817186,2026-05-01 22:52:57.817186,-5,16
622,30,402,21,4,3,1,1,2,4,0,7,15,8,7,1,24,5,2026-05-01 22:52:57.817186,2026-05-01 22:52:57.817186,10,16
623,30,406,25,4,0,0,0,5,7,2,9,16,5,5,3,7,1,2026-05-01 22:52:57.817186,2026-05-01 22:52:57.817186,6,16
624,30,412,2,1,1,2,0,4,1,0,1,4,0,0,0,22,3,2026-05-01 22:52:57.817186,2026-05-01 22:52:57.817186,-5,16
625,30,416,16,7,4,5,7,1,2,1,7,9,2,1,1,31,2,2026-05-01 22:52:57.817186,2026-05-01 22:52:57.817186,18,16
626,30,408,18,7,0,0,0,7,0,0,6,9,6,6,2,32,1,2026-05-01 22:52:57.817186,2026-05-01 22:52:57.817186,11,16
627,30,407,11,5,1,2,0,3,7,3,4,9,0,0,4,20,2,2026-05-01 22:52:57.817186,2026-05-01 22:52:57.817186,20,16
628,30,415,9,0,2,1,0,2,1,1,4,6,1,0,0,21,2,2026-05-01 22:52:57.817186,2026-05-01 22:52:57.817186,11,16
629,30,404,0,1,0,0,0,0,0,0,0,0,0,0,0,0,0,2026-05-01 22:52:57.817186,2026-05-01 22:52:57.817186,0,16
630,30,418,0,0,0,0,0,0,0,0,0,0,0,0,0,0,0,2026-05-01 22:52:57.817186,2026-05-01 22:52:57.817186,0,16
631,30,557,0,0,0,0,0,0,0,0,0,0,0,0,0,0,0,2026-05-01 22:52:57.817186,2026-05-01 22:52:57.817186,0,16
632,30,27,27,10,3,2,1,3,18,7,9,24,3,2,3,35,3,2026-05-01 22:52:57.817186,2026-05-01 22:52:57.817186,2,3
633,30,19,17,6,1,2,1,4,9,5,6,13,0,0,1,33,0,2026-05-01 22:52:57.817186,2026-05-01 22:52:57.817186,0,3
634,30,18,16,4,4,1,0,1,0,0,6,15,8,4,4,27,1,2026-05-01 22:52:57.817186,2026-05-01 22:52:57.817186,-4,3
635,30,25,7,2,6,0,0,5,2,1,3,6,0,0,1,5,1,2026-05-01 22:52:57.817186,2026-05-01 22:52:57.817186,6,3
636,30,32,9,1,2,0,0,9,2,1,4,9,0,0,3,24,1,2026-05-01 22:52:57.817186,2026-05-01 22:52:57.817186,-4,3
637,30,30,7,1,4,0,0,1,1,0,3,6,2,1,2,17,4,2026-05-01 22:52:57.817186,2026-05-01 22:52:57.817186,-8,3
638,30,29,6,1,0,1,0,2,0,0,2,4,2,2,1,15,1,2026-05-01 22:52:57.817186,2026-05-01 22:52:57.817186,-20,3
639,30,33,15,0,1,2,0,3,4,2,5,9,3,3,1,23,2,2026-05-01 22:52:57.817186,2026-05-01 22:52:57.817186,-10,3
640,30,35,0,3,0,0,0,2,2,0,0,2,0,0,3,14,4,2026-05-01 22:52:57.817186,2026-05-01 22:52:57.817186,-14,3
641,30,87,6,0,0,1,0,0,3,0,3,6,0,0,1,10,2,2026-05-01 22:52:57.817186,2026-05-01 22:52:57.817186,-16,3
642,30,34,0,0,0,0,0,0,0,0,0,0,0,0,0,2,0,2026-05-01 22:52:57.817186,2026-05-01 22:52:57.817186,-4,3
643,30,561,0,0,0,0,0,0,0,0,0,1,0,0,0,2,0,2026-05-01 22:52:57.817186,2026-05-01 22:52:57.817186,-4,3
644,30,42,0,0,0,0,0,0,0,0,0,0,0,0,0,2,0,2026-05-01 22:52:57.817186,2026-05-01 22:52:57.817186,-4,3
645,31,475,23,6,0,4,1,3,5,3,8,16,6,4,3,41,0,2026-05-01 22:52:57.817186,2026-05-01 22:52:57.817186,-5,11
646,31,484,3,6,5,1,1,2,3,0,0,8,4,3,5,42,3,2026-05-01 22:52:57.817186,2026-05-01 22:52:57.817186,-14,11
647,31,482,17,6,1,1,0,7,3,0,8,20,1,1,5,37,3,2026-05-01 22:52:57.817186,2026-05-01 22:52:57.817186,-15,11
648,31,476,9,3,2,1,0,2,5,1,4,10,0,0,0,9,6,2026-05-01 22:52:57.817186,2026-05-01 22:52:57.817186,-2,11
649,31,486,18,3,7,4,0,5,2,1,8,15,2,1,1,43,1,2026-05-01 22:52:57.817186,2026-05-01 22:52:57.817186,6,11
650,31,472,4,3,0,0,0,1,0,0,1,2,2,2,0,11,0,2026-05-01 22:52:57.817186,2026-05-01 22:52:57.817186,11,11
651,31,483,30,3,0,0,0,6,12,6,12,19,0,0,3,37,4,2026-05-01 22:52:57.817186,2026-05-01 22:52:57.817186,11,11
652,31,481,9,2,2,0,0,0,4,3,3,6,0,0,0,17,0,2026-05-01 22:52:57.817186,2026-05-01 22:52:57.817186,-2,11
653,31,297,14,5,1,1,1,6,4,0,6,12,4,2,7,41,1,2026-05-01 22:52:57.817186,2026-05-01 22:52:57.817186,20,10
654,31,285,10,4,1,1,0,8,3,1,4,6,1,1,2,34,3,2026-05-01 22:52:57.817186,2026-05-01 22:52:57.817186,12,10
655,31,287,17,4,2,1,2,5,6,3,7,15,0,0,1,32,0,2026-05-01 22:52:57.817186,2026-05-01 22:52:57.817186,7,10
656,31,291,23,3,3,3,2,2,6,2,10,22,2,1,2,5,2,2026-05-01 22:52:57.817186,2026-05-01 22:52:57.817186,8,10
657,31,294,26,4,5,0,0,1,8,4,10,18,2,2,1,39,4,2026-05-01 22:52:57.817186,2026-05-01 22:52:57.817186,5,10
658,31,295,3,4,2,0,0,3,1,0,0,2,4,3,4,20,3,2026-05-01 22:52:57.817186,2026-05-01 22:52:57.817186,-8,10
659,31,298,8,2,0,2,0,3,2,0,3,6,2,2,1,16,0,2026-05-01 22:52:57.817186,2026-05-01 22:52:57.817186,-17,10
660,31,562,2,0,3,0,0,0,0,0,1,4,0,0,0,17,2,2026-05-01 22:52:57.817186,2026-05-01 22:52:57.817186,-13,10
661,31,282,12,3,0,0,0,1,8,4,4,9,0,0,1,20,5,2026-05-01 22:52:57.817186,2026-05-01 22:52:57.817186,6,10
662,31,290,0,0,1,2,0,0,0,0,0,0,0,0,0,12,3,2026-05-01 22:52:57.817186,2026-05-01 22:52:57.817186,-10,10
663,32,132,8,2,0,1,0,4,3,1,3,6,1,1,2,21,5,2026-05-01 22:52:57.817186,2026-05-01 22:52:57.817186,2,18
664,32,134,17,7,1,1,0,4,2,0,5,11,8,7,2,33,4,2026-05-01 22:52:57.817186,2026-05-01 22:52:57.817186,9,18
665,32,128,18,9,3,1,3,5,0,0,7,8,6,4,0,35,2,2026-05-01 22:52:57.817186,2026-05-01 22:52:57.817186,18,18
666,32,126,22,4,0,1,0,3,8,5,8,12,2,1,4,10,1,2026-05-01 22:52:57.817186,2026-05-01 22:52:57.817186,15,18
667,32,124,16,5,0,2,0,2,6,4,4,7,4,4,1,26,1,2026-05-01 22:52:57.817186,2026-05-01 22:52:57.817186,16,18
668,32,195,13,1,0,3,1,1,2,1,6,11,0,0,0,27,2,2026-05-01 22:52:57.817186,2026-05-01 22:52:57.817186,25,18
669,32,135,12,4,2,0,1,1,5,1,5,12,2,1,1,20,1,2026-05-01 22:52:57.817186,2026-05-01 22:52:57.817186,16,18
670,32,174,4,3,0,0,0,4,0,0,2,4,0,0,0,15,3,2026-05-01 22:52:57.817186,2026-05-01 22:52:57.817186,-11,18
671,32,129,3,0,0,0,0,0,3,1,1,5,0,0,1,13,2,2026-05-01 22:52:57.817186,2026-05-01 22:52:57.817186,-14,18
672,32,136,0,0,0,0,0,0,2,0,0,2,0,0,1,3,0,2026-05-01 22:52:57.817186,2026-05-01 22:52:57.817186,-10,18
673,32,122,0,0,0,0,0,0,0,0,0,1,0,0,0,3,1,2026-05-01 22:52:57.817186,2026-05-01 22:52:57.817186,-10,18
674,32,205,2,0,0,0,0,0,0,0,1,1,0,0,0,3,0,2026-05-01 22:52:57.817186,2026-05-01 22:52:57.817186,-8,18
675,32,121,0,0,0,1,0,0,0,0,0,1,0,0,0,3,0,2026-05-01 22:52:57.817186,2026-05-01 22:52:57.817186,-8,18
676,32,93,14,4,1,1,0,2,1,0,5,16,7,4,1,29,2,2026-05-01 22:52:57.817186,2026-05-01 22:52:57.817186,-27,28
677,32,88,16,1,1,0,1,3,3,2,7,12,0,0,0,36,3,2026-05-01 22:52:57.817186,2026-05-01 22:52:57.817186,3,28
678,32,99,9,4,3,2,1,4,0,0,4,5,2,1,1,29,3,2026-05-01 22:52:57.817186,2026-05-01 22:52:57.817186,-23,28
679,32,89,25,6,0,0,1,0,5,4,9,14,4,3,1,6,3,2026-05-01 22:52:57.817186,2026-05-01 22:52:57.817186,3,28
680,32,100,18,3,0,1,0,7,4,2,6,10,5,4,2,30,3,2026-05-01 22:52:57.817186,2026-05-01 22:52:57.817186,8,28
681,32,101,2,3,1,0,0,1,2,0,1,7,0,0,3,17,3,2026-05-01 22:52:57.817186,2026-05-01 22:52:57.817186,-19,28
682,32,95,11,1,1,1,1,1,2,1,5,8,1,0,1,23,0,2026-05-01 22:52:57.817186,2026-05-01 22:52:57.817186,-8,28
683,32,103,2,0,0,1,0,0,1,0,0,2,3,2,1,17,2,2026-05-01 22:52:57.817186,2026-05-01 22:52:57.817186,-4,28
684,32,97,0,1,0,0,1,2,0,0,0,0,0,0,2,9,0,2026-05-01 22:52:57.817186,2026-05-01 22:52:57.817186,4,28
685,32,90,2,4,1,0,0,1,2,0,1,3,0,0,0,9,0,2026-05-01 22:52:57.817186,2026-05-01 22:52:57.817186,7,28
686,32,91,6,1,0,0,0,1,1,0,2,4,2,2,0,3,0,2026-05-01 22:52:57.817186,2026-05-01 22:52:57.817186,8,28
687,32,288,2,1,3,0,0,0,0,0,1,2,0,0,0,3,0,2026-05-01 22:52:57.817186,2026-05-01 22:52:57.817186,8,28
688,33,540,8,2,1,0,1,3,5,1,3,7,2,1,1,6,2,2026-05-01 22:52:57.817186,2026-05-01 22:52:57.817186,2,27
689,33,529,16,7,0,0,0,1,6,3,4,8,7,5,0,30,0,2026-05-01 22:52:57.817186,2026-05-01 22:52:57.817186,19,27
690,33,542,38,14,2,0,5,3,10,4,12,24,11,10,0,38,5,2026-05-01 22:52:57.817186,2026-05-01 22:52:57.817186,20,27
691,33,530,29,4,1,2,1,3,10,4,12,22,2,1,1,8,2,2026-05-01 22:52:57.817186,2026-05-01 22:52:57.817186,17,27
692,33,528,11,1,0,2,1,12,0,0,4,8,4,3,2,34,4,2026-05-01 22:52:57.817186,2026-05-01 22:52:57.817186,20,27
693,33,531,7,1,1,1,0,1,2,1,3,5,0,0,3,20,2,2026-05-01 22:52:57.817186,2026-05-01 22:52:57.817186,-6,27
694,33,533,8,4,0,0,0,1,2,0,2,6,4,4,0,21,2,2026-05-01 22:52:57.817186,2026-05-01 22:52:57.817186,1,27
695,33,527,2,4,2,0,3,0,2,0,1,3,0,0,1,19,2,2026-05-01 22:52:57.817186,2026-05-01 22:52:57.817186,7,27
696,33,535,2,0,1,0,0,0,0,0,1,1,0,0,0,8,1,2026-05-01 22:52:57.817186,2026-05-01 22:52:57.817186,-5,27
697,33,536,0,0,0,0,0,0,0,0,0,0,0,0,0,0,0,2026-05-01 22:52:57.817186,2026-05-01 22:52:57.817186,0,27
698,33,526,0,1,0,0,0,0,0,0,0,0,0,0,0,0,0,2026-05-01 22:52:57.817186,2026-05-01 22:52:57.817186,0,27
699,33,541,0,0,0,0,0,0,0,0,0,0,0,0,0,0,0,2026-05-01 22:52:57.817186,2026-05-01 22:52:57.817186,0,27
700,33,245,0,0,0,0,1,0,0,0,0,0,0,0,1,2,0,2026-05-01 22:52:57.817186,2026-05-01 22:52:57.817186,-5,9
701,33,231,11,4,0,0,0,1,3,1,2,6,6,6,1,30,2,2026-05-01 22:52:57.817186,2026-05-01 22:52:57.817186,-12,9
702,33,229,7,5,2,0,0,2,0,0,3,7,3,1,1,12,5,2026-05-01 22:52:57.817186,2026-05-01 22:52:57.817186,-5,9
703,33,241,11,2,1,1,0,1,4,2,4,7,2,1,0,2,0,2026-05-01 22:52:57.817186,2026-05-01 22:52:57.817186,-23,9
704,33,228,26,4,0,0,0,8,7,4,10,26,2,2,4,39,5,2026-05-01 22:52:57.817186,2026-05-01 22:52:57.817186,-7,9
705,33,232,10,1,4,0,0,0,1,0,4,6,2,2,0,11,2,2026-05-01 22:52:57.817186,2026-05-01 22:52:57.817186,-11,9
706,33,244,18,2,3,1,1,2,5,3,4,8,8,7,1,29,1,2026-05-01 22:52:57.817186,2026-05-01 22:52:57.817186,-10,9
707,33,238,0,3,0,0,0,3,1,0,0,5,0,0,0,20,1,2026-05-01 22:52:57.817186,2026-05-01 22:52:57.817186,-11,9
708,33,234,0,0,0,0,0,1,2,0,0,6,2,0,1,14,0,2026-05-01 22:52:57.817186,2026-05-01 22:52:57.817186,-15,9
709,33,242,0,0,0,0,0,0,0,0,0,1,0,0,0,6,0,2026-05-01 22:52:57.817186,2026-05-01 22:52:57.817186,-3,9
710,33,230,10,2,1,0,2,0,3,1,2,7,5,5,0,18,3,2026-05-01 22:52:57.817186,2026-05-01 22:52:57.817186,12,9
711,33,199,7,5,0,1,0,2,2,1,3,4,0,0,0,17,0,2026-05-01 22:52:57.817186,2026-05-01 22:52:57.817186,15,9
712,33,240,6,1,3,1,0,0,0,0,3,4,0,0,1,8,4,2026-05-01 22:52:57.817186,2026-05-01 22:52:57.817186,0,9
713,33,237,0,0,0,0,0,0,0,0,0,0,0,0,0,0,0,2026-05-01 22:52:57.817186,2026-05-01 22:52:57.817186,0,9
714,33,236,0,1,0,0,0,0,0,0,0,0,0,0,0,0,0,2026-05-01 22:52:57.817186,2026-05-01 22:52:57.817186,0,9
715,34,341,12,3,0,1,0,3,8,1,5,20,2,1,1,7,1,2026-05-01 22:52:57.817186,2026-05-01 22:52:57.817186,-5,24
716,34,346,3,4,0,0,0,0,4,1,1,6,0,0,1,18,3,2026-05-01 22:52:57.817186,2026-05-01 22:52:57.817186,-15,24
717,34,343,10,6,3,1,1,4,0,0,5,5,1,0,1,36,2,2026-05-01 22:52:57.817186,2026-05-01 22:52:57.817186,3,24
718,34,333,27,6,0,2,1,2,7,2,9,21,7,7,4,8,2,2026-05-01 22:52:57.817186,2026-05-01 22:52:57.817186,2,24
719,34,339,5,1,1,0,0,5,5,1,1,6,2,2,1,25,2,2026-05-01 22:52:57.817186,2026-05-01 22:52:57.817186,-7,24
720,34,345,2,2,2,0,0,0,0,0,1,1,2,0,4,11,2,2026-05-01 22:52:57.817186,2026-05-01 22:52:57.817186,-5,24
721,34,332,21,1,1,1,0,8,16,5,6,19,4,4,2,32,3,2026-05-01 22:52:57.817186,2026-05-01 22:52:57.817186,9,24
722,34,337,6,8,3,2,1,1,2,0,3,7,0,0,0,23,1,2026-05-01 22:52:57.817186,2026-05-01 22:52:57.817186,7,24
723,34,338,5,2,1,0,0,1,2,1,2,3,2,0,0,11,1,2026-05-01 22:52:57.817186,2026-05-01 22:52:57.817186,-2,24
724,34,268,12,1,3,0,0,0,2,2,3,4,7,4,0,17,2,2026-05-01 22:52:57.817186,2026-05-01 22:52:57.817186,3,24
725,34,203,6,1,0,1,0,3,1,0,3,7,0,0,2,11,3,2026-05-01 22:52:57.817186,2026-05-01 22:52:57.817186,-1,5
726,34,133,8,9,0,0,0,0,5,0,3,9,2,2,1,23,2,2026-05-01 22:52:57.817186,2026-05-01 22:52:57.817186,11,5
727,34,68,16,6,0,0,1,2,6,3,6,15,2,1,1,37,4,2026-05-01 22:52:57.817186,2026-05-01 22:52:57.817186,7,5
728,34,200,21,5,1,2,0,5,3,1,9,15,3,2,1,4,0,2026-05-01 22:52:57.817186,2026-05-01 22:52:57.817186,-3,5
729,34,399,30,2,1,2,0,5,7,2,11,19,8,6,1,37,1,2026-05-01 22:52:57.817186,2026-05-01 22:52:57.817186,11,5
730,34,204,4,2,4,2,0,2,0,0,2,6,0,0,1,17,3,2026-05-01 22:52:57.817186,2026-05-01 22:52:57.817186,0,5
731,34,125,11,2,0,0,0,1,5,1,5,12,0,0,2,20,3,2026-05-01 22:52:57.817186,2026-05-01 22:52:57.817186,-7,5
732,34,347,9,9,2,1,2,1,0,0,2,2,10,5,2,29,5,2026-05-01 22:52:57.817186,2026-05-01 22:52:57.817186,-8,5
733,34,201,0,1,1,0,0,4,1,0,0,1,0,0,1,9,1,2026-05-01 22:52:57.817186,2026-05-01 22:52:57.817186,0,5
734,35,105,15,5,0,0,0,4,6,2,6,12,2,1,1,15,0,2026-05-01 22:52:57.817186,2026-05-01 22:52:57.817186,8,8
735,35,115,5,4,1,1,0,1,2,1,2,4,0,0,1,23,3,2026-05-01 22:52:57.817186,2026-05-01 22:52:57.817186,0,8
736,35,111,28,9,3,1,1,13,1,0,10,15,8,8,9,37,4,2026-05-01 22:52:57.817186,2026-05-01 22:52:57.817186,6,8
737,35,117,18,2,0,1,0,0,5,2,6,10,5,4,2,4,4,2026-05-01 22:52:57.817186,2026-05-01 22:52:57.817186,-1,8
738,35,114,28,4,0,0,0,7,9,5,8,17,7,7,2,38,3,2026-05-01 22:52:57.817186,2026-05-01 22:52:57.817186,9,8
739,35,108,14,2,0,0,0,0,4,2,4,7,5,4,0,25,0,2026-05-01 22:52:57.817186,2026-05-01 22:52:57.817186,5,8
740,35,106,8,4,2,0,0,1,3,2,3,8,0,0,0,29,1,2026-05-01 22:52:57.817186,2026-05-01 22:52:57.817186,3,8
741,35,429,0,1,0,0,0,0,1,0,0,2,0,0,1,5,0,2026-05-01 22:52:57.817186,2026-05-01 22:52:57.817186,4,8
742,35,119,4,3,1,0,0,1,0,0,0,0,4,4,2,10,1,2026-05-01 22:52:57.817186,2026-05-01 22:52:57.817186,1,8
743,35,320,16,5,0,3,1,8,2,0,7,11,2,2,1,9,2,2026-05-01 22:52:57.817186,2026-05-01 22:52:57.817186,-10,14
744,35,326,9,0,1,1,0,2,6,3,3,9,0,0,4,32,4,2026-05-01 22:52:57.817186,2026-05-01 22:52:57.817186,3,14
745,35,315,0,2,0,0,0,0,0,0,0,1,0,0,0,4,1,2026-05-01 22:52:57.817186,2026-05-01 22:52:57.817186,-13,14
746,35,325,16,3,2,3,0,7,2,1,6,11,4,3,0,14,2,2026-05-01 22:52:57.817186,2026-05-01 22:52:57.817186,-4,14
747,35,316,27,10,1,4,0,7,10,3,11,24,4,2,3,40,3,2026-05-01 22:52:57.817186,2026-05-01 22:52:57.817186,0,14
748,35,318,19,3,2,0,0,2,0,0,8,10,5,3,0,27,1,2026-05-01 22:52:57.817186,2026-05-01 22:52:57.817186,7,14
749,35,317,16,2,0,1,0,3,5,4,6,9,0,0,1,28,3,2026-05-01 22:52:57.817186,2026-05-01 22:52:57.817186,10,14
750,35,375,8,0,0,0,0,0,3,2,3,6,0,0,1,20,2,2026-05-01 22:52:57.817186,2026-05-01 22:52:57.817186,-7,14
751,35,323,2,0,0,0,0,1,3,0,1,6,0,0,0,10,2,2026-05-01 22:52:57.817186,2026-05-01 22:52:57.817186,-16,14
752,35,330,0,1,0,0,0,0,0,0,0,0,0,0,0,3,1,2026-05-01 22:52:57.817186,2026-05-01 22:52:57.817186,-5,14
753,36,353,15,2,0,1,0,2,2,0,6,16,5,3,1,3,1,2026-05-01 22:52:57.817186,2026-05-01 22:52:57.817186,0,26
754,36,349,29,11,1,1,2,5,3,1,12,16,6,4,0,40,2,2026-05-01 22:52:57.817186,2026-05-01 22:52:57.817186,-1,26
755,36,361,10,4,1,0,0,1,0,0,5,9,0,0,2,26,2,2026-05-01 22:52:57.817186,2026-05-01 22:52:57.817186,-5,26
756,36,352,7,3,2,0,0,3,2,1,3,8,0,0,1,21,3,2026-05-01 22:52:57.817186,2026-05-01 22:52:57.817186,-2,26
757,36,366,19,1,1,2,0,10,6,2,7,15,5,3,2,33,3,2026-05-01 22:52:57.817186,2026-05-01 22:52:57.817186,-4,26
758,36,358,18,1,0,0,0,4,8,2,7,14,2,2,1,30,2,2026-05-01 22:52:57.817186,2026-05-01 22:52:57.817186,-13,26
759,36,544,0,0,1,0,0,0,3,0,0,3,0,0,0,5,1,2026-05-01 22:52:57.817186,2026-05-01 22:52:57.817186,-7,26
760,36,355,15,7,4,0,0,0,1,0,7,9,3,1,0,21,0,2026-05-01 22:52:57.817186,2026-05-01 22:52:57.817186,-5,26
761,36,357,0,1,0,0,0,0,1,0,0,2,0,0,0,4,1,2026-05-01 22:52:57.817186,2026-05-01 22:52:57.817186,-8,26
762,36,360,6,1,0,1,1,1,4,2,2,4,0,0,0,17,2,2026-05-01 22:52:57.817186,2026-05-01 22:52:57.817186,-16,26
763,36,558,4,1,0,0,0,3,1,0,1,3,2,2,0,10,2,2026-05-01 22:52:57.817186,2026-05-01 22:52:57.817186,11,26
764,36,509,20,1,0,0,0,0,5,3,6,11,6,5,1,8,2,2026-05-01 22:52:57.817186,2026-05-01 22:52:57.817186,6,19
765,36,524,23,8,1,1,0,5,0,0,10,14,5,3,3,28,5,2026-05-01 22:52:57.817186,2026-05-01 22:52:57.817186,5,19
766,36,518,7,1,1,2,4,1,0,0,3,3,1,1,2,15,0,2026-05-01 22:52:57.817186,2026-05-01 22:52:57.817186,-7,19
767,36,519,21,6,1,2,1,4,6,4,7,14,4,3,1,7,3,2026-05-01 22:52:57.817186,2026-05-01 22:52:57.817186,13,19
768,36,513,12,3,0,1,0,2,9,2,4,12,2,2,2,24,0,2026-05-01 22:52:57.817186,2026-05-01 22:52:57.817186,-6,19
769,36,511,13,4,2,0,0,6,4,1,6,14,0,0,1,27,5,2026-05-01 22:52:57.817186,2026-05-01 22:52:57.817186,7,19
770,36,516,9,2,7,0,3,2,3,1,4,9,0,0,1,25,2,2026-05-01 22:52:57.817186,2026-05-01 22:52:57.817186,22,19
771,36,517,14,5,1,1,2,2,3,1,5,10,3,3,0,26,0,2026-05-01 22:52:57.817186,2026-05-01 22:52:57.817186,10,19
772,36,523,12,8,1,0,1,5,3,0,4,10,4,4,0,26,1,2026-05-01 22:52:57.817186,2026-05-01 22:52:57.817186,0,19
773,36,521,2,0,0,0,0,0,1,0,0,1,2,2,0,0,0,2026-05-01 22:52:57.817186,2026-05-01 22:52:57.817186,0,19
784,38,35,14,7,2,1,1,2,6,2,5,12,3,2,1,3,3,2026-05-01 22:52:57.817186,2026-05-01 22:52:57.817186,1,3
785,38,19,10,3,0,1,1,3,3,1,3,9,4,3,3,20,1,2026-05-01 22:52:57.817186,2026-05-01 22:52:57.817186,-10,3
786,38,18,9,6,2,0,2,5,0,0,3,5,3,3,2,21,1,2026-05-01 22:52:57.817186,2026-05-01 22:52:57.817186,3,3
787,38,28,9,2,1,0,0,2,6,3,3,7,0,0,1,2,1,2026-05-01 22:52:57.817186,2026-05-01 22:52:57.817186,-3,3
788,38,32,17,1,0,0,1,4,5,4,6,9,2,1,1,23,1,2026-05-01 22:52:57.817186,2026-05-01 22:52:57.817186,11,3
789,38,30,19,2,3,2,1,2,1,1,8,11,2,2,2,17,3,2026-05-01 22:52:57.817186,2026-05-01 22:52:57.817186,16,3
790,38,87,18,2,1,2,1,1,3,2,8,9,0,0,2,22,1,2026-05-01 22:52:57.817186,2026-05-01 22:52:57.817186,14,3
791,38,29,4,2,0,0,1,7,1,0,1,6,2,2,3,24,1,2026-05-01 22:52:57.817186,2026-05-01 22:52:57.817186,0,3
792,38,34,6,3,0,1,0,4,2,2,2,2,0,0,1,22,4,2026-05-01 22:52:57.817186,2026-05-01 22:52:57.817186,31,3
793,38,33,11,3,1,2,0,4,2,1,4,7,3,2,1,19,2,2026-05-01 22:52:57.817186,2026-05-01 22:52:57.817186,22,3
794,38,21,3,0,0,0,0,1,3,1,1,4,0,0,1,4,2,2026-05-01 22:52:57.817186,2026-05-01 22:52:57.817186,-10,3
795,38,24,2,1,0,0,0,0,1,0,1,2,0,0,1,4,0,2026-05-01 22:52:57.817186,2026-05-01 22:52:57.817186,-10,3
796,38,23,4,1,0,1,1,0,0,0,2,2,0,0,0,4,1,2026-05-01 22:52:57.817186,2026-05-01 22:52:57.817186,-10,3
797,38,505,17,3,2,2,0,2,6,3,6,12,2,2,1,2,1,2026-05-01 22:52:57.817186,2026-05-01 22:52:57.817186,-12,15
798,38,493,18,3,1,0,0,4,5,1,8,21,2,1,1,26,3,2026-05-01 22:52:57.817186,2026-05-01 22:52:57.817186,-26,15
799,38,502,15,3,1,0,1,1,5,2,5,10,3,3,2,32,3,2026-05-01 22:52:57.817186,2026-05-01 22:52:57.817186,5,15
800,38,504,6,1,1,1,2,8,2,1,2,4,1,1,2,2,1,2026-05-01 22:52:57.817186,2026-05-01 22:52:57.817186,-8,15
801,38,503,19,4,3,2,0,3,4,2,7,14,5,3,1,32,0,2026-05-01 22:52:57.817186,2026-05-01 22:52:57.817186,4,15
802,38,169,20,6,2,1,2,1,8,4,5,13,6,6,2,35,4,2026-05-01 22:52:57.817186,2026-05-01 22:52:57.817186,-8,15
803,38,176,13,0,0,1,0,4,4,1,4,12,4,4,4,29,1,2026-05-01 22:52:57.817186,2026-05-01 22:52:57.817186,-3,15
804,38,499,7,3,3,2,3,2,1,0,3,6,2,1,1,31,2,2026-05-01 22:52:57.817186,2026-05-01 22:52:57.817186,-7,15
805,39,150,4,1,1,0,1,1,1,0,2,6,0,0,0,16,3,2026-05-01 22:52:57.817186,2026-05-01 22:52:57.817186,-27,21
806,39,142,6,4,0,1,2,0,8,2,2,11,2,0,1,30,5,2026-05-01 22:52:57.817186,2026-05-01 22:52:57.817186,-15,21
807,39,153,29,12,0,0,2,3,11,7,10,17,4,2,1,39,4,2026-05-01 22:52:57.817186,2026-05-01 22:52:57.817186,4,21
808,39,146,13,4,0,0,2,2,8,3,5,10,0,0,0,8,1,2026-05-01 22:52:57.817186,2026-05-01 22:52:57.817186,-3,21
809,39,143,35,8,1,1,1,15,7,3,14,21,4,4,0,38,3,2026-05-01 22:52:57.817186,2026-05-01 22:52:57.817186,2,21
810,39,83,13,1,0,0,0,1,5,3,4,7,2,2,0,21,0,2026-05-01 22:52:57.817186,2026-05-01 22:52:57.817186,19,21
811,39,147,24,1,1,1,0,3,4,1,9,16,5,5,0,29,1,2026-05-01 22:52:57.817186,2026-05-01 22:52:57.817186,11,21
812,39,154,2,1,0,0,0,2,1,0,0,2,2,2,0,13,1,2026-05-01 22:52:57.817186,2026-05-01 22:52:57.817186,8,21
813,39,151,3,2,0,0,1,0,2,0,1,3,2,1,1,17,2,2026-05-01 22:52:57.817186,2026-05-01 22:52:57.817186,16,21
814,39,110,6,2,1,0,0,1,3,1,1,5,4,3,0,22,1,2026-05-01 22:52:57.817186,2026-05-01 22:52:57.817186,9,8
815,39,107,23,6,4,1,0,3,4,2,6,14,10,9,1,28,2,2026-05-01 22:52:57.817186,2026-05-01 22:52:57.817186,14,8
816,39,111,32,13,1,0,1,13,6,3,12,19,6,5,3,40,0,2026-05-01 22:52:57.817186,2026-05-01 22:52:57.817186,2,8
817,39,105,4,7,2,2,1,2,3,0,2,6,2,0,1,13,5,2026-05-01 22:52:57.817186,2026-05-01 22:52:57.817186,-2,8
818,39,114,21,6,2,0,1,6,4,0,9,23,3,3,0,36,3,2026-05-01 22:52:57.817186,2026-05-01 22:52:57.817186,5,8
819,39,108,28,2,0,0,0,2,12,8,10,16,2,0,1,33,3,2026-05-01 22:52:57.817186,2026-05-01 22:52:57.817186,-10,8
820,39,106,4,2,1,0,0,1,2,1,1,5,2,1,1,16,3,2026-05-01 22:52:57.817186,2026-05-01 22:52:57.817186,-15,8
821,39,117,0,0,0,0,0,0,0,0,0,1,0,0,0,3,0,2026-05-01 22:52:57.817186,2026-05-01 22:52:57.817186,-3,8
822,39,119,2,2,0,0,0,1,0,0,1,2,0,0,0,6,1,2026-05-01 22:52:57.817186,2026-05-01 22:52:57.817186,-8,8
823,39,113,6,0,5,0,0,0,3,0,3,7,0,0,0,15,2,2026-05-01 22:52:57.817186,2026-05-01 22:52:57.817186,-7,8
824,40,188,21,0,2,0,2,3,5,2,7,13,6,5,4,4,2,2026-05-01 22:52:57.817186,2026-05-01 22:52:57.817186,4,29
825,40,191,12,2,1,0,1,7,4,0,5,12,2,2,5,43,2,2026-05-01 22:52:57.817186,2026-05-01 22:52:57.817186,1,29
826,40,178,19,11,4,2,1,5,3,1,6,12,6,6,4,24,1,2026-05-01 22:52:57.817186,2026-05-01 22:52:57.817186,1,29
827,40,497,2,9,1,3,0,3,1,0,1,2,0,0,0,8,4,2026-05-01 22:52:57.817186,2026-05-01 22:52:57.817186,-3,29
828,40,179,15,0,0,0,0,2,5,1,6,15,2,2,1,24,1,2026-05-01 22:52:57.817186,2026-05-01 22:52:57.817186,4,29
829,40,183,12,7,1,1,0,1,3,3,3,4,3,3,0,15,0,2026-05-01 22:52:57.817186,2026-05-01 22:52:57.817186,6,29
830,40,190,10,4,4,1,0,1,0,0,4,6,2,2,0,19,1,2026-05-01 22:52:57.817186,2026-05-01 22:52:57.817186,10,29
831,40,180,16,2,0,1,0,6,4,1,4,10,8,7,2,23,2,2026-05-01 22:52:57.817186,2026-05-01 22:52:57.817186,-1,29
832,40,554,12,2,0,0,0,1,9,4,4,9,0,0,1,27,4,2026-05-01 22:52:57.817186,2026-05-01 22:52:57.817186,-7,29
833,40,297,15,5,3,2,0,5,7,1,6,13,4,2,0,9,1,2026-05-01 22:52:57.817186,2026-05-01 22:52:57.817186,-6,10
834,40,285,6,1,1,0,0,11,5,1,2,7,2,1,0,32,4,2026-05-01 22:52:57.817186,2026-05-01 22:52:57.817186,-3,10
835,40,295,10,3,1,1,0,2,6,0,5,13,0,0,1,25,2,2026-05-01 22:52:57.817186,2026-05-01 22:52:57.817186,0,10
836,40,291,22,3,4,2,1,2,6,3,7,16,5,5,2,19,3,2026-05-01 22:52:57.817186,2026-05-01 22:52:57.817186,-3,10
837,40,294,14,8,0,2,0,4,6,4,5,10,4,0,3,35,2,2026-05-01 22:52:57.817186,2026-05-01 22:52:57.817186,-6,10
838,40,293,13,0,1,1,0,0,5,1,5,11,2,2,0,25,2,2026-05-01 22:52:57.817186,2026-05-01 22:52:57.817186,1,10
839,40,562,12,0,4,1,0,1,3,1,5,8,1,1,1,13,1,2026-05-01 22:52:57.817186,2026-05-01 22:52:57.817186,-1,10
840,40,282,11,3,2,1,0,2,8,3,4,9,0,0,1,16,1,2026-05-01 22:52:57.817186,2026-05-01 22:52:57.817186,8,10
841,40,298,0,3,1,1,0,2,2,0,0,4,0,0,1,12,1,2026-05-01 22:52:57.817186,2026-05-01 22:52:57.817186,-1,10
842,40,290,0,1,1,0,1,1,1,0,0,2,0,0,0,13,3,2026-05-01 22:52:57.817186,2026-05-01 22:52:57.817186,-7,10
843,40,283,13,0,1,0,0,3,3,2,4,6,3,3,0,12,0,2026-05-01 22:52:57.817186,2026-05-01 22:52:57.817186,3,10
844,41,308,29,6,1,2,0,8,5,2,10,19,7,7,1,11,3,2026-05-01 22:52:57.817186,2026-05-01 22:52:57.817186,26,13
845,41,307,16,4,3,3,2,2,7,4,6,14,1,0,1,33,2,2026-05-01 22:52:57.817186,2026-05-01 22:52:57.817186,1,13
846,41,309,16,3,1,0,1,3,5,3,5,8,3,3,0,29,1,2026-05-01 22:52:57.817186,2026-05-01 22:52:57.817186,23,13
847,41,305,5,7,0,3,0,3,3,1,2,4,0,0,0,5,3,2026-05-01 22:52:57.817186,2026-05-01 22:52:57.817186,-2,13
848,41,214,23,1,0,2,0,7,9,5,7,16,6,4,2,30,0,2026-05-01 22:52:57.817186,2026-05-01 22:52:57.817186,20,13
849,41,253,28,6,1,1,0,1,5,2,9,20,9,8,2,36,1,2026-05-01 22:52:57.817186,2026-05-01 22:52:57.817186,5,13
850,41,310,2,0,0,0,0,1,1,0,1,5,0,0,1,17,2,2026-05-01 22:52:57.817186,2026-05-01 22:52:57.817186,-7,13
851,41,299,3,0,0,1,0,0,4,1,1,4,0,0,0,11,2,2026-05-01 22:52:57.817186,2026-05-01 22:52:57.817186,-13,13
852,41,250,4,0,3,0,1,0,0,0,2,3,0,0,1,16,5,2026-05-01 22:52:57.817186,2026-05-01 22:52:57.817186,-13,13
853,41,59,12,6,7,0,0,3,3,1,5,7,1,1,3,12,4,2026-05-01 22:52:57.817186,2026-05-01 22:52:57.817186,-13,20
854,41,53,22,4,2,2,0,2,8,3,8,15,4,3,4,37,2,2026-05-01 22:52:57.817186,2026-05-01 22:52:57.817186,-3,20
855,41,67,35,10,2,0,1,7,4,3,13,17,8,6,3,35,6,2026-05-01 22:52:57.817186,2026-05-01 22:52:57.817186,-12,20
856,41,54,7,6,1,2,0,4,3,1,3,8,0,0,1,2,2,2026-05-01 22:52:57.817186,2026-05-01 22:52:57.817186,-17,20
857,41,55,28,4,0,1,0,8,7,2,12,23,3,2,3,38,1,2026-05-01 22:52:57.817186,2026-05-01 22:52:57.817186,1,20
858,41,60,0,1,2,0,0,1,0,0,0,1,0,0,0,12,0,2026-05-01 22:52:57.817186,2026-05-01 22:52:57.817186,4,20
859,41,58,5,4,0,0,0,2,1,1,2,3,0,0,2,17,2,2026-05-01 22:52:57.817186,2026-05-01 22:52:57.817186,3,20
860,41,66,9,1,0,0,0,0,12,3,3,12,0,0,2,22,4,2026-05-01 22:52:57.817186,2026-05-01 22:52:57.817186,6,20
861,41,508,0,1,0,0,0,3,2,0,0,4,0,0,0,7,1,2026-05-01 22:52:57.817186,2026-05-01 22:52:57.817186,-8,20
862,41,56,0,0,0,0,0,1,0,0,0,0,0,0,1,3,1,2026-05-01 22:52:57.817186,2026-05-01 22:52:57.817186,0,20
863,41,62,0,0,0,0,0,1,0,0,0,0,0,0,0,1,0,2026-05-01 22:52:57.817186,2026-05-01 22:52:57.817186,-1,20
874,43,53,16,3,0,3,2,0,13,4,6,17,0,0,3,13,3,2026-05-01 22:52:57.817186,2026-05-01 22:52:57.817186,-4,20
875,43,59,10,12,0,0,0,3,3,0,4,11,2,2,1,24,3,2026-05-01 22:52:57.817186,2026-05-01 22:52:57.817186,-9,20
876,43,67,17,8,9,0,0,1,0,0,7,8,4,3,0,32,6,2026-05-01 22:52:57.817186,2026-05-01 22:52:57.817186,-18,20
877,43,54,15,3,1,0,0,0,5,1,6,17,3,2,0,15,2,2026-05-01 22:52:57.817186,2026-05-01 22:52:57.817186,-6,20
878,43,55,16,2,1,1,0,15,5,2,5,18,6,4,3,38,0,2026-05-01 22:52:57.817186,2026-05-01 22:52:57.817186,3,20
879,43,66,14,3,0,0,0,2,3,0,5,9,5,4,0,31,5,2026-05-01 22:52:57.817186,2026-05-01 22:52:57.817186,12,20
880,43,60,0,2,1,0,1,0,0,0,0,0,0,0,3,9,2,2026-05-01 22:52:57.817186,2026-05-01 22:52:57.817186,7,20
881,43,58,9,3,0,1,0,0,4,3,3,4,0,0,2,13,1,2026-05-01 22:52:57.817186,2026-05-01 22:52:57.817186,3,20
882,43,508,3,0,0,0,0,2,2,0,1,4,2,1,1,11,2,2026-05-01 22:52:57.817186,2026-05-01 22:52:57.817186,-8,20
883,43,538,0,0,0,0,0,0,0,0,0,0,0,0,0,1,0,2026-05-01 22:52:57.817186,2026-05-01 22:52:57.817186,5,20
884,43,142,16,4,0,0,0,1,8,3,4,9,6,5,3,8,6,2026-05-01 22:52:57.817186,2026-05-01 22:52:57.817186,15,21
885,43,145,28,7,1,0,0,2,11,6,11,19,0,0,3,32,3,2026-05-01 22:52:57.817186,2026-05-01 22:52:57.817186,9,21
886,43,144,0,5,0,0,0,2,0,0,0,0,0,0,1,16,1,2026-05-01 22:52:57.817186,2026-05-01 22:52:57.817186,2,21
887,43,143,26,3,0,1,0,8,1,1,9,16,7,7,3,11,3,2026-05-01 22:52:57.817186,2026-05-01 22:52:57.817186,6,21
888,43,150,4,4,0,4,0,3,3,0,2,6,0,0,0,29,2,2026-05-01 22:52:57.817186,2026-05-01 22:52:57.817186,-7,21
889,43,83,5,1,0,1,0,1,5,1,1,5,2,2,2,15,1,2026-05-01 22:52:57.817186,2026-05-01 22:52:57.817186,-18,21
890,43,153,8,5,0,0,0,2,5,2,2,6,2,2,1,18,2,2026-05-01 22:52:57.817186,2026-05-01 22:52:57.817186,-3,21
891,43,140,3,2,2,2,0,1,1,1,1,1,2,0,1,11,1,2026-05-01 22:52:57.817186,2026-05-01 22:52:57.817186,-4,21
892,43,146,4,2,0,0,0,1,4,0,0,5,4,4,1,23,2,2026-05-01 22:52:57.817186,2026-05-01 22:52:57.817186,5,21
893,43,151,6,2,0,0,0,0,2,1,2,4,2,1,0,18,0,2026-05-01 22:52:57.817186,2026-05-01 22:52:57.817186,2,21
894,43,154,3,0,0,0,0,0,2,1,1,2,0,0,0,6,1,2026-05-01 22:52:57.817186,2026-05-01 22:52:57.817186,8,21
895,44,37,20,10,1,0,0,7,4,1,7,19,6,5,3,9,1,2026-05-01 22:52:57.817186,2026-05-01 22:52:57.817186,-20,2
896,44,41,3,6,1,0,0,1,5,1,1,5,0,0,0,25,2,2026-05-01 22:52:57.817186,2026-05-01 22:52:57.817186,-21,2
897,44,44,2,1,1,0,1,0,0,0,1,3,0,0,2,16,0,2026-05-01 22:52:57.817186,2026-05-01 22:52:57.817186,-12,2
898,44,45,9,3,1,0,0,5,2,1,3,4,2,2,3,7,1,2026-05-01 22:52:57.817186,2026-05-01 22:52:57.817186,-10,2
899,44,51,29,2,0,1,0,3,9,3,9,17,8,8,1,29,1,2026-05-01 22:52:57.817186,2026-05-01 22:52:57.817186,-18,2
900,44,208,7,3,1,0,1,1,3,1,2,10,2,2,0,16,1,2026-05-01 22:52:57.817186,2026-05-01 22:52:57.817186,-9,2
901,44,43,0,2,0,0,0,0,5,0,0,6,0,0,2,24,2,2026-05-01 22:52:57.817186,2026-05-01 22:52:57.817186,-14,2
902,44,39,8,2,4,0,0,1,4,2,3,8,0,0,1,25,1,2026-05-01 22:52:57.817186,2026-05-01 22:52:57.817186,-19,2
903,44,50,2,5,0,0,0,0,0,0,1,1,0,0,0,15,2,2026-05-01 22:52:57.817186,2026-05-01 22:52:57.817186,-10,2
904,44,38,9,2,0,0,1,0,3,1,3,5,2,2,2,15,3,2026-05-01 22:52:57.817186,2026-05-01 22:52:57.817186,-8,2
905,44,40,0,0,0,0,0,0,1,0,0,1,0,0,1,7,0,2026-05-01 22:52:57.817186,2026-05-01 22:52:57.817186,-4,2
906,44,385,9,3,0,0,0,2,7,2,3,10,2,1,0,6,0,2026-05-01 22:52:57.817186,2026-05-01 22:52:57.817186,21,4
907,44,392,20,4,0,0,1,0,8,4,7,14,3,2,1,30,2,2026-05-01 22:52:57.817186,2026-05-01 22:52:57.817186,22,4
908,44,387,9,5,4,2,0,6,0,0,2,4,6,5,0,29,5,2026-05-01 22:52:57.817186,2026-05-01 22:52:57.817186,11,4
909,44,395,18,5,0,3,0,2,5,2,8,13,0,0,1,3,4,2026-05-01 22:52:57.817186,2026-05-01 22:52:57.817186,12,4
910,44,384,18,5,2,0,0,4,10,4,7,17,0,0,0,23,4,2026-05-01 22:52:57.817186,2026-05-01 22:52:57.817186,9,4
911,44,209,17,1,0,1,0,6,3,2,6,9,4,3,0,19,1,2026-05-01 22:52:57.817186,2026-05-01 22:52:57.817186,17,4
912,44,388,6,3,0,1,0,1,3,1,1,3,3,3,0,20,0,2026-05-01 22:52:57.817186,2026-05-01 22:52:57.817186,10,4
913,44,391,6,1,1,1,2,1,0,0,3,4,0,0,0,14,1,2026-05-01 22:52:57.817186,2026-05-01 22:52:57.817186,13,4
914,44,390,6,3,1,0,0,3,4,1,1,4,3,3,1,17,1,2026-05-01 22:52:57.817186,2026-05-01 22:52:57.817186,11,4
915,44,386,6,0,2,1,0,1,6,2,2,7,0,0,0,13,0,2026-05-01 22:52:57.817186,2026-05-01 22:52:57.817186,7,4
916,44,397,3,2,1,0,0,0,1,1,1,1,0,0,0,4,0,2026-05-01 22:52:57.817186,2026-05-01 22:52:57.817186,5,4
917,44,49,0,0,0,0,1,0,0,0,0,0,0,0,0,4,0,2026-05-01 22:52:57.817186,2026-05-01 22:52:57.817186,5,4
918,44,393,0,0,0,1,0,0,2,0,0,3,0,0,1,4,1,2026-05-01 22:52:57.817186,2026-05-01 22:52:57.817186,2,4
919,45,86,7,6,1,0,1,3,0,0,3,6,1,1,1,22,4,2026-05-01 22:52:57.817186,2026-05-01 22:52:57.817186,6,23
920,45,70,7,3,1,1,1,1,0,0,3,8,1,1,2,25,0,2026-05-01 22:52:57.817186,2026-05-01 22:52:57.817186,-2,23
921,45,72,12,2,3,1,1,1,0,0,6,8,0,0,1,28,2,2026-05-01 22:52:57.817186,2026-05-01 22:52:57.817186,5,23
922,45,80,16,2,3,1,0,2,4,0,7,12,3,2,3,7,1,2026-05-01 22:52:57.817186,2026-05-01 22:52:57.817186,4,23
923,45,82,25,2,0,1,3,6,10,2,8,22,7,7,1,37,0,2026-05-01 22:52:57.817186,2026-05-01 22:52:57.817186,8,23
924,45,76,5,1,1,2,0,4,2,1,2,5,0,0,0,15,2,2026-05-01 22:52:57.817186,2026-05-01 22:52:57.817186,6,23
925,45,26,8,2,0,0,0,2,6,2,3,7,0,0,4,18,1,2026-05-01 22:52:57.817186,2026-05-01 22:52:57.817186,-2,23
926,45,74,2,3,0,0,0,1,2,0,1,3,1,0,1,13,3,2026-05-01 22:52:57.817186,2026-05-01 22:52:57.817186,1,23
927,45,85,22,7,3,0,1,2,7,4,7,12,6,4,1,28,2,2026-05-01 22:52:57.817186,2026-05-01 22:52:57.817186,5,23
928,45,555,0,1,0,0,0,1,2,0,0,3,0,0,0,10,1,2026-05-01 22:52:57.817186,2026-05-01 22:52:57.817186,-4,23
929,45,81,2,2,0,0,0,1,2,0,0,2,2,2,0,9,1,2026-05-01 22:52:57.817186,2026-05-01 22:52:57.817186,-7,23
930,45,191,9,5,1,0,1,3,4,1,3,6,2,2,0,4,1,2026-05-01 22:52:57.817186,2026-05-01 22:52:57.817186,15,29
931,45,175,12,1,1,1,0,3,7,2,5,16,0,0,3,30,1,2026-05-01 22:52:57.817186,2026-05-01 22:52:57.817186,-4,29
932,45,178,6,7,4,1,1,3,1,0,2,3,2,2,2,22,5,2026-05-01 22:52:57.817186,2026-05-01 22:52:57.817186,3,29
933,45,180,3,2,1,0,0,0,3,1,1,5,0,0,0,19,2,2026-05-01 22:52:57.817186,2026-05-01 22:52:57.817186,5,29
934,45,179,30,4,0,1,0,2,11,5,10,24,6,5,2,30,3,2026-05-01 22:52:57.817186,2026-05-01 22:52:57.817186,-2,29
935,45,565,4,5,3,0,2,1,0,0,2,3,0,0,2,20,1,2026-05-01 22:52:57.817186,2026-05-01 22:52:57.817186,-7,29
936,45,497,0,2,0,1,1,3,2,0,0,2,0,0,0,18,4,2026-05-01 22:52:57.817186,2026-05-01 22:52:57.817186,-15,29
937,45,177,18,0,0,3,1,5,0,0,5,10,8,8,3,25,2,2026-05-01 22:52:57.817186,2026-05-01 22:52:57.817186,-14,29
938,45,554,11,1,0,0,0,0,5,3,4,6,0,0,0,19,1,2026-05-01 22:52:57.817186,2026-05-01 22:52:57.817186,1,29
939,45,188,7,1,1,0,0,2,6,0,3,12,1,1,1,19,3,2026-05-01 22:52:57.817186,2026-05-01 22:52:57.817186,-2,29
940,45,190,2,1,2,0,0,0,0,0,1,1,0,0,1,4,1,2026-05-01 22:52:57.817186,2026-05-01 22:52:57.817186,0,29
941,46,169,5,4,1,2,0,0,3,1,2,6,2,0,1,8,4,2026-05-01 22:52:57.817186,2026-05-01 22:52:57.817186,0,15
942,46,493,20,2,2,1,3,1,2,1,8,18,4,3,5,33,0,2026-05-01 22:52:57.817186,2026-05-01 22:52:57.817186,-9,15
943,46,502,17,3,6,2,0,1,5,2,5,13,10,5,2,33,3,2026-05-01 22:52:57.817186,2026-05-01 22:52:57.817186,-11,15
944,46,505,24,3,0,2,0,2,8,4,8,15,5,4,1,7,3,2026-05-01 22:52:57.817186,2026-05-01 22:52:57.817186,-14,15
945,46,503,11,5,2,2,1,5,4,1,4,10,3,2,3,32,1,2026-05-01 22:52:57.817186,2026-05-01 22:52:57.817186,3,15
946,46,504,12,6,1,0,2,7,5,2,4,10,2,2,0,28,2,2026-05-01 22:52:57.817186,2026-05-01 22:52:57.817186,-2,15
947,46,499,13,0,1,1,0,1,4,3,5,8,0,0,2,21,6,2026-05-01 22:52:57.817186,2026-05-01 22:52:57.817186,-5,15
948,46,176,12,2,0,2,0,8,1,0,3,7,7,6,3,27,4,2026-05-01 22:52:57.817186,2026-05-01 22:52:57.817186,-2,15
949,46,161,30,6,3,1,0,4,8,3,11,19,9,5,2,12,3,2026-05-01 22:52:57.817186,2026-05-01 22:52:57.817186,12,25
950,46,157,9,6,1,1,1,3,7,0,4,12,2,1,1,39,3,2026-05-01 22:52:57.817186,2026-05-01 22:52:57.817186,8,25
951,46,159,7,4,5,1,4,1,1,0,3,6,2,1,2,12,1,2026-05-01 22:52:57.817186,2026-05-01 22:52:57.817186,-5,25
952,46,164,35,4,1,1,0,11,11,8,13,19,1,1,3,7,0,2026-05-01 22:52:57.817186,2026-05-01 22:52:57.817186,10,25
953,46,163,8,1,0,1,0,3,6,1,3,11,2,1,2,24,5,2026-05-01 22:52:57.817186,2026-05-01 22:52:57.817186,2,25
954,46,377,3,4,2,1,0,3,4,1,1,5,0,0,1,21,0,2026-05-01 22:52:57.817186,2026-05-01 22:52:57.817186,6,25
955,46,172,6,0,0,1,0,2,2,2,2,3,0,0,2,15,2,2026-05-01 22:52:57.817186,2026-05-01 22:52:57.817186,-5,25
956,46,173,20,6,5,1,3,0,0,0,9,12,2,2,2,23,2,2026-05-01 22:52:57.817186,2026-05-01 22:52:57.817186,5,25
957,46,171,0,1,2,1,0,1,2,0,0,3,0,0,1,12,3,2026-05-01 22:52:57.817186,2026-05-01 22:52:57.817186,2,25
958,46,158,4,1,1,1,3,1,2,0,2,5,0,0,0,22,3,2026-05-01 22:52:57.817186,2026-05-01 22:52:57.817186,5,25
959,47,217,2,3,0,0,0,5,5,0,1,6,0,0,0,20,1,2026-05-01 22:52:57.817186,2026-05-01 22:52:57.817186,5,6
960,47,227,13,6,4,0,1,2,6,3,5,9,0,0,0,20,3,2026-05-01 22:52:57.817186,2026-05-01 22:52:57.817186,16,6
961,47,219,15,7,1,0,3,1,2,0,7,12,1,1,1,28,2,2026-05-01 22:52:57.817186,2026-05-01 22:52:57.817186,9,6
962,47,218,17,2,1,2,0,6,2,0,4,11,9,9,0,7,1,2026-05-01 22:52:57.817186,2026-05-01 22:52:57.817186,10,6
963,47,306,21,5,0,0,1,5,8,3,6,11,6,6,2,29,1,2026-05-01 22:52:57.817186,2026-05-01 22:52:57.817186,16,6
964,47,364,4,1,0,0,1,2,1,0,1,2,2,2,1,21,2,2026-05-01 22:52:57.817186,2026-05-01 22:52:57.817186,5,6
965,47,226,11,1,0,0,1,2,6,3,4,11,0,0,0,20,1,2026-05-01 22:52:57.817186,2026-05-01 22:52:57.817186,10,6
966,47,354,19,1,1,1,0,0,7,4,5,9,7,5,0,25,3,2026-05-01 22:52:57.817186,2026-05-01 22:52:57.817186,25,6
967,47,213,8,3,2,0,1,1,5,2,3,9,0,0,0,12,1,2026-05-01 22:52:57.817186,2026-05-01 22:52:57.817186,6,6
968,47,221,0,2,0,0,0,3,0,0,0,1,0,0,2,14,1,2026-05-01 22:52:57.817186,2026-05-01 22:52:57.817186,0,6
969,47,566,0,0,0,0,0,0,0,0,0,0,0,0,1,3,0,2026-05-01 22:52:57.817186,2026-05-01 22:52:57.817186,-8,6
970,47,224,2,0,0,1,0,0,0,0,1,1,0,0,1,3,0,2026-05-01 22:52:57.817186,2026-05-01 22:52:57.817186,-8,6
971,47,220,0,0,0,0,0,0,0,0,0,0,0,0,1,3,0,2026-05-01 22:52:57.817186,2026-05-01 22:52:57.817186,-8,6
972,47,547,3,1,0,0,0,1,2,1,1,2,0,0,0,3,0,2026-05-01 22:52:57.817186,2026-05-01 22:52:57.817186,-8,6
973,47,84,6,2,0,0,0,1,3,0,1,6,5,4,0,13,3,2026-05-01 22:52:57.817186,2026-05-01 22:52:57.817186,-8,23
974,47,70,8,1,0,0,1,0,1,0,4,7,2,0,1,19,1,2026-05-01 22:52:57.817186,2026-05-01 22:52:57.817186,-10,23
975,47,72,8,5,2,0,0,0,0,0,4,10,0,0,0,26,0,2026-05-01 22:52:57.817186,2026-05-01 22:52:57.817186,-13,23
976,47,80,17,5,0,0,0,3,8,2,6,13,3,3,1,12,1,2026-05-01 22:52:57.817186,2026-05-01 22:52:57.817186,-21,23
977,47,555,12,4,2,0,0,4,7,2,4,12,2,2,0,27,2,2026-05-01 22:52:57.817186,2026-05-01 22:52:57.817186,-14,23
978,47,86,6,4,1,1,1,2,3,0,3,8,0,0,4,20,3,2026-05-01 22:52:57.817186,2026-05-01 22:52:57.817186,-5,23
979,47,85,5,1,1,1,0,0,1,1,2,3,0,0,1,12,1,2026-05-01 22:52:57.817186,2026-05-01 22:52:57.817186,5,23
980,47,74,4,5,2,0,0,2,1,0,1,3,2,2,1,15,4,2026-05-01 22:52:57.817186,2026-05-01 22:52:57.817186,-5,23
981,47,26,4,2,0,1,1,1,3,0,2,6,2,0,3,17,0,2026-05-01 22:52:57.817186,2026-05-01 22:52:57.817186,-3,23
982,47,76,14,1,1,2,0,3,4,3,5,6,1,1,1,28,4,2026-05-01 22:52:57.817186,2026-05-01 22:52:57.817186,-2,23
983,47,207,9,1,2,1,1,4,4,1,4,7,1,0,1,19,1,2026-05-01 22:52:57.817186,2026-05-01 22:52:57.817186,3,23
984,47,71,8,0,0,1,0,0,3,2,3,4,0,0,1,4,1,2026-05-01 22:52:57.817186,2026-05-01 22:52:57.817186,3,23
985,48,141,14,1,3,0,0,0,7,2,6,14,0,0,3,3,3,2026-05-01 22:52:57.817186,2026-05-01 22:52:57.817186,-25,17
986,48,265,24,4,1,1,0,4,0,0,10,15,8,4,2,26,0,2026-05-01 22:52:57.817186,2026-05-01 22:52:57.817186,-24,17
987,48,280,8,2,1,2,1,0,5,2,3,6,0,0,0,21,0,2026-05-01 22:52:57.817186,2026-05-01 22:52:57.817186,-18,17
988,48,269,7,0,0,0,0,0,6,1,3,9,0,0,2,23,2,2026-05-01 22:52:57.817186,2026-05-01 22:52:57.817186,-21,17
989,48,277,13,7,1,3,0,12,7,2,4,11,4,3,1,35,4,2026-05-01 22:52:57.817186,2026-05-01 22:52:57.817186,-22,17
990,48,278,4,6,5,0,0,3,0,0,2,2,0,0,1,22,1,2026-05-01 22:52:57.817186,2026-05-01 22:52:57.817186,-1,17
991,48,272,16,2,0,0,0,2,1,1,7,8,2,1,2,21,2,2026-05-01 22:52:57.817186,2026-05-01 22:52:57.817186,2,17
992,48,275,13,4,0,1,0,3,6,3,4,8,2,2,2,24,0,2026-05-01 22:52:57.817186,2026-05-01 22:52:57.817186,0,17
993,48,31,11,2,0,0,0,3,5,1,3,9,4,4,1,17,1,2026-05-01 22:52:57.817186,2026-05-01 22:52:57.817186,10,17
994,48,273,3,1,0,0,0,0,1,1,1,2,0,0,0,14,2,2026-05-01 22:52:57.817186,2026-05-01 22:52:57.817186,3,17
995,48,279,0,0,0,0,0,0,1,0,0,1,0,0,1,1,0,2026-05-01 22:52:57.817186,2026-05-01 22:52:57.817186,2,17
996,48,266,0,0,0,1,1,0,0,0,0,1,0,0,0,1,0,2026-05-01 22:52:57.817186,2026-05-01 22:52:57.817186,2,17
997,48,271,0,0,1,0,0,0,0,0,0,0,0,0,0,1,0,2026-05-01 22:52:57.817186,2026-05-01 22:52:57.817186,2,17
998,48,368,14,6,4,0,3,3,1,0,7,10,0,0,0,9,2,2026-05-01 22:52:57.817186,2026-05-01 22:52:57.817186,21,1
999,48,374,20,5,0,2,0,9,2,1,7,17,7,5,3,34,2,2026-05-01 22:52:57.817186,2026-05-01 22:52:57.817186,16,1
1000,48,380,21,5,3,3,2,1,7,3,9,14,2,0,2,30,2,2026-05-01 22:52:57.817186,2026-05-01 22:52:57.817186,19,1
1001,48,367,23,1,0,1,0,2,9,5,9,14,0,0,3,7,2,2026-05-01 22:52:57.817186,2026-05-01 22:52:57.817186,19,1
1002,48,378,18,2,0,1,1,8,7,2,5,11,6,6,1,29,1,2026-05-01 22:52:57.817186,2026-05-01 22:52:57.817186,14,1
1003,48,382,12,3,2,1,0,0,7,4,4,9,0,0,1,20,2,2026-05-01 22:52:57.817186,2026-05-01 22:52:57.817186,-6,1
1004,48,331,0,1,0,0,0,0,2,0,0,2,0,0,0,5,0,2026-05-01 22:52:57.817186,2026-05-01 22:52:57.817186,-11,1
1005,48,498,8,0,1,0,0,3,3,2,3,5,1,0,0,15,3,2026-05-01 22:52:57.817186,2026-05-01 22:52:57.817186,1,1
1006,48,372,8,4,1,0,0,0,2,2,3,3,0,0,0,13,1,2026-05-01 22:52:57.817186,2026-05-01 22:52:57.817186,2,1
1007,48,376,7,1,0,0,0,7,5,1,3,7,0,0,0,19,1,2026-05-01 22:52:57.817186,2026-05-01 22:52:57.817186,21,1
1008,48,496,0,1,0,1,1,0,0,0,0,0,0,0,0,1,0,2026-05-01 22:52:57.817186,2026-05-01 22:52:57.817186,-2,1
1009,48,373,0,0,0,0,0,0,0,0,0,0,0,0,0,1,1,2026-05-01 22:52:57.817186,2026-05-01 22:52:57.817186,-2,1
1010,48,383,0,0,0,0,0,0,0,0,0,0,0,0,1,1,0,2026-05-01 22:52:57.817186,2026-05-01 22:52:57.817186,-2,1
1045,51,392,13,3,3,1,1,5,7,1,6,14,1,0,2,7,3,2026-05-01 22:52:57.817186,2026-05-01 22:52:57.817186,17,4
1046,51,385,11,3,0,0,1,5,5,1,3,13,7,4,0,30,1,2026-05-01 22:52:57.817186,2026-05-01 22:52:57.817186,0,4
1047,51,387,7,3,5,0,1,0,0,0,3,4,1,1,2,22,4,2026-05-01 22:52:57.817186,2026-05-01 22:52:57.817186,10,4
1048,51,395,17,4,1,1,2,4,5,2,6,10,3,3,3,21,5,2026-05-01 22:52:57.817186,2026-05-01 22:52:57.817186,12,4
1049,51,384,15,4,1,5,1,9,13,4,5,19,1,1,4,29,4,2026-05-01 22:52:57.817186,2026-05-01 22:52:57.817186,-5,4
1050,51,391,10,3,2,1,1,3,0,0,4,4,2,2,0,18,2,2026-05-01 22:52:57.817186,2026-05-01 22:52:57.817186,18,4
1051,51,388,11,3,0,0,0,2,5,3,4,6,0,0,0,25,3,2026-05-01 22:52:57.817186,2026-05-01 22:52:57.817186,36,4
1052,51,401,12,3,1,1,0,3,6,4,4,6,0,0,0,20,4,2026-05-01 22:52:57.817186,2026-05-01 22:52:57.817186,23,4
1053,51,390,13,8,0,2,0,1,6,3,5,8,0,0,1,24,3,2026-05-01 22:52:57.817186,2026-05-01 22:52:57.817186,30,4
1054,51,393,0,0,0,0,0,0,0,0,0,0,0,0,1,3,1,2026-05-01 22:52:57.817186,2026-05-01 22:52:57.817186,-8,4
1055,51,386,8,2,0,0,0,0,3,2,2,3,2,2,1,10,1,2026-05-01 22:52:57.817186,2026-05-01 22:52:57.817186,-1,4
1056,51,398,0,0,0,0,0,0,1,0,0,1,2,0,0,1,0,2026-05-01 22:52:57.817186,2026-05-01 22:52:57.817186,3,4
1057,51,446,9,8,0,0,0,3,2,0,4,11,1,1,3,5,4,2026-05-01 22:52:57.817186,2026-05-01 22:52:57.817186,-9,7
1058,51,469,13,2,0,0,0,3,4,1,4,11,6,4,2,27,1,2026-05-01 22:52:57.817186,2026-05-01 22:52:57.817186,-18,7
1059,51,458,10,3,3,2,1,2,0,0,5,8,0,0,1,21,1,2026-05-01 22:52:57.817186,2026-05-01 22:52:57.817186,-19,7
1060,51,453,11,4,1,1,0,1,9,1,4,15,2,2,1,9,1,2026-05-01 22:52:57.817186,2026-05-01 22:52:57.817186,-1,7
1061,51,470,18,4,0,0,1,1,1,0,4,10,11,10,0,26,2,2026-05-01 22:52:57.817186,2026-05-01 22:52:57.817186,-13,7
1062,51,466,12,3,1,1,1,3,0,0,3,5,8,6,2,26,3,2026-05-01 22:52:57.817186,2026-05-01 22:52:57.817186,-8,7
1063,51,464,9,1,0,0,1,0,2,0,3,7,8,3,1,25,3,2026-05-01 22:52:57.817186,2026-05-01 22:52:57.817186,-29,7
1064,51,465,6,5,0,3,0,4,2,1,1,4,4,3,2,21,1,2026-05-01 22:52:57.817186,2026-05-01 22:52:57.817186,-14,7
1065,51,444,2,1,1,0,0,0,1,0,0,1,2,2,1,13,1,2026-05-01 22:52:57.817186,2026-05-01 22:52:57.817186,-17,7
1066,51,567,0,4,1,0,0,2,1,0,0,2,0,0,1,14,2,2026-05-01 22:52:57.817186,2026-05-01 22:52:57.817186,-7,7
1067,52,226,22,2,1,0,2,4,12,5,8,15,3,1,1,7,5,2026-05-01 22:52:57.817186,2026-05-01 22:52:57.817186,8,6
1068,52,219,18,5,0,2,0,4,4,2,5,9,8,6,0,31,3,2026-05-01 22:52:57.817186,2026-05-01 22:52:57.817186,-2,6
1069,52,211,8,2,1,1,0,0,0,0,4,7,2,0,1,20,2,2026-05-01 22:52:57.817186,2026-05-01 22:52:57.817186,-3,6
1070,52,217,9,0,0,1,0,2,7,3,3,10,0,0,0,2,1,2026-05-01 22:52:57.817186,2026-05-01 22:52:57.817186,-6,6
1071,52,306,18,3,2,0,0,7,9,2,5,17,6,6,5,35,0,2026-05-01 22:52:57.817186,2026-05-01 22:52:57.817186,-6,6
1072,52,354,7,3,1,2,1,2,3,0,2,5,3,3,0,26,6,2026-05-01 22:52:57.817186,2026-05-01 22:52:57.817186,-5,6
1073,52,364,15,5,0,0,0,5,3,2,6,10,1,1,2,28,2,2026-05-01 22:52:57.817186,2026-05-01 22:52:57.817186,16,6
1074,52,221,7,3,5,0,0,3,4,1,3,8,0,0,1,22,0,2026-05-01 22:52:57.817186,2026-05-01 22:52:57.817186,6,6
1075,52,213,9,4,1,1,1,0,4,2,2,5,3,3,0,16,1,2026-05-01 22:52:57.817186,2026-05-01 22:52:57.817186,12,6
1076,52,245,16,5,1,4,1,6,1,0,7,11,4,2,1,7,3,2026-05-01 22:52:57.817186,2026-05-01 22:52:57.817186,6,9
1077,52,231,19,5,0,0,0,0,3,1,6,12,7,6,0,30,0,2026-05-01 22:52:57.817186,2026-05-01 22:52:57.817186,9,9
1078,52,229,24,8,6,0,1,1,0,0,7,9,14,10,3,26,3,2026-05-01 22:52:57.817186,2026-05-01 22:52:57.817186,6,9
1079,52,241,8,2,0,2,2,3,5,2,2,6,2,2,2,10,4,2026-05-01 22:52:57.817186,2026-05-01 22:52:57.817186,4,9
1080,52,228,10,6,0,1,1,14,3,0,4,16,2,2,5,38,5,2026-05-01 22:52:57.817186,2026-05-01 22:52:57.817186,-11,9
1081,52,244,4,1,1,1,2,2,0,0,2,4,0,0,1,22,2,2026-05-01 22:52:57.817186,2026-05-01 22:52:57.817186,-10,9
1082,52,232,8,3,2,0,0,1,3,2,3,4,0,0,1,18,0,2026-05-01 22:52:57.817186,2026-05-01 22:52:57.817186,-17,9
1083,52,234,5,1,0,0,0,1,1,1,2,4,0,0,0,10,1,2026-05-01 22:52:57.817186,2026-05-01 22:52:57.817186,7,9
1084,52,238,2,2,0,0,0,1,3,0,1,4,0,0,0,13,2,2026-05-01 22:52:57.817186,2026-05-01 22:52:57.817186,-12,9
1085,52,230,13,1,0,1,0,0,5,3,5,7,0,0,0,13,3,2026-05-01 22:52:57.817186,2026-05-01 22:52:57.817186,-2,9
1086,53,426,8,9,0,0,1,1,4,2,3,6,0,0,1,3,3,2026-05-01 22:52:57.817186,2026-05-01 22:52:57.817186,26,22
1087,53,419,37,4,1,0,0,6,2,1,15,21,7,6,2,31,3,2026-05-01 22:52:57.817186,2026-05-01 22:52:57.817186,26,22
1088,53,421,9,6,0,0,1,2,0,0,2,3,8,5,1,21,2,2026-05-01 22:52:57.817186,2026-05-01 22:52:57.817186,8,22
1089,53,420,25,1,1,0,0,4,5,3,7,10,8,8,0,9,2,2026-05-01 22:52:57.817186,2026-05-01 22:52:57.817186,27,22
1090,53,433,10,3,0,2,2,9,2,0,5,9,0,0,2,26,3,2026-05-01 22:52:57.817186,2026-05-01 22:52:57.817186,10,22
1091,53,193,10,3,0,0,0,6,7,3,3,9,2,1,0,30,2,2026-05-01 22:52:57.817186,2026-05-01 22:52:57.817186,5,22
1092,53,431,0,0,0,1,0,2,2,0,0,3,0,0,1,12,2,2026-05-01 22:52:57.817186,2026-05-01 22:52:57.817186,-11,22
1093,53,428,0,1,0,0,0,0,0,0,0,0,0,0,0,4,1,2026-05-01 22:52:57.817186,2026-05-01 22:52:57.817186,-5,22
1094,53,435,10,2,1,0,0,0,1,0,2,6,6,6,0,15,2,2026-05-01 22:52:57.817186,2026-05-01 22:52:57.817186,4,22
1095,53,430,5,5,0,0,2,1,0,0,1,2,3,3,1,19,0,2026-05-01 22:52:57.817186,2026-05-01 22:52:57.817186,3,22
1096,53,427,12,1,0,0,0,2,2,1,4,6,3,3,0,13,1,2026-05-01 22:52:57.817186,2026-05-01 22:52:57.817186,-1,22
1097,53,423,0,0,0,0,0,0,0,0,0,1,0,0,0,4,1,2026-05-01 22:52:57.817186,2026-05-01 22:52:57.817186,-7,22
1098,53,441,6,6,0,0,0,3,6,0,3,12,0,0,1,0,3,2026-05-01 22:52:57.817186,2026-05-01 22:52:57.817186,-25,30
1099,53,447,19,3,0,2,0,5,5,2,8,13,3,1,1,33,3,2026-05-01 22:52:57.817186,2026-05-01 22:52:57.817186,-9,30
1100,53,563,9,5,3,0,0,3,0,0,4,6,4,1,1,32,3,2026-05-01 22:52:57.817186,2026-05-01 22:52:57.817186,-17,30
1101,53,445,9,0,0,0,1,1,4,0,3,12,4,3,3,23,3,2026-05-01 22:52:57.817186,2026-05-01 22:52:57.817186,-19,30
1102,53,438,11,2,1,1,0,5,4,3,4,8,1,0,2,31,3,2026-05-01 22:52:57.817186,2026-05-01 22:52:57.817186,-30,30
1103,53,439,13,4,4,1,3,1,2,0,6,9,1,1,0,22,2,2026-05-01 22:52:57.817186,2026-05-01 22:52:57.817186,1,30
1104,53,440,16,2,1,0,0,3,3,1,5,11,6,5,1,19,2,2026-05-01 22:52:57.817186,2026-05-01 22:52:57.817186,6,30
1105,53,560,8,5,4,0,2,1,2,0,3,8,2,2,0,30,3,2026-05-01 22:52:57.817186,2026-05-01 22:52:57.817186,2,30
1106,53,459,18,2,0,0,0,1,6,1,7,13,4,3,3,21,2,2026-05-01 22:52:57.817186,2026-05-01 22:52:57.817186,6,30
1107,54,411,3,2,0,0,1,3,2,0,1,5,2,1,0,18,3,2026-05-01 22:52:57.817186,2026-05-01 22:52:57.817186,13,16
1108,54,417,13,5,2,0,3,4,4,1,5,9,2,2,1,27,3,2026-05-01 22:52:57.817186,2026-05-01 22:52:57.817186,10,16
1109,54,402,23,8,1,6,1,4,7,1,11,24,0,0,0,34,3,2026-05-01 22:52:57.817186,2026-05-01 22:52:57.817186,22,16
1110,54,406,22,2,1,0,1,2,4,1,8,15,5,5,4,3,2,2026-05-01 22:52:57.817186,2026-05-01 22:52:57.817186,8,16
1111,54,412,8,3,0,0,0,4,3,2,3,5,0,0,0,25,2,2026-05-01 22:52:57.817186,2026-05-01 22:52:57.817186,9,16
1112,54,416,11,6,7,5,0,1,3,1,5,8,0,0,3,29,5,2026-05-01 22:52:57.817186,2026-05-01 22:52:57.817186,12,16
1113,54,408,20,3,2,0,2,4,3,2,6,13,8,6,1,27,0,2026-05-01 22:52:57.817186,2026-05-01 22:52:57.817186,14,16
1114,54,403,12,3,0,1,0,1,6,3,3,6,3,3,1,20,0,2026-05-01 22:52:57.817186,2026-05-01 22:52:57.817186,18,16
1115,54,407,9,0,1,1,0,5,3,1,2,4,4,4,2,22,0,2026-05-01 22:52:57.817186,2026-05-01 22:52:57.817186,17,16
1116,54,404,3,0,0,0,0,0,1,1,1,1,0,0,0,4,0,2026-05-01 22:52:57.817186,2026-05-01 22:52:57.817186,6,16
1117,54,418,0,0,0,0,0,0,0,0,0,1,0,0,0,2,1,2026-05-01 22:52:57.817186,2026-05-01 22:52:57.817186,1,16
1118,54,27,9,2,1,0,0,3,9,0,3,17,4,3,0,2,2,2026-05-01 22:52:57.817186,2026-05-01 22:52:57.817186,-18,3
1119,54,19,17,7,0,1,0,0,4,1,4,8,9,8,1,27,2,2026-05-01 22:52:57.817186,2026-05-01 22:52:57.817186,-14,3
1120,54,18,4,4,1,1,2,3,0,0,2,7,0,0,0,27,2,2026-05-01 22:52:57.817186,2026-05-01 22:52:57.817186,-19,3
1121,54,25,8,2,1,0,1,2,1,0,3,5,2,2,0,2,4,2026-05-01 22:52:57.817186,2026-05-01 22:52:57.817186,-13,3
1122,54,32,14,2,0,0,0,0,4,2,5,12,2,2,6,22,2,2026-05-01 22:52:57.817186,2026-05-01 22:52:57.817186,-23,3
1123,54,29,6,0,1,1,0,4,2,0,3,7,0,0,6,25,1,2026-05-01 22:52:57.817186,2026-05-01 22:52:57.817186,-3,3
1124,54,30,10,4,4,0,0,4,0,0,5,6,0,0,0,17,2,2026-05-01 22:52:57.817186,2026-05-01 22:52:57.817186,-6,3
1125,54,33,16,0,1,2,0,2,5,2,3,10,9,8,1,22,1,2026-05-01 22:52:57.817186,2026-05-01 22:52:57.817186,-11,3
1126,54,35,11,4,1,0,1,5,3,1,5,10,0,0,2,20,3,2026-05-01 22:52:57.817186,2026-05-01 22:52:57.817186,-12,3
1127,54,42,0,3,0,1,1,1,2,0,0,2,0,0,1,14,0,2026-05-01 22:52:57.817186,2026-05-01 22:52:57.817186,-8,3
1128,54,34,0,0,0,0,0,0,1,0,0,1,0,0,0,2,0,2026-05-01 22:52:57.817186,2026-05-01 22:52:57.817186,-1,3
1129,54,87,0,0,0,0,0,0,1,0,0,1,0,0,1,2,0,2026-05-01 22:52:57.817186,2026-05-01 22:52:57.817186,-1,3
1130,54,561,3,0,0,0,0,0,0,0,0,0,4,3,0,2,0,2026-05-01 22:52:57.817186,2026-05-01 22:52:57.817186,-1,3
1131,55,93,31,2,0,1,1,4,5,3,11,20,7,6,2,12,0,2026-05-01 22:52:57.817186,2026-05-01 22:52:57.817186,-7,28
1132,55,88,14,2,2,3,1,1,3,1,5,9,3,3,3,35,2,2026-05-01 22:52:57.817186,2026-05-01 22:52:57.817186,-2,28
1133,55,99,9,5,2,0,1,0,0,0,4,6,1,1,2,29,3,2026-05-01 22:52:57.817186,2026-05-01 22:52:57.817186,-10,28
1134,55,89,20,4,0,0,0,3,3,1,9,13,2,1,2,13,2,2026-05-01 22:52:57.817186,2026-05-01 22:52:57.817186,-16,28
1135,55,100,13,3,0,2,0,12,10,3,4,14,2,2,2,32,2,2026-05-01 22:52:57.817186,2026-05-01 22:52:57.817186,-9,28
1136,55,101,4,3,0,0,0,3,2,0,1,4,2,2,2,24,1,2026-05-01 22:52:57.817186,2026-05-01 22:52:57.817186,-9,28
1137,55,95,4,3,1,0,0,1,1,0,1,6,2,2,0,16,3,2026-05-01 22:52:57.817186,2026-05-01 22:52:57.817186,-2,28
1138,55,103,0,1,0,2,0,0,3,0,0,3,0,0,0,18,2,2026-05-01 22:52:57.817186,2026-05-01 22:52:57.817186,-14,28
1139,55,90,0,0,0,0,0,0,0,0,0,0,0,0,0,4,0,2026-05-01 22:52:57.817186,2026-05-01 22:52:57.817186,-11,28
1140,55,288,0,0,0,0,0,0,0,0,0,0,0,0,0,0,0,2026-05-01 22:52:57.817186,2026-05-01 22:52:57.817186,0,28
1141,55,96,0,0,0,0,0,0,1,0,0,1,0,0,0,0,0,2026-05-01 22:52:57.817186,2026-05-01 22:52:57.817186,0,28
1142,55,91,0,0,0,0,0,0,0,0,0,1,0,0,0,0,0,2026-05-01 22:52:57.817186,2026-05-01 22:52:57.817186,0,28
1143,55,94,0,0,0,0,0,0,0,0,0,0,0,0,0,0,0,2026-05-01 22:52:57.817186,2026-05-01 22:52:57.817186,0,28
1144,55,97,0,0,0,0,0,0,0,0,0,0,0,0,0,0,0,2026-05-01 22:52:57.817186,2026-05-01 22:52:57.817186,0,28
1145,55,53,15,5,0,0,0,0,2,2,5,6,4,3,2,2,4,2026-05-01 22:52:57.817186,2026-05-01 22:52:57.817186,8,20
1146,55,59,12,6,1,3,2,7,1,0,6,7,2,0,2,30,0,2026-05-01 22:52:57.817186,2026-05-01 22:52:57.817186,14,20
1147,55,67,21,10,2,1,1,6,4,1,10,17,0,0,3,28,3,2026-05-01 22:52:57.817186,2026-05-01 22:52:57.817186,7,20
1148,55,54,11,2,0,0,1,4,2,1,4,7,2,2,2,8,3,2026-05-01 22:52:57.817186,2026-05-01 22:52:57.817186,11,20
1149,55,55,26,2,0,1,0,10,7,2,10,22,4,4,1,36,1,2026-05-01 22:52:57.817186,2026-05-01 22:52:57.817186,7,20
1150,55,58,8,2,0,0,0,0,4,2,3,6,0,0,2,19,1,2026-05-01 22:52:57.817186,2026-05-01 22:52:57.817186,4,20
1151,55,65,2,8,2,2,0,0,0,0,1,1,0,0,1,20,1,2026-05-01 22:52:57.817186,2026-05-01 22:52:57.817186,0,20
1152,55,66,12,0,0,2,0,0,7,2,5,11,0,0,1,24,3,2026-05-01 22:52:57.817186,2026-05-01 22:52:57.817186,6,20
1153,55,508,4,1,0,1,0,5,2,0,2,4,0,0,1,17,1,2026-05-01 22:52:57.817186,2026-05-01 22:52:57.817186,19,20
1154,55,60,0,1,1,0,0,0,0,0,0,0,0,0,1,0,0,2026-05-01 22:52:57.817186,2026-05-01 22:52:57.817186,2,20
1155,55,538,0,0,0,0,0,0,0,0,0,0,0,0,0,0,0,2026-05-01 22:52:57.817186,2026-05-01 22:52:57.817186,2,20
1156,55,62,0,0,0,0,0,0,0,0,0,0,0,0,0,0,0,2026-05-01 22:52:57.817186,2026-05-01 22:52:57.817186,0,20
1157,55,64,0,0,0,0,0,0,0,0,0,0,0,0,0,0,0,2026-05-01 22:52:57.817186,2026-05-01 22:52:57.817186,0,20
1158,56,80,2,2,0,1,0,1,2,0,1,5,0,0,1,21,2,2026-05-01 22:52:57.817186,2026-05-01 22:52:57.817186,-34,23
1159,56,70,0,0,0,0,1,0,1,0,0,4,0,0,0,13,2,2026-05-01 22:52:57.817186,2026-05-01 22:52:57.817186,-38,23
1160,56,74,2,1,2,0,0,0,4,0,1,7,0,0,0,5,3,2026-05-01 22:52:57.817186,2026-05-01 22:52:57.817186,-14,23
1161,56,75,6,1,3,1,2,1,2,0,2,9,3,2,1,19,0,2026-05-01 22:52:57.817186,2026-05-01 22:52:57.817186,-25,23
1162,56,82,21,8,0,1,1,2,6,2,8,19,4,3,2,25,0,2026-05-01 22:52:57.817186,2026-05-01 22:52:57.817186,-36,23
1163,56,72,6,5,1,0,0,2,0,0,2,3,2,2,2,22,2,2026-05-01 22:52:57.817186,2026-05-01 22:52:57.817186,-18,23
1164,56,86,9,2,0,2,0,3,4,0,3,9,4,3,4,25,0,2026-05-01 22:52:57.817186,2026-05-01 22:52:57.817186,-1,23
1165,56,76,9,1,0,0,0,3,5,3,3,7,0,0,1,26,3,2026-05-01 22:52:57.817186,2026-05-01 22:52:57.817186,-18,23
1166,56,555,10,2,0,2,0,2,8,2,4,11,0,0,1,25,3,2026-05-01 22:52:57.817186,2026-05-01 22:52:57.817186,-15,23
1167,56,85,20,5,2,0,0,0,5,2,7,10,4,4,1,19,1,2026-05-01 22:52:57.817186,2026-05-01 22:52:57.817186,-1,23
1168,56,26,2,1,1,0,1,4,2,0,1,4,0,0,0,19,0,2026-05-01 22:52:57.817186,2026-05-01 22:52:57.817186,-1,23
1169,56,207,4,3,0,1,0,2,3,1,1,7,2,1,0,16,0,2026-05-01 22:52:57.817186,2026-05-01 22:52:57.817186,1,23
1170,56,529,10,7,0,0,0,2,5,2,4,9,0,0,1,21,3,2026-05-01 22:52:57.817186,2026-05-01 22:52:57.817186,39,27
1171,56,540,22,5,0,2,1,1,8,6,7,10,2,2,1,22,2,2026-05-01 22:52:57.817186,2026-05-01 22:52:57.817186,43,27
1172,56,542,10,8,0,3,6,4,1,1,3,5,5,3,3,24,0,2026-05-01 22:52:57.817186,2026-05-01 22:52:57.817186,41,27
1173,56,528,15,2,2,1,0,10,2,0,6,10,4,3,1,20,3,2026-05-01 22:52:57.817186,2026-05-01 22:52:57.817186,39,27
1174,56,530,11,4,1,1,0,7,4,1,4,8,2,2,0,21,1,2026-05-01 22:52:57.817186,2026-05-01 22:52:57.817186,23,27
1175,56,531,22,2,0,0,0,2,4,2,8,11,4,4,2,21,0,2026-05-01 22:52:57.817186,2026-05-01 22:52:57.817186,3,27
1176,56,533,12,8,1,2,0,0,3,0,6,11,0,0,3,22,1,2026-05-01 22:52:57.817186,2026-05-01 22:52:57.817186,3,27
1177,56,527,11,9,0,0,0,3,6,3,4,7,0,0,1,25,3,2026-05-01 22:52:57.817186,2026-05-01 22:52:57.817186,22,27
1178,56,535,2,1,1,0,1,2,0,0,1,1,0,0,0,11,1,2026-05-01 22:52:57.817186,2026-05-01 22:52:57.817186,8,27
1179,56,541,8,0,0,1,1,1,7,2,3,8,0,0,0,12,0,2026-05-01 22:52:57.817186,2026-05-01 22:52:57.817186,6,27
1180,56,526,5,1,0,0,0,1,0,0,2,2,1,1,0,12,4,2026-05-01 22:52:57.817186,2026-05-01 22:52:57.817186,-9,27
1181,56,536,3,1,0,0,0,1,3,1,1,5,0,0,2,12,0,2026-05-01 22:52:57.817186,2026-05-01 22:52:57.817186,-9,27
1182,56,537,0,2,1,0,1,2,2,0,0,2,0,0,1,12,2,2026-05-01 22:52:57.817186,2026-05-01 22:52:57.817186,-9,27
1183,57,203,4,1,0,0,0,2,5,0,1,9,2,2,2,7,3,2026-05-01 22:52:57.817186,2026-05-01 22:52:57.817186,-11,5
1184,57,192,11,4,1,0,0,3,5,2,3,9,4,3,1,20,2,2026-05-01 22:52:57.817186,2026-05-01 22:52:57.817186,0,5
1185,57,68,18,9,3,1,1,2,10,4,7,14,1,0,1,29,3,2026-05-01 22:52:57.817186,2026-05-01 22:52:57.817186,-12,5
1186,57,200,15,1,1,0,0,2,5,3,5,10,2,2,2,2,4,2026-05-01 22:52:57.817186,2026-05-01 22:52:57.817186,-18,5
1187,57,198,14,8,1,1,2,9,7,3,5,12,2,1,4,33,1,2026-05-01 22:52:57.817186,2026-05-01 22:52:57.817186,-15,5
1188,57,399,20,1,0,0,0,2,8,3,6,14,6,5,2,28,4,2026-05-01 22:52:57.817186,2026-05-01 22:52:57.817186,-2,5
1189,57,133,8,3,0,0,0,0,4,2,3,5,0,0,1,21,2,2026-05-01 22:52:57.817186,2026-05-01 22:52:57.817186,-1,5
1190,57,347,12,10,3,1,0,0,1,0,6,9,2,0,3,23,2,2026-05-01 22:52:57.817186,2026-05-01 22:52:57.817186,5,5
1191,57,125,6,4,1,0,0,5,3,0,3,7,0,0,3,23,1,2026-05-01 22:52:57.817186,2026-05-01 22:52:57.817186,6,5
1192,57,204,0,2,0,0,0,2,1,0,0,1,0,0,0,2,0,2026-05-01 22:52:57.817186,2026-05-01 22:52:57.817186,8,5
1193,57,142,4,4,1,0,0,2,3,0,2,6,0,0,1,3,0,2026-05-01 22:52:57.817186,2026-05-01 22:52:57.817186,7,21
1194,57,151,18,4,3,2,1,4,5,0,8,17,2,2,0,33,0,2026-05-01 22:52:57.817186,2026-05-01 22:52:57.817186,17,21
1195,57,145,12,9,2,0,2,2,2,0,4,10,6,4,2,25,2,2026-05-01 22:52:57.817186,2026-05-01 22:52:57.817186,10,21
1196,57,146,19,2,0,1,0,0,10,2,7,15,4,3,0,5,3,2026-05-01 22:52:57.817186,2026-05-01 22:52:57.817186,2,21
1197,57,150,17,1,0,2,0,5,3,1,6,13,4,4,1,28,2,2026-05-01 22:52:57.817186,2026-05-01 22:52:57.817186,10,21
1198,57,153,17,14,2,1,0,6,7,3,6,11,2,2,1,32,1,2026-05-01 22:52:57.817186,2026-05-01 22:52:57.817186,1,21
1199,57,83,20,2,1,2,0,1,9,4,8,15,0,0,2,25,4,2026-05-01 22:52:57.817186,2026-05-01 22:52:57.817186,3,21
1200,57,140,8,3,1,2,0,1,3,0,2,9,4,4,1,19,0,2026-05-01 22:52:57.817186,2026-05-01 22:52:57.817186,3,21
1201,57,154,1,0,2,0,0,2,0,0,0,3,2,1,1,14,1,2026-05-01 22:52:57.817186,2026-05-01 22:52:57.817186,-4,21
1202,57,138,0,0,0,0,0,0,0,0,0,0,0,0,0,1,0,2026-05-01 22:52:57.817186,2026-05-01 22:52:57.817186,-9,21
1203,58,132,16,6,1,1,0,1,1,0,6,8,4,4,1,8,3,2026-05-01 22:52:57.817186,2026-05-01 22:52:57.817186,5,18
1204,58,134,23,7,4,0,0,4,4,0,7,15,12,9,5,36,3,2026-05-01 22:52:57.817186,2026-05-01 22:52:57.817186,1,18
1205,58,128,5,8,4,0,0,1,0,0,1,2,6,3,1,26,4,2026-05-01 22:52:57.817186,2026-05-01 22:52:57.817186,4,18
1206,58,126,41,6,0,5,1,2,13,7,15,29,4,4,2,13,2,2026-05-01 22:52:57.817186,2026-05-01 22:52:57.817186,13,18
1207,58,124,7,4,0,1,0,6,5,1,3,7,0,0,1,30,1,2026-05-01 22:52:57.817186,2026-05-01 22:52:57.817186,21,18
1208,58,195,14,2,1,0,0,4,1,0,5,9,4,4,1,28,3,2026-05-01 22:52:57.817186,2026-05-01 22:52:57.817186,-4,18
1209,58,135,3,4,2,1,1,1,4,0,1,8,2,1,2,22,1,2026-05-01 22:52:57.817186,2026-05-01 22:52:57.817186,2,18
1210,58,129,6,1,1,0,0,0,6,2,2,6,0,0,3,12,5,2026-05-01 22:52:57.817186,2026-05-01 22:52:57.817186,-2,18
1211,58,174,2,1,0,0,0,0,0,0,0,0,2,2,0,13,2,2026-05-01 22:52:57.817186,2026-05-01 22:52:57.817186,-5,18
1212,58,505,19,1,0,1,0,0,7,4,7,12,2,1,1,3,3,2026-05-01 22:52:57.817186,2026-05-01 22:52:57.817186,-10,15
1213,58,493,12,7,4,1,1,0,1,1,4,5,4,3,4,22,1,2026-05-01 22:52:57.817186,2026-05-01 22:52:57.817186,-3,15
1214,58,502,2,2,0,0,0,3,3,0,1,4,0,0,2,23,1,2026-05-01 22:52:57.817186,2026-05-01 22:52:57.817186,-16,15
1215,58,501,8,3,0,1,0,5,4,1,3,7,2,1,4,23,5,2026-05-01 22:52:57.817186,2026-05-01 22:52:57.817186,-16,15
1216,58,495,14,4,0,1,0,2,6,2,4,13,4,4,1,23,1,2026-05-01 22:52:57.817186,2026-05-01 22:52:57.817186,-16,15
1217,58,169,13,6,0,1,1,1,4,2,5,9,2,1,0,25,5,2026-05-01 22:52:57.817186,2026-05-01 22:52:57.817186,-5,15
1218,58,176,9,1,0,2,0,9,3,1,2,6,4,4,2,24,0,2026-05-01 22:52:57.817186,2026-05-01 22:52:57.817186,9,15
1219,58,181,8,0,1,0,1,2,4,1,3,9,2,1,0,24,6,2026-05-01 22:52:57.817186,2026-05-01 22:52:57.817186,10,15
1220,58,504,10,2,0,1,0,4,2,1,3,6,4,3,1,23,3,2026-05-01 22:52:57.817186,2026-05-01 22:52:57.817186,8,15
1221,58,491,15,2,0,1,1,1,4,2,4,8,5,5,2,20,1,2026-05-01 22:52:57.817186,2026-05-01 22:52:57.817186,4,15
1222,59,320,21,6,1,0,2,7,5,1,8,12,8,4,5,9,2,2026-05-01 22:52:57.817186,2026-05-01 22:52:57.817186,3,14
1223,59,326,10,3,0,4,3,7,6,2,3,9,2,2,0,29,2,2026-05-01 22:52:57.817186,2026-05-01 22:52:57.817186,13,14
1224,59,315,13,5,3,0,2,1,0,0,6,8,1,1,2,25,4,2026-05-01 22:52:57.817186,2026-05-01 22:52:57.817186,-7,14
1225,59,325,15,8,0,2,2,3,7,2,4,15,5,5,5,12,3,2026-05-01 22:52:57.817186,2026-05-01 22:52:57.817186,-1,14
1226,59,316,27,10,0,0,1,7,10,3,10,22,5,4,7,37,2,2026-05-01 22:52:57.817186,2026-05-01 22:52:57.817186,1,14
1227,59,317,2,2,0,0,0,0,4,0,0,4,2,2,0,18,1,2026-05-01 22:52:57.817186,2026-05-01 22:52:57.817186,-6,14
1228,59,318,8,2,4,0,2,1,0,0,3,4,2,2,0,22,1,2026-05-01 22:52:57.817186,2026-05-01 22:52:57.817186,16,14
1229,59,375,9,1,1,0,0,1,3,2,3,5,1,1,2,21,2,2026-05-01 22:52:57.817186,2026-05-01 22:52:57.817186,16,14
1230,59,323,5,0,2,1,0,2,2,1,2,4,0,0,0,14,0,2026-05-01 22:52:57.817186,2026-05-01 22:52:57.817186,10,14
1231,59,509,18,5,0,2,0,3,9,2,7,18,2,2,2,12,0,2026-05-01 22:52:57.817186,2026-05-01 22:52:57.817186,-9,19
1232,59,524,24,2,2,1,0,0,0,0,10,18,5,4,2,33,4,2026-05-01 22:52:57.817186,2026-05-01 22:52:57.817186,-7,19
1233,59,513,2,4,2,4,0,5,4,0,1,7,0,0,1,33,2,2026-05-01 22:52:57.817186,2026-05-01 22:52:57.817186,-3,19
1234,59,519,21,7,1,2,0,4,7,3,7,15,5,4,3,8,4,2026-05-01 22:52:57.817186,2026-05-01 22:52:57.817186,-4,19
1235,59,520,15,8,0,1,1,8,6,2,5,13,3,3,3,27,3,2026-05-01 22:52:57.817186,2026-05-01 22:52:57.817186,-3,19
1236,59,523,2,0,2,0,1,4,0,0,0,3,2,2,2,19,4,2026-05-01 22:52:57.817186,2026-05-01 22:52:57.817186,2,19
1237,59,511,5,0,0,0,0,2,3,1,2,6,0,0,4,18,2,2026-05-01 22:52:57.817186,2026-05-01 22:52:57.817186,1,19
1238,59,514,6,3,3,1,1,2,0,0,3,4,0,0,1,16,2,2026-05-01 22:52:57.817186,2026-05-01 22:52:57.817186,-7,19
1239,59,517,6,1,0,1,0,1,0,0,2,3,2,2,0,16,3,2026-05-01 22:52:57.817186,2026-05-01 22:52:57.817186,-13,19
1240,59,518,2,1,0,0,0,0,0,0,1,3,0,0,0,5,0,2026-05-01 22:52:57.817186,2026-05-01 22:52:57.817186,-2,19
1241,60,353,17,2,0,0,0,1,2,0,5,15,9,7,1,9,1,2026-05-01 22:52:57.817186,2026-05-01 22:52:57.817186,-14,26
1242,60,349,18,6,3,1,1,1,2,0,8,14,2,2,0,38,1,2026-05-01 22:52:57.817186,2026-05-01 22:52:57.817186,0,26
1243,60,361,22,6,4,2,0,4,0,0,10,12,3,2,3,35,4,2026-05-01 22:52:57.817186,2026-05-01 22:52:57.817186,3,26
1244,60,352,10,6,2,3,0,4,5,0,5,13,0,0,2,15,3,2026-05-01 22:52:57.817186,2026-05-01 22:52:57.817186,5,26
1245,60,366,16,2,0,4,1,7,6,3,6,14,2,1,3,31,2,2026-05-01 22:52:57.817186,2026-05-01 22:52:57.817186,-2,26
1246,60,360,2,3,1,0,0,1,2,0,0,3,2,2,0,20,1,2026-05-01 22:52:57.817186,2026-05-01 22:52:57.817186,-11,26
1247,60,358,13,2,1,0,0,5,7,3,5,10,0,0,4,17,0,2026-05-01 22:52:57.817186,2026-05-01 22:52:57.817186,-19,26
1248,60,351,2,0,2,1,0,0,0,0,1,4,0,0,0,9,1,2026-05-01 22:52:57.817186,2026-05-01 22:52:57.817186,-7,26
1249,60,558,3,0,0,0,0,2,3,1,1,4,0,0,0,9,0,2026-05-01 22:52:57.817186,2026-05-01 22:52:57.817186,-3,26
1250,60,355,0,0,0,0,0,0,0,0,0,1,0,0,1,2,1,2026-05-01 22:52:57.817186,2026-05-01 22:52:57.817186,-7,26
1251,60,341,20,4,0,4,1,1,8,2,7,16,4,4,7,7,1,2026-05-01 22:52:57.817186,2026-05-01 22:52:57.817186,8,24
1252,60,346,6,4,0,2,1,5,7,2,2,7,0,0,1,28,4,2026-05-01 22:52:57.817186,2026-05-01 22:52:57.817186,-7,24
1253,60,348,10,6,3,1,0,0,0,0,3,6,6,4,1,22,0,2026-05-01 22:52:57.817186,2026-05-01 22:52:57.817186,-10,24
1254,60,333,17,2,2,0,0,6,9,4,6,19,1,1,3,7,2,2026-05-01 22:52:57.817186,2026-05-01 22:52:57.817186,-5,24
1255,60,339,17,3,2,1,0,9,8,5,6,10,0,0,2,31,2,2026-05-01 22:52:57.817186,2026-05-01 22:52:57.817186,15,24
1256,60,332,18,2,1,3,0,6,12,4,6,15,2,2,3,25,0,2026-05-01 22:52:57.817186,2026-05-01 22:52:57.817186,18,24
1257,60,343,14,6,8,0,1,3,0,0,7,10,2,0,2,25,2,2026-05-01 22:52:57.817186,2026-05-01 22:52:57.817186,21,24
1258,60,337,2,1,0,0,0,0,1,0,1,2,2,0,0,16,0,2026-05-01 22:52:57.817186,2026-05-01 22:52:57.817186,13,24
1259,60,338,8,4,2,0,0,1,3,2,3,4,0,0,0,15,2,2026-05-01 22:52:57.817186,2026-05-01 22:52:57.817186,5,24
1260,60,268,2,3,0,0,0,0,1,0,1,3,0,0,0,12,0,2026-05-01 22:52:57.817186,2026-05-01 22:52:57.817186,-3,24
1261,61,441,23,1,0,1,2,0,7,5,9,16,0,0,1,2,2,2026-05-01 22:52:57.817186,2026-05-01 22:52:57.817186,4,30
1262,61,442,16,1,0,1,0,2,6,3,5,13,4,3,0,21,2,2026-05-01 22:52:57.817186,2026-05-01 22:52:57.817186,-5,30
1263,61,563,2,4,0,3,0,0,0,0,1,3,0,0,4,27,6,2026-05-01 22:52:57.817186,2026-05-01 22:52:57.817186,-12,30
1264,61,445,5,3,1,1,1,3,3,1,2,10,0,0,1,21,2,2026-05-01 22:52:57.817186,2026-05-01 22:52:57.817186,-5,30
1265,61,438,11,3,2,2,0,4,3,2,4,10,1,1,0,28,1,2026-05-01 22:52:57.817186,2026-05-01 22:52:57.817186,1,30
1266,61,440,21,1,1,0,0,3,4,3,8,10,2,2,0,17,1,2026-05-01 22:52:57.817186,2026-05-01 22:52:57.817186,7,30
1267,61,447,7,1,0,3,0,1,5,1,1,9,4,4,2,32,3,2026-05-01 22:52:57.817186,2026-05-01 22:52:57.817186,-13,30
1268,61,439,12,0,2,3,1,2,3,2,5,7,0,0,2,26,3,2026-05-01 22:52:57.817186,2026-05-01 22:52:57.817186,3,30
1269,61,450,7,3,0,1,0,4,2,1,3,4,0,0,0,18,3,2026-05-01 22:52:57.817186,2026-05-01 22:52:57.817186,4,30
1270,61,459,14,3,1,0,0,1,2,1,6,9,3,1,2,18,1,2026-05-01 22:52:57.817186,2026-05-01 22:52:57.817186,-9,30
1271,61,476,9,4,2,0,1,2,2,0,4,11,1,1,0,0,1,2026-05-01 22:52:57.817186,2026-05-01 22:52:57.817186,13,11
1272,61,475,30,6,1,0,1,1,6,3,8,15,11,11,6,37,1,2026-05-01 22:52:57.817186,2026-05-01 22:52:57.817186,-1,11
1273,61,482,32,7,6,1,1,2,1,0,12,20,11,8,8,38,2,2026-05-01 22:52:57.817186,2026-05-01 22:52:57.817186,-4,11
1274,61,486,22,9,3,2,0,4,1,1,10,15,1,1,2,6,2,2026-05-01 22:52:57.817186,2026-05-01 22:52:57.817186,6,11
1275,61,483,19,7,0,6,2,10,11,4,7,18,2,1,3,42,2,2026-05-01 22:52:57.817186,2026-05-01 22:52:57.817186,10,11
1276,61,477,5,3,3,1,0,1,1,1,2,6,0,0,0,26,2,2026-05-01 22:52:57.817186,2026-05-01 22:52:57.817186,1,11
1277,61,472,4,2,6,0,0,1,0,0,1,3,2,2,1,11,2,2026-05-01 22:52:57.817186,2026-05-01 22:52:57.817186,6,11
1278,61,479,2,0,0,0,0,0,2,0,1,3,0,0,0,20,1,2026-05-01 22:52:57.817186,2026-05-01 22:52:57.817186,-8,11
1279,61,481,0,0,0,0,0,0,1,0,0,1,0,0,0,8,4,2026-05-01 22:52:57.817186,2026-05-01 22:52:57.817186,2,11
1280,62,141,13,1,0,0,0,2,7,3,5,10,0,0,1,5,1,2026-05-01 22:52:57.817186,2026-05-01 22:52:57.817186,-8,17
1281,62,265,19,7,4,0,1,2,2,0,7,18,7,5,3,25,1,2026-05-01 22:52:57.817186,2026-05-01 22:52:57.817186,-16,17
1282,62,280,5,4,0,0,1,3,6,1,1,6,2,2,1,18,2,2026-05-01 22:52:57.817186,2026-05-01 22:52:57.817186,-6,17
1283,62,269,0,3,1,0,0,0,3,0,0,3,0,0,0,18,0,2026-05-01 22:52:57.817186,2026-05-01 22:52:57.817186,-4,17
1284,62,274,8,4,0,3,0,2,1,1,3,6,2,1,3,30,3,2026-05-01 22:52:57.817186,2026-05-01 22:52:57.817186,-8,17
1285,62,278,3,2,4,0,0,2,0,0,1,1,2,1,1,22,0,2026-05-01 22:52:57.817186,2026-05-01 22:52:57.817186,-13,17
1286,62,277,5,3,0,2,0,2,5,1,2,11,0,0,2,23,4,2026-05-01 22:52:57.817186,2026-05-01 22:52:57.817186,-23,17
1287,62,275,12,1,0,0,0,1,4,3,4,7,2,1,0,23,0,2026-05-01 22:52:57.817186,2026-05-01 22:52:57.817186,-21,17
1288,62,31,2,2,0,1,0,1,0,0,0,3,2,2,2,11,0,2026-05-01 22:52:57.817186,2026-05-01 22:52:57.817186,-18,17
1289,62,270,6,1,0,0,1,1,4,2,2,4,0,0,0,12,0,2026-05-01 22:52:57.817186,2026-05-01 22:52:57.817186,-15,17
1290,62,273,6,3,0,0,0,0,2,2,2,2,0,0,2,15,1,2026-05-01 22:52:57.817186,2026-05-01 22:52:57.817186,-4,17
1291,62,271,0,1,0,0,0,2,1,0,0,2,0,0,1,4,0,2026-05-01 22:52:57.817186,2026-05-01 22:52:57.817186,3,17
1292,62,266,0,0,0,0,0,0,0,0,0,0,0,0,0,1,1,2026-05-01 22:52:57.817186,2026-05-01 22:52:57.817186,-1,17
1293,62,279,2,0,0,1,0,0,1,0,0,1,2,2,0,1,0,2026-05-01 22:52:57.817186,2026-05-01 22:52:57.817186,-1,17
1294,62,45,10,5,1,1,0,1,5,2,4,8,0,0,1,0,2,2026-05-01 22:52:57.817186,2026-05-01 22:52:57.817186,6,2
1295,62,41,14,3,1,1,1,1,8,4,5,9,0,0,1,29,1,2026-05-01 22:52:57.817186,2026-05-01 22:52:57.817186,16,2
1296,62,208,10,5,0,0,1,7,4,0,5,12,0,0,0,26,4,2026-05-01 22:52:57.817186,2026-05-01 22:52:57.817186,25,2
1297,62,39,18,11,5,3,2,1,8,3,7,15,3,1,1,11,2,2026-05-01 22:52:57.817186,2026-05-01 22:52:57.817186,27,2
1298,62,51,18,1,0,1,0,9,12,4,5,18,4,4,2,33,0,2026-05-01 22:52:57.817186,2026-05-01 22:52:57.817186,31,2
1299,62,43,25,2,2,0,0,9,10,5,10,23,0,0,1,33,1,2026-05-01 22:52:57.817186,2026-05-01 22:52:57.817186,15,2
1300,62,38,7,3,7,0,0,1,0,0,3,6,2,1,2,19,2,2026-05-01 22:52:57.817186,2026-05-01 22:52:57.817186,1,2
1301,62,40,6,1,0,1,2,0,3,2,2,3,0,0,1,15,1,2026-05-01 22:52:57.817186,2026-05-01 22:52:57.817186,3,2
1302,62,50,0,4,3,0,0,1,0,0,0,1,0,0,0,16,2,2026-05-01 22:52:57.817186,2026-05-01 22:52:57.817186,8,2
1303,62,189,0,0,0,0,0,0,0,0,0,0,0,0,0,1,0,2026-05-01 22:52:57.817186,2026-05-01 22:52:57.817186,1,2
1304,62,46,0,0,0,0,0,0,0,0,0,0,0,0,0,1,1,2026-05-01 22:52:57.817186,2026-05-01 22:52:57.817186,1,2
1305,62,52,0,0,0,0,0,1,0,0,0,0,0,0,1,1,0,2026-05-01 22:52:57.817186,2026-05-01 22:52:57.817186,1,2
1306,63,175,18,2,2,1,0,0,5,2,6,14,4,4,0,7,5,2026-05-01 22:52:57.817186,2026-05-01 22:52:57.817186,-5,29
1307,63,191,3,1,0,1,0,1,0,0,1,1,2,1,1,11,2,2026-05-01 22:52:57.817186,2026-05-01 22:52:57.817186,-10,29
1308,63,178,19,6,2,1,0,6,3,1,5,8,9,8,0,29,5,2026-05-01 22:52:57.817186,2026-05-01 22:52:57.817186,1,29
1309,63,180,2,0,0,2,0,3,4,0,0,5,2,2,0,2,6,2026-05-01 22:52:57.817186,2026-05-01 22:52:57.817186,-4,29
1310,63,179,36,2,0,4,0,2,9,4,14,22,5,4,4,30,2,2026-05-01 22:52:57.817186,2026-05-01 22:52:57.817186,-4,29
1311,63,497,6,2,0,0,2,1,3,2,2,3,0,0,0,23,2,2026-05-01 22:52:57.817186,2026-05-01 22:52:57.817186,-2,29
1312,63,177,10,2,0,0,0,6,0,0,5,8,0,0,2,20,2,2026-05-01 22:52:57.817186,2026-05-01 22:52:57.817186,5,29
1313,63,190,8,6,2,0,1,1,0,0,4,5,0,0,0,18,1,2026-05-01 22:52:57.817186,2026-05-01 22:52:57.817186,-2,29
1314,63,185,15,1,2,1,0,2,8,4,5,10,2,1,1,25,1,2026-05-01 22:52:57.817186,2026-05-01 22:52:57.817186,5,29
1315,63,188,8,3,0,1,0,2,7,2,2,10,2,2,1,22,2,2026-05-01 22:52:57.817186,2026-05-01 22:52:57.817186,1,29
1316,63,105,11,4,2,0,0,4,3,1,4,7,3,2,1,8,1,2026-05-01 22:52:57.817186,2026-05-01 22:52:57.817186,3,8
1317,63,119,13,3,3,1,0,1,0,0,4,6,5,5,0,17,3,2026-05-01 22:52:57.817186,2026-05-01 22:52:57.817186,10,8
1318,63,111,22,10,2,0,2,5,0,0,6,11,11,10,3,36,5,2026-05-01 22:52:57.817186,2026-05-01 22:52:57.817186,2,8
1319,63,117,15,1,0,0,0,1,9,3,5,11,2,2,1,4,2,2026-05-01 22:52:57.817186,2026-05-01 22:52:57.817186,-4,8
1320,63,114,45,2,0,2,0,8,13,8,13,19,12,11,7,37,3,2026-05-01 22:52:57.817186,2026-05-01 22:52:57.817186,0,8
1321,63,108,7,6,0,0,0,1,8,1,3,11,0,0,2,31,0,2026-05-01 22:52:57.817186,2026-05-01 22:52:57.817186,5,8
1322,63,106,4,2,1,1,0,4,2,0,2,5,0,0,1,31,5,2026-05-01 22:52:57.817186,2026-05-01 22:52:57.817186,0,8
1323,63,116,8,1,0,0,0,1,3,2,2,3,2,2,0,18,0,2026-05-01 22:52:57.817186,2026-05-01 22:52:57.817186,0,8
1324,63,115,3,1,0,0,0,0,1,1,1,1,0,0,0,5,1,2026-05-01 22:52:57.817186,2026-05-01 22:52:57.817186,-1,8
1325,64,292,10,2,1,1,0,1,8,2,4,12,0,0,1,1,2,2026-05-01 22:52:57.817186,2026-05-01 22:52:57.817186,-1,10
1326,64,285,4,2,0,1,0,6,5,1,1,5,2,1,3,31,4,2026-05-01 22:52:57.817186,2026-05-01 22:52:57.817186,-18,10
1327,64,287,17,4,2,0,1,3,8,4,5,11,5,3,0,27,2,2026-05-01 22:52:57.817186,2026-05-01 22:52:57.817186,-15,10
1328,64,291,7,2,2,1,0,2,7,1,3,14,0,0,2,3,4,2026-05-01 22:52:57.817186,2026-05-01 22:52:57.817186,-16,10
1329,64,294,22,6,1,0,0,3,6,3,9,18,2,1,2,36,1,2026-05-01 22:52:57.817186,2026-05-01 22:52:57.817186,-13,10
1330,64,297,5,7,3,3,0,3,3,1,2,8,0,0,2,31,1,2026-05-01 22:52:57.817186,2026-05-01 22:52:57.817186,-5,10
1331,64,298,9,1,1,0,0,5,4,1,3,8,2,2,1,21,2,2026-05-01 22:52:57.817186,2026-05-01 22:52:57.817186,-1,10
1332,64,562,18,0,2,1,0,2,4,3,5,8,6,5,1,21,1,2026-05-01 22:52:57.817186,2026-05-01 22:52:57.817186,1,10
1333,64,295,9,1,2,0,1,1,3,1,4,8,0,0,0,12,0,2026-05-01 22:52:57.817186,2026-05-01 22:52:57.817186,5,10
1334,64,290,0,0,1,0,0,0,0,0,0,1,0,0,0,6,0,2026-05-01 22:52:57.817186,2026-05-01 22:52:57.817186,-2,10
1335,64,308,23,6,2,2,0,4,6,3,9,14,2,2,1,4,1,2026-05-01 22:52:57.817186,2026-05-01 22:52:57.817186,16,13
1336,64,307,9,1,5,1,0,1,4,0,2,12,6,5,2,24,4,2026-05-01 22:52:57.817186,2026-05-01 22:52:57.817186,0,13
1337,64,309,6,3,1,0,0,2,4,0,3,8,0,0,0,23,3,2026-05-01 22:52:57.817186,2026-05-01 22:52:57.817186,7,13
1338,64,312,8,1,1,0,1,1,3,2,3,5,0,0,0,21,1,2026-05-01 22:52:57.817186,2026-05-01 22:52:57.817186,3,13
1339,64,305,16,7,0,2,0,7,4,2,7,10,0,0,1,25,0,2026-05-01 22:52:57.817186,2026-05-01 22:52:57.817186,18,13
1340,64,253,17,6,1,1,1,0,2,0,6,13,5,5,4,31,2,2026-05-01 22:52:57.817186,2026-05-01 22:52:57.817186,12,13
1341,64,311,11,7,2,2,4,0,0,0,3,6,6,5,0,21,3,2026-05-01 22:52:57.817186,2026-05-01 22:52:57.817186,10,13
1342,64,214,12,1,1,1,0,2,7,2,4,9,2,2,5,22,2,2026-05-01 22:52:57.817186,2026-05-01 22:52:57.817186,5,13
1343,64,299,0,0,0,0,0,0,1,0,0,1,0,0,0,6,0,2026-05-01 22:52:57.817186,2026-05-01 22:52:57.817186,-9,13
1344,64,310,12,5,1,0,1,0,0,0,5,6,2,2,1,25,0,2026-05-01 22:52:57.817186,2026-05-01 22:52:57.817186,15,13
1345,64,303,0,0,0,0,0,0,0,0,0,1,0,0,0,2,0,2026-05-01 22:52:57.817186,2026-05-01 22:52:57.817186,-4,13
1346,64,568,0,0,1,0,0,0,0,0,0,0,0,0,0,2,0,2026-05-01 22:52:57.817186,2026-05-01 22:52:57.817186,-4,13
1347,64,313,0,0,0,0,0,1,0,0,0,0,0,0,0,2,1,2026-05-01 22:52:57.817186,2026-05-01 22:52:57.817186,-4,13
1348,65,53,12,3,2,1,1,1,5,2,5,11,0,0,1,10,1,2026-05-01 22:52:57.817186,2026-05-01 22:52:57.817186,16,20
1349,65,59,10,7,3,1,0,7,6,1,4,14,2,1,1,29,2,2026-05-01 22:52:57.817186,2026-05-01 22:52:57.817186,0,20
1350,65,67,12,9,5,1,0,1,1,0,5,9,3,2,4,28,4,2026-05-01 22:52:57.817186,2026-05-01 22:52:57.817186,7,20
1351,65,54,25,3,2,5,0,2,9,5,10,17,0,0,1,9,5,2026-05-01 22:52:57.817186,2026-05-01 22:52:57.817186,21,20
1352,65,55,24,4,0,0,0,7,7,4,7,16,7,6,3,32,4,2026-05-01 22:52:57.817186,2026-05-01 22:52:57.817186,6,20
1353,65,66,7,0,1,2,0,3,5,1,3,8,0,0,0,24,0,2026-05-01 22:52:57.817186,2026-05-01 22:52:57.817186,19,20
1354,65,58,14,4,0,1,1,0,13,4,5,14,0,0,1,14,1,2026-05-01 22:52:57.817186,2026-05-01 22:52:57.817186,18,20
1355,65,65,4,3,2,1,1,0,0,0,2,2,3,0,2,15,1,2026-05-01 22:52:57.817186,2026-05-01 22:52:57.817186,10,20
1356,65,508,3,2,1,1,0,5,2,0,1,4,2,1,0,17,1,2026-05-01 22:52:57.817186,2026-05-01 22:52:57.817186,20,20
1357,65,64,0,0,0,0,0,0,0,0,0,1,0,0,0,2,0,2026-05-01 22:52:57.817186,2026-05-01 22:52:57.817186,2,20
1358,65,538,1,0,1,0,0,0,0,0,0,0,2,1,0,2,0,2026-05-01 22:52:57.817186,2026-05-01 22:52:57.817186,2,20
1359,65,60,2,1,1,0,0,0,0,0,1,1,0,0,0,2,0,2026-05-01 22:52:57.817186,2026-05-01 22:52:57.817186,2,20
1360,65,62,0,0,0,0,0,1,0,0,0,0,0,0,0,2,0,2026-05-01 22:52:57.817186,2026-05-01 22:52:57.817186,2,20
1361,65,529,3,3,1,1,1,1,3,1,1,4,0,0,1,23,2,2026-05-01 22:52:57.817186,2026-05-01 22:52:57.817186,-20,27
1362,65,540,18,4,3,1,0,3,9,3,7,14,3,1,2,34,3,2026-05-01 22:52:57.817186,2026-05-01 22:52:57.817186,-2,27
1363,65,542,25,12,1,0,4,2,7,1,8,17,9,8,7,34,2,2026-05-01 22:52:57.817186,2026-05-01 22:52:57.817186,-15,27
1364,65,528,13,2,2,1,0,4,3,1,5,13,4,2,0,6,3,2026-05-01 22:52:57.817186,2026-05-01 22:52:57.817186,-5,27
1365,65,530,7,3,0,0,0,6,6,1,3,10,0,0,2,31,2,2026-05-01 22:52:57.817186,2026-05-01 22:52:57.817186,-14,27
1366,65,531,8,2,1,3,0,4,0,0,3,7,2,2,2,22,3,2026-05-01 22:52:57.817186,2026-05-01 22:52:57.817186,-21,27
1367,65,533,3,2,1,0,0,0,2,0,1,4,2,1,1,17,3,2026-05-01 22:52:57.817186,2026-05-01 22:52:57.817186,-9,27
1368,65,535,2,2,1,0,0,1,0,0,0,1,2,2,3,11,2,2026-05-01 22:52:57.817186,2026-05-01 22:52:57.817186,-10,27
1369,65,525,3,0,0,1,0,2,1,1,1,2,0,0,2,17,0,2026-05-01 22:52:57.817186,2026-05-01 22:52:57.817186,-14,27
1370,65,526,0,0,0,0,0,0,0,0,0,0,0,0,0,3,0,2026-05-01 22:52:57.817186,2026-05-01 22:52:57.817186,-3,27
1371,65,541,0,0,0,0,0,0,0,0,0,0,0,0,1,3,0,2026-05-01 22:52:57.817186,2026-05-01 22:52:57.817186,-3,27
1372,65,536,2,0,0,0,0,2,1,0,1,2,0,0,1,3,0,2026-05-01 22:52:57.817186,2026-05-01 22:52:57.817186,-3,27
1373,65,537,5,0,0,0,0,0,1,1,2,2,0,0,0,3,0,2026-05-01 22:52:57.817186,2026-05-01 22:52:57.817186,-3,27
1374,65,527,0,1,0,0,0,0,1,0,0,1,0,0,0,3,1,2026-05-01 22:52:57.817186,2026-05-01 22:52:57.817186,-3,27
1375,66,27,26,4,1,3,0,1,8,5,10,17,2,1,2,6,3,2026-05-01 22:52:57.817186,2026-05-01 22:52:57.817186,-8,3
1376,66,19,5,1,0,0,0,1,4,1,2,5,0,0,0,22,1,2026-05-01 22:52:57.817186,2026-05-01 22:52:57.817186,-13,3
1377,66,30,7,8,0,1,1,3,1,0,3,5,2,1,6,27,5,2026-05-01 22:52:57.817186,2026-05-01 22:52:57.817186,-7,3
1378,66,25,0,1,0,0,0,4,0,0,0,2,0,0,0,14,2,2026-05-01 22:52:57.817186,2026-05-01 22:52:57.817186,-21,3
1379,66,32,17,1,0,1,0,2,6,1,7,15,2,2,3,29,4,2026-05-01 22:52:57.817186,2026-05-01 22:52:57.817186,-2,3
1380,66,561,11,3,1,1,3,1,0,0,4,7,4,3,2,20,4,2026-05-01 22:52:57.817186,2026-05-01 22:52:57.817186,1,3
1381,66,33,4,0,0,1,0,5,0,0,2,2,0,0,0,32,3,2026-05-01 22:52:57.817186,2026-05-01 22:52:57.817186,17,3
1382,66,35,23,8,1,2,0,5,8,3,7,13,8,6,1,26,3,2026-05-01 22:52:57.817186,2026-05-01 22:52:57.817186,7,3
1383,66,29,4,1,0,0,0,4,3,0,1,6,2,2,1,18,2,2026-05-01 22:52:57.817186,2026-05-01 22:52:57.817186,0,3
1384,66,42,5,2,0,1,0,1,2,1,2,3,0,0,2,16,1,2026-05-01 22:52:57.817186,2026-05-01 22:52:57.817186,6,3
1385,66,226,9,1,0,0,0,2,6,3,3,7,0,0,3,3,1,2026-05-01 22:52:57.817186,2026-05-01 22:52:57.817186,3,6
1386,66,219,17,9,4,0,1,2,2,0,6,12,10,5,2,26,2,2026-05-01 22:52:57.817186,2026-05-01 22:52:57.817186,24,6
1387,66,211,20,4,2,2,0,1,0,0,7,12,8,6,2,31,1,2026-05-01 22:52:57.817186,2026-05-01 22:52:57.817186,5,6
1388,66,217,15,1,0,0,0,2,6,4,5,8,1,1,1,3,3,2026-05-01 22:52:57.817186,2026-05-01 22:52:57.817186,20,6
1389,66,306,22,9,0,0,0,8,7,4,5,9,12,8,5,36,2,2026-05-01 22:52:57.817186,2026-05-01 22:52:57.817186,3,6
1390,66,364,12,1,0,1,0,5,1,1,4,7,4,3,0,25,3,2026-05-01 22:52:57.817186,2026-05-01 22:52:57.817186,-8,6
1391,66,354,4,2,1,3,5,2,1,0,2,5,0,0,0,31,2,2026-05-01 22:52:57.817186,2026-05-01 22:52:57.817186,-5,6
1392,66,221,3,1,0,1,1,2,2,1,1,4,0,0,2,17,3,2026-05-01 22:52:57.817186,2026-05-01 22:52:57.817186,-10,6
1393,66,213,4,2,0,1,0,1,2,0,1,3,2,2,0,10,3,2026-05-01 22:52:57.817186,2026-05-01 22:52:57.817186,-8,6
1394,66,224,0,0,1,1,0,0,0,0,0,3,0,0,0,4,1,2026-05-01 22:52:57.817186,2026-05-01 22:52:57.817186,-4,6
1395,67,203,7,4,0,2,0,3,4,1,2,5,4,2,2,7,4,2026-05-01 22:52:57.817186,2026-05-01 22:52:57.817186,8,5
1396,67,192,20,7,0,0,3,3,9,4,7,15,2,2,3,31,1,2026-05-01 22:52:57.817186,2026-05-01 22:52:57.817186,3,5
1397,67,68,12,6,1,3,0,5,7,2,3,8,6,4,0,23,0,2026-05-01 22:52:57.817186,2026-05-01 22:52:57.817186,8,5
1398,67,200,13,3,0,0,1,6,3,1,4,9,4,4,3,3,2,2026-05-01 22:52:57.817186,2026-05-01 22:52:57.817186,-4,5
1399,67,198,20,11,3,2,1,10,11,5,7,14,1,1,4,32,0,2026-05-01 22:52:57.817186,2026-05-01 22:52:57.817186,26,5
1400,67,133,15,3,2,1,2,4,4,2,6,8,1,1,1,27,2,2026-05-01 22:52:57.817186,2026-05-01 22:52:57.817186,38,5
1401,67,399,22,3,0,3,0,2,8,3,9,14,1,1,4,32,1,2026-05-01 22:52:57.817186,2026-05-01 22:52:57.817186,28,5
1402,67,347,11,6,1,1,1,0,1,0,5,9,4,1,1,27,3,2026-05-01 22:52:57.817186,2026-05-01 22:52:57.817186,8,5
1403,67,125,0,0,0,1,0,1,2,0,0,2,0,0,0,4,1,2026-05-01 22:52:57.817186,2026-05-01 22:52:57.817186,-6,5
1404,67,204,0,0,0,0,0,0,0,0,0,0,0,0,0,0,0,2026-05-01 22:52:57.817186,2026-05-01 22:52:57.817186,3,5
1405,67,201,0,0,0,1,0,0,0,0,0,0,0,0,0,0,0,2026-05-01 22:52:57.817186,2026-05-01 22:52:57.817186,3,5
1406,67,269,13,1,1,0,0,2,11,4,4,11,1,1,1,5,4,2026-05-01 22:52:57.817186,2026-05-01 22:52:57.817186,-20,17
1407,67,272,10,3,0,0,0,4,1,0,4,5,3,2,4,22,1,2026-05-01 22:52:57.817186,2026-05-01 22:52:57.817186,-24,17
1408,67,280,8,6,1,2,1,0,5,2,3,10,0,0,3,21,3,2026-05-01 22:52:57.817186,2026-05-01 22:52:57.817186,-20,17
1409,67,274,10,5,1,1,0,4,1,0,4,16,2,2,1,7,2,2026-05-01 22:52:57.817186,2026-05-01 22:52:57.817186,-23,17
1410,67,277,11,6,1,2,0,7,6,1,5,11,0,0,5,34,3,2026-05-01 22:52:57.817186,2026-05-01 22:52:57.817186,-19,17
1411,67,31,15,1,0,0,0,3,4,1,3,11,10,8,2,17,1,2026-05-01 22:52:57.817186,2026-05-01 22:52:57.817186,2,17
1412,67,278,2,6,5,0,1,2,0,0,1,1,0,0,0,24,2,2026-05-01 22:52:57.817186,2026-05-01 22:52:57.817186,1,17
1413,67,275,18,3,2,0,1,0,8,3,7,14,1,1,0,23,1,2026-05-01 22:52:57.817186,2026-05-01 22:52:57.817186,1,17
1414,67,141,7,1,0,3,0,3,6,1,3,12,0,0,1,21,1,2026-05-01 22:52:57.817186,2026-05-01 22:52:57.817186,-1,17
1415,67,279,3,0,0,0,0,0,3,1,1,3,0,0,1,3,0,2026-05-01 22:52:57.817186,2026-05-01 22:52:57.817186,-2,17
1416,67,270,0,1,0,1,0,1,0,0,0,0,0,0,0,3,1,2026-05-01 22:52:57.817186,2026-05-01 22:52:57.817186,-2,17
1417,67,273,0,0,0,0,0,0,1,0,0,1,0,0,1,2,0,2026-05-01 22:52:57.817186,2026-05-01 22:52:57.817186,-4,17
1418,67,271,0,1,0,0,0,0,0,0,0,0,0,0,0,2,0,2026-05-01 22:52:57.817186,2026-05-01 22:52:57.817186,-4,17
1419,68,105,15,3,3,0,0,1,2,0,5,9,5,5,0,13,2,2026-05-01 22:52:57.817186,2026-05-01 22:52:57.817186,2,8
1420,68,110,0,4,0,0,0,3,4,0,0,6,0,0,1,23,4,2026-05-01 22:52:57.817186,2026-05-01 22:52:57.817186,-13,8
1421,68,111,35,8,5,1,2,9,4,1,15,26,6,4,5,37,1,2026-05-01 22:52:57.817186,2026-05-01 22:52:57.817186,4,8
1422,68,117,2,0,0,0,0,0,1,0,1,4,0,0,0,16,2,2026-05-01 22:52:57.817186,2026-05-01 22:52:57.817186,8,8
1423,68,114,25,5,0,0,0,4,6,2,9,22,7,5,3,38,0,2026-05-01 22:52:57.817186,2026-05-01 22:52:57.817186,-7,8
1424,68,108,17,3,0,0,1,1,4,3,5,6,7,4,0,33,0,2026-05-01 22:52:57.817186,2026-05-01 22:52:57.817186,-17,8
1425,68,106,6,2,2,1,0,1,0,0,3,6,0,0,2,28,4,2026-05-01 22:52:57.817186,2026-05-01 22:52:57.817186,-12,8
1426,68,115,2,1,0,0,0,0,1,0,1,3,0,0,0,6,0,2026-05-01 22:52:57.817186,2026-05-01 22:52:57.817186,-7,8
1427,68,119,2,4,1,0,1,0,0,0,0,1,2,2,1,9,1,2026-05-01 22:52:57.817186,2026-05-01 22:52:57.817186,-15,8
1428,68,116,4,3,0,0,0,2,0,0,2,2,0,0,1,6,0,2026-05-01 22:52:57.817186,2026-05-01 22:52:57.817186,8,8
1429,68,109,0,0,0,0,0,0,0,0,0,0,0,0,0,1,0,2026-05-01 22:52:57.817186,2026-05-01 22:52:57.817186,2,8
1430,68,400,0,0,0,0,0,0,0,0,0,0,0,0,0,1,0,2026-05-01 22:52:57.817186,2026-05-01 22:52:57.817186,2,8
1431,68,132,20,1,0,1,0,3,3,0,9,12,2,2,2,8,4,2026-05-01 22:52:57.817186,2026-05-01 22:52:57.817186,20,18
1432,68,134,14,7,2,1,1,7,3,1,5,12,5,3,3,32,2,2026-05-01 22:52:57.817186,2026-05-01 22:52:57.817186,7,18
1433,68,128,7,10,5,3,1,4,1,0,3,8,2,1,1,37,4,2026-05-01 22:52:57.817186,2026-05-01 22:52:57.817186,12,18
1434,68,126,21,3,0,1,2,6,9,3,9,19,2,0,2,15,2,2026-05-01 22:52:57.817186,2026-05-01 22:52:57.817186,2,18
1435,68,124,17,3,0,2,0,5,10,5,5,10,3,2,0,35,2,2026-05-01 22:52:57.817186,2026-05-01 22:52:57.817186,3,18
1436,68,135,11,6,0,1,1,2,5,1,5,11,1,0,2,26,3,2026-05-01 22:52:57.817186,2026-05-01 22:52:57.817186,-1,18
1437,68,195,9,2,0,2,0,4,2,1,4,6,0,0,3,21,2,2026-05-01 22:52:57.817186,2026-05-01 22:52:57.817186,2,18
1438,68,129,18,2,0,0,0,2,3,3,6,7,4,3,0,15,2,2026-05-01 22:52:57.817186,2026-05-01 22:52:57.817186,0,18
1439,69,263,21,3,0,0,1,2,5,4,8,10,4,1,2,1,0,2026-05-01 22:52:57.817186,2026-05-01 22:52:57.817186,-16,12
1440,69,262,4,4,0,2,0,5,1,0,1,3,2,2,0,11,0,2026-05-01 22:52:57.817186,2026-05-01 22:52:57.817186,6,12
1441,69,249,14,2,2,0,3,0,3,2,5,6,4,2,5,27,3,2026-05-01 22:52:57.817186,2026-05-01 22:52:57.817186,-6,12
1442,69,259,9,2,0,1,0,1,7,3,3,8,0,0,2,22,0,2026-05-01 22:52:57.817186,2026-05-01 22:52:57.817186,-4,12
1443,69,252,10,2,0,1,0,10,3,0,4,11,2,2,2,32,0,2026-05-01 22:52:57.817186,2026-05-01 22:52:57.817186,-22,12
1444,69,257,11,1,0,0,2,2,11,3,4,13,0,0,1,35,1,2026-05-01 22:52:57.817186,2026-05-01 22:52:57.817186,-22,12
1445,69,258,18,5,4,0,1,0,3,2,6,9,4,4,2,24,2,2026-05-01 22:52:57.817186,2026-05-01 22:52:57.817186,-13,12
1446,69,302,9,0,1,0,1,1,3,1,3,9,2,2,1,26,2,2026-05-01 22:52:57.817186,2026-05-01 22:52:57.817186,-15,12
1447,69,251,2,5,0,0,1,3,2,0,1,5,1,0,1,19,2,2026-05-01 22:52:57.817186,2026-05-01 22:52:57.817186,-8,12
1448,69,254,8,0,0,1,0,5,1,0,4,6,0,0,2,14,3,2026-05-01 22:52:57.817186,2026-05-01 22:52:57.817186,5,12
1449,69,505,18,1,2,2,0,1,3,2,8,9,0,0,1,21,2,2026-05-01 22:52:57.817186,2026-05-01 22:52:57.817186,8,15
1450,69,493,11,6,3,0,3,2,4,1,4,12,2,2,0,20,0,2026-05-01 22:52:57.817186,2026-05-01 22:52:57.817186,2,15
1451,69,502,17,0,2,1,0,3,2,1,8,9,0,0,0,20,1,2026-05-01 22:52:57.817186,2026-05-01 22:52:57.817186,0,15
1452,69,501,16,1,2,0,0,5,1,0,7,16,2,2,2,20,1,2026-05-01 22:52:57.817186,2026-05-01 22:52:57.817186,4,15
1453,69,176,7,3,0,4,1,14,3,1,2,5,2,2,2,34,1,2026-05-01 22:52:57.817186,2026-05-01 22:52:57.817186,17,15
1454,69,169,16,4,2,1,1,1,4,2,4,9,6,6,2,33,5,2026-05-01 22:52:57.817186,2026-05-01 22:52:57.817186,12,15
1455,69,503,7,4,0,1,1,3,5,1,2,9,2,2,0,19,3,2026-05-01 22:52:57.817186,2026-05-01 22:52:57.817186,20,15
1456,69,499,4,1,1,0,3,1,2,0,2,7,0,0,3,23,0,2026-05-01 22:52:57.817186,2026-05-01 22:52:57.817186,12,15
1457,69,181,19,4,1,1,0,0,8,5,7,11,0,0,1,23,3,2026-05-01 22:52:57.817186,2026-05-01 22:52:57.817186,16,15
1458,69,504,10,3,0,2,0,4,3,2,4,7,0,0,1,23,0,2026-05-01 22:52:57.817186,2026-05-01 22:52:57.817186,4,15
1459,70,368,12,4,2,2,0,7,1,0,6,9,0,0,0,2,2,2026-05-01 22:52:57.817186,2026-05-01 22:52:57.817186,13,1
1460,70,374,8,8,0,1,0,8,2,0,3,9,4,2,3,30,3,2026-05-01 22:52:57.817186,2026-05-01 22:52:57.817186,16,1
1461,70,380,25,10,0,2,1,6,12,7,9,15,0,0,1,26,3,2026-05-01 22:52:57.817186,2026-05-01 22:52:57.817186,20,1
1462,70,367,15,1,2,1,0,4,4,1,5,9,4,4,2,3,3,2026-05-01 22:52:57.817186,2026-05-01 22:52:57.817186,16,1
1463,70,378,19,0,2,0,1,5,4,2,6,13,6,5,1,26,3,2026-05-01 22:52:57.817186,2026-05-01 22:52:57.817186,14,1
1464,70,382,5,6,0,2,2,1,3,1,2,4,0,0,0,22,3,2026-05-01 22:52:57.817186,2026-05-01 22:52:57.817186,29,1
1465,70,331,5,0,2,0,0,1,3,1,2,4,0,0,0,10,2,2026-05-01 22:52:57.817186,2026-05-01 22:52:57.817186,16,1
1466,70,289,20,5,2,2,0,3,2,1,7,10,7,5,3,25,0,2026-05-01 22:52:57.817186,2026-05-01 22:52:57.817186,20,1
1467,70,498,14,3,2,0,0,1,4,0,6,11,2,2,1,17,1,2026-05-01 22:52:57.817186,2026-05-01 22:52:57.817186,12,1
1468,70,376,8,1,1,0,1,0,4,2,3,5,0,0,1,16,2,2026-05-01 22:52:57.817186,2026-05-01 22:52:57.817186,10,1
1469,70,383,2,0,0,0,0,0,0,0,1,1,0,0,0,3,0,2026-05-01 22:52:57.817186,2026-05-01 22:52:57.817186,2,1
1470,70,372,2,2,0,0,0,0,1,0,1,2,0,0,1,3,2,2026-05-01 22:52:57.817186,2026-05-01 22:52:57.817186,2,1
1471,70,373,0,1,0,0,0,0,0,0,0,0,0,0,0,2,1,2026-05-01 22:52:57.817186,2026-05-01 22:52:57.817186,0,1
1472,70,167,0,0,0,0,0,0,0,0,0,0,0,0,0,4,1,2026-05-01 22:52:57.817186,2026-05-01 22:52:57.817186,-3,25
1473,70,157,9,2,0,1,0,2,7,3,3,10,0,0,0,34,1,2026-05-01 22:52:57.817186,2026-05-01 22:52:57.817186,-27,25
1474,70,159,15,11,4,0,0,5,5,2,5,13,6,3,3,30,3,2026-05-01 22:52:57.817186,2026-05-01 22:52:57.817186,-8,25
1475,70,161,4,1,1,1,0,2,6,1,1,9,2,1,2,2,2,2026-05-01 22:52:57.817186,2026-05-01 22:52:57.817186,-22,25
1476,70,164,23,5,1,1,0,4,6,3,9,16,2,2,4,28,1,2026-05-01 22:52:57.817186,2026-05-01 22:52:57.817186,-13,25
1477,70,377,14,3,1,0,0,1,3,2,4,5,6,4,1,30,2,2026-05-01 22:52:57.817186,2026-05-01 22:52:57.817186,-34,25
1478,70,163,11,2,0,0,1,3,4,1,3,9,4,4,2,24,3,2026-05-01 22:52:57.817186,2026-05-01 22:52:57.817186,-10,25
1479,70,158,6,1,0,1,0,1,1,0,3,6,0,0,2,18,1,2026-05-01 22:52:57.817186,2026-05-01 22:52:57.817186,-22,25
1480,70,171,7,1,0,1,4,1,2,1,2,4,2,2,1,14,1,2026-05-01 22:52:57.817186,2026-05-01 22:52:57.817186,-9,25
1481,70,172,12,1,1,0,1,3,0,0,5,11,4,2,2,19,0,2026-05-01 22:52:57.817186,2026-05-01 22:52:57.817186,-9,25
1482,70,162,0,1,0,0,0,1,1,0,0,1,0,0,0,5,0,2026-05-01 22:52:57.817186,2026-05-01 22:52:57.817186,-11,25
1483,70,160,0,1,1,0,0,0,2,0,0,3,0,0,0,3,0,2026-05-01 22:52:57.817186,2026-05-01 22:52:57.817186,-2,25
1484,71,426,19,6,0,2,1,2,6,3,8,13,0,0,2,12,3,2026-05-01 22:52:57.817186,2026-05-01 22:52:57.817186,-8,22
1485,71,419,24,8,3,1,0,2,4,1,5,10,16,13,9,38,2,2026-05-01 22:52:57.817186,2026-05-01 22:52:57.817186,-25,22
1486,71,424,4,8,1,2,1,2,2,0,2,6,0,0,2,32,4,2026-05-01 22:52:57.817186,2026-05-01 22:52:57.817186,-18,22
1487,71,420,17,2,2,1,0,7,3,1,5,14,7,6,2,13,2,2026-05-01 22:52:57.817186,2026-05-01 22:52:57.817186,-14,22
1488,71,433,14,2,1,0,1,4,13,4,4,17,2,2,2,26,2,2026-05-01 22:52:57.817186,2026-05-01 22:52:57.817186,2,22
1489,71,193,2,3,0,2,1,3,3,0,1,6,0,0,0,30,1,2026-05-01 22:52:57.817186,2026-05-01 22:52:57.817186,-13,22
1490,71,427,0,1,0,0,0,0,2,0,0,3,0,0,0,13,1,2026-05-01 22:52:57.817186,2026-05-01 22:52:57.817186,-4,22
1491,71,428,3,1,0,0,0,0,0,0,1,1,2,1,0,8,1,2026-05-01 22:52:57.817186,2026-05-01 22:52:57.817186,5,22
1492,71,435,9,1,2,0,0,0,3,1,3,6,3,2,1,12,1,2026-05-01 22:52:57.817186,2026-05-01 22:52:57.817186,5,22
1493,71,431,0,0,0,0,0,0,0,0,0,1,0,0,1,3,0,2026-05-01 22:52:57.817186,2026-05-01 22:52:57.817186,0,22
1494,71,245,9,8,3,2,3,3,0,0,4,5,2,1,0,20,3,2026-05-01 22:52:57.817186,2026-05-01 22:52:57.817186,10,9
1495,71,231,23,5,2,2,1,1,4,1,10,18,2,2,0,32,1,2026-05-01 22:52:57.817186,2026-05-01 22:52:57.817186,6,9
1496,71,229,16,7,3,2,1,1,0,0,6,12,6,4,1,33,2,2026-05-01 22:52:57.817186,2026-05-01 22:52:57.817186,16,9
1497,71,241,0,3,0,0,0,2,4,0,0,4,0,0,0,1,3,2026-05-01 22:52:57.817186,2026-05-01 22:52:57.817186,9,9
1498,71,228,29,6,0,2,0,11,9,2,11,25,6,5,5,37,0,2026-05-01 22:52:57.817186,2026-05-01 22:52:57.817186,14,9
1499,71,238,8,2,0,2,0,3,4,0,4,10,0,0,3,20,5,2026-05-01 22:52:57.817186,2026-05-01 22:52:57.817186,4,9
1500,71,232,11,2,1,1,0,2,4,0,4,9,4,3,1,26,3,2026-05-01 22:52:57.817186,2026-05-01 22:52:57.817186,8,9
1501,71,230,3,6,2,0,0,1,3,1,1,3,0,0,1,18,2,2026-05-01 22:52:57.817186,2026-05-01 22:52:57.817186,3,9
1502,71,240,5,3,3,0,1,0,0,0,1,1,4,3,1,14,2,2026-05-01 22:52:57.817186,2026-05-01 22:52:57.817186,-2,9
1503,71,234,2,0,0,3,0,0,2,0,1,6,0,0,1,11,0,2026-05-01 22:52:57.817186,2026-05-01 22:52:57.817186,2,9
1504,72,37,27,6,2,0,0,8,6,2,9,17,7,7,5,14,1,2026-05-01 22:52:57.817186,2026-05-01 22:52:57.817186,7,2
1505,72,41,8,4,0,0,0,2,9,2,3,11,0,0,0,29,2,2026-05-01 22:52:57.817186,2026-05-01 22:52:57.817186,10,2
1506,72,44,27,7,10,1,3,2,0,0,10,14,10,7,0,27,4,2026-05-01 22:52:57.817186,2026-05-01 22:52:57.817186,20,2
1507,72,45,12,3,1,0,1,2,9,2,5,12,0,0,1,7,3,2026-05-01 22:52:57.817186,2026-05-01 22:52:57.817186,15,2
1508,72,51,21,4,2,2,2,8,11,5,6,16,4,4,4,39,4,2026-05-01 22:52:57.817186,2026-05-01 22:52:57.817186,21,2
1509,72,208,11,9,3,0,1,0,6,3,4,9,0,0,1,20,2,2026-05-01 22:52:57.817186,2026-05-01 22:52:57.817186,-4,2
1510,72,43,0,3,0,1,0,5,4,0,0,4,0,0,2,27,1,2026-05-01 22:52:57.817186,2026-05-01 22:52:57.817186,7,2
1511,72,39,2,3,1,0,0,0,0,0,1,2,0,0,0,12,1,2026-05-01 22:52:57.817186,2026-05-01 22:52:57.817186,-5,2
1512,72,50,6,1,0,0,0,0,4,2,2,6,0,0,0,13,1,2026-05-01 22:52:57.817186,2026-05-01 22:52:57.817186,9,2
1513,72,84,4,3,1,0,0,2,2,0,2,10,0,0,1,10,3,2026-05-01 22:52:57.817186,2026-05-01 22:52:57.817186,-7,23
1514,72,70,14,6,2,3,0,1,0,0,4,7,8,6,1,28,4,2026-05-01 22:52:57.817186,2026-05-01 22:52:57.817186,0,23
1515,72,74,10,10,2,4,0,4,4,2,3,5,3,2,2,32,3,2026-05-01 22:52:57.817186,2026-05-01 22:52:57.817186,-9,23
1516,72,75,23,2,3,2,1,3,11,5,8,21,3,2,2,16,3,2026-05-01 22:52:57.817186,2026-05-01 22:52:57.817186,-14,23
1517,72,82,33,2,1,1,2,6,11,4,12,34,6,5,0,43,1,2026-05-01 22:52:57.817186,2026-05-01 22:52:57.817186,-9,23
1518,72,80,5,1,0,0,0,2,3,1,2,5,0,0,0,26,0,2026-05-01 22:52:57.817186,2026-05-01 22:52:57.817186,-14,23
1519,72,72,5,3,1,0,1,1,0,0,2,4,2,1,0,15,3,2026-05-01 22:52:57.817186,2026-05-01 22:52:57.817186,-7,23
1520,72,86,4,0,0,0,0,1,0,0,2,2,0,0,0,14,0,2026-05-01 22:52:57.817186,2026-05-01 22:52:57.817186,-13,23
1521,72,555,0,0,0,0,0,1,0,0,0,0,0,0,0,4,0,2026-05-01 22:52:57.817186,2026-05-01 22:52:57.817186,-7,23
1522,73,464,18,2,1,1,0,0,5,3,6,11,6,3,1,6,3,2026-05-01 22:52:57.817186,2026-05-01 22:52:57.817186,-10,7
1523,73,446,4,2,0,0,0,3,3,0,2,10,0,0,1,25,5,2026-05-01 22:52:57.817186,2026-05-01 22:52:57.817186,-15,7
1524,73,458,8,5,2,1,0,2,0,0,3,9,2,2,1,21,1,2026-05-01 22:52:57.817186,2026-05-01 22:52:57.817186,-9,7
1525,73,453,14,7,0,2,0,0,8,4,5,11,0,0,2,11,1,2026-05-01 22:52:57.817186,2026-05-01 22:52:57.817186,-12,7
1526,73,470,14,2,1,0,0,3,2,0,5,12,4,4,1,24,0,2026-05-01 22:52:57.817186,2026-05-01 22:52:57.817186,-14,7
1527,73,468,7,0,0,0,0,1,5,1,3,8,0,0,2,14,1,2026-05-01 22:52:57.817186,2026-05-01 22:52:57.817186,-3,7
1528,73,466,9,7,2,1,1,2,0,0,4,5,2,1,1,20,3,2026-05-01 22:52:57.817186,2026-05-01 22:52:57.817186,-4,7
1529,73,465,7,2,0,0,0,5,4,1,2,9,2,2,5,23,2,2026-05-01 22:52:57.817186,2026-05-01 22:52:57.817186,1,7
1530,73,444,6,4,0,1,0,4,4,0,3,9,0,0,1,22,1,2026-05-01 22:52:57.817186,2026-05-01 22:52:57.817186,0,7
1531,73,454,0,9,3,0,0,0,0,0,0,1,0,0,2,21,1,2026-05-01 22:52:57.817186,2026-05-01 22:52:57.817186,1,7
1532,73,142,5,4,0,0,0,0,5,1,2,6,0,0,0,21,1,2026-05-01 22:52:57.817186,2026-05-01 22:52:57.817186,11,21
1533,73,145,19,5,4,2,2,1,5,1,8,14,2,2,2,27,1,2026-05-01 22:52:57.817186,2026-05-01 22:52:57.817186,13,21
1534,73,144,7,4,1,1,2,4,1,0,3,8,4,1,0,24,3,2026-05-01 22:52:57.817186,2026-05-01 22:52:57.817186,10,21
1535,73,150,4,5,1,1,1,8,3,0,2,7,0,0,1,5,2,2026-05-01 22:52:57.817186,2026-05-01 22:52:57.817186,8,21
1536,73,143,30,4,0,4,0,5,5,1,12,20,6,5,3,33,2,2026-05-01 22:52:57.817186,2026-05-01 22:52:57.817186,13,21
1537,73,151,6,0,0,1,0,0,3,1,2,7,2,1,0,14,0,2026-05-01 22:52:57.817186,2026-05-01 22:52:57.817186,4,21
1538,73,146,14,4,1,0,0,0,7,3,5,9,1,1,0,21,1,2026-05-01 22:52:57.817186,2026-05-01 22:52:57.817186,2,21
1539,73,140,4,6,0,0,1,1,3,0,2,5,0,0,1,21,2,2026-05-01 22:52:57.817186,2026-05-01 22:52:57.817186,4,21
1540,73,153,0,5,0,0,2,2,1,0,0,2,0,0,1,17,2,2026-05-01 22:52:57.817186,2026-05-01 22:52:57.817186,4,21
1541,73,83,11,1,0,0,0,1,5,1,5,11,0,0,0,22,3,2026-05-01 22:52:57.817186,2026-05-01 22:52:57.817186,-3,21
1542,73,154,0,1,0,0,0,0,1,0,0,3,0,0,0,5,0,2026-05-01 22:52:57.817186,2026-05-01 22:52:57.817186,-1,21
1543,74,308,23,3,0,1,0,5,7,1,8,18,7,6,2,5,1,2026-05-01 22:52:57.817186,2026-05-01 22:52:57.817186,25,13
1544,74,304,15,3,4,2,0,1,4,1,5,14,4,4,2,24,3,2026-05-01 22:52:57.817186,2026-05-01 22:52:57.817186,20,13
1545,74,309,16,7,0,1,0,3,6,4,6,9,0,0,1,25,4,2026-05-01 22:52:57.817186,2026-05-01 22:52:57.817186,15,13
1546,74,307,17,1,1,0,0,0,4,3,6,9,2,2,0,4,2,2026-05-01 22:52:57.817186,2026-05-01 22:52:57.817186,19,13
1547,74,305,9,2,1,3,0,4,2,1,4,5,0,0,1,21,0,2026-05-01 22:52:57.817186,2026-05-01 22:52:57.817186,1,13
1548,74,253,9,2,3,0,1,1,3,0,4,13,2,1,1,25,1,2026-05-01 22:52:57.817186,2026-05-01 22:52:57.817186,16,13
1549,74,299,9,3,0,0,0,4,5,3,3,5,0,0,0,20,1,2026-05-01 22:52:57.817186,2026-05-01 22:52:57.817186,5,13
1550,74,310,19,1,1,3,0,8,1,1,5,6,11,8,0,32,2,2026-05-01 22:52:57.817186,2026-05-01 22:52:57.817186,-2,13
1551,74,311,7,6,0,0,1,0,0,0,2,3,3,3,0,19,5,2026-05-01 22:52:57.817186,2026-05-01 22:52:57.817186,10,13
1552,74,312,9,0,0,0,0,1,4,3,3,4,0,0,0,4,1,2026-05-01 22:52:57.817186,2026-05-01 22:52:57.817186,-3,13
1553,74,303,2,0,0,1,0,1,0,0,1,2,0,0,1,4,0,2026-05-01 22:52:57.817186,2026-05-01 22:52:57.817186,-3,13
1554,74,250,2,0,0,0,1,1,0,0,1,1,0,0,0,4,2,2026-05-01 22:52:57.817186,2026-05-01 22:52:57.817186,-3,13
1555,74,509,14,2,4,0,0,2,5,2,5,12,4,2,0,5,0,2026-05-01 22:52:57.817186,2026-05-01 22:52:57.817186,-13,19
1556,74,519,16,2,0,2,0,3,10,4,6,15,0,0,3,31,0,2026-05-01 22:52:57.817186,2026-05-01 22:52:57.817186,-18,19
1557,74,514,2,1,1,0,0,1,0,0,1,1,0,0,1,11,1,2026-05-01 22:52:57.817186,2026-05-01 22:52:57.817186,-10,19
1558,74,520,17,4,1,1,0,5,3,1,6,10,4,4,2,21,2,2026-05-01 22:52:57.817186,2026-05-01 22:52:57.817186,-14,19
1559,74,513,2,3,1,0,0,0,3,0,1,6,0,0,0,21,5,2026-05-01 22:52:57.817186,2026-05-01 22:52:57.817186,-15,19
1560,74,511,28,3,0,0,2,4,6,5,10,15,3,3,5,26,1,2026-05-01 22:52:57.817186,2026-05-01 22:52:57.817186,-6,19
1561,74,518,9,4,4,1,1,0,0,0,3,7,6,3,1,20,2,2026-05-01 22:52:57.817186,2026-05-01 22:52:57.817186,-2,19
1562,74,517,6,1,0,0,0,2,1,0,2,5,2,2,1,26,5,2026-05-01 22:52:57.817186,2026-05-01 22:52:57.817186,-20,19
1563,74,523,19,4,1,2,1,2,1,0,6,13,7,7,3,29,3,2026-05-01 22:52:57.817186,2026-05-01 22:52:57.817186,-1,19
1564,74,516,4,3,2,0,0,3,2,0,0,2,4,4,0,14,2,2026-05-01 22:52:57.817186,2026-05-01 22:52:57.817186,-7,19
1565,74,521,0,0,0,0,0,0,1,0,0,2,0,0,0,4,0,2026-05-01 22:52:57.817186,2026-05-01 22:52:57.817186,3,19
1566,74,512,0,0,0,0,0,0,1,0,0,1,0,0,0,4,0,2026-05-01 22:52:57.817186,2026-05-01 22:52:57.817186,3,19
1567,75,320,24,1,0,2,1,5,4,3,8,15,6,5,3,2,0,2026-05-01 22:52:57.817186,2026-05-01 22:52:57.817186,13,14
1568,75,326,9,2,1,5,0,3,5,3,3,5,0,0,1,24,1,2026-05-01 22:52:57.817186,2026-05-01 22:52:57.817186,17,14
1569,75,315,12,3,1,2,1,2,0,0,6,6,1,0,1,18,0,2026-05-01 22:52:57.817186,2026-05-01 22:52:57.817186,2,14
1570,75,325,12,0,0,0,2,5,6,2,3,9,4,4,2,3,0,2026-05-01 22:52:57.817186,2026-05-01 22:52:57.817186,15,14
1571,75,316,28,5,0,1,1,9,8,4,10,16,7,4,1,29,1,2026-05-01 22:52:57.817186,2026-05-01 22:52:57.817186,18,14
1572,75,317,8,1,1,1,1,0,4,2,2,8,2,2,0,22,2,2026-05-01 22:52:57.817186,2026-05-01 22:52:57.817186,12,14
1573,75,318,4,4,1,0,1,1,0,0,2,2,1,0,0,12,4,2026-05-01 22:52:57.817186,2026-05-01 22:52:57.817186,16,14
1574,75,375,11,1,0,1,1,5,5,3,4,10,0,0,1,25,0,2026-05-01 22:52:57.817186,2026-05-01 22:52:57.817186,17,14
1575,75,323,4,4,3,1,0,1,3,0,2,10,0,0,0,21,3,2026-05-01 22:52:57.817186,2026-05-01 22:52:57.817186,11,14
1576,75,321,6,4,2,0,1,0,0,0,3,3,0,0,0,13,1,2026-05-01 22:52:57.817186,2026-05-01 22:52:57.817186,7,14
1577,75,319,3,0,0,0,0,2,2,1,1,3,0,0,0,6,0,2026-05-01 22:52:57.817186,2026-05-01 22:52:57.817186,-5,14
1578,75,328,3,1,0,0,0,1,0,0,1,1,1,1,0,3,0,2026-05-01 22:52:57.817186,2026-05-01 22:52:57.817186,-1,14
1579,75,322,2,1,0,1,0,0,0,0,1,1,0,0,0,3,0,2026-05-01 22:52:57.817186,2026-05-01 22:52:57.817186,-1,14
1580,75,551,2,1,0,0,0,0,2,0,1,5,0,0,0,3,0,2026-05-01 22:52:57.817186,2026-05-01 22:52:57.817186,-1,14
1581,75,353,9,4,0,0,0,8,2,1,3,5,2,2,2,22,1,2026-05-01 22:52:57.817186,2026-05-01 22:52:57.817186,-9,26
1582,75,349,8,4,5,1,2,1,1,0,4,10,0,0,0,26,2,2026-05-01 22:52:57.817186,2026-05-01 22:52:57.817186,-11,26
1583,75,361,16,7,6,0,0,1,1,0,8,10,0,0,6,33,3,2026-05-01 22:52:57.817186,2026-05-01 22:52:57.817186,-12,26
1584,75,352,26,5,2,1,1,4,2,1,11,18,4,3,3,17,3,2026-05-01 22:52:57.817186,2026-05-01 22:52:57.817186,-17,26
1585,75,366,14,4,0,0,0,5,7,1,6,16,1,1,4,21,3,2026-05-01 22:52:57.817186,2026-05-01 22:52:57.817186,-12,26
1586,75,360,2,1,1,0,0,2,4,0,0,6,2,2,0,25,1,2026-05-01 22:52:57.817186,2026-05-01 22:52:57.817186,-30,26
1587,75,351,6,2,0,0,0,3,2,0,2,7,2,2,1,20,0,2026-05-01 22:52:57.817186,2026-05-01 22:52:57.817186,-14,26
1588,75,358,10,1,0,0,0,2,5,2,3,7,2,2,1,16,0,2026-05-01 22:52:57.817186,2026-05-01 22:52:57.817186,-12,26
1589,75,355,10,2,0,1,2,1,0,0,4,7,2,2,2,14,2,2026-05-01 22:52:57.817186,2026-05-01 22:52:57.817186,-12,26
1590,75,544,3,4,2,1,3,1,1,1,1,2,0,0,1,11,1,2026-05-01 22:52:57.817186,2026-05-01 22:52:57.817186,4,26
1591,75,558,0,2,0,0,0,2,1,0,0,2,0,0,0,6,0,2026-05-01 22:52:57.817186,2026-05-01 22:52:57.817186,5,26
1592,76,392,10,5,3,3,0,1,7,2,4,11,3,0,2,4,4,2026-05-01 22:52:57.817186,2026-05-01 22:52:57.817186,24,4
1593,76,385,14,6,2,3,0,5,6,2,5,11,2,2,2,32,3,2026-05-01 22:52:57.817186,2026-05-01 22:52:57.817186,13,4
1594,76,387,13,8,3,0,0,5,0,0,5,7,4,3,1,33,2,2026-05-01 22:52:57.817186,2026-05-01 22:52:57.817186,24,4
1595,76,395,26,5,3,0,0,2,12,6,9,19,2,2,4,8,3,2026-05-01 22:52:57.817186,2026-05-01 22:52:57.817186,-1,4
1596,76,384,15,3,1,2,0,8,7,2,6,19,1,1,1,29,2,2026-05-01 22:52:57.817186,2026-05-01 22:52:57.817186,17,4
1597,76,388,6,1,2,1,0,0,2,1,2,3,2,1,2,14,3,2026-05-01 22:52:57.817186,2026-05-01 22:52:57.817186,-3,4
1598,76,391,2,3,4,0,0,0,0,0,1,4,2,0,0,14,1,2026-05-01 22:52:57.817186,2026-05-01 22:52:57.817186,-8,4
1599,76,401,0,1,2,1,0,1,1,0,0,1,0,0,1,14,0,2026-05-01 22:52:57.817186,2026-05-01 22:52:57.817186,1,4
1600,76,209,20,3,0,0,0,1,5,2,5,13,9,8,2,21,4,2026-05-01 22:52:57.817186,2026-05-01 22:52:57.817186,1,4
1601,76,390,3,0,0,1,0,0,2,1,1,3,0,0,0,13,0,2026-05-01 22:52:57.817186,2026-05-01 22:52:57.817186,6,4
1602,76,386,0,0,0,0,0,0,0,0,0,0,0,0,1,1,0,2026-05-01 22:52:57.817186,2026-05-01 22:52:57.817186,2,4
1603,76,393,0,0,0,0,0,1,0,0,0,0,0,0,0,1,0,2026-05-01 22:52:57.817186,2026-05-01 22:52:57.817186,2,4
1604,76,49,0,0,0,0,0,0,0,0,0,0,0,0,0,1,0,2026-05-01 22:52:57.817186,2026-05-01 22:52:57.817186,2,4
1605,76,167,2,2,2,0,0,0,2,0,1,5,0,0,1,16,1,2026-05-01 22:52:57.817186,2026-05-01 22:52:57.817186,-15,25
1606,76,157,12,4,2,1,0,2,8,2,4,10,4,2,1,32,2,2026-05-01 22:52:57.817186,2026-05-01 22:52:57.817186,-21,25
1607,76,159,7,7,1,1,2,2,2,1,3,6,0,0,1,25,4,2026-05-01 22:52:57.817186,2026-05-01 22:52:57.817186,-14,25
1608,76,161,21,1,0,0,1,2,9,3,9,18,0,0,3,7,1,2026-05-01 22:52:57.817186,2026-05-01 22:52:57.817186,-20,25
1609,76,164,25,5,0,1,0,4,8,3,9,16,4,4,4,33,0,2026-05-01 22:52:57.817186,2026-05-01 22:52:57.817186,0,25
1610,76,163,8,1,2,0,1,4,7,0,3,12,3,2,3,22,2,2026-05-01 22:52:57.817186,2026-05-01 22:52:57.817186,-10,25
1611,76,173,5,4,2,1,1,2,0,0,1,2,4,3,2,16,0,2026-05-01 22:52:57.817186,2026-05-01 22:52:57.817186,-4,25
1612,76,377,4,1,0,2,0,2,4,1,1,6,2,1,0,26,6,2026-05-01 22:52:57.817186,2026-05-01 22:52:57.817186,1,25
1613,76,171,5,2,1,2,1,2,3,1,2,4,0,0,0,12,0,2026-05-01 22:52:57.817186,2026-05-01 22:52:57.817186,3,25
1614,76,158,0,0,0,0,0,1,1,0,0,2,2,0,0,7,1,2026-05-01 22:52:57.817186,2026-05-01 22:52:57.817186,0,25
1615,76,172,2,1,0,0,1,1,2,0,1,3,0,0,1,11,2,2026-05-01 22:52:57.817186,2026-05-01 22:52:57.817186,2,25
1616,76,162,2,0,1,0,0,0,1,0,1,2,0,0,0,2,0,2026-05-01 22:52:57.817186,2026-05-01 22:52:57.817186,0,25
1617,76,160,0,0,0,0,0,0,0,0,0,0,0,0,0,1,0,2026-05-01 22:52:57.817186,2026-05-01 22:52:57.817186,-2,25
1618,77,411,20,3,1,0,0,4,5,1,6,12,8,7,3,10,4,2026-05-01 22:52:57.817186,2026-05-01 22:52:57.817186,4,16
1619,77,417,12,4,2,0,3,4,4,1,4,10,3,3,1,31,1,2026-05-01 22:52:57.817186,2026-05-01 22:52:57.817186,-5,16
1620,77,402,24,7,4,1,0,1,5,3,9,17,6,3,1,35,3,2026-05-01 22:52:57.817186,2026-05-01 22:52:57.817186,16,16
1621,77,406,18,1,1,1,0,3,4,2,8,12,0,0,4,9,3,2026-05-01 22:52:57.817186,2026-05-01 22:52:57.817186,0,16
1622,77,412,10,2,1,0,0,5,4,2,4,10,0,0,1,25,3,2026-05-01 22:52:57.817186,2026-05-01 22:52:57.817186,-3,16
1623,77,416,13,10,5,0,1,1,3,1,6,10,0,0,1,28,1,2026-05-01 22:52:57.817186,2026-05-01 22:52:57.817186,15,16
1624,77,408,14,3,0,0,0,3,1,0,7,12,1,0,2,24,2,2026-05-01 22:52:57.817186,2026-05-01 22:52:57.817186,6,16
1625,77,407,0,2,0,0,0,0,1,0,0,1,0,0,0,11,0,2026-05-01 22:52:57.817186,2026-05-01 22:52:57.817186,7,16
1626,77,403,0,0,0,0,0,1,3,0,0,5,0,0,0,8,1,2026-05-01 22:52:57.817186,2026-05-01 22:52:57.817186,9,16
1627,77,415,4,1,0,1,0,0,1,1,1,1,2,1,0,7,0,2026-05-01 22:52:57.817186,2026-05-01 22:52:57.817186,1,16
1628,77,476,10,7,4,1,0,5,7,2,4,12,0,0,1,11,3,2026-05-01 22:52:57.817186,2026-05-01 22:52:57.817186,-15,11
1629,77,475,32,5,0,0,2,8,8,2,12,20,6,6,1,37,1,2026-05-01 22:52:57.817186,2026-05-01 22:52:57.817186,5,11
1630,77,482,13,2,4,2,0,3,1,0,6,14,2,1,3,34,4,2026-05-01 22:52:57.817186,2026-05-01 22:52:57.817186,-18,11
1631,77,486,20,7,4,1,0,4,1,0,7,16,12,6,4,15,3,2026-05-01 22:52:57.817186,2026-05-01 22:52:57.817186,-18,11
1632,77,483,14,4,0,1,0,5,11,4,5,14,0,0,0,35,3,2026-05-01 22:52:57.817186,2026-05-01 22:52:57.817186,-3,11
1633,77,472,7,2,1,0,0,1,0,0,3,7,1,1,0,13,0,2026-05-01 22:52:57.817186,2026-05-01 22:52:57.817186,0,11
1634,77,481,0,0,0,0,0,0,1,0,0,1,0,0,0,7,0,2026-05-01 22:52:57.817186,2026-05-01 22:52:57.817186,1,11
1635,77,477,0,2,0,1,0,0,2,0,0,2,0,0,0,15,2,2026-05-01 22:52:57.817186,2026-05-01 22:52:57.817186,-11,11
1636,77,479,5,1,0,0,0,0,3,1,2,4,0,0,1,8,2,2026-05-01 22:52:57.817186,2026-05-01 22:52:57.817186,-5,11
1637,77,478,4,2,2,0,0,0,2,0,2,5,0,0,0,11,0,2026-05-01 22:52:57.817186,2026-05-01 22:52:57.817186,12,11
1638,77,473,0,0,0,0,0,0,0,0,0,0,0,0,0,0,0,2026-05-01 22:52:57.817186,2026-05-01 22:52:57.817186,2,11
1639,78,441,14,3,2,1,0,4,3,2,6,10,2,0,2,22,1,2026-05-01 22:52:57.817186,2026-05-01 22:52:57.817186,-4,30
1640,78,442,14,3,0,0,2,1,3,3,5,7,2,1,1,15,1,2026-05-01 22:52:57.817186,2026-05-01 22:52:57.817186,2,30
1641,78,449,13,2,1,0,1,3,5,3,4,6,2,2,1,18,3,2026-05-01 22:52:57.817186,2026-05-01 22:52:57.817186,3,30
1642,78,445,8,2,1,0,1,0,3,1,3,6,2,1,2,19,4,2026-05-01 22:52:57.817186,2026-05-01 22:52:57.817186,-7,30
1643,78,438,12,3,0,1,0,5,4,2,4,9,2,2,1,20,2,2026-05-01 22:52:57.817186,2026-05-01 22:52:57.817186,-4,30
1644,78,440,4,1,1,1,0,2,1,0,1,4,2,2,0,17,0,2026-05-01 22:52:57.817186,2026-05-01 22:52:57.817186,4,30
1645,78,443,8,2,3,0,0,3,3,0,4,11,0,0,1,28,3,2026-05-01 22:52:57.817186,2026-05-01 22:52:57.817186,-5,30
1646,78,447,19,4,0,0,0,3,2,1,6,10,7,6,3,34,2,2026-05-01 22:52:57.817186,2026-05-01 22:52:57.817186,-16,30
1647,78,450,10,2,0,0,1,0,3,2,4,5,1,0,0,21,1,2026-05-01 22:52:57.817186,2026-05-01 22:52:57.817186,0,30
1648,78,439,12,1,4,0,3,2,2,0,6,11,0,0,0,21,2,2026-05-01 22:52:57.817186,2026-05-01 22:52:57.817186,-13,30
1649,78,459,11,0,0,0,0,0,5,2,4,9,1,1,2,19,1,2026-05-01 22:52:57.817186,2026-05-01 22:52:57.817186,-5,30
1650,78,93,24,5,0,1,1,5,1,1,9,14,6,5,2,9,2,2026-05-01 22:52:57.817186,2026-05-01 22:52:57.817186,11,28
1651,78,88,18,2,2,1,1,4,1,0,7,13,4,4,1,29,4,2026-05-01 22:52:57.817186,2026-05-01 22:52:57.817186,3,28
1652,78,99,18,7,3,3,1,3,0,0,7,7,5,4,1,26,6,2026-05-01 22:52:57.817186,2026-05-01 22:52:57.817186,18,28
1653,78,89,21,4,1,1,0,3,3,1,8,15,6,4,1,8,4,2026-05-01 22:52:57.817186,2026-05-01 22:52:57.817186,12,28
1654,78,100,27,2,0,0,0,11,7,2,10,15,5,5,1,37,1,2026-05-01 22:52:57.817186,2026-05-01 22:52:57.817186,7,28
1655,78,95,7,2,1,1,0,0,2,0,3,5,1,1,1,15,2,2026-05-01 22:52:57.817186,2026-05-01 22:52:57.817186,3,28
1656,78,103,6,1,0,0,0,2,3,2,2,5,0,0,0,23,1,2026-05-01 22:52:57.817186,2026-05-01 22:52:57.817186,0,28
1657,78,101,7,1,0,0,0,3,2,1,3,7,0,0,2,22,0,2026-05-01 22:52:57.817186,2026-05-01 22:52:57.817186,9,28
1658,78,90,6,3,1,0,0,0,3,2,2,4,0,0,0,16,2,2026-05-01 22:52:57.817186,2026-05-01 22:52:57.817186,-11,28
1659,78,288,0,0,0,0,0,0,0,0,0,0,0,0,0,2,0,2026-05-01 22:52:57.817186,2026-05-01 22:52:57.817186,-7,28
1660,79,292,12,3,0,2,0,3,10,4,4,11,0,0,2,5,2,2026-05-01 22:52:57.817186,2026-05-01 22:52:57.817186,-25,10
1661,79,297,14,2,2,0,0,2,7,2,6,12,0,0,1,27,3,2026-05-01 22:52:57.817186,2026-05-01 22:52:57.817186,-22,10
1662,79,285,7,6,0,0,0,6,5,1,3,8,0,0,2,23,0,2026-05-01 22:52:57.817186,2026-05-01 22:52:57.817186,-30,10
1663,79,291,10,1,0,0,1,4,5,2,3,12,2,2,0,23,0,2026-05-01 22:52:57.817186,2026-05-01 22:52:57.817186,-25,10
1664,79,294,9,6,1,1,0,6,6,0,4,12,2,1,1,29,2,2026-05-01 22:52:57.817186,2026-05-01 22:52:57.817186,-20,10
1665,79,293,12,1,0,2,0,3,3,0,6,10,0,0,1,15,3,2026-05-01 22:52:57.817186,2026-05-01 22:52:57.817186,-3,10
1666,79,298,4,1,2,0,0,4,0,0,1,3,3,2,0,27,2,2026-05-01 22:52:57.817186,2026-05-01 22:52:57.817186,-3,10
1667,79,296,4,0,1,0,1,0,0,0,2,3,0,0,1,4,1,2026-05-01 22:52:57.817186,2026-05-01 22:52:57.817186,-9,10
1668,79,287,8,5,0,0,2,2,3,2,2,3,2,2,0,22,1,2026-05-01 22:52:57.817186,2026-05-01 22:52:57.817186,-5,10
1669,79,295,8,5,2,1,0,0,2,0,4,8,0,0,0,13,0,2026-05-01 22:52:57.817186,2026-05-01 22:52:57.817186,-2,10
1670,79,562,7,1,0,0,0,2,2,1,3,5,0,0,2,14,4,2026-05-01 22:52:57.817186,2026-05-01 22:52:57.817186,1,10
1671,79,290,6,0,1,0,0,0,1,0,3,4,0,0,0,7,1,2026-05-01 22:52:57.817186,2026-05-01 22:52:57.817186,3,10
1672,79,326,8,5,0,2,0,1,4,2,3,6,0,0,0,4,1,2026-05-01 22:52:57.817186,2026-05-01 22:52:57.817186,25,14
1673,79,320,22,5,2,1,0,9,6,4,7,13,5,4,4,28,1,2026-05-01 22:52:57.817186,2026-05-01 22:52:57.817186,26,14
1674,79,315,4,8,2,0,0,0,0,0,2,5,2,0,0,19,0,2026-05-01 22:52:57.817186,2026-05-01 22:52:57.817186,14,14
1675,79,325,18,1,0,0,0,3,4,2,7,11,2,2,1,3,1,2026-05-01 22:52:57.817186,2026-05-01 22:52:57.817186,22,14
1676,79,316,26,6,0,1,1,8,9,4,9,17,4,4,2,29,2,2026-05-01 22:52:57.817186,2026-05-01 22:52:57.817186,26,14
1677,79,375,16,3,0,1,0,3,7,4,6,10,0,0,1,27,2,2026-05-01 22:52:57.817186,2026-05-01 22:52:57.817186,14,14
1678,79,323,15,3,2,1,0,3,6,3,6,10,3,0,1,27,3,2026-05-01 22:52:57.817186,2026-05-01 22:52:57.817186,14,14
1679,79,318,6,3,2,0,0,0,0,0,3,4,0,0,0,15,1,2026-05-01 22:52:57.817186,2026-05-01 22:52:57.817186,18,14
1680,79,321,4,1,1,1,3,1,1,0,2,4,0,0,0,12,0,2026-05-01 22:52:57.817186,2026-05-01 22:52:57.817186,-4,14
1681,79,330,2,1,1,0,0,0,1,0,1,4,0,0,0,12,0,2026-05-01 22:52:57.817186,2026-05-01 22:52:57.817186,-7,14
1682,79,322,0,0,0,0,1,0,1,0,0,1,0,0,0,5,0,2026-05-01 22:52:57.817186,2026-05-01 22:52:57.817186,-4,14
1683,79,551,8,1,0,0,0,1,2,0,2,5,4,4,0,5,0,2026-05-01 22:52:57.817186,2026-05-01 22:52:57.817186,-4,14
1684,80,191,4,2,0,1,0,2,0,0,2,5,0,0,0,20,1,2026-05-01 22:52:57.817186,2026-05-01 22:52:57.817186,-18,29
1685,80,554,8,3,2,0,0,0,3,2,3,6,0,0,0,16,2,2026-05-01 22:52:57.817186,2026-05-01 22:52:57.817186,-6,29
1686,80,178,12,5,1,1,1,1,5,0,2,10,9,8,1,29,4,2026-05-01 22:52:57.817186,2026-05-01 22:52:57.817186,-10,29
1687,80,175,13,4,4,1,3,2,8,3,4,16,2,2,2,5,4,2026-05-01 22:52:57.817186,2026-05-01 22:52:57.817186,-4,29
1688,80,179,17,2,0,0,0,4,6,1,4,11,10,8,0,23,1,2026-05-01 22:52:57.817186,2026-05-01 22:52:57.817186,-15,29
1689,80,497,3,1,1,2,0,0,3,1,1,3,0,0,1,15,0,2026-05-01 22:52:57.817186,2026-05-01 22:52:57.817186,7,29
1690,80,180,14,2,1,1,0,5,4,2,5,9,3,2,0,28,3,2026-05-01 22:52:57.817186,2026-05-01 22:52:57.817186,8,29
1691,80,183,3,2,0,1,0,2,4,1,1,4,0,0,0,9,1,2026-05-01 22:52:57.817186,2026-05-01 22:52:57.817186,-6,29
1692,80,188,10,1,3,1,0,1,8,2,4,16,1,0,1,26,1,2026-05-01 22:52:57.817186,2026-05-01 22:52:57.817186,-1,29
1693,80,177,21,3,0,2,1,7,2,0,7,15,8,7,2,32,2,2026-05-01 22:52:57.817186,2026-05-01 22:52:57.817186,-11,29
1694,80,190,0,2,1,0,0,0,0,0,0,1,0,0,0,9,1,2026-05-01 22:52:57.817186,2026-05-01 22:52:57.817186,6,29
1695,80,509,24,2,3,2,0,6,8,3,7,16,10,7,4,15,2,2026-05-01 22:52:57.817186,2026-05-01 22:52:57.817186,11,19
1696,80,524,4,1,0,0,0,2,0,0,1,2,2,2,0,11,0,2026-05-01 22:52:57.817186,2026-05-01 22:52:57.817186,7,19
1697,80,514,3,6,1,1,0,0,0,0,1,2,2,1,1,12,1,2026-05-01 22:52:57.817186,2026-05-01 22:52:57.817186,4,19
1698,80,517,18,4,0,1,0,2,10,4,6,14,2,2,0,9,3,2026-05-01 22:52:57.817186,2026-05-01 22:52:57.817186,9,19
1699,80,513,17,7,1,0,1,7,8,3,7,16,0,0,2,36,1,2026-05-01 22:52:57.817186,2026-05-01 22:52:57.817186,16,19
1700,80,516,8,4,2,1,2,5,1,0,3,4,2,2,1,25,4,2026-05-01 22:52:57.817186,2026-05-01 22:52:57.817186,-3,19
1701,80,523,7,7,2,0,1,3,0,0,3,4,2,1,2,18,2,2026-05-01 22:52:57.817186,2026-05-01 22:52:57.817186,2,19
1702,80,522,11,3,0,0,2,1,7,3,4,8,0,0,4,15,2,2026-05-01 22:52:57.817186,2026-05-01 22:52:57.817186,-10,19
1703,80,511,18,10,1,0,2,5,8,2,5,14,6,6,5,34,5,2026-05-01 22:52:57.817186,2026-05-01 22:52:57.817186,17,19
1704,80,518,5,1,2,0,3,1,0,0,2,3,3,1,0,11,2,2026-05-01 22:52:57.817186,2026-05-01 22:52:57.817186,3,19
1705,80,512,0,0,0,0,0,0,2,0,0,2,0,0,0,1,0,2026-05-01 22:52:57.817186,2026-05-01 22:52:57.817186,-3,19
1706,80,521,0,1,0,0,0,0,0,0,0,0,0,0,0,1,1,2026-05-01 22:52:57.817186,2026-05-01 22:52:57.817186,-3,19
1707,81,245,18,5,3,2,1,5,0,0,7,10,6,4,1,11,3,2026-05-01 22:52:57.817186,2026-05-01 22:52:57.817186,7,9
1708,81,231,11,5,0,6,0,5,4,1,5,13,0,0,0,36,1,2026-05-01 22:52:57.817186,2026-05-01 22:52:57.817186,-1,9
1709,81,229,33,9,7,1,3,3,0,0,11,19,15,11,0,41,1,2026-05-01 22:52:57.817186,2026-05-01 22:52:57.817186,14,9
1710,81,241,8,1,1,0,2,2,8,2,3,9,0,0,2,10,6,2026-05-01 22:52:57.817186,2026-05-01 22:52:57.817186,7,9
1711,81,228,25,8,2,2,0,7,3,0,11,21,5,3,4,36,6,2026-05-01 22:52:57.817186,2026-05-01 22:52:57.817186,2,9
1712,81,232,12,1,2,0,0,0,3,2,4,6,2,2,1,15,3,2026-05-01 22:52:57.817186,2026-05-01 22:52:57.817186,-6,9
1713,81,240,4,2,4,1,0,1,1,0,2,4,0,0,0,11,3,2026-05-01 22:52:57.817186,2026-05-01 22:52:57.817186,-11,9
1714,81,238,1,1,1,1,0,1,0,0,0,1,2,1,2,16,2,2026-05-01 22:52:57.817186,2026-05-01 22:52:57.817186,-4,9
1715,81,234,8,1,0,0,0,1,3,1,2,10,3,3,1,19,2,2026-05-01 22:52:57.817186,2026-05-01 22:52:57.817186,0,9
1716,81,230,2,1,1,1,0,0,3,0,1,4,0,0,0,6,0,2026-05-01 22:52:57.817186,2026-05-01 22:52:57.817186,6,9
1717,81,242,0,1,0,0,0,1,2,0,0,3,0,0,2,11,0,2026-05-01 22:52:57.817186,2026-05-01 22:52:57.817186,1,9
1718,81,226,15,3,1,2,0,1,7,4,5,10,2,1,1,16,5,2026-05-01 22:52:57.817186,2026-05-01 22:52:57.817186,-9,6
1719,81,219,23,12,0,0,4,1,8,4,9,15,2,1,1,37,2,2026-05-01 22:52:57.817186,2026-05-01 22:52:57.817186,-5,6
1720,81,211,25,5,4,0,1,4,0,0,10,12,8,5,1,31,6,2026-05-01 22:52:57.817186,2026-05-01 22:52:57.817186,-9,6
1721,81,217,20,1,0,2,0,3,10,4,6,14,4,4,2,12,3,2026-05-01 22:52:57.817186,2026-05-01 22:52:57.817186,-13,6
1722,81,364,12,0,1,1,1,9,2,0,4,15,4,4,8,37,1,2026-05-01 22:52:57.817186,2026-05-01 22:52:57.817186,-15,6
1723,81,221,5,3,1,3,1,12,3,0,2,9,2,1,3,32,1,2026-05-01 22:52:57.817186,2026-05-01 22:52:57.817186,13,6
1724,81,224,2,1,1,1,1,0,1,0,1,5,0,0,0,14,2,2026-05-01 22:52:57.817186,2026-05-01 22:52:57.817186,1,6
1725,81,222,4,0,0,1,0,1,1,0,1,2,2,2,0,18,3,2026-05-01 22:52:57.817186,2026-05-01 22:52:57.817186,12,6
1726,81,213,13,5,3,0,1,1,3,1,5,12,3,2,1,15,1,2026-05-01 22:52:57.817186,2026-05-01 22:52:57.817186,10,6
1727,82,37,28,7,0,2,1,9,4,4,9,12,10,6,2,5,3,2026-05-01 22:52:57.817186,2026-05-01 22:52:57.817186,25,2
1728,82,41,13,2,1,0,0,2,6,2,5,9,1,1,1,26,2,2026-05-01 22:52:57.817186,2026-05-01 22:52:57.817186,27,2
1729,82,44,8,1,1,2,1,1,0,0,4,4,0,0,1,14,2,2026-05-01 22:52:57.817186,2026-05-01 22:52:57.817186,1,2
1730,82,45,10,3,0,1,0,6,2,2,3,3,2,2,0,22,1,2026-05-01 22:52:57.817186,2026-05-01 22:52:57.817186,18,2
1731,82,51,12,3,0,1,2,7,8,4,4,9,0,0,1,32,1,2026-05-01 22:52:57.817186,2026-05-01 22:52:57.817186,31,2
1732,82,208,28,10,1,0,1,4,3,3,9,13,7,7,1,25,2,2026-05-01 22:52:57.817186,2026-05-01 22:52:57.817186,35,2
1733,82,43,22,0,0,1,0,5,5,4,9,12,0,0,1,28,1,2026-05-01 22:52:57.817186,2026-05-01 22:52:57.817186,40,2
1734,82,39,8,1,1,1,2,1,2,0,4,6,0,0,0,21,2,2026-05-01 22:52:57.817186,2026-05-01 22:52:57.817186,16,2
1735,82,50,6,2,1,0,0,0,2,2,2,2,0,0,3,14,0,2026-05-01 22:52:57.817186,2026-05-01 22:52:57.817186,-2,2
1736,82,38,4,1,2,1,0,1,0,0,1,2,3,2,0,7,1,2026-05-01 22:52:57.817186,2026-05-01 22:52:57.817186,1,2
1737,82,550,4,0,0,0,0,1,0,0,1,4,2,2,1,5,1,2026-05-01 22:52:57.817186,2026-05-01 22:52:57.817186,-4,2
1738,82,40,3,0,0,0,0,0,1,1,1,1,0,0,0,5,1,2026-05-01 22:52:57.817186,2026-05-01 22:52:57.817186,-4,2
1739,82,189,2,2,0,0,0,1,1,0,0,1,2,2,0,5,0,2026-05-01 22:52:57.817186,2026-05-01 22:52:57.817186,1,2
1740,82,27,18,2,0,2,0,2,4,2,6,12,5,4,1,1,2,2026-05-01 22:52:57.817186,2026-05-01 22:52:57.817186,-23,3
1741,82,19,10,2,1,0,0,2,4,2,4,9,0,0,0,21,2,2026-05-01 22:52:57.817186,2026-05-01 22:52:57.817186,-17,3
1742,82,18,12,2,2,0,0,2,0,0,5,9,4,2,1,23,3,2026-05-01 22:52:57.817186,2026-05-01 22:52:57.817186,-20,3
1743,82,20,5,0,0,0,0,2,3,1,2,4,0,0,1,21,3,2026-05-01 22:52:57.817186,2026-05-01 22:52:57.817186,-9,3
1744,82,32,8,2,0,3,0,7,2,0,4,9,0,0,2,24,1,2026-05-01 22:52:57.817186,2026-05-01 22:52:57.817186,-19,3
1745,82,25,8,1,0,0,0,3,4,2,3,5,0,0,1,17,2,2026-05-01 22:52:57.817186,2026-05-01 22:52:57.817186,-23,3
1746,82,30,2,3,2,0,0,3,1,0,1,7,0,0,1,14,3,2026-05-01 22:52:57.817186,2026-05-01 22:52:57.817186,-14,3
1747,82,35,16,1,1,1,0,1,6,2,5,12,4,4,1,22,2,2026-05-01 22:52:57.817186,2026-05-01 22:52:57.817186,-15,3
1748,82,42,9,0,2,0,0,0,3,1,4,7,1,0,1,16,0,2026-05-01 22:52:57.817186,2026-05-01 22:52:57.817186,-16,3
1749,82,33,5,0,0,1,0,0,3,1,2,5,0,0,0,17,1,2026-05-01 22:52:57.817186,2026-05-01 22:52:57.817186,-21,3
1750,82,561,3,2,0,0,2,4,0,0,1,1,2,1,2,9,2,2026-05-01 22:52:57.817186,2026-05-01 22:52:57.817186,-3,3
1751,82,29,7,0,0,0,0,1,1,1,3,3,0,0,1,9,2,2026-05-01 22:52:57.817186,2026-05-01 22:52:57.817186,-3,3
1752,82,87,8,0,1,0,0,1,2,2,3,3,0,0,0,7,0,2026-05-01 22:52:57.817186,2026-05-01 22:52:57.817186,-1,3
1753,82,34,0,1,0,0,0,1,1,0,0,2,0,0,0,7,2,2026-05-01 22:52:57.817186,2026-05-01 22:52:57.817186,-1,3
1754,83,269,7,2,0,0,0,0,6,2,2,6,1,1,1,6,2,2026-05-01 22:52:57.817186,2026-05-01 22:52:57.817186,-17,17
1755,83,272,17,4,0,0,0,2,7,4,6,11,2,1,0,27,0,2026-05-01 22:52:57.817186,2026-05-01 22:52:57.817186,-16,17
1756,83,280,19,4,0,0,1,2,7,4,5,8,7,5,2,24,2,2026-05-01 22:52:57.817186,2026-05-01 22:52:57.817186,-20,17
1757,83,274,11,5,1,1,1,10,2,1,4,12,2,2,3,3,4,2026-05-01 22:52:57.817186,2026-05-01 22:52:57.817186,-16,17
1758,83,277,13,4,0,0,0,4,5,2,5,9,2,1,5,32,2,2026-05-01 22:52:57.817186,2026-05-01 22:52:57.817186,-30,17
1759,83,31,7,2,0,0,1,1,2,0,2,9,3,3,0,17,1,2026-05-01 22:52:57.817186,2026-05-01 22:52:57.817186,-17,17
1760,83,278,2,2,2,0,0,1,0,0,1,1,0,0,0,22,1,2026-05-01 22:52:57.817186,2026-05-01 22:52:57.817186,-21,17
1761,83,275,14,2,0,0,0,0,3,2,5,8,3,2,2,16,2,2026-05-01 22:52:57.817186,2026-05-01 22:52:57.817186,-10,17
1762,83,141,0,2,1,1,0,2,2,0,0,2,0,0,1,12,2,2026-05-01 22:52:57.817186,2026-05-01 22:52:57.817186,-11,17
1763,83,279,5,1,0,0,0,0,2,1,2,3,0,0,1,6,0,2026-05-01 22:52:57.817186,2026-05-01 22:52:57.817186,3,17
1764,83,270,2,0,0,1,0,1,1,0,1,2,0,0,0,6,0,2026-05-01 22:52:57.817186,2026-05-01 22:52:57.817186,3,17
1765,83,273,0,0,0,0,0,1,2,0,0,2,0,0,0,6,0,2026-05-01 22:52:57.817186,2026-05-01 22:52:57.817186,3,17
1766,83,271,0,2,0,1,0,0,2,0,0,3,0,0,1,6,0,2026-05-01 22:52:57.817186,2026-05-01 22:52:57.817186,3,17
1767,83,266,1,0,0,1,0,0,1,0,0,1,2,1,0,4,0,2026-05-01 22:52:57.817186,2026-05-01 22:52:57.817186,1,17
1768,83,59,12,4,1,1,1,5,7,2,4,11,2,2,1,0,4,2026-05-01 22:52:57.817186,2026-05-01 22:52:57.817186,18,20
1769,83,53,24,3,0,2,0,3,7,5,8,10,4,3,1,28,3,2026-05-01 22:52:57.817186,2026-05-01 22:52:57.817186,20,20
1770,83,67,17,10,3,0,0,1,1,1,6,13,4,4,1,28,3,2026-05-01 22:52:57.817186,2026-05-01 22:52:57.817186,21,20
1771,83,54,10,0,0,2,2,6,0,0,5,8,0,0,0,1,0,2026-05-01 22:52:57.817186,2026-05-01 22:52:57.817186,14,20
1772,83,55,27,7,0,0,0,3,6,4,11,17,2,1,1,30,2,2026-05-01 22:52:57.817186,2026-05-01 22:52:57.817186,15,20
1773,83,58,10,3,0,0,0,2,3,2,2,6,4,4,1,22,4,2026-05-01 22:52:57.817186,2026-05-01 22:52:57.817186,25,20
1774,83,65,0,2,1,1,2,3,0,0,0,0,0,0,0,15,1,2026-05-01 22:52:57.817186,2026-05-01 22:52:57.817186,10,20
1775,83,66,15,0,0,1,1,3,7,5,5,8,0,0,0,22,1,2026-05-01 22:52:57.817186,2026-05-01 22:52:57.817186,20,20
1776,83,508,7,3,1,0,0,5,3,1,3,5,0,0,1,12,0,2026-05-01 22:52:57.817186,2026-05-01 22:52:57.817186,14,20
1777,83,56,0,0,0,0,0,0,3,0,0,3,0,0,0,6,0,2026-05-01 22:52:57.817186,2026-05-01 22:52:57.817186,-3,20
1778,83,60,0,3,0,0,0,1,0,0,0,1,0,0,1,6,0,2026-05-01 22:52:57.817186,2026-05-01 22:52:57.817186,-3,20
1779,83,538,2,2,0,0,0,0,2,0,1,3,0,0,0,5,0,2026-05-01 22:52:57.817186,2026-05-01 22:52:57.817186,-3,20
1780,83,62,3,0,0,0,0,0,3,1,1,3,0,0,2,5,0,2026-05-01 22:52:57.817186,2026-05-01 22:52:57.817186,-3,20
1781,83,61,0,0,1,0,0,1,0,0,0,0,0,0,1,4,2,2026-05-01 22:52:57.817186,2026-05-01 22:52:57.817186,0,20
1782,84,463,4,2,0,1,1,2,1,0,2,6,0,0,3,23,1,2026-05-01 22:52:57.817186,2026-05-01 22:52:57.817186,-24,7
1783,84,446,10,1,0,1,0,3,1,0,3,8,5,4,1,19,2,2026-05-01 22:52:57.817186,2026-05-01 22:52:57.817186,-19,7
1784,84,458,14,3,2,0,2,0,0,0,7,8,1,0,2,20,1,2026-05-01 22:52:57.817186,2026-05-01 22:52:57.817186,-20,7
1785,84,453,13,2,1,0,0,2,5,1,5,12,2,2,5,5,0,2026-05-01 22:52:57.817186,2026-05-01 22:52:57.817186,-20,7
1786,84,470,16,8,0,0,0,4,3,2,5,14,5,4,2,26,0,2026-05-01 22:52:57.817186,2026-05-01 22:52:57.817186,-17,7
1787,84,466,13,6,5,0,0,1,1,1,3,4,7,6,2,22,4,2026-05-01 22:52:57.817186,2026-05-01 22:52:57.817186,3,7
1788,84,444,12,3,0,0,0,4,8,1,3,13,6,5,2,33,1,2026-05-01 22:52:57.817186,2026-05-01 22:52:57.817186,-1,7
1789,84,461,9,4,1,1,1,4,7,2,3,11,1,1,2,30,1,2026-05-01 22:52:57.817186,2026-05-01 22:52:57.817186,-5,7
1790,84,429,6,0,0,0,0,4,6,2,2,7,0,0,0,21,0,2026-05-01 22:52:57.817186,2026-05-01 22:52:57.817186,-2,7
1791,84,454,8,4,4,1,0,0,0,0,4,5,6,0,1,12,3,2026-05-01 22:52:57.817186,2026-05-01 22:52:57.817186,10,7
1792,84,505,12,2,2,1,1,3,4,2,4,10,3,2,0,19,2,2026-05-01 22:52:57.817186,2026-05-01 22:52:57.817186,18,15
1793,84,493,12,3,0,0,0,4,0,0,5,7,2,2,1,24,1,2026-05-01 22:52:57.817186,2026-05-01 22:52:57.817186,18,15
1794,84,502,16,10,0,3,1,1,4,2,7,10,0,0,1,24,2,2026-05-01 22:52:57.817186,2026-05-01 22:52:57.817186,16,15
1795,84,503,9,2,2,2,0,5,3,1,2,6,4,4,2,1,3,2026-05-01 22:52:57.817186,2026-05-01 22:52:57.817186,12,15
1796,84,501,15,2,0,3,1,3,3,1,7,12,0,0,2,21,3,2026-05-01 22:52:57.817186,2026-05-01 22:52:57.817186,15,15
1797,84,504,25,0,2,1,0,3,9,4,9,16,3,3,0,25,1,2026-05-01 22:52:57.817186,2026-05-01 22:52:57.817186,10,15
1798,84,181,11,6,2,0,2,2,2,1,5,7,0,0,2,23,4,2026-05-01 22:52:57.817186,2026-05-01 22:52:57.817186,1,15
1799,84,176,11,2,0,0,1,5,3,0,3,10,7,5,2,26,1,2026-05-01 22:52:57.817186,2026-05-01 22:52:57.817186,4,15
1800,84,499,8,2,1,1,1,1,1,0,3,7,2,2,0,23,3,2026-05-01 22:52:57.817186,2026-05-01 22:52:57.817186,3,15
1801,84,169,5,4,1,2,0,2,3,1,2,8,0,0,1,25,6,2026-05-01 22:52:57.817186,2026-05-01 22:52:57.817186,-2,15
1802,85,142,8,5,1,1,0,1,6,2,3,7,0,0,1,4,5,2026-05-01 22:52:57.817186,2026-05-01 22:52:57.817186,7,21
1803,85,145,15,19,2,1,3,3,2,1,5,8,6,4,1,37,0,2026-05-01 22:52:57.817186,2026-05-01 22:52:57.817186,6,21
1804,85,144,9,5,3,2,2,5,0,0,4,6,2,1,0,24,3,2026-05-01 22:52:57.817186,2026-05-01 22:52:57.817186,-3,21
1805,85,150,10,3,1,1,2,3,3,0,3,10,4,4,4,11,3,2026-05-01 22:52:57.817186,2026-05-01 22:52:57.817186,-10,21
1806,85,143,36,3,0,2,2,9,3,0,12,29,13,12,1,33,0,2026-05-01 22:52:57.817186,2026-05-01 22:52:57.817186,16,21
1807,85,151,2,2,0,2,0,0,3,0,1,7,0,0,1,8,1,2026-05-01 22:52:57.817186,2026-05-01 22:52:57.817186,-17,21
1808,85,140,12,1,0,2,0,1,6,2,5,11,0,0,1,28,1,2026-05-01 22:52:57.817186,2026-05-01 22:52:57.817186,-9,21
1809,85,146,9,3,1,2,0,3,5,3,3,6,0,0,0,22,0,2026-05-01 22:52:57.817186,2026-05-01 22:52:57.817186,14,21
1810,85,153,12,5,0,0,1,3,4,2,4,7,2,2,1,25,2,2026-05-01 22:52:57.817186,2026-05-01 22:52:57.817186,17,21
1811,85,83,14,2,0,1,0,1,3,2,6,8,0,0,2,19,1,2026-05-01 22:52:57.817186,2026-05-01 22:52:57.817186,9,21
1812,85,105,23,4,4,1,2,2,10,3,8,18,5,4,3,21,4,2026-05-01 22:52:57.817186,2026-05-01 22:52:57.817186,12,8
1813,85,110,7,7,1,0,3,1,4,1,2,7,2,2,3,40,4,2026-05-01 22:52:57.817186,2026-05-01 22:52:57.817186,-25,8
1814,85,111,23,15,2,1,0,14,10,2,9,25,5,3,3,44,3,2026-05-01 22:52:57.817186,2026-05-01 22:52:57.817186,15,8
1815,85,117,0,3,0,1,0,2,2,0,0,3,0,0,1,15,1,2026-05-01 22:52:57.817186,2026-05-01 22:52:57.817186,4,8
1816,85,114,39,6,2,2,1,6,13,7,12,26,10,8,2,47,5,2026-05-01 22:52:57.817186,2026-05-01 22:52:57.817186,5,8
1817,85,108,16,1,1,1,0,1,7,4,6,12,0,0,1,33,2,2026-05-01 22:52:57.817186,2026-05-01 22:52:57.817186,-13,8
1818,85,106,7,2,1,3,0,1,2,1,3,7,0,0,2,28,1,2026-05-01 22:52:57.817186,2026-05-01 22:52:57.817186,-1,8
1819,85,113,0,0,0,0,0,0,0,0,0,0,0,0,0,2,1,2026-05-01 22:52:57.817186,2026-05-01 22:52:57.817186,-6,8
1820,85,119,6,2,0,1,0,0,0,0,3,5,0,0,2,8,1,2026-05-01 22:52:57.817186,2026-05-01 22:52:57.817186,-21,8
1821,86,263,16,4,2,1,1,1,7,2,7,17,0,0,2,7,0,2026-05-01 22:52:57.817186,2026-05-01 22:52:57.817186,-10,12
1822,86,262,3,2,0,1,0,1,3,0,1,4,2,1,0,8,0,2026-05-01 22:52:57.817186,2026-05-01 22:52:57.817186,-1,12
1823,86,249,7,1,3,0,1,3,3,0,3,6,2,1,1,27,2,2026-05-01 22:52:57.817186,2026-05-01 22:52:57.817186,-32,12
1824,86,259,11,3,2,1,0,3,1,0,5,7,1,1,1,1,2,2026-05-01 22:52:57.817186,2026-05-01 22:52:57.817186,-13,12
1825,86,255,20,2,1,1,0,7,6,3,6,14,6,5,4,29,2,2026-05-01 22:52:57.817186,2026-05-01 22:52:57.817186,-12,12
1826,86,302,6,3,2,0,1,1,2,0,3,6,0,0,2,25,1,2026-05-01 22:52:57.817186,2026-05-01 22:52:57.817186,-17,12
1827,86,258,19,4,0,2,0,1,7,5,6,11,2,2,0,25,2,2026-05-01 22:52:57.817186,2026-05-01 22:52:57.817186,1,12
1828,86,251,13,3,1,1,0,2,2,0,4,9,5,5,1,30,4,2026-05-01 22:52:57.817186,2026-05-01 22:52:57.817186,-22,12
1829,86,252,5,1,1,0,0,2,3,1,2,4,0,0,0,19,2,2026-05-01 22:52:57.817186,2026-05-01 22:52:57.817186,-4,12
1830,86,254,9,2,0,0,0,7,1,0,4,9,2,1,1,16,0,2026-05-01 22:52:57.817186,2026-05-01 22:52:57.817186,-10,12
1831,86,392,28,4,0,1,1,2,12,8,10,17,0,0,1,7,3,2026-05-01 22:52:57.817186,2026-05-01 22:52:57.817186,26,4
1832,86,385,7,2,1,2,1,2,2,1,3,6,0,0,2,23,1,2026-05-01 22:52:57.817186,2026-05-01 22:52:57.817186,23,4
1833,86,387,14,6,5,2,0,4,0,0,7,8,0,0,2,29,3,2026-05-01 22:52:57.817186,2026-05-01 22:52:57.817186,18,4
1834,86,395,33,5,2,1,0,4,11,6,11,19,6,5,4,1,2,2026-05-01 22:52:57.817186,2026-05-01 22:52:57.817186,14,4
1835,86,384,20,4,0,1,1,8,8,3,7,12,3,3,3,21,1,2026-05-01 22:52:57.817186,2026-05-01 22:52:57.817186,24,4
1836,86,388,0,0,0,1,0,1,0,0,0,0,0,0,1,20,2,2026-05-01 22:52:57.817186,2026-05-01 22:52:57.817186,-4,4
1837,86,401,9,3,1,0,1,2,4,3,3,5,0,0,0,22,1,2026-05-01 22:52:57.817186,2026-05-01 22:52:57.817186,1,4
1838,86,209,7,1,0,1,0,6,4,0,2,8,5,3,1,16,1,2026-05-01 22:52:57.817186,2026-05-01 22:52:57.817186,4,4
1839,86,391,4,3,1,0,0,1,0,0,2,2,0,0,1,11,1,2026-05-01 22:52:57.817186,2026-05-01 22:52:57.817186,9,4
1840,86,390,2,3,1,0,0,2,2,0,0,4,2,2,0,18,3,2026-05-01 22:52:57.817186,2026-05-01 22:52:57.817186,12,4
1841,86,393,4,3,0,0,0,2,3,1,1,3,2,1,0,9,1,2026-05-01 22:52:57.817186,2026-05-01 22:52:57.817186,-4,4
1842,86,386,5,1,0,1,0,1,0,0,2,2,1,1,1,8,0,2026-05-01 22:52:57.817186,2026-05-01 22:52:57.817186,-3,4
1843,87,84,21,5,3,1,0,3,5,3,8,13,2,2,2,10,4,2026-05-01 22:52:57.817186,2026-05-01 22:52:57.817186,12,23
1844,87,70,9,2,0,1,0,0,1,1,4,4,0,0,0,31,3,2026-05-01 22:52:57.817186,2026-05-01 22:52:57.817186,-4,23
1845,87,77,26,10,1,1,0,4,6,2,8,20,9,8,2,31,1,2026-05-01 22:52:57.817186,2026-05-01 22:52:57.817186,0,23
1846,87,75,19,6,2,2,1,4,6,1,8,13,2,2,2,15,2,2026-05-01 22:52:57.817186,2026-05-01 22:52:57.817186,1,23
1847,87,82,28,4,0,5,1,11,12,5,9,26,5,5,1,37,2,2026-05-01 22:52:57.817186,2026-05-01 22:52:57.817186,6,23
1848,87,80,9,3,1,0,0,0,7,3,3,8,0,0,4,21,3,2026-05-01 22:52:57.817186,2026-05-01 22:52:57.817186,-1,23
1849,87,72,4,2,1,0,1,0,0,0,2,2,0,0,2,14,3,2026-05-01 22:52:57.817186,2026-05-01 22:52:57.817186,4,23
1850,87,86,2,3,3,0,0,3,0,0,1,2,0,0,0,10,2,2026-05-01 22:52:57.817186,2026-05-01 22:52:57.817186,10,23
1851,87,555,6,3,0,1,0,1,6,2,2,6,0,0,1,16,1,2026-05-01 22:52:57.817186,2026-05-01 22:52:57.817186,6,23
1852,87,85,0,0,0,0,0,0,0,0,0,0,0,0,0,3,1,2026-05-01 22:52:57.817186,2026-05-01 22:52:57.817186,1,23
1853,87,411,9,2,2,2,1,6,2,2,3,6,2,1,2,9,2,2026-05-01 22:52:57.817186,2026-05-01 22:52:57.817186,-14,16
1854,87,417,18,0,2,0,1,2,6,2,5,10,6,6,2,35,4,2026-05-01 22:52:57.817186,2026-05-01 22:52:57.817186,3,16
1855,87,402,29,12,2,1,0,3,8,4,10,20,8,5,1,36,2,2026-05-01 22:52:57.817186,2026-05-01 22:52:57.817186,2,16
1856,87,413,3,3,0,0,0,2,4,1,1,5,0,0,1,10,0,2026-05-01 22:52:57.817186,2026-05-01 22:52:57.817186,-9,16
1857,87,412,3,2,0,1,0,2,1,1,1,3,0,0,3,24,0,2026-05-01 22:52:57.817186,2026-05-01 22:52:57.817186,12,16
1858,87,408,19,3,1,2,0,2,4,1,7,14,5,4,2,30,0,2026-05-01 22:52:57.817186,2026-05-01 22:52:57.817186,-8,16
1859,87,406,25,4,0,1,0,7,10,4,9,18,4,3,2,31,0,2026-05-01 22:52:57.817186,2026-05-01 22:52:57.817186,1,16
1860,87,416,5,3,3,0,0,0,2,1,2,7,0,0,0,12,1,2026-05-01 22:52:57.817186,2026-05-01 22:52:57.817186,-9,16
1861,87,407,3,5,0,0,0,1,2,1,1,2,0,0,1,17,3,2026-05-01 22:52:57.817186,2026-05-01 22:52:57.817186,-7,16
1862,87,403,3,1,0,1,0,0,1,0,1,2,1,1,0,9,2,2026-05-01 22:52:57.817186,2026-05-01 22:52:57.817186,-6,16
1885,89,27,25,11,3,0,0,1,9,3,9,22,4,4,6,30,1,2026-05-01 22:52:57.817186,2026-05-01 22:52:57.817186,-7,3
1886,89,19,11,1,0,1,0,1,4,3,4,7,0,0,1,30,3,2026-05-01 22:52:57.817186,2026-05-01 22:52:57.817186,-3,3
1887,89,18,12,4,3,0,0,3,1,0,5,8,2,2,1,23,6,2026-05-01 22:52:57.817186,2026-05-01 22:52:57.817186,-9,3
1888,89,20,6,5,0,1,0,9,2,1,2,3,2,1,1,25,0,2026-05-01 22:52:57.817186,2026-05-01 22:52:57.817186,-3,3
1889,89,32,13,1,1,0,0,3,2,1,5,14,2,2,1,29,3,2026-05-01 22:52:57.817186,2026-05-01 22:52:57.817186,-8,3
1890,89,28,4,0,1,0,0,1,1,0,2,4,0,0,1,20,0,2026-05-01 22:52:57.817186,2026-05-01 22:52:57.817186,-4,3
1891,89,35,14,4,1,0,0,2,4,2,4,8,5,4,1,21,3,2026-05-01 22:52:57.817186,2026-05-01 22:52:57.817186,-9,3
1892,89,30,14,6,5,1,1,4,1,0,6,10,2,2,3,19,2,2026-05-01 22:52:59.386229,2026-05-01 22:52:59.386229,-9,3
1893,89,33,2,1,1,0,0,0,1,0,1,4,0,0,0,12,1,2026-05-01 22:52:59.386229,2026-05-01 22:52:59.386229,-19,3
1894,89,87,0,2,0,0,0,1,3,0,0,3,0,0,0,16,0,2026-05-01 22:52:59.386229,2026-05-01 22:52:59.386229,-13,3
1895,89,42,0,0,0,2,0,1,2,0,0,2,0,0,0,5,0,2026-05-01 22:52:59.386229,2026-05-01 22:52:59.386229,2,3
1896,89,34,9,0,0,0,0,0,4,3,3,4,0,0,0,5,0,2026-05-01 22:52:59.386229,2026-05-01 22:52:59.386229,2,3
1897,89,540,14,4,3,1,0,5,6,4,5,10,0,0,1,27,1,2026-05-01 22:52:59.386229,2026-05-01 22:52:59.386229,2,27
1898,89,529,26,1,1,3,2,2,9,6,10,14,0,0,0,23,1,2026-05-01 22:52:59.386229,2026-05-01 22:52:59.386229,13,27
1899,89,542,12,6,2,2,2,5,4,0,3,9,6,6,1,25,5,2026-05-01 22:52:59.386229,2026-05-01 22:52:59.386229,15,27
1900,89,528,18,2,0,2,0,5,4,0,4,12,12,10,1,25,2,2026-05-01 22:52:59.386229,2026-05-01 22:52:59.386229,9,27
1901,89,530,14,1,0,2,0,6,3,2,6,8,0,0,0,24,2,2026-05-01 22:52:59.386229,2026-05-01 22:52:59.386229,17,27
1902,89,531,12,3,0,1,0,7,4,1,4,9,4,3,3,29,2,2026-05-01 22:52:59.386229,2026-05-01 22:52:59.386229,10,27
1903,89,533,13,2,2,1,0,0,1,1,6,7,1,0,0,18,3,2026-05-01 22:52:59.386229,2026-05-01 22:52:59.386229,10,27
1904,89,535,6,5,2,0,1,2,0,0,1,2,4,4,1,18,1,2026-05-01 22:52:59.386229,2026-05-01 22:52:59.386229,2,27
1905,89,525,3,0,0,1,0,1,3,1,1,5,0,0,0,16,0,2026-05-01 22:52:59.386229,2026-05-01 22:52:59.386229,19,27
1906,89,527,0,3,0,0,0,2,4,0,0,6,0,0,1,13,0,2026-05-01 22:52:59.386229,2026-05-01 22:52:59.386229,-6,27
1907,89,541,6,0,0,0,0,0,3,2,2,3,0,0,0,7,1,2026-05-01 22:52:59.386229,2026-05-01 22:52:59.386229,-7,27
1908,89,536,2,2,0,0,0,1,1,0,1,2,0,0,0,6,1,2026-05-01 22:52:59.386229,2026-05-01 22:52:59.386229,-3,27
1909,89,537,0,0,0,0,0,0,0,0,0,0,0,0,0,3,0,2026-05-01 22:52:59.386229,2026-05-01 22:52:59.386229,-1,27
1910,90,382,8,4,2,0,0,1,3,1,3,8,3,1,0,24,1,2026-05-01 22:52:59.386229,2026-05-01 22:52:59.386229,10,1
1911,90,289,17,8,1,1,1,3,3,1,5,9,8,6,3,29,2,2026-05-01 22:52:59.386229,2026-05-01 22:52:59.386229,23,1
1912,90,380,10,10,1,1,3,3,3,0,2,7,6,6,3,26,1,2026-05-01 22:52:59.386229,2026-05-01 22:52:59.386229,10,1
1913,90,368,13,4,0,5,1,11,3,1,6,9,0,0,2,33,1,2026-05-01 22:52:59.386229,2026-05-01 22:52:59.386229,28,1
1914,90,378,25,5,1,1,0,3,8,2,9,19,7,5,0,26,1,2026-05-01 22:52:59.386229,2026-05-01 22:52:59.386229,2,1
1915,90,331,3,0,0,0,0,4,4,1,1,4,0,0,0,16,2,2026-05-01 22:52:59.386229,2026-05-01 22:52:59.386229,15,1
1916,90,372,2,4,2,2,1,0,0,0,1,1,0,0,1,18,5,2026-05-01 22:52:59.386229,2026-05-01 22:52:59.386229,6,1
1917,90,498,9,2,1,2,1,3,3,1,3,9,4,2,2,18,2,2026-05-01 22:52:59.386229,2026-05-01 22:52:59.386229,20,1
1918,90,376,33,5,1,0,1,1,11,6,11,19,5,5,2,28,0,2026-05-01 22:52:59.386229,2026-05-01 22:52:59.386229,26,1
1919,90,383,0,1,0,0,0,1,0,0,0,3,0,0,0,12,1,2026-05-01 22:52:59.386229,2026-05-01 22:52:59.386229,10,1
1920,90,379,2,0,0,0,0,0,1,0,1,2,0,0,0,2,1,2026-05-01 22:52:59.386229,2026-05-01 22:52:59.386229,0,1
1921,90,496,4,2,2,0,0,0,0,0,0,1,4,4,0,2,0,2026-05-01 22:52:59.386229,2026-05-01 22:52:59.386229,0,1
1922,90,441,10,4,1,1,0,1,2,0,4,10,2,2,0,22,3,2026-05-01 22:52:59.386229,2026-05-01 22:52:59.386229,-1,30
1923,90,447,14,6,4,1,0,4,7,2,6,17,0,0,3,35,0,2026-05-01 22:52:59.386229,2026-05-01 22:52:59.386229,-32,30
1924,90,449,11,2,1,0,0,2,3,1,3,9,4,4,1,16,4,2026-05-01 22:52:59.386229,2026-05-01 22:52:59.386229,-1,30
1925,90,445,14,5,0,1,0,1,2,2,5,7,2,2,4,20,3,2026-05-01 22:52:59.386229,2026-05-01 22:52:59.386229,-9,30
1926,90,438,2,4,1,1,0,5,1,0,1,4,0,0,1,22,4,2026-05-01 22:52:59.386229,2026-05-01 22:52:59.386229,1,30
1927,90,440,2,0,0,0,0,1,1,0,1,6,0,0,0,14,0,2026-05-01 22:52:59.386229,2026-05-01 22:52:59.386229,-3,30
1928,90,443,11,2,3,1,0,2,3,1,5,8,0,0,2,31,2,2026-05-01 22:52:59.386229,2026-05-01 22:52:59.386229,-29,30
1929,90,560,4,6,1,0,2,0,1,0,2,3,0,0,0,30,2,2026-05-01 22:52:59.386229,2026-05-01 22:52:59.386229,-22,30
1930,90,459,14,2,0,1,0,0,8,2,5,19,2,2,3,27,3,2026-05-01 22:52:59.386229,2026-05-01 22:52:59.386229,-34,30
1931,90,439,14,2,0,1,1,1,5,1,4,11,6,5,0,19,1,2026-05-01 22:52:59.386229,2026-05-01 22:52:59.386229,-20,30
1932,91,27,25,11,3,0,0,1,9,3,9,22,4,4,6,30,1,2026-05-01 22:52:59.386229,2026-05-01 22:52:59.386229,-7,3
1933,91,19,11,1,0,1,0,1,4,3,4,7,0,0,1,30,3,2026-05-01 22:52:59.386229,2026-05-01 22:52:59.386229,-3,3
1934,91,18,12,4,3,0,0,3,1,0,5,8,2,2,1,23,6,2026-05-01 22:52:59.386229,2026-05-01 22:52:59.386229,-9,3
1935,91,20,6,5,0,1,0,9,2,1,2,3,2,1,1,25,0,2026-05-01 22:52:59.386229,2026-05-01 22:52:59.386229,-3,3
1936,91,32,13,1,1,0,0,3,2,1,5,14,2,2,1,29,3,2026-05-01 22:52:59.386229,2026-05-01 22:52:59.386229,-8,3
1937,91,28,4,0,1,0,0,1,1,0,2,4,0,0,1,20,0,2026-05-01 22:52:59.386229,2026-05-01 22:52:59.386229,-4,3
1938,91,35,14,4,1,0,0,2,4,2,4,8,5,4,1,21,3,2026-05-01 22:52:59.386229,2026-05-01 22:52:59.386229,-9,3
1939,91,30,14,6,5,1,1,4,1,0,6,10,2,2,3,19,2,2026-05-01 22:52:59.386229,2026-05-01 22:52:59.386229,-9,3
1940,91,33,2,1,1,0,0,0,1,0,1,4,0,0,0,12,1,2026-05-01 22:52:59.386229,2026-05-01 22:52:59.386229,-19,3
1941,91,87,0,2,0,0,0,1,3,0,0,3,0,0,0,16,0,2026-05-01 22:52:59.386229,2026-05-01 22:52:59.386229,-13,3
1942,91,42,0,0,0,2,0,1,2,0,0,2,0,0,0,5,0,2026-05-01 22:52:59.386229,2026-05-01 22:52:59.386229,2,3
1943,91,34,9,0,0,0,0,0,4,3,3,4,0,0,0,5,0,2026-05-01 22:52:59.386229,2026-05-01 22:52:59.386229,2,3
1944,91,540,14,4,3,1,0,5,6,4,5,10,0,0,1,27,1,2026-05-01 22:52:59.386229,2026-05-01 22:52:59.386229,2,27
1945,91,529,26,1,1,3,2,2,9,6,10,14,0,0,0,23,1,2026-05-01 22:52:59.386229,2026-05-01 22:52:59.386229,13,27
1946,91,542,12,6,2,2,2,5,4,0,3,9,6,6,1,25,5,2026-05-01 22:52:59.386229,2026-05-01 22:52:59.386229,15,27
1947,91,528,18,2,0,2,0,5,4,0,4,12,12,10,1,25,2,2026-05-01 22:52:59.386229,2026-05-01 22:52:59.386229,9,27
1948,91,530,14,1,0,2,0,6,3,2,6,8,0,0,0,24,2,2026-05-01 22:52:59.386229,2026-05-01 22:52:59.386229,17,27
1949,91,531,12,3,0,1,0,7,4,1,4,9,4,3,3,29,2,2026-05-01 22:52:59.386229,2026-05-01 22:52:59.386229,10,27
1950,91,533,13,2,2,1,0,0,1,1,6,7,1,0,0,18,3,2026-05-01 22:52:59.386229,2026-05-01 22:52:59.386229,10,27
1951,91,535,6,5,2,0,1,2,0,0,1,2,4,4,1,18,1,2026-05-01 22:52:59.386229,2026-05-01 22:52:59.386229,2,27
1952,91,525,3,0,0,1,0,1,3,1,1,5,0,0,0,16,0,2026-05-01 22:52:59.386229,2026-05-01 22:52:59.386229,19,27
1953,91,527,0,3,0,0,0,2,4,0,0,6,0,0,1,13,0,2026-05-01 22:52:59.386229,2026-05-01 22:52:59.386229,-6,27
1954,91,541,6,0,0,0,0,0,3,2,2,3,0,0,0,7,1,2026-05-01 22:52:59.386229,2026-05-01 22:52:59.386229,-7,27
1955,91,536,2,2,0,0,0,1,1,0,1,2,0,0,0,6,1,2026-05-01 22:52:59.386229,2026-05-01 22:52:59.386229,-3,27
1956,91,537,0,0,0,0,0,0,0,0,0,0,0,0,0,3,0,2026-05-01 22:52:59.386229,2026-05-01 22:52:59.386229,-1,27
1957,92,426,8,3,2,0,0,3,5,2,2,8,2,2,1,34,2,2026-05-01 22:52:59.386229,2026-05-01 22:52:59.386229,4,22
1958,92,419,19,7,1,1,1,9,2,0,6,16,10,7,0,37,1,2026-05-01 22:52:59.386229,2026-05-01 22:52:59.386229,-7,22
1959,92,424,16,3,3,0,0,1,1,1,6,8,6,3,1,27,3,2026-05-01 22:52:59.386229,2026-05-01 22:52:59.386229,-4,22
1960,92,420,30,4,2,2,0,4,10,6,12,19,0,0,1,37,3,2026-05-01 22:52:59.386229,2026-05-01 22:52:59.386229,9,22
1961,92,422,8,0,1,1,0,2,6,2,3,12,1,0,2,23,2,2026-05-01 22:52:59.386229,2026-05-01 22:52:59.386229,-7,22
1962,92,427,4,5,1,0,0,1,1,0,2,3,0,0,0,13,0,2026-05-01 22:52:59.386229,2026-05-01 22:52:59.386229,-9,22
1963,92,433,3,1,0,2,1,0,1,0,1,6,2,1,4,13,2,2026-05-01 22:52:59.386229,2026-05-01 22:52:59.386229,-11,22
1964,92,428,0,0,2,2,1,0,1,0,0,2,0,0,0,15,1,2026-05-01 22:52:59.386229,2026-05-01 22:52:59.386229,-7,22
1965,92,193,14,1,1,1,1,3,9,4,5,10,0,0,2,22,0,2026-05-01 22:52:59.386229,2026-05-01 22:52:59.386229,3,22
1966,92,435,6,1,2,2,0,2,1,0,3,4,0,0,0,15,2,2026-05-01 22:52:59.386229,2026-05-01 22:52:59.386229,4,22
1967,92,475,40,6,2,2,0,3,10,2,14,28,10,10,2,39,1,2026-05-01 22:52:59.386229,2026-05-01 22:52:59.386229,10,11
1968,92,484,13,1,0,0,0,1,1,1,6,7,0,0,0,29,4,2026-05-01 22:52:59.386229,2026-05-01 22:52:59.386229,-3,11
1969,92,482,16,4,2,0,1,5,1,0,8,15,2,0,3,30,4,2026-05-01 22:52:59.386229,2026-05-01 22:52:59.386229,6,11
1970,92,476,2,7,1,2,1,3,3,0,1,5,0,0,3,32,2,2026-05-01 22:52:59.386229,2026-05-01 22:52:59.386229,15,11
1971,92,486,9,4,1,1,1,3,0,0,3,5,4,3,3,28,3,2026-05-01 22:52:59.386229,2026-05-01 22:52:59.386229,-15,11
1972,92,472,4,5,1,0,4,3,0,0,1,1,2,2,1,16,1,2026-05-01 22:52:59.386229,2026-05-01 22:52:59.386229,0,11
1973,92,483,20,2,1,2,2,4,7,5,7,11,2,1,1,30,0,2026-05-01 22:52:59.386229,2026-05-01 22:52:59.386229,10,11
1974,92,477,3,1,0,0,0,1,3,1,1,3,0,0,0,11,2,2026-05-01 22:52:59.386229,2026-05-01 22:52:59.386229,-13,11
1975,92,481,6,1,2,0,0,1,4,2,2,7,0,0,0,20,0,2026-05-01 22:52:59.386229,2026-05-01 22:52:59.386229,15,11
1976,93,203,12,3,2,1,0,0,4,1,4,8,4,3,1,37,1,2026-05-01 22:52:59.386229,2026-05-01 22:52:59.386229,-6,5
1977,93,192,20,7,0,2,1,4,8,2,6,16,9,6,4,35,4,2026-05-01 22:52:59.386229,2026-05-01 22:52:59.386229,-15,5
1978,93,68,6,3,2,0,1,1,2,0,1,4,5,4,4,21,2,2026-05-01 22:52:59.386229,2026-05-01 22:52:59.386229,3,5
1979,93,399,10,0,0,1,0,3,7,2,4,9,0,0,3,17,5,2026-05-01 22:52:59.386229,2026-05-01 22:52:59.386229,-7,5
1980,93,198,15,5,1,1,0,9,4,2,6,9,1,1,4,27,3,2026-05-01 22:52:59.386229,2026-05-01 22:52:59.386229,13,5
1981,93,125,5,2,0,3,0,5,3,1,2,7,0,0,1,22,4,2026-05-01 22:52:59.386229,2026-05-01 22:52:59.386229,-23,5
1982,93,200,19,3,0,0,0,4,1,0,9,15,3,1,1,27,3,2026-05-01 22:52:59.386229,2026-05-01 22:52:59.386229,0,5
1983,93,133,11,3,0,0,2,2,1,1,4,5,2,2,2,23,2,2026-05-01 22:52:59.386229,2026-05-01 22:52:59.386229,2,5
1984,93,347,14,9,1,0,0,1,0,0,4,7,6,6,0,26,0,2026-05-01 22:52:59.386229,2026-05-01 22:52:59.386229,-12,5
1985,93,157,16,5,0,2,0,2,9,2,4,14,6,6,1,36,1,2026-05-01 22:52:59.386229,2026-05-01 22:52:59.386229,-2,25
1986,93,161,27,3,2,0,0,2,4,3,6,10,14,12,0,34,4,2026-05-01 22:52:59.386229,2026-05-01 22:52:59.386229,14,25
1987,93,167,10,1,4,1,1,3,5,0,5,13,0,0,0,28,1,2026-05-01 22:52:59.386229,2026-05-01 22:52:59.386229,-7,25
1988,93,164,10,2,1,2,0,7,7,0,4,15,2,2,2,32,1,2026-05-01 22:52:59.386229,2026-05-01 22:52:59.386229,-2,25
1989,93,163,12,2,1,0,0,4,5,0,6,12,0,0,2,23,3,2026-05-01 22:52:59.386229,2026-05-01 22:52:59.386229,-5,25
1990,93,158,3,3,1,1,1,2,3,1,1,4,0,0,2,17,4,2026-05-01 22:52:59.386229,2026-05-01 22:52:59.386229,2,25
1991,93,171,5,2,1,1,2,0,3,1,2,4,0,0,0,11,1,2026-05-01 22:52:59.386229,2026-05-01 22:52:59.386229,5,25
1992,93,377,14,3,0,0,0,2,8,3,5,10,1,1,1,18,1,2026-05-01 22:52:59.386229,2026-05-01 22:52:59.386229,8,25
1993,93,173,14,9,5,2,4,1,1,0,6,9,2,2,2,22,1,2026-05-01 22:52:59.386229,2026-05-01 22:52:59.386229,21,25
1994,93,172,10,0,0,1,0,4,1,0,3,4,6,4,2,14,2,2026-05-01 22:52:59.386229,2026-05-01 22:52:59.386229,11,25
1995,94,464,10,0,0,3,0,2,2,1,4,7,2,1,0,20,2,2026-05-01 22:52:59.386229,2026-05-01 22:52:59.386229,-25,7
1996,94,446,17,3,2,0,0,4,4,2,5,9,5,5,3,33,1,2026-05-01 22:52:59.386229,2026-05-01 22:52:59.386229,3,7
1997,94,436,10,8,1,0,2,0,0,0,5,6,0,0,4,28,4,2026-05-01 22:52:59.386229,2026-05-01 22:52:59.386229,-2,7
1998,94,453,8,2,0,0,0,0,5,2,3,9,0,0,2,26,2,2026-05-01 22:52:59.386229,2026-05-01 22:52:59.386229,-18,7
1999,94,463,36,9,1,0,0,6,4,1,14,23,11,7,3,42,2,2026-05-01 22:52:59.386229,2026-05-01 22:52:59.386229,3,7
2000,94,470,16,2,1,1,0,4,2,1,6,10,7,3,3,27,3,2026-05-01 22:52:59.386229,2026-05-01 22:52:59.386229,1,7
2001,94,466,2,2,0,0,0,0,0,0,1,1,1,0,1,12,1,2026-05-01 22:52:59.386229,2026-05-01 22:52:59.386229,0,7
2002,94,468,8,2,0,0,1,2,3,2,3,7,0,0,1,15,0,2026-05-01 22:52:59.386229,2026-05-01 22:52:59.386229,-4,7
2003,94,444,11,2,0,0,0,1,1,1,4,4,2,2,0,14,0,2026-05-01 22:52:59.386229,2026-05-01 22:52:59.386229,5,7
2004,94,429,1,2,0,0,0,4,2,0,0,2,2,1,0,11,0,2026-05-01 22:52:59.386229,2026-05-01 22:52:59.386229,-1,7
2005,94,454,2,2,3,0,0,0,0,0,0,3,4,2,0,6,1,2026-05-01 22:52:59.386229,2026-05-01 22:52:59.386229,-7,7
2006,94,353,7,2,0,0,1,5,0,0,1,3,6,5,0,25,1,2026-05-01 22:52:59.386229,2026-05-01 22:52:59.386229,20,26
2007,94,349,29,5,7,3,1,4,3,3,13,19,0,0,0,33,4,2026-05-01 22:52:59.386229,2026-05-01 22:52:59.386229,14,26
2008,94,361,22,4,2,1,1,0,1,0,8,13,6,6,0,31,3,2026-05-01 22:52:59.386229,2026-05-01 22:52:59.386229,-5,26
2009,94,352,13,7,1,2,1,7,6,1,6,19,0,0,1,39,3,2026-05-01 22:52:59.386229,2026-05-01 22:52:59.386229,9,26
2010,94,351,15,3,4,4,0,5,3,0,6,13,6,3,3,32,2,2026-05-01 22:52:59.386229,2026-05-01 22:52:59.386229,10,26
2011,94,358,8,0,0,0,0,2,5,0,3,12,2,2,0,19,3,2026-05-01 22:52:59.386229,2026-05-01 22:52:59.386229,-7,26
2012,94,360,19,3,1,0,0,0,3,3,7,7,2,2,0,25,1,2026-05-01 22:52:59.386229,2026-05-01 22:52:59.386229,-5,26
2013,94,558,5,4,0,1,0,6,5,1,2,8,0,0,0,18,2,2026-05-01 22:52:59.386229,2026-05-01 22:52:59.386229,3,26
2014,94,544,1,1,0,0,0,0,0,0,0,1,2,1,0,5,1,2026-05-01 22:52:59.386229,2026-05-01 22:52:59.386229,6,26
2015,94,355,11,1,1,0,0,0,0,0,5,6,1,1,0,9,2,2026-05-01 22:52:59.386229,2026-05-01 22:52:59.386229,0,26
2016,95,337,10,2,2,1,0,1,3,2,4,7,0,0,1,26,4,2026-05-01 22:52:59.386229,2026-05-01 22:52:59.386229,-20,24
2017,95,346,13,4,2,0,0,3,6,3,4,7,2,2,2,28,3,2026-05-01 22:52:59.386229,2026-05-01 22:52:59.386229,-4,24
2018,95,348,4,5,5,0,0,0,0,0,2,6,0,0,1,13,4,2026-05-01 22:52:59.386229,2026-05-01 22:52:59.386229,0,24
2019,95,341,9,3,0,1,0,1,7,1,4,15,0,0,4,23,2,2026-05-01 22:52:59.386229,2026-05-01 22:52:59.386229,-2,24
2020,95,339,21,3,0,0,1,3,11,6,7,13,1,1,2,31,3,2026-05-01 22:52:59.386229,2026-05-01 22:52:59.386229,0,24
2021,95,332,28,1,0,1,1,6,16,6,9,24,4,4,1,31,3,2026-05-01 22:52:59.386229,2026-05-01 22:52:59.386229,-14,24
2022,95,343,8,3,1,2,2,3,0,0,4,5,0,0,1,34,0,2026-05-01 22:52:59.386229,2026-05-01 22:52:59.386229,0,24
2023,95,334,6,1,1,2,1,3,2,0,1,3,7,4,0,13,2,2026-05-01 22:52:59.386229,2026-05-01 22:52:59.386229,16,24
2024,95,338,8,3,3,1,0,0,3,2,3,5,0,0,0,20,1,2026-05-01 22:52:59.386229,2026-05-01 22:52:59.386229,19,24
2025,95,268,6,1,1,1,0,2,2,2,2,2,0,0,0,17,1,2026-05-01 22:52:59.386229,2026-05-01 22:52:59.386229,20,24
2026,95,326,13,1,0,1,0,3,5,2,4,8,4,3,2,31,3,2026-05-01 22:52:59.386229,2026-05-01 22:52:59.386229,-3,14
2027,95,320,15,4,2,0,0,5,3,0,7,16,2,1,1,34,0,2026-05-01 22:52:59.386229,2026-05-01 22:52:59.386229,5,14
2028,95,315,2,3,1,1,0,0,0,0,1,3,0,0,0,22,1,2026-05-01 22:52:59.386229,2026-05-01 22:52:59.386229,-24,14
2029,95,325,14,1,2,2,0,2,5,2,5,12,2,2,4,36,4,2026-05-01 22:52:59.386229,2026-05-01 22:52:59.386229,9,14
2030,95,316,41,8,0,2,0,8,11,6,12,21,12,11,3,39,1,2026-05-01 22:52:59.386229,2026-05-01 22:52:59.386229,9,14
2031,95,375,8,3,0,1,0,0,1,0,4,6,0,0,1,21,1,2026-05-01 22:52:59.386229,2026-05-01 22:52:59.386229,-9,14
2032,95,318,6,5,3,0,1,1,0,0,2,3,2,2,0,21,2,2026-05-01 22:52:59.386229,2026-05-01 22:52:59.386229,16,14
2033,95,323,11,3,2,1,1,1,4,1,3,6,4,4,0,27,2,2026-05-01 22:52:59.386229,2026-05-01 22:52:59.386229,-3,14
2034,95,330,0,1,0,0,0,0,0,0,0,0,0,0,1,5,1,2026-05-01 22:52:59.386229,2026-05-01 22:52:59.386229,-15,14
2035,95,321,0,0,0,0,0,0,0,0,0,0,0,0,0,0,0,2026-05-01 22:52:59.386229,2026-05-01 22:52:59.386229,0,14
2036,96,175,23,3,1,1,1,1,6,2,9,17,3,3,1,29,5,2026-05-01 22:52:59.386229,2026-05-01 22:52:59.386229,-14,29
2037,96,191,6,2,1,0,1,1,1,0,2,6,5,2,0,30,1,2026-05-01 22:52:59.386229,2026-05-01 22:52:59.386229,-9,29
2038,96,178,13,2,4,0,0,2,3,2,5,7,2,1,4,18,3,2026-05-01 22:52:59.386229,2026-05-01 22:52:59.386229,-20,29
2039,96,497,4,1,4,5,2,1,3,0,2,6,0,0,2,26,0,2026-05-01 22:52:59.386229,2026-05-01 22:52:59.386229,-13,29
2040,96,177,11,0,1,1,0,7,1,0,5,11,2,1,4,27,3,2026-05-01 22:52:59.386229,2026-05-01 22:52:59.386229,-13,29
2041,96,554,2,0,0,0,1,1,4,0,1,5,1,0,0,18,2,2026-05-01 22:52:59.386229,2026-05-01 22:52:59.386229,3,29
2042,96,185,14,0,2,0,0,3,7,4,5,10,0,0,0,15,0,2026-05-01 22:52:59.386229,2026-05-01 22:52:59.386229,4,29
2043,96,183,6,8,0,2,0,4,3,1,2,5,1,1,3,20,3,2026-05-01 22:52:59.386229,2026-05-01 22:52:59.386229,1,29
2044,96,180,11,3,0,4,1,6,1,0,3,6,6,5,2,20,1,2026-05-01 22:52:59.386229,2026-05-01 22:52:59.386229,2,29
2045,96,188,20,3,0,1,0,2,8,3,7,13,5,3,2,25,3,2026-05-01 22:52:59.386229,2026-05-01 22:52:59.386229,-4,29
2046,96,190,8,0,2,0,0,0,0,0,4,4,0,0,0,9,0,2026-05-01 22:52:59.386229,2026-05-01 22:52:59.386229,8,29
2047,96,509,42,3,2,0,0,7,9,5,14,20,9,9,2,34,1,2026-05-01 22:52:59.386229,2026-05-01 22:52:59.386229,5,19
2048,96,524,20,3,1,4,1,4,0,0,9,15,3,2,1,33,0,2026-05-01 22:52:59.386229,2026-05-01 22:52:59.386229,15,19
2049,96,514,4,6,1,0,0,0,0,0,2,2,0,0,2,12,1,2026-05-01 22:52:59.386229,2026-05-01 22:52:59.386229,8,19
2050,96,513,8,1,0,3,0,6,3,2,2,4,2,2,2,25,4,2026-05-01 22:52:59.386229,2026-05-01 22:52:59.386229,11,19
2051,96,520,17,2,1,4,1,9,7,2,5,12,5,5,6,25,3,2026-05-01 22:52:59.386229,2026-05-01 22:52:59.386229,16,19
2052,96,511,12,2,0,1,1,4,4,2,4,11,3,2,3,22,0,2026-05-01 22:52:59.386229,2026-05-01 22:52:59.386229,-5,19
2053,96,516,8,2,2,0,4,0,2,1,3,4,1,1,1,24,5,2026-05-01 22:52:59.386229,2026-05-01 22:52:59.386229,4,19
2054,96,517,8,5,0,1,0,3,4,0,4,9,0,0,0,30,2,2026-05-01 22:52:59.386229,2026-05-01 22:52:59.386229,5,19
2055,96,523,7,2,5,0,0,1,1,0,2,7,4,3,1,20,4,2026-05-01 22:52:59.386229,2026-05-01 22:52:59.386229,-6,19
2056,96,522,3,1,1,0,1,3,4,1,1,4,0,0,0,10,2,2026-05-01 22:52:59.386229,2026-05-01 22:52:59.386229,2,19
2057,97,307,18,1,0,1,2,1,2,1,7,11,5,3,1,31,3,2026-05-01 22:52:59.386229,2026-05-01 22:52:59.386229,2,13
2058,97,299,0,6,0,1,0,3,1,0,0,1,0,0,1,25,1,2026-05-01 22:52:59.386229,2026-05-01 22:52:59.386229,7,13
2059,97,309,8,6,0,2,0,2,7,2,2,12,2,2,3,32,2,2026-05-01 22:52:59.386229,2026-05-01 22:52:59.386229,0,13
2060,97,253,14,5,1,1,0,2,4,0,4,14,8,6,6,33,5,2026-05-01 22:52:59.386229,2026-05-01 22:52:59.386229,1,13
2061,97,305,11,4,2,1,0,7,1,0,4,9,4,3,1,32,1,2026-05-01 22:52:59.386229,2026-05-01 22:52:59.386229,-1,13
2062,97,310,10,2,1,0,0,1,0,0,5,7,0,0,2,24,0,2026-05-01 22:52:59.386229,2026-05-01 22:52:59.386229,-13,13
2063,97,312,9,1,0,0,0,1,2,1,4,7,0,0,1,19,0,2026-05-01 22:52:59.386229,2026-05-01 22:52:59.386229,-11,13
2064,97,301,8,5,1,2,0,4,4,1,2,7,4,3,2,17,1,2026-05-01 22:52:59.386229,2026-05-01 22:52:59.386229,-5,13
2065,97,311,10,3,1,0,0,0,0,0,2,5,6,6,1,15,4,2026-05-01 22:52:59.386229,2026-05-01 22:52:59.386229,-6,13
2066,97,303,0,1,0,0,0,0,1,0,0,1,0,0,0,7,0,2026-05-01 22:52:59.386229,2026-05-01 22:52:59.386229,-4,13
2067,97,132,12,6,1,3,0,2,1,0,5,10,2,2,1,31,4,2026-05-01 22:52:59.386229,2026-05-01 22:52:59.386229,-1,18
2068,97,134,4,2,1,0,0,6,3,0,1,10,2,2,2,31,3,2026-05-01 22:52:59.386229,2026-05-01 22:52:59.386229,5,18
2069,97,128,3,11,2,0,3,1,0,0,1,1,4,1,2,34,3,2026-05-01 22:52:59.386229,2026-05-01 22:52:59.386229,-2,18
2070,97,126,31,3,0,1,0,5,6,2,12,24,6,5,3,36,2,2026-05-01 22:52:59.386229,2026-05-01 22:52:59.386229,-2,18
2071,97,124,18,1,2,2,0,4,9,4,6,13,2,2,1,31,2,2026-05-01 22:52:59.386229,2026-05-01 22:52:59.386229,8,18
2072,97,195,12,2,0,1,0,1,1,1,5,9,1,1,1,23,0,2026-05-01 22:52:59.386229,2026-05-01 22:52:59.386229,9,18
2073,97,135,11,6,1,1,2,0,2,0,5,10,2,1,1,29,2,2026-05-01 22:52:59.386229,2026-05-01 22:52:59.386229,7,18
2074,97,129,3,2,0,0,0,4,3,1,1,5,0,0,0,14,0,2026-05-01 22:52:59.386229,2026-05-01 22:52:59.386229,10,18
2075,97,136,0,0,0,0,0,0,0,0,0,0,0,0,1,4,2,2026-05-01 22:52:59.386229,2026-05-01 22:52:59.386229,0,18
2076,97,123,0,1,0,0,0,0,1,0,0,1,0,0,0,3,1,2026-05-01 22:52:59.386229,2026-05-01 22:52:59.386229,-4,18
2077,98,245,11,3,1,3,2,7,0,0,5,7,4,1,3,28,1,2026-05-01 22:52:59.386229,2026-05-01 22:52:59.386229,15,9
2078,98,231,4,8,0,0,1,1,2,0,2,5,0,0,0,23,1,2026-05-01 22:52:59.386229,2026-05-01 22:52:59.386229,2,9
2079,98,229,29,10,5,0,1,2,0,0,12,17,7,5,0,31,2,2026-05-01 22:52:59.386229,2026-05-01 22:52:59.386229,12,9
2080,98,241,16,2,1,1,0,3,9,3,4,11,5,5,1,30,0,2026-05-01 22:52:59.386229,2026-05-01 22:52:59.386229,15,9
2081,98,228,29,4,0,3,3,13,5,3,11,16,4,4,8,38,5,2026-05-01 22:52:59.386229,2026-05-01 22:52:59.386229,17,9
2082,98,232,8,2,3,1,0,2,3,0,4,9,0,0,0,16,4,2026-05-01 22:52:59.386229,2026-05-01 22:52:59.386229,-2,9
2083,98,238,9,0,0,0,0,1,2,1,3,6,2,2,2,17,3,2026-05-01 22:52:59.386229,2026-05-01 22:52:59.386229,-11,9
2084,98,234,4,2,1,0,0,0,2,0,2,6,0,0,0,13,0,2026-05-01 22:52:59.386229,2026-05-01 22:52:59.386229,-7,9
2085,98,240,8,2,4,0,4,0,0,0,3,7,4,2,1,16,2,2026-05-01 22:52:59.386229,2026-05-01 22:52:59.386229,-4,9
2086,98,230,6,3,1,1,1,0,3,2,2,4,0,0,0,17,1,2026-05-01 22:52:59.386229,2026-05-01 22:52:59.386229,9,9
2087,98,199,0,0,0,0,0,0,1,0,0,1,0,0,0,7,2,2026-05-01 22:52:59.386229,2026-05-01 22:52:59.386229,-6,9
2088,98,142,3,1,2,2,0,4,5,1,1,8,0,0,0,28,1,2026-05-01 22:52:59.386229,2026-05-01 22:52:59.386229,-15,21
2089,98,151,20,3,1,1,1,6,7,2,6,16,7,6,3,34,4,2026-05-01 22:52:59.386229,2026-05-01 22:52:59.386229,4,21
2090,98,153,30,11,0,1,1,4,10,5,9,14,7,7,4,35,2,2026-05-01 22:52:59.386229,2026-05-01 22:52:59.386229,-15,21
2091,98,146,3,2,0,1,0,1,5,1,1,5,0,0,1,13,2,2026-05-01 22:52:59.386229,2026-05-01 22:52:59.386229,-6,21
2092,98,150,23,1,1,1,0,5,6,3,9,17,2,2,1,30,5,2026-05-01 22:52:59.386229,2026-05-01 22:52:59.386229,-16,21
2093,98,83,20,2,1,0,0,2,10,4,6,16,4,4,0,29,1,2026-05-01 22:52:59.386229,2026-05-01 22:52:59.386229,4,21
2094,98,154,13,1,3,0,0,0,3,2,5,10,1,1,1,25,3,2026-05-01 22:52:59.386229,2026-05-01 22:52:59.386229,-2,21
2095,98,138,0,2,0,1,1,0,1,0,0,3,0,0,1,21,1,2026-05-01 22:52:59.386229,2026-05-01 22:52:59.386229,6,21
2096,98,139,4,1,3,0,0,2,2,0,2,4,0,0,1,3,0,2026-05-01 22:52:59.386229,2026-05-01 22:52:59.386229,11,21
2097,98,149,0,1,1,0,0,4,0,0,0,3,0,0,1,15,1,2026-05-01 22:52:59.386229,2026-05-01 22:52:59.386229,-11,21
2098,98,553,0,0,0,0,0,0,0,0,0,0,0,0,0,0,0,2026-05-01 22:52:59.386229,2026-05-01 22:52:59.386229,0,21
2099,99,93,20,10,1,0,0,4,2,0,9,22,2,2,4,37,2,2026-05-01 22:52:59.386229,2026-05-01 22:52:59.386229,1,28
2100,99,88,15,3,1,3,1,2,4,1,7,13,0,0,5,31,4,2026-05-01 22:52:59.386229,2026-05-01 22:52:59.386229,-3,28
2101,99,98,4,3,2,1,0,1,1,1,1,4,2,1,0,15,3,2026-05-01 22:52:59.386229,2026-05-01 22:52:59.386229,-18,28
2102,99,89,12,5,2,0,0,3,6,1,4,14,4,3,2,32,1,2026-05-01 22:52:59.386229,2026-05-01 22:52:59.386229,-5,28
2103,99,100,20,4,0,0,0,0,5,3,6,12,7,5,0,36,2,2026-05-01 22:52:59.386229,2026-05-01 22:52:59.386229,4,28
2104,99,95,2,1,2,0,0,0,0,0,1,2,0,0,0,14,1,2026-05-01 22:52:59.386229,2026-05-01 22:52:59.386229,-13,28
2105,99,103,5,6,1,1,0,2,2,0,1,4,3,3,0,19,2,2026-05-01 22:52:59.386229,2026-05-01 22:52:59.386229,-6,28
2106,99,99,15,4,3,1,3,2,0,0,5,11,5,5,0,28,4,2026-05-01 22:52:59.386229,2026-05-01 22:52:59.386229,18,28
2107,99,101,12,1,0,0,0,3,3,2,3,7,4,4,0,18,1,2026-05-01 22:52:59.386229,2026-05-01 22:52:59.386229,6,28
2108,99,90,2,0,0,0,0,0,0,0,1,1,0,0,1,6,0,2026-05-01 22:52:59.386229,2026-05-01 22:52:59.386229,1,28
2109,99,288,0,1,0,0,0,0,0,0,0,0,0,0,0,0,0,2026-05-01 22:52:59.386229,2026-05-01 22:52:59.386229,0,28
2110,99,540,21,5,0,2,0,2,6,5,8,13,0,0,2,31,3,2026-05-01 22:52:59.386229,2026-05-01 22:52:59.386229,2,27
2111,99,529,10,5,1,1,0,5,7,3,3,8,1,1,0,28,2,2026-05-01 22:52:59.386229,2026-05-01 22:52:59.386229,14,27
2112,99,542,12,8,0,1,5,3,6,1,3,12,6,5,3,29,2,2026-05-01 22:52:59.386229,2026-05-01 22:52:59.386229,19,27
2113,99,530,20,2,0,1,0,1,5,2,8,15,8,2,3,30,3,2026-05-01 22:52:59.386229,2026-05-01 22:52:59.386229,-11,27
2114,99,528,13,2,1,1,0,5,4,2,4,10,4,3,3,27,2,2026-05-01 22:52:59.386229,2026-05-01 22:52:59.386229,11,27
2115,99,531,15,3,2,2,0,7,4,1,7,11,2,0,1,29,4,2026-05-01 22:52:59.386229,2026-05-01 22:52:59.386229,1,27
2116,99,535,6,4,2,0,0,0,0,0,2,4,2,2,0,21,3,2026-05-01 22:52:59.386229,2026-05-01 22:52:59.386229,-9,27
2117,99,533,2,1,0,0,0,3,1,0,1,6,0,0,0,13,0,2026-05-01 22:52:59.386229,2026-05-01 22:52:59.386229,-7,27
2118,99,525,8,3,0,3,0,2,4,2,3,5,0,0,1,20,1,2026-05-01 22:52:59.386229,2026-05-01 22:52:59.386229,1,27
2119,99,527,3,1,0,0,0,0,2,1,1,2,0,0,0,7,0,2026-05-01 22:52:59.386229,2026-05-01 22:52:59.386229,-6,27
2120,100,505,8,2,0,1,0,3,4,2,3,8,0,0,2,26,0,2026-05-01 22:52:59.386229,2026-05-01 22:52:59.386229,8,15
2121,100,493,24,5,3,1,2,2,6,3,8,12,6,5,5,25,2,2026-05-01 22:52:59.386229,2026-05-01 22:52:59.386229,-8,15
2122,100,502,3,1,1,0,1,2,2,1,1,5,0,0,0,20,2,2026-05-01 22:52:59.386229,2026-05-01 22:52:59.386229,-6,15
2123,100,503,16,5,1,0,0,4,5,3,6,8,1,1,0,27,0,2026-05-01 22:52:59.386229,2026-05-01 22:52:59.386229,-7,15
2124,100,495,22,3,0,1,0,5,8,4,8,14,2,2,2,24,2,2026-05-01 22:52:59.386229,2026-05-01 22:52:59.386229,-17,15
2125,100,169,8,2,1,1,0,1,4,1,3,7,2,1,0,23,3,2026-05-01 22:52:59.386229,2026-05-01 22:52:59.386229,-11,15
2126,100,181,14,4,2,2,1,4,2,0,6,11,3,2,2,27,0,2026-05-01 22:52:59.386229,2026-05-01 22:52:59.386229,-15,15
2127,100,501,8,1,2,1,0,4,3,1,3,7,2,1,2,20,2,2026-05-01 22:52:59.386229,2026-05-01 22:52:59.386229,-14,15
2128,100,176,4,0,0,0,0,3,4,1,1,8,2,1,1,22,3,2026-05-01 22:52:59.386229,2026-05-01 22:52:59.386229,-6,15
2129,100,504,5,1,0,0,0,2,3,1,2,4,0,0,2,21,2,2026-05-01 22:52:59.386229,2026-05-01 22:52:59.386229,-29,15
2130,100,292,14,1,1,1,0,3,5,3,4,7,3,3,1,27,2,2026-05-01 22:52:59.386229,2026-05-01 22:52:59.386229,6,10
2131,100,297,17,3,0,1,1,4,2,1,6,7,4,4,1,25,0,2026-05-01 22:52:59.386229,2026-05-01 22:52:59.386229,21,10
2132,100,287,10,5,2,0,1,3,6,2,4,10,0,0,0,26,1,2026-05-01 22:52:59.386229,2026-05-01 22:52:59.386229,12,10
2133,100,296,21,2,3,3,0,6,6,2,9,15,1,1,1,29,2,2026-05-01 22:52:59.386229,2026-05-01 22:52:59.386229,6,10
2134,100,294,19,7,1,0,0,6,8,3,6,14,4,4,3,30,2,2026-05-01 22:52:59.386229,2026-05-01 22:52:59.386229,22,10
2135,100,293,19,4,1,3,0,4,7,3,8,12,0,0,3,28,3,2026-05-01 22:52:59.386229,2026-05-01 22:52:59.386229,3,10
2136,100,298,12,1,1,1,1,9,5,2,5,13,0,0,2,32,4,2026-05-01 22:52:59.386229,2026-05-01 22:52:59.386229,23,10
2137,100,295,12,8,0,1,2,0,6,2,4,9,3,2,2,21,3,2026-05-01 22:52:59.386229,2026-05-01 22:52:59.386229,9,10
2138,100,290,9,3,5,2,1,2,1,1,3,5,4,2,1,17,4,2026-05-01 22:52:59.386229,2026-05-01 22:52:59.386229,3,10
2139,101,475,21,3,1,0,0,5,5,2,8,13,3,3,2,27,3,2026-05-01 22:52:59.386229,2026-05-01 22:52:59.386229,7,11
2140,101,484,12,2,0,0,1,3,4,0,6,12,0,0,0,32,1,2026-05-01 22:52:59.386229,2026-05-01 22:52:59.386229,10,11
2141,101,482,26,9,4,2,3,11,2,1,9,13,8,7,2,32,0,2026-05-01 22:52:59.386229,2026-05-01 22:52:59.386229,23,11
2142,101,476,8,2,0,1,1,1,1,1,3,4,1,1,0,20,4,2026-05-01 22:52:59.386229,2026-05-01 22:52:59.386229,2,11
2143,101,483,28,2,2,1,1,2,16,7,9,21,3,3,2,32,1,2026-05-01 22:52:59.386229,2026-05-01 22:52:59.386229,24,11
2144,101,472,2,3,1,0,1,0,0,0,0,3,2,2,1,12,0,2026-05-01 22:52:59.386229,2026-05-01 22:52:59.386229,19,11
2145,101,479,7,1,0,0,0,3,2,1,3,4,0,0,2,20,3,2026-05-01 22:52:59.386229,2026-05-01 22:52:59.386229,24,11
2146,101,481,14,7,0,2,0,0,4,3,5,7,2,1,0,24,0,2026-05-01 22:52:59.386229,2026-05-01 22:52:59.386229,30,11
2147,101,473,3,3,1,0,1,1,2,1,1,2,0,0,2,17,2,2026-05-01 22:52:59.386229,2026-05-01 22:52:59.386229,7,11
2148,101,478,5,1,0,0,0,1,2,1,2,4,0,0,0,14,0,2026-05-01 22:52:59.386229,2026-05-01 22:52:59.386229,8,11
2149,101,474,2,2,0,0,0,2,1,0,1,3,0,0,0,5,0,2026-05-01 22:52:59.386229,2026-05-01 22:52:59.386229,1,11
2150,101,359,3,1,0,0,1,0,1,0,0,2,3,3,0,8,0,2026-05-01 22:52:59.386229,2026-05-01 22:52:59.386229,-7,26
2151,101,349,6,5,5,0,0,1,2,0,3,11,0,0,2,30,2,2026-05-01 22:52:59.386229,2026-05-01 22:52:59.386229,-14,26
2152,101,361,11,5,3,0,0,2,0,0,5,9,2,1,1,28,1,2026-05-01 22:52:59.386229,2026-05-01 22:52:59.386229,-13,26
2153,101,353,15,1,0,1,0,7,0,0,4,7,8,7,1,23,2,2026-05-01 22:52:59.386229,2026-05-01 22:52:59.386229,-9,26
2154,101,366,22,3,2,0,0,3,7,1,10,19,1,1,2,25,2,2026-05-01 22:52:59.386229,2026-05-01 22:52:59.386229,-9,26
2155,101,352,15,1,1,4,0,1,7,3,6,11,0,0,4,29,1,2026-05-01 22:52:59.386229,2026-05-01 22:52:59.386229,-13,26
2156,101,360,9,2,0,2,0,0,5,1,4,10,0,0,0,24,2,2026-05-01 22:52:59.386229,2026-05-01 22:52:59.386229,-18,26
2157,101,544,5,0,3,1,0,1,2,0,2,6,2,1,1,21,4,2026-05-01 22:52:59.386229,2026-05-01 22:52:59.386229,-24,26
2158,101,358,7,5,0,0,0,3,5,1,2,8,2,2,0,19,1,2026-05-01 22:52:59.386229,2026-05-01 22:52:59.386229,-25,26
2159,101,558,3,1,0,1,0,3,3,1,1,9,0,0,1,20,0,2026-05-01 22:52:59.386229,2026-05-01 22:52:59.386229,-17,26
2160,101,355,1,3,2,0,1,1,0,0,0,1,2,1,0,9,0,2026-05-01 22:52:59.386229,2026-05-01 22:52:59.386229,-6,26
2161,102,269,15,1,0,0,0,2,10,5,5,10,0,0,1,37,4,2026-05-01 22:52:59.386229,2026-05-01 22:52:59.386229,15,17
2162,102,272,17,4,0,1,0,5,10,5,6,14,0,0,0,26,2,2026-05-01 22:52:59.386229,2026-05-01 22:52:59.386229,5,17
2163,102,280,15,1,2,1,1,0,5,3,6,9,1,0,0,24,2,2026-05-01 22:52:59.386229,2026-05-01 22:52:59.386229,5,17
2164,102,274,20,7,1,5,1,5,2,0,10,16,0,0,3,37,2,2026-05-01 22:52:59.386229,2026-05-01 22:52:59.386229,7,17
2165,102,277,18,2,1,0,0,9,6,2,8,13,0,0,4,34,4,2026-05-01 22:52:59.386229,2026-05-01 22:52:59.386229,12,17
2166,102,278,11,7,4,0,0,2,0,0,5,6,2,1,2,28,3,2026-05-01 22:52:59.386229,2026-05-01 22:52:59.386229,-5,17
2167,102,31,7,1,0,0,0,2,2,1,3,6,0,0,2,16,0,2026-05-01 22:52:59.386229,2026-05-01 22:52:59.386229,-13,17
2168,102,275,10,5,0,0,0,1,4,2,4,8,0,0,0,21,2,2026-05-01 22:52:59.386229,2026-05-01 22:52:59.386229,-4,17
2169,102,141,5,0,0,0,0,2,6,1,1,6,2,2,1,13,1,2026-05-01 22:52:59.386229,2026-05-01 22:52:59.386229,-12,17
2170,102,226,14,7,3,2,0,3,6,1,5,16,3,3,0,35,3,2026-05-01 22:52:59.386229,2026-05-01 22:52:59.386229,-19,6
2171,102,227,0,3,1,0,0,4,3,0,0,4,2,0,0,21,0,2026-05-01 22:52:59.386229,2026-05-01 22:52:59.386229,9,6
2172,102,211,27,5,6,2,1,1,0,0,10,15,8,7,1,32,0,2026-05-01 22:52:59.386229,2026-05-01 22:52:59.386229,-10,6
2173,102,217,14,4,1,0,0,2,8,2,6,13,2,0,3,33,3,2026-05-01 22:52:59.386229,2026-05-01 22:52:59.386229,-2,6
2174,102,364,26,1,1,1,0,5,6,3,8,14,9,7,3,34,1,2026-05-01 22:52:59.386229,2026-05-01 22:52:59.386229,-5,6
2175,102,354,14,2,2,2,1,3,8,4,5,9,0,0,2,28,1,2026-05-01 22:52:59.386229,2026-05-01 22:52:59.386229,6,6
2176,102,224,2,1,1,0,0,0,2,0,1,4,0,0,2,8,0,2026-05-01 22:52:59.386229,2026-05-01 22:52:59.386229,-3,6
2177,102,221,8,1,1,0,0,9,2,1,3,4,1,1,0,21,0,2026-05-01 22:52:59.386229,2026-05-01 22:52:59.386229,5,6
2178,102,213,11,2,0,0,0,0,5,1,4,8,2,2,0,15,2,2026-05-01 22:52:59.386229,2026-05-01 22:52:59.386229,8,6
2179,102,220,0,2,0,0,0,1,0,0,0,0,0,0,0,7,0,2026-05-01 22:52:59.386229,2026-05-01 22:52:59.386229,1,6
2180,103,105,6,5,2,0,0,2,5,2,2,5,0,0,0,27,3,2026-05-01 22:52:59.386229,2026-05-01 22:52:59.386229,-2,8
2181,103,110,11,2,3,0,0,3,6,3,4,11,0,0,1,34,1,2026-05-01 22:52:59.386229,2026-05-01 22:52:59.386229,17,8
2182,103,111,30,9,3,0,0,6,13,4,11,28,7,4,1,32,2,2026-05-01 22:52:59.386229,2026-05-01 22:52:59.386229,13,8
2183,103,117,12,1,0,1,1,1,5,2,5,9,0,0,3,26,4,2026-05-01 22:52:59.386229,2026-05-01 22:52:59.386229,2,8
2184,103,114,2,0,0,0,0,1,2,0,1,3,0,0,0,7,1,2026-05-01 22:52:59.386229,2026-05-01 22:52:59.386229,0,8
2185,103,108,14,4,0,0,0,4,4,1,5,9,5,3,0,21,0,2026-05-01 22:52:59.386229,2026-05-01 22:52:59.386229,13,8
2186,103,113,6,6,1,0,1,0,2,1,2,5,2,1,0,25,3,2026-05-01 22:52:59.386229,2026-05-01 22:52:59.386229,22,8
2187,103,106,4,3,1,2,0,5,3,0,1,8,2,2,3,27,2,2026-05-01 22:52:59.386229,2026-05-01 22:52:59.386229,8,8
2188,103,119,11,4,2,0,1,2,1,1,5,7,0,0,0,12,1,2026-05-01 22:52:59.386229,2026-05-01 22:52:59.386229,7,8
2189,103,115,0,3,0,0,1,0,1,0,0,1,2,0,0,6,1,2026-05-01 22:52:59.386229,2026-05-01 22:52:59.386229,1,8
2190,103,400,2,2,2,1,0,4,0,0,1,5,0,0,0,14,0,2026-05-01 22:52:59.386229,2026-05-01 22:52:59.386229,13,8
2191,103,109,5,1,0,0,0,0,1,1,2,2,0,0,0,2,0,2026-05-01 22:52:59.386229,2026-05-01 22:52:59.386229,1,8
2192,103,37,23,11,0,0,3,3,6,1,7,21,9,8,4,33,2,2026-05-01 22:52:59.386229,2026-05-01 22:52:59.386229,-12,2
2193,103,41,5,2,2,0,0,1,2,1,2,5,0,0,1,24,2,2026-05-01 22:52:59.386229,2026-05-01 22:52:59.386229,-2,2
2194,103,44,10,4,0,0,1,1,1,0,4,6,2,2,2,28,4,2026-05-01 22:52:59.386229,2026-05-01 22:52:59.386229,-7,2
2195,103,45,9,3,1,0,0,0,8,3,3,9,0,0,1,24,1,2026-05-01 22:52:59.386229,2026-05-01 22:52:59.386229,-16,2
2196,103,51,20,3,3,1,3,3,9,4,6,14,4,4,3,32,0,2026-05-01 22:52:59.386229,2026-05-01 22:52:59.386229,-20,2
2197,103,208,2,7,1,0,0,1,4,0,1,7,0,0,0,22,2,2026-05-01 22:52:59.386229,2026-05-01 22:52:59.386229,-9,2
2198,103,43,3,3,0,2,0,4,3,1,1,6,0,0,0,27,3,2026-05-01 22:52:59.386229,2026-05-01 22:52:59.386229,-13,2
2199,103,39,5,2,0,1,0,1,3,1,2,4,0,0,1,10,1,2026-05-01 22:52:59.386229,2026-05-01 22:52:59.386229,-4,2
2200,103,40,3,1,0,0,0,2,7,1,1,7,0,0,1,10,2,2026-05-01 22:52:59.386229,2026-05-01 22:52:59.386229,-4,2
2201,103,50,4,3,0,0,0,0,0,0,2,2,1,0,0,13,2,2026-05-01 22:52:59.386229,2026-05-01 22:52:59.386229,-4,2
2202,103,38,0,0,2,0,0,1,0,0,0,1,2,0,0,5,1,2026-05-01 22:52:59.386229,2026-05-01 22:52:59.386229,-2,2
2203,103,550,0,0,0,0,1,1,0,0,0,1,0,0,0,5,0,2026-05-01 22:52:59.386229,2026-05-01 22:52:59.386229,-2,2
2204,104,259,12,2,1,2,0,0,6,2,4,12,2,2,3,28,3,2026-05-01 22:52:59.386229,2026-05-01 22:52:59.386229,-17,12
2205,104,263,8,6,4,1,1,6,5,0,3,13,2,2,2,32,0,2026-05-01 22:52:59.386229,2026-05-01 22:52:59.386229,-16,12
2206,104,249,4,4,0,1,1,4,4,0,2,7,0,0,1,24,3,2026-05-01 22:52:59.386229,2026-05-01 22:52:59.386229,-13,12
2207,104,252,13,5,1,1,0,3,5,3,5,11,0,0,0,29,3,2026-05-01 22:52:59.386229,2026-05-01 22:52:59.386229,10,12
2208,104,255,23,0,1,1,0,3,9,3,8,17,5,4,3,27,1,2026-05-01 22:52:59.386229,2026-05-01 22:52:59.386229,-23,12
2209,104,258,23,2,1,1,2,3,5,3,9,11,3,2,1,23,3,2026-05-01 22:52:59.386229,2026-05-01 22:52:59.386229,-8,12
2210,104,302,9,6,4,0,0,4,4,0,3,10,3,3,4,31,2,2026-05-01 22:52:59.386229,2026-05-01 22:52:59.386229,-12,12
2211,104,251,15,2,0,0,0,1,5,2,4,7,5,5,0,28,2,2026-05-01 22:52:59.386229,2026-05-01 22:52:59.386229,-24,12
2212,104,254,7,2,0,1,0,3,0,0,3,7,2,1,2,15,2,2026-05-01 22:52:59.386229,2026-05-01 22:52:59.386229,-2,12
2213,104,84,12,4,0,1,0,2,3,2,5,8,0,0,2,27,2,2026-05-01 22:52:59.386229,2026-05-01 22:52:59.386229,4,23
2214,104,70,0,2,1,0,0,1,0,0,0,0,2,0,0,20,1,2026-05-01 22:52:59.386229,2026-05-01 22:52:59.386229,22,23
2215,104,77,27,5,1,0,1,5,4,1,11,17,5,4,4,26,2,2026-05-01 22:52:59.386229,2026-05-01 22:52:59.386229,-1,23
2216,104,75,23,6,1,2,0,4,4,2,9,13,3,3,1,30,2,2026-05-01 22:52:59.386229,2026-05-01 22:52:59.386229,27,23
2217,104,82,32,8,1,2,1,8,8,2,10,22,10,10,2,33,2,2026-05-01 22:52:59.386229,2026-05-01 22:52:59.386229,21,23
2218,104,85,0,1,0,1,0,0,1,0,0,1,0,0,1,10,1,2026-05-01 22:52:59.386229,2026-05-01 22:52:59.386229,-1,23
2219,104,80,15,2,0,2,0,2,4,1,6,11,3,2,1,26,2,2026-05-01 22:52:59.386229,2026-05-01 22:52:59.386229,26,23
2220,104,72,6,4,1,2,1,3,0,0,3,3,0,0,1,14,2,2026-05-01 22:52:59.386229,2026-05-01 22:52:59.386229,27,23
2221,104,555,2,0,0,1,0,0,2,0,1,4,0,0,1,16,3,2026-05-01 22:52:59.386229,2026-05-01 22:52:59.386229,-3,23
2222,104,86,12,4,0,0,2,2,1,0,6,7,0,0,0,15,2,2026-05-01 22:52:59.386229,2026-05-01 22:52:59.386229,-3,23
2223,104,76,2,0,0,1,0,1,1,0,1,2,0,0,0,6,1,2026-05-01 22:52:59.386229,2026-05-01 22:52:59.386229,-5,23
2224,104,74,2,2,1,1,0,0,1,0,1,3,0,0,0,6,0,2026-05-01 22:52:59.386229,2026-05-01 22:52:59.386229,-5,23
2225,104,207,2,0,0,1,0,1,0,0,0,1,2,2,0,5,1,2026-05-01 22:52:59.386229,2026-05-01 22:52:59.386229,-4,23
2226,105,368,6,5,3,3,0,7,2,0,3,7,0,0,0,24,2,2026-05-01 22:52:59.386229,2026-05-01 22:52:59.386229,28,1
2227,105,374,5,3,0,2,0,0,0,0,2,4,2,1,0,5,1,2026-05-01 22:52:59.386229,2026-05-01 22:52:59.386229,2,1
2228,105,380,10,6,4,0,0,7,7,2,4,17,0,0,0,22,0,2026-05-01 22:52:59.386229,2026-05-01 22:52:59.386229,22,1
2229,105,367,16,3,0,2,0,5,7,3,4,10,5,5,2,24,2,2026-05-01 22:52:59.386229,2026-05-01 22:52:59.386229,19,1
2230,105,378,8,1,1,1,1,2,6,0,2,12,4,4,2,22,0,2026-05-01 22:52:59.386229,2026-05-01 22:52:59.386229,4,1
2231,105,382,9,8,1,1,0,3,5,0,4,11,2,1,2,28,4,2026-05-01 22:52:59.386229,2026-05-01 22:52:59.386229,18,1
2232,105,289,27,4,3,2,0,4,4,3,9,12,7,6,2,24,1,2026-05-01 22:52:59.386229,2026-05-01 22:52:59.386229,16,1
2233,105,331,11,1,1,0,1,1,8,2,4,10,1,1,0,21,3,2026-05-01 22:52:59.386229,2026-05-01 22:52:59.386229,13,1
2234,105,498,6,0,3,1,0,1,2,0,3,8,0,0,0,20,0,2026-05-01 22:52:59.386229,2026-05-01 22:52:59.386229,1,1
2235,105,376,12,2,1,0,0,2,5,2,4,8,2,2,2,20,0,2026-05-01 22:52:59.386229,2026-05-01 22:52:59.386229,-10,1
2236,105,372,6,9,2,2,0,1,2,0,2,4,2,2,0,18,3,2026-05-01 22:52:59.386229,2026-05-01 22:52:59.386229,3,1
2237,105,383,3,0,0,0,0,0,2,0,1,4,1,1,0,5,2,2026-05-01 22:52:59.386229,2026-05-01 22:52:59.386229,-11,1
2238,105,441,8,6,0,2,4,4,2,0,3,9,3,2,1,23,1,2026-05-01 22:52:59.386229,2026-05-01 22:52:59.386229,-20,30
2239,105,442,11,2,0,0,0,2,5,1,3,10,4,4,4,21,2,2026-05-01 22:52:59.386229,2026-05-01 22:52:59.386229,-24,30
2240,105,449,5,6,0,0,1,1,2,1,2,6,0,0,3,22,1,2026-05-01 22:52:59.386229,2026-05-01 22:52:59.386229,-17,30
2241,105,445,8,1,0,0,0,2,5,0,3,12,2,2,2,23,1,2026-05-01 22:52:59.386229,2026-05-01 22:52:59.386229,-31,30
2242,105,438,3,10,0,1,2,7,2,1,1,6,0,0,2,26,3,2026-05-01 22:52:59.386229,2026-05-01 22:52:59.386229,-11,30
2243,105,440,7,0,0,0,0,1,1,0,3,8,2,1,2,16,3,2026-05-01 22:52:59.386229,2026-05-01 22:52:59.386229,-7,30
2244,105,447,18,3,1,0,0,2,2,1,7,8,3,3,2,29,1,2026-05-01 22:52:59.386229,2026-05-01 22:52:59.386229,4,30
2245,105,443,5,5,0,1,1,3,0,0,2,4,2,1,2,24,1,2026-05-01 22:52:59.386229,2026-05-01 22:52:59.386229,-4,30
2246,105,439,14,1,1,2,0,0,6,4,5,8,0,0,0,15,1,2026-05-01 22:52:59.386229,2026-05-01 22:52:59.386229,-19,30
2247,105,450,14,2,0,2,0,1,3,2,6,8,0,0,1,27,5,2026-05-01 22:52:59.386229,2026-05-01 22:52:59.386229,9,30
2248,105,556,5,3,0,1,0,0,3,0,2,5,1,1,1,9,0,2026-05-01 22:52:59.386229,2026-05-01 22:52:59.386229,15,30
2249,106,27,26,0,0,0,0,3,6,2,9,16,6,6,1,32,2,2026-05-01 22:52:59.386229,2026-05-01 22:52:59.386229,-4,3
2250,106,19,22,5,0,1,1,0,5,4,6,9,10,6,0,32,3,2026-05-01 22:52:59.386229,2026-05-01 22:52:59.386229,3,3
2251,106,18,16,3,1,3,0,9,0,0,7,10,3,2,1,32,2,2026-05-01 22:52:59.386229,2026-05-01 22:52:59.386229,6,3
2252,106,20,3,5,0,1,0,2,6,1,1,7,0,0,0,28,2,2026-05-01 22:52:59.386229,2026-05-01 22:52:59.386229,3,3
2253,106,32,8,2,1,3,1,6,3,0,4,11,0,0,3,27,5,2026-05-01 22:52:59.386229,2026-05-01 22:52:59.386229,2,3
2254,106,28,2,2,0,1,0,1,2,0,1,3,0,0,1,21,0,2026-05-01 22:52:59.386229,2026-05-01 22:52:59.386229,-10,3
2255,106,25,17,1,0,0,0,3,3,2,6,9,4,3,0,18,0,2026-05-01 22:52:59.386229,2026-05-01 22:52:59.386229,-13,3
2256,106,30,7,1,1,1,0,1,0,0,3,7,2,1,2,15,3,2026-05-01 22:52:59.386229,2026-05-01 22:52:59.386229,-15,3
2257,106,35,4,2,1,0,0,2,3,1,1,3,2,1,3,14,3,2026-05-01 22:52:59.386229,2026-05-01 22:52:59.386229,-10,3
2258,106,87,9,2,1,1,0,2,4,3,3,5,0,0,0,16,1,2026-05-01 22:52:59.386229,2026-05-01 22:52:59.386229,-7,3
2259,106,446,6,2,3,1,0,1,2,0,2,4,2,2,2,12,0,2026-05-01 22:52:59.386229,2026-05-01 22:52:59.386229,0,7
2260,106,469,13,4,0,0,1,2,3,1,5,8,2,2,2,30,1,2026-05-01 22:52:59.386229,2026-05-01 22:52:59.386229,1,7
2261,106,458,9,2,2,1,1,1,0,0,3,5,3,3,0,16,5,2026-05-01 22:52:59.386229,2026-05-01 22:52:59.386229,-5,7
2262,106,453,13,6,1,0,0,0,5,1,5,12,2,2,1,28,1,2026-05-01 22:52:59.386229,2026-05-01 22:52:59.386229,5,7
2263,106,463,21,4,1,1,0,7,0,0,7,13,9,7,1,36,1,2026-05-01 22:52:59.386229,2026-05-01 22:52:59.386229,12,7
2264,106,436,22,4,1,0,0,1,0,0,10,13,4,2,1,19,3,2026-05-01 22:52:59.386229,2026-05-01 22:52:59.386229,5,7
2265,106,470,19,1,0,0,2,10,2,1,9,11,0,0,4,29,3,2026-05-01 22:52:59.386229,2026-05-01 22:52:59.386229,11,7
2266,106,464,3,5,0,1,0,2,1,0,1,4,2,1,0,22,3,2026-05-01 22:52:59.386229,2026-05-01 22:52:59.386229,1,7
2267,106,468,17,1,1,0,0,2,10,5,6,12,0,0,1,23,0,2026-05-01 22:52:59.386229,2026-05-01 22:52:59.386229,11,7
2268,106,466,0,1,1,0,0,0,0,0,0,0,0,0,0,9,1,2026-05-01 22:52:59.386229,2026-05-01 22:52:59.386229,9,7
2269,106,429,0,4,0,1,0,0,0,0,0,0,0,0,3,10,1,2026-05-01 22:52:59.386229,2026-05-01 22:52:59.386229,-5,7
2270,106,444,0,0,0,0,0,0,0,0,0,0,0,0,0,0,0,2026-05-01 22:52:59.386229,2026-05-01 22:52:59.386229,0,7
2271,106,461,0,0,0,0,0,0,0,0,0,0,0,0,0,0,0,2026-05-01 22:52:59.386229,2026-05-01 22:52:59.386229,0,7
2272,107,93,15,6,0,0,0,6,4,2,6,14,3,1,2,35,2,2026-05-01 22:52:59.386229,2026-05-01 22:52:59.386229,-23,28
2273,107,88,15,3,0,3,4,7,3,0,7,17,1,1,3,31,2,2026-05-01 22:52:59.386229,2026-05-01 22:52:59.386229,18,28
2274,107,98,4,2,2,1,2,2,0,0,1,1,2,2,0,30,1,2026-05-01 22:52:59.386229,2026-05-01 22:52:59.386229,-15,28
2275,107,89,21,8,0,1,1,4,6,4,8,15,2,1,2,33,3,2026-05-01 22:52:59.386229,2026-05-01 22:52:59.386229,-1,28
2276,107,100,17,2,1,1,0,4,9,4,6,14,2,1,4,32,4,2026-05-01 22:52:59.386229,2026-05-01 22:52:59.386229,-2,28
2277,107,95,3,1,1,1,0,1,4,1,1,7,0,0,0,15,1,2026-05-01 22:52:59.386229,2026-05-01 22:52:59.386229,-3,28
2278,107,101,13,1,0,1,0,4,4,2,5,8,2,1,2,23,3,2026-05-01 22:52:59.386229,2026-05-01 22:52:59.386229,-2,28
2279,107,90,2,0,1,0,0,1,1,0,1,3,0,0,0,9,1,2026-05-01 22:52:59.386229,2026-05-01 22:52:59.386229,-2,28
2280,107,103,17,2,2,1,0,1,7,5,6,9,0,0,2,22,4,2026-05-01 22:52:59.386229,2026-05-01 22:52:59.386229,-9,28
2281,107,91,0,2,0,1,1,0,0,0,0,0,0,0,1,5,1,2026-05-01 22:52:59.386229,2026-05-01 22:52:59.386229,-6,28
2282,107,142,15,4,1,1,0,3,9,3,5,16,2,2,1,34,3,2026-05-01 22:52:59.386229,2026-05-01 22:52:59.386229,16,21
2283,107,145,7,6,3,1,3,4,1,0,3,8,1,1,1,30,0,2026-05-01 22:52:59.386229,2026-05-01 22:52:59.386229,-12,21
2284,107,144,11,4,5,1,2,0,0,0,5,8,1,1,2,25,2,2026-05-01 22:52:59.386229,2026-05-01 22:52:59.386229,4,21
2285,107,146,22,2,0,2,0,3,11,6,7,14,2,2,0,32,3,2026-05-01 22:52:59.386229,2026-05-01 22:52:59.386229,6,21
2286,107,150,27,7,1,1,0,7,5,4,11,16,2,1,2,35,4,2026-05-01 22:52:59.386229,2026-05-01 22:52:59.386229,5,21
2287,107,151,8,1,0,0,0,1,4,0,4,10,0,0,4,16,1,2026-05-01 22:52:59.386229,2026-05-01 22:52:59.386229,4,21
2288,107,140,16,1,1,2,0,4,5,2,6,10,2,2,4,22,1,2026-05-01 22:52:59.386229,2026-05-01 22:52:59.386229,22,21
2289,107,83,5,3,1,1,0,0,1,0,2,5,2,1,1,10,2,2026-05-01 22:52:59.386229,2026-05-01 22:52:59.386229,-9,21
2290,107,153,2,8,0,0,0,3,1,0,1,2,0,0,0,16,2,2026-05-01 22:52:59.386229,2026-05-01 22:52:59.386229,5,21
2291,107,154,0,1,0,1,0,1,2,0,0,4,0,0,0,10,1,2026-05-01 22:52:59.386229,2026-05-01 22:52:59.386229,-2,21
2292,107,149,3,0,0,0,0,0,1,1,1,2,0,0,1,5,0,2026-05-01 22:52:59.386229,2026-05-01 22:52:59.386229,6,21
2293,108,227,11,5,3,3,2,3,5,3,4,9,0,0,0,24,2,2026-05-01 22:52:59.386229,2026-05-01 22:52:59.386229,22,6
2294,108,219,12,4,3,1,0,1,1,1,4,7,6,3,1,24,2,2026-05-01 22:52:59.386229,2026-05-01 22:52:59.386229,5,6
2295,108,211,19,6,4,1,2,1,0,0,7,8,7,5,1,28,2,2026-05-01 22:52:59.386229,2026-05-01 22:52:59.386229,11,6
2296,108,218,23,5,0,3,0,4,8,2,5,18,14,11,3,31,1,2026-05-01 22:52:59.386229,2026-05-01 22:52:59.386229,21,6
2297,108,306,20,1,1,0,0,4,7,4,8,18,0,0,3,32,3,2026-05-01 22:52:59.386229,2026-05-01 22:52:59.386229,10,6
2298,108,217,0,1,0,0,0,1,4,0,0,4,0,0,1,20,1,2026-05-01 22:52:59.386229,2026-05-01 22:52:59.386229,13,6
2299,108,364,3,1,0,2,0,5,3,1,1,6,0,0,1,21,0,2026-05-01 22:52:59.386229,2026-05-01 22:52:59.386229,7,6
2300,108,226,12,7,1,1,1,2,4,1,5,10,1,1,1,26,4,2026-05-01 22:52:59.386229,2026-05-01 22:52:59.386229,13,6
2301,108,354,4,0,0,0,1,1,1,0,2,3,0,0,0,15,2,2026-05-01 22:52:59.386229,2026-05-01 22:52:59.386229,-7,6
2302,108,221,0,0,1,0,0,0,0,0,0,0,0,0,0,2,1,2026-05-01 22:52:59.386229,2026-05-01 22:52:59.386229,-4,6
2303,108,213,5,0,0,0,0,0,2,1,1,2,2,2,0,2,0,2026-05-01 22:52:59.386229,2026-05-01 22:52:59.386229,-4,6
2304,108,222,0,0,0,0,0,1,0,0,0,0,0,0,0,2,0,2026-05-01 22:52:59.386229,2026-05-01 22:52:59.386229,-4,6
2305,108,224,0,0,0,0,0,0,0,0,0,1,0,0,0,2,0,2026-05-01 22:52:59.386229,2026-05-01 22:52:59.386229,-4,6
2306,108,559,0,1,0,0,0,0,0,0,0,1,0,0,0,2,0,2026-05-01 22:52:59.386229,2026-05-01 22:52:59.386229,-4,6
2307,108,59,10,4,0,1,0,5,8,2,4,11,0,0,3,26,2,2026-05-01 22:52:59.386229,2026-05-01 22:52:59.386229,-4,20
2308,108,53,5,3,0,0,1,2,6,1,2,9,0,0,1,34,2,2026-05-01 22:52:59.386229,2026-05-01 22:52:59.386229,-12,20
2309,108,67,14,6,1,1,2,2,1,1,5,5,4,3,5,29,2,2026-05-01 22:52:59.386229,2026-05-01 22:52:59.386229,-9,20
2310,108,54,18,2,2,3,1,2,3,1,6,17,6,5,1,31,5,2026-05-01 22:52:59.386229,2026-05-01 22:52:59.386229,-11,20
2311,108,55,20,1,0,0,1,4,7,3,6,19,7,5,2,35,4,2026-05-01 22:52:59.386229,2026-05-01 22:52:59.386229,-20,20
2312,108,66,2,2,0,1,0,1,3,0,1,5,0,0,3,20,2,2026-05-01 22:52:59.386229,2026-05-01 22:52:59.386229,-22,20
2313,108,538,0,2,0,0,0,0,0,0,0,1,0,0,0,4,0,2026-05-01 22:52:59.386229,2026-05-01 22:52:59.386229,1,20
2314,108,65,11,8,8,0,2,1,0,0,5,6,4,1,0,19,2,2026-05-01 22:52:59.386229,2026-05-01 22:52:59.386229,-4,20
2315,108,508,5,4,0,1,1,3,4,1,2,5,0,0,1,21,2,2026-05-01 22:52:59.386229,2026-05-01 22:52:59.386229,0,20
2316,108,58,5,0,0,0,0,0,4,1,2,5,0,0,0,7,0,2026-05-01 22:52:59.386229,2026-05-01 22:52:59.386229,-4,20
2317,108,56,0,0,0,0,0,0,0,0,0,0,0,0,0,1,0,2026-05-01 22:52:59.386229,2026-05-01 22:52:59.386229,-2,20
2318,108,62,4,0,0,0,0,2,1,0,2,3,0,0,0,2,0,2026-05-01 22:52:59.386229,2026-05-01 22:52:59.386229,4,20
2319,108,60,0,0,0,0,0,0,0,0,0,0,0,0,0,2,0,2026-05-01 22:52:59.386229,2026-05-01 22:52:59.386229,4,20
2320,108,546,0,1,0,0,0,1,0,0,0,0,0,0,0,2,1,2026-05-01 22:52:59.386229,2026-05-01 22:52:59.386229,4,20
2321,109,203,7,1,1,1,0,2,5,1,1,6,4,4,0,27,0,2026-05-01 22:52:59.386229,2026-05-01 22:52:59.386229,-33,5
2322,109,210,11,1,1,0,0,1,5,3,4,6,0,0,4,25,0,2026-05-01 22:52:59.386229,2026-05-01 22:52:59.386229,-4,5
2323,109,68,11,2,2,2,0,1,7,3,3,8,2,2,1,26,2,2026-05-01 22:52:59.386229,2026-05-01 22:52:59.386229,-9,5
2324,109,192,32,6,1,1,0,2,11,6,13,19,0,0,2,33,2,2026-05-01 22:52:59.386229,2026-05-01 22:52:59.386229,-7,5
2325,109,198,8,2,0,2,0,5,2,0,3,11,3,2,5,25,1,2026-05-01 22:52:59.386229,2026-05-01 22:52:59.386229,-22,5
2326,109,125,6,4,1,0,0,5,2,0,2,9,2,2,3,23,2,2026-05-01 22:52:59.386229,2026-05-01 22:52:59.386229,-21,5
2327,109,347,6,2,3,0,0,0,0,0,2,5,2,2,1,21,1,2026-05-01 22:52:59.386229,2026-05-01 22:52:59.386229,-22,5
2328,109,200,3,2,0,1,0,1,2,0,1,7,2,1,0,19,1,2026-05-01 22:52:59.386229,2026-05-01 22:52:59.386229,-25,5
2329,109,399,10,2,0,2,0,1,5,2,4,9,0,0,2,28,3,2026-05-01 22:52:59.386229,2026-05-01 22:52:59.386229,-16,5
2330,109,133,5,2,0,0,1,0,1,1,2,2,0,0,1,4,0,2026-05-01 22:52:59.386229,2026-05-01 22:52:59.386229,1,5
2331,109,204,0,0,0,0,0,0,0,0,0,0,0,0,0,2,0,2026-05-01 22:52:59.386229,2026-05-01 22:52:59.386229,-2,5
2332,109,392,21,0,1,2,0,2,6,3,7,12,4,4,0,22,2,2026-05-01 22:52:59.386229,2026-05-01 22:52:59.386229,24,4
2333,109,385,16,6,1,2,1,2,7,4,6,11,0,0,2,22,0,2026-05-01 22:52:59.386229,2026-05-01 22:52:59.386229,19,4
2334,109,387,9,4,3,3,3,5,0,0,4,4,2,1,0,30,1,2026-05-01 22:52:59.386229,2026-05-01 22:52:59.386229,22,4
2335,109,395,23,4,1,2,1,3,9,5,9,16,0,0,6,25,2,2026-05-01 22:52:59.386229,2026-05-01 22:52:59.386229,16,4
2336,109,384,16,3,0,1,0,7,12,4,6,16,0,0,2,23,3,2026-05-01 22:52:59.386229,2026-05-01 22:52:59.386229,31,4
2337,109,209,10,2,1,1,0,4,4,2,4,9,0,0,2,15,1,2026-05-01 22:52:59.386229,2026-05-01 22:52:59.386229,20,4
2338,109,388,11,2,2,0,0,0,5,3,4,6,0,0,1,16,1,2026-05-01 22:52:59.386229,2026-05-01 22:52:59.386229,21,4
2339,109,401,11,3,1,0,0,2,4,2,3,5,3,3,1,19,2,2026-05-01 22:52:59.386229,2026-05-01 22:52:59.386229,19,4
2340,109,391,0,0,1,0,2,1,0,0,0,0,0,0,0,16,0,2026-05-01 22:52:59.386229,2026-05-01 22:52:59.386229,10,4
2341,109,390,0,1,0,1,0,4,1,0,0,1,0,0,1,19,1,2026-05-01 22:52:59.386229,2026-05-01 22:52:59.386229,-5,4
2342,109,386,5,2,1,0,0,0,5,1,2,7,0,0,1,13,1,2026-05-01 22:52:59.386229,2026-05-01 22:52:59.386229,-9,4
2343,109,393,7,4,0,1,1,1,2,1,3,5,0,0,0,7,0,2026-05-01 22:52:59.386229,2026-05-01 22:52:59.386229,-2,4
2344,109,49,2,1,2,0,0,0,2,0,1,3,0,0,0,7,0,2026-05-01 22:52:59.386229,2026-05-01 22:52:59.386229,-6,4
2345,110,269,8,4,1,1,0,4,6,2,2,6,2,2,0,27,5,2026-05-01 22:52:59.386229,2026-05-01 22:52:59.386229,12,17
2346,110,272,19,3,1,1,0,0,7,3,7,16,4,2,2,24,0,2026-05-01 22:52:59.386229,2026-05-01 22:52:59.386229,-6,17
2347,110,280,2,5,0,2,1,0,3,0,1,5,0,0,0,18,0,2026-05-01 22:52:59.386229,2026-05-01 22:52:59.386229,-4,17
2348,110,274,32,4,3,2,1,7,4,2,11,20,8,8,1,36,2,2026-05-01 22:52:59.386229,2026-05-01 22:52:59.386229,10,17
2349,110,277,21,4,0,2,1,5,2,1,9,16,2,2,4,36,2,2026-05-01 22:52:59.386229,2026-05-01 22:52:59.386229,4,17
2350,110,31,6,3,0,0,0,2,4,0,2,10,3,2,0,19,2,2026-05-01 22:52:59.386229,2026-05-01 22:52:59.386229,1,17
2351,110,278,8,7,3,0,0,5,0,0,4,4,0,0,2,29,4,2026-05-01 22:52:59.386229,2026-05-01 22:52:59.386229,15,17
2352,110,141,11,5,1,2,0,1,3,3,4,6,0,0,0,22,2,2026-05-01 22:52:59.386229,2026-05-01 22:52:59.386229,5,17
2353,110,275,21,1,1,0,0,1,10,5,8,14,0,0,1,24,3,2026-05-01 22:52:59.386229,2026-05-01 22:52:59.386229,18,17
2354,110,411,10,4,2,0,0,5,3,0,3,6,4,4,2,35,4,2026-05-01 22:52:59.386229,2026-05-01 22:52:59.386229,-9,16
2355,110,417,16,5,3,1,3,5,8,4,5,12,4,2,0,28,2,2026-05-01 22:52:59.386229,2026-05-01 22:52:59.386229,-4,16
2356,110,402,18,7,2,1,1,2,8,2,8,19,0,0,1,31,3,2026-05-01 22:52:59.386229,2026-05-01 22:52:59.386229,-3,16
2357,110,413,26,5,1,1,0,0,8,3,6,14,14,11,6,29,1,2026-05-01 22:52:59.386229,2026-05-01 22:52:59.386229,-8,16
2358,110,412,8,6,0,1,0,8,3,2,3,4,0,0,1,28,4,2026-05-01 22:52:59.386229,2026-05-01 22:52:59.386229,3,16
2359,110,416,14,5,3,0,0,0,3,1,5,8,4,3,0,18,2,2026-05-01 22:52:59.386229,2026-05-01 22:52:59.386229,-9,16
2360,110,408,9,1,1,1,0,3,3,1,4,9,0,0,2,21,0,2026-05-01 22:52:59.386229,2026-05-01 22:52:59.386229,2,16
2361,110,407,2,1,2,0,0,1,1,0,1,3,0,0,1,10,2,2026-05-01 22:52:59.386229,2026-05-01 22:52:59.386229,-9,16
2362,110,406,14,2,0,0,1,6,9,3,5,17,1,1,3,26,0,2026-05-01 22:52:59.386229,2026-05-01 22:52:59.386229,-20,16
2363,110,404,0,1,0,0,0,0,0,0,0,0,0,0,0,2,0,2026-05-01 22:52:59.386229,2026-05-01 22:52:59.386229,5,16
2364,110,415,0,0,0,3,0,2,2,0,0,2,0,0,0,6,0,2026-05-01 22:52:59.386229,2026-05-01 22:52:59.386229,-3,16
2365,111,509,18,3,3,0,0,1,6,1,6,13,5,5,4,30,0,2026-05-01 22:52:59.386229,2026-05-01 22:52:59.386229,-2,19
2366,111,524,26,1,5,2,1,0,1,1,11,21,5,3,1,33,3,2026-05-01 22:52:59.386229,2026-05-01 22:52:59.386229,-7,19
2367,111,514,6,5,3,1,2,2,0,0,2,3,3,2,1,22,5,2026-05-01 22:52:59.386229,2026-05-01 22:52:59.386229,11,19
2368,111,513,5,3,0,5,1,3,7,1,1,8,2,2,0,30,4,2026-05-01 22:52:59.386229,2026-05-01 22:52:59.386229,1,19
2369,111,520,13,2,0,1,0,3,4,1,5,11,2,2,5,24,2,2026-05-01 22:52:59.386229,2026-05-01 22:52:59.386229,0,19
2370,111,511,8,2,1,1,0,5,3,1,3,10,2,1,2,21,0,2026-05-01 22:52:59.386229,2026-05-01 22:52:59.386229,5,19
2371,111,523,8,4,3,0,1,2,3,0,4,13,1,0,1,17,2,2026-05-01 22:52:59.386229,2026-05-01 22:52:59.386229,8,19
2372,111,522,12,5,1,0,0,3,10,3,4,11,1,1,2,22,1,2026-05-01 22:52:59.386229,2026-05-01 22:52:59.386229,3,19
2373,111,516,10,4,4,1,3,1,3,1,4,6,2,1,1,18,2,2026-05-01 22:52:59.386229,2026-05-01 22:52:59.386229,-5,19
2374,111,517,7,3,1,1,1,0,3,1,3,5,0,0,0,18,0,2026-05-01 22:52:59.386229,2026-05-01 22:52:59.386229,6,19
2375,111,292,24,3,2,0,0,3,10,4,7,13,8,6,1,34,5,2026-05-01 22:52:59.386229,2026-05-01 22:52:59.386229,13,10
2376,111,297,15,8,4,2,3,4,4,1,6,13,2,2,6,39,5,2026-05-01 22:52:59.386229,2026-05-01 22:52:59.386229,-7,10
2377,111,285,11,4,3,0,2,6,3,1,5,11,0,0,1,31,2,2026-05-01 22:52:59.386229,2026-05-01 22:52:59.386229,8,10
2378,111,291,28,4,0,1,0,3,9,3,8,20,11,9,3,28,4,2026-05-01 22:52:59.386229,2026-05-01 22:52:59.386229,9,10
2379,111,298,5,1,1,1,0,4,4,1,2,7,0,0,3,23,1,2026-05-01 22:52:59.386229,2026-05-01 22:52:59.386229,1,10
2380,111,295,6,6,3,0,1,1,4,0,3,7,0,0,2,22,1,2026-05-01 22:52:59.386229,2026-05-01 22:52:59.386229,-13,10
2381,111,296,0,1,1,2,0,0,1,0,0,1,0,0,0,17,1,2026-05-01 22:52:59.386229,2026-05-01 22:52:59.386229,-19,10
2382,111,294,16,10,5,2,0,3,6,1,7,18,2,1,3,31,1,2026-05-01 22:52:59.386229,2026-05-01 22:52:59.386229,-1,10
2383,111,293,4,1,2,0,0,2,4,0,2,7,0,0,1,11,1,2026-05-01 22:52:59.386229,2026-05-01 22:52:59.386229,-11,10
2384,112,337,10,3,3,0,0,2,2,2,4,6,0,0,0,25,2,2026-05-01 22:52:59.386229,2026-05-01 22:52:59.386229,-3,24
2385,112,346,9,2,0,0,1,1,4,3,3,6,0,0,1,21,1,2026-05-01 22:52:59.386229,2026-05-01 22:52:59.386229,-19,24
2386,112,348,2,4,1,0,2,1,0,0,1,3,0,0,2,18,1,2026-05-01 22:52:59.386229,2026-05-01 22:52:59.386229,-23,24
2387,112,341,13,2,2,0,0,1,8,1,5,18,2,2,1,25,1,2026-05-01 22:52:59.386229,2026-05-01 22:52:59.386229,-33,24
2388,112,339,15,3,0,1,0,3,6,3,6,11,0,0,1,27,1,2026-05-01 22:52:59.386229,2026-05-01 22:52:59.386229,-5,24
2389,112,334,0,3,0,1,0,2,2,0,0,4,0,0,0,18,2,2026-05-01 22:52:59.386229,2026-05-01 22:52:59.386229,-6,24
2390,112,332,14,3,0,0,0,1,9,1,2,12,10,9,2,24,2,2026-05-01 22:52:59.386229,2026-05-01 22:52:59.386229,-13,24
2391,112,343,4,3,0,2,0,5,0,0,2,5,0,0,1,23,3,2026-05-01 22:52:59.386229,2026-05-01 22:52:59.386229,1,24
2392,112,338,0,2,0,0,0,0,3,0,0,3,0,0,0,20,3,2026-05-01 22:52:59.386229,2026-05-01 22:52:59.386229,4,24
2393,112,268,6,0,1,0,1,1,0,0,3,6,0,0,0,22,0,2026-05-01 22:52:59.386229,2026-05-01 22:52:59.386229,5,24
2394,112,345,5,0,2,0,1,0,1,1,2,3,1,0,0,5,0,2026-05-01 22:52:59.386229,2026-05-01 22:52:59.386229,6,24
2395,112,335,3,0,0,0,0,1,1,1,1,2,0,0,0,5,0,2026-05-01 22:52:59.386229,2026-05-01 22:52:59.386229,6,24
2396,112,45,11,8,3,1,0,2,6,1,5,10,0,0,2,31,2,2026-05-01 22:52:59.386229,2026-05-01 22:52:59.386229,13,2
2397,112,41,16,1,2,0,0,4,10,4,6,14,0,0,0,28,0,2026-05-01 22:52:59.386229,2026-05-01 22:52:59.386229,12,2
2398,112,44,14,7,6,0,2,3,0,0,5,10,4,4,0,26,2,2026-05-01 22:52:59.386229,2026-05-01 22:52:59.386229,29,2
2399,112,40,8,1,4,1,1,1,7,2,3,10,0,0,0,30,2,2026-05-01 22:52:59.386229,2026-05-01 22:52:59.386229,25,2
2400,112,51,22,5,3,1,3,8,11,4,9,18,1,0,1,34,1,2026-05-01 22:52:59.386229,2026-05-01 22:52:59.386229,20,2
2401,112,50,5,3,1,0,0,0,1,1,2,3,0,0,0,9,2,2026-05-01 22:52:59.386229,2026-05-01 22:52:59.386229,7,2
2402,112,208,8,3,1,0,1,2,3,0,4,11,0,0,1,19,0,2026-05-01 22:52:59.386229,2026-05-01 22:52:59.386229,-7,2
2403,112,43,8,5,1,1,0,4,5,0,2,13,4,4,3,34,1,2026-05-01 22:52:59.386229,2026-05-01 22:52:59.386229,11,2
2404,112,39,2,4,0,0,0,0,0,0,1,1,0,0,0,13,0,2026-05-01 22:52:59.386229,2026-05-01 22:52:59.386229,-6,2
2405,112,38,3,2,1,0,0,0,3,1,1,4,0,0,1,3,2,2026-05-01 22:52:59.386229,2026-05-01 22:52:59.386229,-8,2
2406,112,189,0,0,0,0,0,0,1,0,0,1,0,0,0,3,1,2026-05-01 22:52:59.386229,2026-05-01 22:52:59.386229,-8,2
2407,112,550,0,0,0,0,0,0,0,0,0,0,0,0,0,3,0,2026-05-01 22:52:59.386229,2026-05-01 22:52:59.386229,-8,2
2408,113,157,11,2,2,1,0,5,5,1,5,14,2,0,3,37,4,2026-05-01 22:52:59.386229,2026-05-01 22:52:59.386229,-12,25
2409,113,161,21,2,3,2,0,2,5,2,3,12,15,13,3,35,0,2026-05-01 22:52:59.386229,2026-05-01 22:52:59.386229,-7,25
2410,113,159,11,12,4,3,2,5,4,2,4,7,2,1,2,35,1,2026-05-01 22:52:59.386229,2026-05-01 22:52:59.386229,-4,25
2411,113,167,16,3,2,0,2,1,3,2,7,10,1,0,0,28,0,2026-05-01 22:52:59.386229,2026-05-01 22:52:59.386229,1,25
2412,113,164,22,1,2,1,0,4,4,2,9,16,2,2,5,33,2,2026-05-01 22:52:59.386229,2026-05-01 22:52:59.386229,-8,25
2413,113,163,19,4,2,0,0,5,6,1,7,18,4,4,2,29,3,2026-05-01 22:52:59.386229,2026-05-01 22:52:59.386229,5,25
2414,113,377,8,3,0,1,0,2,5,2,3,6,0,0,0,15,1,2026-05-01 22:52:59.386229,2026-05-01 22:52:59.386229,5,25
2415,113,158,3,1,0,2,0,2,0,0,1,1,2,1,1,15,4,2026-05-01 22:52:59.386229,2026-05-01 22:52:59.386229,2,25
2416,113,171,10,0,1,0,0,1,3,2,3,5,2,2,0,9,2,2026-05-01 22:52:59.386229,2026-05-01 22:52:59.386229,3,25
2417,113,132,29,3,3,3,5,2,6,5,12,16,1,0,3,37,4,2026-05-01 22:52:59.386229,2026-05-01 22:52:59.386229,10,18
2418,113,134,13,6,1,1,0,6,0,0,5,9,4,3,2,30,4,2026-05-01 22:52:59.386229,2026-05-01 22:52:59.386229,0,18
2419,113,128,10,12,7,1,2,4,0,0,4,5,2,2,3,35,3,2026-05-01 22:52:59.386229,2026-05-01 22:52:59.386229,5,18
2420,113,126,34,4,0,2,0,4,13,5,11,27,10,7,5,38,2,2026-05-01 22:52:59.386229,2026-05-01 22:52:59.386229,7,18
2421,113,124,19,1,0,2,0,4,10,5,7,13,0,0,1,32,3,2026-05-01 22:52:59.386229,2026-05-01 22:52:59.386229,4,18
2422,113,135,8,2,1,2,1,2,3,2,3,7,0,0,2,22,4,2026-05-01 22:52:59.386229,2026-05-01 22:52:59.386229,3,18
2423,113,195,7,0,1,0,0,2,2,0,3,7,2,1,0,23,2,2026-05-01 22:52:59.386229,2026-05-01 22:52:59.386229,-10,18
2424,113,129,2,0,0,2,0,2,1,0,1,3,0,0,0,12,2,2026-05-01 22:52:59.386229,2026-05-01 22:52:59.386229,-4,18
2425,113,136,2,0,0,1,0,0,0,0,1,1,0,0,0,6,1,2026-05-01 22:52:59.386229,2026-05-01 22:52:59.386229,0,18
2426,114,320,21,4,2,0,2,4,6,2,8,13,4,3,5,31,2,2026-05-01 22:52:59.386229,2026-05-01 22:52:59.386229,-1,14
2427,114,326,3,1,0,1,1,1,0,0,1,2,2,1,0,23,3,2026-05-01 22:52:59.386229,2026-05-01 22:52:59.386229,8,14
2428,114,315,21,11,2,1,0,0,0,0,8,11,5,5,2,32,3,2026-05-01 22:52:59.386229,2026-05-01 22:52:59.386229,-2,14
2429,114,325,18,2,0,1,2,3,5,2,6,16,4,4,2,34,1,2026-05-01 22:52:59.386229,2026-05-01 22:52:59.386229,-4,14
2430,114,316,22,8,1,0,1,15,10,2,8,24,9,4,2,37,3,2026-05-01 22:52:59.386229,2026-05-01 22:52:59.386229,1,14
2431,114,323,3,2,0,0,0,0,3,1,1,4,0,0,0,15,3,2026-05-01 22:52:59.386229,2026-05-01 22:52:59.386229,0,14
2432,114,321,0,2,1,0,0,0,0,0,0,0,0,0,1,10,2,2026-05-01 22:52:59.386229,2026-05-01 22:52:59.386229,1,14
2433,114,317,10,0,0,2,1,0,5,2,4,7,0,0,0,26,2,2026-05-01 22:52:59.386229,2026-05-01 22:52:59.386229,-3,14
2434,114,375,9,1,0,0,0,1,0,0,3,4,4,3,0,14,0,2026-05-01 22:52:59.386229,2026-05-01 22:52:59.386229,1,14
2435,114,330,2,1,1,1,1,0,0,0,1,2,0,0,0,12,0,2026-05-01 22:52:59.386229,2026-05-01 22:52:59.386229,-6,14
2436,114,426,13,5,1,2,0,3,5,3,5,9,0,0,1,31,1,2026-05-01 22:52:59.386229,2026-05-01 22:52:59.386229,-6,22
2437,114,419,36,8,2,0,0,6,6,2,12,22,11,10,4,37,3,2026-05-01 22:52:59.386229,2026-05-01 22:52:59.386229,6,22
2438,114,424,20,9,2,0,0,2,2,0,9,13,2,2,1,35,2,2026-05-01 22:52:59.386229,2026-05-01 22:52:59.386229,0,22
2439,114,420,22,1,0,1,0,6,8,2,9,19,2,2,1,36,3,2026-05-01 22:52:59.386229,2026-05-01 22:52:59.386229,5,22
2440,114,422,8,3,1,3,2,4,2,0,4,13,4,0,2,30,2,2026-05-01 22:52:59.386229,2026-05-01 22:52:59.386229,2,22
2441,114,427,4,2,2,0,1,1,3,0,1,5,2,2,0,20,4,2026-05-01 22:52:59.386229,2026-05-01 22:52:59.386229,0,22
2442,114,193,0,3,1,1,0,0,1,0,0,4,0,0,0,16,1,2026-05-01 22:52:59.386229,2026-05-01 22:52:59.386229,4,22
2443,114,428,3,2,2,0,2,3,0,0,1,3,2,1,1,15,2,2026-05-01 22:52:59.386229,2026-05-01 22:52:59.386229,-2,22
2444,114,435,4,2,1,0,0,1,2,0,2,6,0,0,0,10,2,2026-05-01 22:52:59.386229,2026-05-01 22:52:59.386229,-5,22
2445,114,431,0,0,0,0,0,0,0,0,0,0,0,0,0,5,0,2026-05-01 22:52:59.386229,2026-05-01 22:52:59.386229,1,22
2446,115,245,8,3,1,0,0,2,0,0,4,6,0,0,2,17,2,2026-05-01 22:52:59.386229,2026-05-01 22:52:59.386229,-2,9
2447,115,231,4,6,2,0,0,2,1,0,1,6,2,2,2,29,1,2026-05-01 22:52:59.386229,2026-05-01 22:52:59.386229,2,9
2448,115,229,25,7,7,2,0,1,0,0,10,13,6,5,3,29,4,2026-05-01 22:52:59.386229,2026-05-01 22:52:59.386229,-12,9
2449,115,241,13,2,1,0,0,5,11,3,5,15,0,0,0,26,1,2026-05-01 22:52:59.386229,2026-05-01 22:52:59.386229,-1,9
2450,115,228,16,5,1,2,3,10,9,2,5,26,5,4,3,34,5,2026-05-01 22:52:59.386229,2026-05-01 22:52:59.386229,-18,9
2451,115,240,10,3,2,1,2,0,1,0,5,8,0,0,1,19,2,2026-05-01 22:52:59.386229,2026-05-01 22:52:59.386229,-3,9
2452,115,232,15,8,3,1,1,0,6,1,5,13,4,4,0,26,1,2026-05-01 22:52:59.386229,2026-05-01 22:52:59.386229,-6,9
2453,115,238,5,0,1,1,1,1,3,1,2,4,0,0,4,21,1,2026-05-01 22:52:59.386229,2026-05-01 22:52:59.386229,-5,9
2454,115,234,7,1,2,0,0,0,2,0,3,10,2,1,0,21,2,2026-05-01 22:52:59.386229,2026-05-01 22:52:59.386229,-1,9
2455,115,230,0,0,0,0,1,0,3,0,0,5,0,0,0,13,0,2026-05-01 22:52:59.386229,2026-05-01 22:52:59.386229,-9,9
2456,115,540,28,1,1,0,1,4,11,7,10,14,2,1,1,36,2,2026-05-01 22:52:59.386229,2026-05-01 22:52:59.386229,11,27
2457,115,529,17,6,0,1,2,1,8,5,6,12,0,0,1,36,3,2026-05-01 22:52:59.386229,2026-05-01 22:52:59.386229,9,27
2458,115,542,21,9,8,1,6,4,5,2,6,16,8,7,3,35,4,2026-05-01 22:52:59.386229,2026-05-01 22:52:59.386229,13,27
2459,115,530,10,7,0,2,0,7,5,0,4,17,4,2,2,33,2,2026-05-01 22:52:59.386229,2026-05-01 22:52:59.386229,14,27
2460,115,528,16,4,0,1,1,11,1,1,7,16,3,1,4,30,2,2026-05-01 22:52:59.386229,2026-05-01 22:52:59.386229,5,27
2461,115,533,9,1,3,1,0,0,4,1,4,11,0,0,0,22,3,2026-05-01 22:52:59.386229,2026-05-01 22:52:59.386229,4,27
2462,115,535,2,1,3,1,0,0,0,0,1,3,0,0,0,8,2,2026-05-01 22:52:59.386229,2026-05-01 22:52:59.386229,-6,27
2463,115,531,5,1,1,1,0,3,1,0,2,7,2,1,0,17,1,2026-05-01 22:52:59.386229,2026-05-01 22:52:59.386229,5,27
2464,115,525,3,2,0,0,0,1,4,1,1,4,0,0,0,15,0,2026-05-01 22:52:59.386229,2026-05-01 22:52:59.386229,3,27
2465,115,527,3,2,0,0,1,1,1,1,1,1,0,0,1,4,3,2026-05-01 22:52:59.386229,2026-05-01 22:52:59.386229,-3,27
2466,116,505,12,2,1,1,0,2,4,0,5,11,2,2,2,25,3,2026-05-01 22:52:59.386229,2026-05-01 22:52:59.386229,-7,15
2467,116,493,16,5,1,0,1,1,4,3,6,12,2,1,2,25,0,2026-05-01 22:52:59.386229,2026-05-01 22:52:59.386229,-12,15
2468,116,502,17,2,1,0,1,1,1,0,7,9,3,3,0,25,2,2026-05-01 22:52:59.386229,2026-05-01 22:52:59.386229,-12,15
2469,116,504,7,2,1,1,0,3,3,1,3,7,0,0,0,21,1,2026-05-01 22:52:59.386229,2026-05-01 22:52:59.386229,-12,15
2470,116,501,6,2,0,5,0,8,4,0,0,8,6,6,7,21,2,2026-05-01 22:52:59.386229,2026-05-01 22:52:59.386229,-9,15
2471,116,499,4,0,1,1,0,1,1,0,2,6,0,0,1,22,4,2026-05-01 22:52:59.386229,2026-05-01 22:52:59.386229,5,15
2472,116,181,12,2,1,1,1,1,5,2,5,10,0,0,1,25,1,2026-05-01 22:52:59.386229,2026-05-01 22:52:59.386229,3,15
2473,116,169,10,6,3,3,0,1,2,0,5,9,0,0,1,26,3,2026-05-01 22:52:59.386229,2026-05-01 22:52:59.386229,-5,15
2474,116,503,21,6,0,0,0,9,5,4,6,8,6,5,1,25,1,2026-05-01 22:52:59.386229,2026-05-01 22:52:59.386229,-1,15
2475,116,176,9,1,0,1,0,6,5,2,3,7,1,1,2,20,1,2026-05-01 22:52:59.386229,2026-05-01 22:52:59.386229,5,15
2476,116,359,6,4,1,0,3,5,4,1,2,10,3,1,1,34,1,2026-05-01 22:52:59.386229,2026-05-01 22:52:59.386229,11,26
2477,116,349,22,5,7,1,1,0,0,0,10,15,3,2,2,32,0,2026-05-01 22:52:59.386229,2026-05-01 22:52:59.386229,7,26
2478,116,361,10,9,4,0,0,2,0,0,5,9,0,0,0,27,0,2026-05-01 22:52:59.386229,2026-05-01 22:52:59.386229,10,26
2479,116,353,19,2,0,2,2,4,0,0,7,9,6,5,0,28,2,2026-05-01 22:52:59.386229,2026-05-01 22:52:59.386229,1,26
2480,116,366,25,2,0,1,0,7,7,3,8,17,7,6,4,32,0,2026-05-01 22:52:59.386229,2026-05-01 22:52:59.386229,9,26
2481,116,352,12,5,1,6,0,5,1,1,5,8,1,1,2,28,2,2026-05-01 22:52:59.386229,2026-05-01 22:52:59.386229,2,26
2482,116,358,10,0,0,2,1,2,4,1,4,10,1,1,5,19,3,2026-05-01 22:52:59.386229,2026-05-01 22:52:59.386229,3,26
2483,116,360,19,5,0,0,0,1,9,4,6,12,4,3,1,25,2,2026-05-01 22:52:59.386229,2026-05-01 22:52:59.386229,-4,26
2484,116,558,0,0,0,0,0,4,4,0,0,4,0,0,0,10,5,2026-05-01 22:52:59.386229,2026-05-01 22:52:59.386229,6,26
2485,117,475,18,3,2,1,1,12,6,4,7,13,0,0,4,34,0,2026-05-01 22:52:59.386229,2026-05-01 22:52:59.386229,28,11
2486,117,484,31,8,1,3,3,0,11,6,12,17,2,1,4,32,3,2026-05-01 22:52:59.386229,2026-05-01 22:52:59.386229,28,11
2487,117,482,16,7,2,1,2,9,1,0,7,12,2,2,3,35,3,2026-05-01 22:52:59.386229,2026-05-01 22:52:59.386229,3,11
2488,117,476,11,8,2,1,1,4,5,1,5,12,0,0,3,31,1,2026-05-01 22:52:59.386229,2026-05-01 22:52:59.386229,7,11
2489,117,486,20,7,0,2,1,3,0,0,8,9,5,4,6,29,2,2026-05-01 22:52:59.386229,2026-05-01 22:52:59.386229,17,11
2490,117,481,2,1,0,1,0,1,2,0,1,4,0,0,1,12,2,2026-05-01 22:52:59.386229,2026-05-01 22:52:59.386229,4,11
2491,117,472,2,1,2,0,0,1,0,0,1,3,0,0,1,10,0,2026-05-01 22:52:59.386229,2026-05-01 22:52:59.386229,8,11
2492,117,483,15,2,1,1,0,4,9,5,5,9,0,0,3,23,4,2026-05-01 22:52:59.386229,2026-05-01 22:52:59.386229,3,11
2493,117,477,3,4,0,0,0,0,4,1,1,4,0,0,1,20,4,2026-05-01 22:52:59.386229,2026-05-01 22:52:59.386229,-5,11
2494,117,479,7,2,0,0,0,0,1,1,2,2,2,2,0,5,1,2026-05-01 22:52:59.386229,2026-05-01 22:52:59.386229,1,11
2495,117,478,0,0,0,0,0,0,1,0,0,1,0,0,0,1,0,2026-05-01 22:52:59.386229,2026-05-01 22:52:59.386229,3,11
2496,117,473,0,0,0,0,0,0,0,0,0,0,0,0,0,1,0,2026-05-01 22:52:59.386229,2026-05-01 22:52:59.386229,3,11
2497,117,191,2,0,0,0,0,0,0,0,1,3,0,0,0,14,0,2026-05-01 22:52:59.386229,2026-05-01 22:52:59.386229,-16,29
2498,117,184,29,1,2,2,0,2,10,1,10,23,8,8,2,32,0,2026-05-01 22:52:59.386229,2026-05-01 22:52:59.386229,-14,29
2499,117,178,13,3,2,5,1,4,2,1,4,10,6,4,6,23,4,2026-05-01 22:52:59.386229,2026-05-01 22:52:59.386229,-24,29
2500,117,175,4,5,3,2,0,0,2,0,2,9,0,0,0,27,0,2026-05-01 22:52:59.386229,2026-05-01 22:52:59.386229,-26,29
2501,117,177,17,1,0,2,0,3,5,0,4,16,10,9,0,29,3,2026-05-01 22:52:59.386229,2026-05-01 22:52:59.386229,-30,29
2502,117,185,3,0,0,0,0,1,2,0,1,3,1,1,0,10,0,2026-05-01 22:52:59.386229,2026-05-01 22:52:59.386229,-4,29
2503,117,506,1,2,1,1,0,1,4,0,0,4,2,1,1,7,1,2026-05-01 22:52:59.386229,2026-05-01 22:52:59.386229,-1,29
2504,117,183,5,7,2,0,1,5,6,1,2,8,0,0,0,24,0,2026-05-01 22:52:59.386229,2026-05-01 22:52:59.386229,4,29
2505,117,497,5,2,2,3,0,2,3,1,2,4,0,0,1,24,0,2026-05-01 22:52:59.386229,2026-05-01 22:52:59.386229,4,29
2506,117,188,26,2,1,0,1,1,8,4,10,15,3,2,1,31,1,2026-05-01 22:52:59.386229,2026-05-01 22:52:59.386229,-2,29
2507,117,180,0,0,0,2,0,4,2,0,0,3,0,0,0,14,1,2026-05-01 22:52:59.386229,2026-05-01 22:52:59.386229,9,29
2508,118,142,12,2,1,2,0,2,6,2,5,11,2,0,2,35,4,2026-05-01 22:52:59.386229,2026-05-01 22:52:59.386229,1,21
2509,118,145,17,13,2,1,3,4,4,1,5,14,9,6,2,34,1,2026-05-01 22:52:59.386229,2026-05-01 22:52:59.386229,17,21
2510,118,144,13,6,1,0,0,4,0,0,6,6,4,1,1,25,3,2026-05-01 22:52:59.386229,2026-05-01 22:52:59.386229,23,21
2511,118,146,22,1,1,5,0,3,11,6,6,13,4,4,3,30,5,2026-05-01 22:52:59.386229,2026-05-01 22:52:59.386229,14,21
2512,118,150,20,2,2,3,0,10,8,4,7,17,2,2,1,33,2,2026-05-01 22:52:59.386229,2026-05-01 22:52:59.386229,13,21
2513,118,83,10,1,2,1,0,1,3,2,3,7,2,2,1,15,1,2026-05-01 22:52:59.386229,2026-05-01 22:52:59.386229,-2,21
2514,118,153,10,3,0,0,1,0,5,3,3,6,2,1,1,16,0,2026-05-01 22:52:59.386229,2026-05-01 22:52:59.386229,-17,21
2515,118,151,7,1,2,0,0,4,2,1,3,7,0,0,1,22,1,2026-05-01 22:52:59.386229,2026-05-01 22:52:59.386229,-2,21
2516,118,154,8,1,1,0,0,1,2,2,3,3,0,0,1,18,0,2026-05-01 22:52:59.386229,2026-05-01 22:52:59.386229,-4,21
2517,118,149,2,1,1,0,0,3,0,0,1,2,0,0,3,7,2,2026-05-01 22:52:59.386229,2026-05-01 22:52:59.386229,-3,21
2518,118,227,0,2,1,0,1,1,1,0,0,1,0,0,1,17,2,2026-05-01 22:52:59.386229,2026-05-01 22:52:59.386229,-13,6
2519,118,219,15,2,0,1,0,1,4,1,6,11,2,2,1,25,4,2026-05-01 22:52:59.386229,2026-05-01 22:52:59.386229,-3,6
2520,118,211,11,7,6,1,0,2,0,0,4,6,6,3,3,28,1,2026-05-01 22:52:59.386229,2026-05-01 22:52:59.386229,-15,6
2521,118,306,20,4,1,1,1,9,7,3,8,14,2,1,5,33,5,2026-05-01 22:52:59.386229,2026-05-01 22:52:59.386229,-13,6
2522,118,218,20,7,0,2,0,5,6,0,9,19,3,2,3,35,1,2026-05-01 22:52:59.386229,2026-05-01 22:52:59.386229,-1,6
2523,118,217,20,2,1,0,0,0,10,6,7,12,0,0,0,28,2,2026-05-01 22:52:59.386229,2026-05-01 22:52:59.386229,6,6
2524,118,364,11,4,0,1,1,7,2,1,3,9,4,4,2,22,1,2026-05-01 22:52:59.386229,2026-05-01 22:52:59.386229,-3,6
2525,118,226,7,3,1,1,0,0,4,1,2,7,2,2,1,15,1,2026-05-01 22:52:59.386229,2026-05-01 22:52:59.386229,-1,6
2526,118,354,9,1,0,2,0,3,4,1,4,7,0,0,1,23,2,2026-05-01 22:52:59.386229,2026-05-01 22:52:59.386229,0,6
2527,118,224,0,0,2,0,0,0,1,0,0,3,0,0,0,9,3,2026-05-01 22:52:59.386229,2026-05-01 22:52:59.386229,3,6
2528,119,368,7,7,3,3,0,8,2,0,3,8,2,1,0,33,2,2026-05-01 22:52:59.386229,2026-05-01 22:52:59.386229,11,1
2529,119,374,26,11,1,0,1,4,3,0,11,22,5,4,4,37,5,2026-05-01 22:52:59.386229,2026-05-01 22:52:59.386229,8,1
2530,119,380,13,9,2,0,2,1,2,1,5,7,2,2,2,31,3,2026-05-01 22:52:59.386229,2026-05-01 22:52:59.386229,17,1
2531,119,367,17,1,2,2,0,6,9,3,4,12,6,6,1,35,1,2026-05-01 22:52:59.386229,2026-05-01 22:52:59.386229,29,1
2532,119,378,16,6,2,1,0,4,7,3,5,12,4,3,3,31,0,2026-05-01 22:52:59.386229,2026-05-01 22:52:59.386229,26,1
2533,119,382,7,0,1,1,0,0,3,1,3,7,0,0,2,19,2,2026-05-01 22:52:59.386229,2026-05-01 22:52:59.386229,-9,1
2534,119,331,3,1,0,1,0,3,2,1,1,2,0,0,1,11,0,2026-05-01 22:52:59.386229,2026-05-01 22:52:59.386229,-8,1
2535,119,498,17,2,4,1,1,1,3,3,6,11,2,2,1,16,2,2026-05-01 22:52:59.386229,2026-05-01 22:52:59.386229,-6,1
2536,119,372,0,0,0,1,0,1,1,0,0,1,0,0,0,10,0,2026-05-01 22:52:59.386229,2026-05-01 22:52:59.386229,3,1
2537,119,376,9,0,0,0,0,0,1,1,4,5,0,0,1,12,1,2026-05-01 22:52:59.386229,2026-05-01 22:52:59.386229,-16,1
2538,119,27,18,5,2,0,0,6,8,1,8,19,1,1,0,34,3,2026-05-01 22:52:59.386229,2026-05-01 22:52:59.386229,-15,3
2539,119,19,12,5,0,2,0,1,6,2,3,8,4,4,0,31,2,2026-05-01 22:52:59.386229,2026-05-01 22:52:59.386229,-7,3
2540,119,18,15,6,2,1,0,5,1,0,6,11,5,3,1,30,3,2026-05-01 22:52:59.386229,2026-05-01 22:52:59.386229,-19,3
2541,119,20,13,1,0,1,1,4,5,2,5,11,2,1,1,28,0,2026-05-01 22:52:59.386229,2026-05-01 22:52:59.386229,-18,3
2542,119,32,11,0,1,2,0,5,3,1,4,14,4,2,5,34,2,2026-05-01 22:52:59.386229,2026-05-01 22:52:59.386229,7,3
2543,119,30,11,2,3,2,1,2,0,0,4,6,4,3,3,17,0,2026-05-01 22:52:59.386229,2026-05-01 22:52:59.386229,8,3
2544,119,25,6,1,0,0,0,0,3,2,2,3,0,0,1,17,3,2026-05-01 22:52:59.386229,2026-05-01 22:52:59.386229,0,3
2545,119,28,7,0,1,0,0,1,2,1,2,5,2,2,0,13,2,2026-05-01 22:52:59.386229,2026-05-01 22:52:59.386229,-20,3
2546,119,35,5,4,0,1,1,4,3,1,2,4,0,0,1,18,2,2026-05-01 22:52:59.386229,2026-05-01 22:52:59.386229,8,3
2547,119,87,6,1,0,0,1,1,3,2,2,4,0,0,1,14,1,2026-05-01 22:52:59.386229,2026-05-01 22:52:59.386229,1,3
2548,120,269,3,0,1,0,0,1,4,1,1,6,0,0,0,25,2,2026-05-01 22:52:59.386229,2026-05-01 22:52:59.386229,-8,17
2549,120,272,3,4,0,0,0,1,2,0,1,3,2,1,1,18,0,2026-05-01 22:52:59.386229,2026-05-01 22:52:59.386229,-6,17
2550,120,280,14,4,0,0,2,1,7,2,6,11,0,0,2,24,3,2026-05-01 22:52:59.386229,2026-05-01 22:52:59.386229,-5,17
2551,120,274,21,1,1,3,0,10,1,1,8,11,6,4,1,30,2,2026-05-01 22:52:59.386229,2026-05-01 22:52:59.386229,-16,17
2552,120,277,21,8,1,1,1,1,7,4,6,17,6,5,5,33,1,2026-05-01 22:52:59.386229,2026-05-01 22:52:59.386229,-16,17
2553,120,31,15,3,0,0,0,1,2,1,5,9,4,4,2,21,0,2026-05-01 22:52:59.386229,2026-05-01 22:52:59.386229,-18,17
2554,120,275,6,3,4,0,0,1,1,0,3,8,0,0,0,17,3,2026-05-01 22:52:59.386229,2026-05-01 22:52:59.386229,-15,17
2555,120,141,0,5,0,0,0,0,2,0,0,4,0,0,3,14,1,2026-05-01 22:52:59.386229,2026-05-01 22:52:59.386229,-10,17
2556,120,278,4,4,3,0,1,2,0,0,2,3,0,0,2,23,3,2026-05-01 22:52:59.386229,2026-05-01 22:52:59.386229,-18,17
2557,120,273,0,0,0,0,0,0,2,0,0,2,0,0,0,5,0,2026-05-01 22:52:59.386229,2026-05-01 22:52:59.386229,-4,17
2558,120,270,2,0,0,0,0,0,2,0,1,3,0,0,0,6,0,2026-05-01 22:52:59.386229,2026-05-01 22:52:59.386229,-6,17
2559,120,279,0,0,0,0,0,0,1,0,0,3,0,0,0,6,1,2026-05-01 22:52:59.386229,2026-05-01 22:52:59.386229,-6,17
2560,120,271,2,1,2,0,0,0,1,0,1,4,0,0,1,6,0,2026-05-01 22:52:59.386229,2026-05-01 22:52:59.386229,-6,17
2561,120,266,3,0,1,0,0,0,0,0,1,1,1,1,0,4,0,2026-05-01 22:52:59.386229,2026-05-01 22:52:59.386229,-6,17
2562,120,89,7,6,0,2,0,3,3,0,2,10,4,3,1,26,3,2026-05-01 22:52:59.386229,2026-05-01 22:52:59.386229,2,28
2563,120,93,22,2,0,0,2,6,6,2,8,17,6,4,2,31,3,2026-05-01 22:52:59.386229,2026-05-01 22:52:59.386229,10,28
2564,120,99,6,4,4,2,0,2,0,0,3,4,0,0,0,25,0,2026-05-01 22:52:59.386229,2026-05-01 22:52:59.386229,14,28
2565,120,103,9,5,1,0,0,3,8,3,3,10,0,0,0,30,2,2026-05-01 22:52:59.386229,2026-05-01 22:52:59.386229,14,28
2566,120,100,32,2,1,1,0,9,11,5,11,19,5,5,1,30,2,2026-05-01 22:52:59.386229,2026-05-01 22:52:59.386229,12,28
2567,120,101,12,4,2,2,0,6,6,2,4,9,2,2,0,22,3,2026-05-01 22:52:59.386229,2026-05-01 22:52:59.386229,26,28
2568,120,98,8,1,3,2,0,0,1,0,3,4,4,2,1,19,3,2026-05-01 22:52:59.386229,2026-05-01 22:52:59.386229,13,28
2569,120,95,15,3,1,1,0,4,8,3,6,12,0,0,0,22,1,2026-05-01 22:52:59.386229,2026-05-01 22:52:59.386229,22,28
2570,120,91,4,1,1,1,0,1,2,0,1,6,2,2,1,16,2,2026-05-01 22:52:59.386229,2026-05-01 22:52:59.386229,14,28
2571,120,90,5,2,1,0,0,0,1,1,2,2,0,0,0,8,0,2026-05-01 22:52:59.386229,2026-05-01 22:52:59.386229,11,28
2572,120,288,2,1,0,0,1,0,0,0,1,1,0,0,0,2,0,2026-05-01 22:52:59.386229,2026-05-01 22:52:59.386229,1,28
2573,120,102,0,0,0,0,0,0,0,0,0,0,0,0,0,2,0,2026-05-01 22:52:59.386229,2026-05-01 22:52:59.386229,1,28
2574,121,292,23,6,1,1,0,5,9,4,9,16,1,1,2,35,3,2026-05-01 22:52:59.386229,2026-05-01 22:52:59.386229,5,10
2575,121,297,17,4,1,1,0,7,3,2,6,7,4,3,2,27,5,2026-05-01 22:52:59.386229,2026-05-01 22:52:59.386229,5,10
2576,121,287,22,1,0,3,2,7,7,6,8,11,0,0,2,26,0,2026-05-01 22:52:59.386229,2026-05-01 22:52:59.386229,14,10
2577,121,291,20,3,1,4,0,2,10,2,7,18,4,4,0,24,2,2026-05-01 22:52:59.386229,2026-05-01 22:52:59.386229,6,10
2578,121,298,2,0,0,1,0,5,2,0,1,3,0,0,2,18,4,2026-05-01 22:52:59.386229,2026-05-01 22:52:59.386229,-7,10
2579,121,293,15,2,1,2,0,0,8,3,6,11,0,0,3,19,2,2026-05-01 22:52:59.386229,2026-05-01 22:52:59.386229,4,10
2580,121,294,18,12,3,1,0,9,7,3,7,16,1,1,3,36,2,2026-05-01 22:52:59.386229,2026-05-01 22:52:59.386229,19,10
2581,121,295,0,5,2,0,0,4,2,0,0,3,0,0,1,20,3,2026-05-01 22:52:59.386229,2026-05-01 22:52:59.386229,-1,10
2582,121,296,11,2,0,1,0,3,4,1,4,9,2,2,0,29,3,2026-05-01 22:52:59.386229,2026-05-01 22:52:59.386229,10,10
2583,121,110,9,2,1,0,0,2,4,0,1,7,7,7,0,37,1,2026-05-01 22:52:59.386229,2026-05-01 22:52:59.386229,-8,8
2584,121,117,6,2,1,1,1,2,3,0,2,7,2,2,0,18,1,2026-05-01 22:52:59.386229,2026-05-01 22:52:59.386229,-1,8
2585,121,111,35,14,6,3,2,12,4,3,11,21,11,10,5,35,1,2026-05-01 22:52:59.386229,2026-05-01 22:52:59.386229,-6,8
2586,121,105,18,3,2,2,0,2,4,1,7,11,4,3,3,35,2,2026-05-01 22:52:59.386229,2026-05-01 22:52:59.386229,1,8
2587,121,114,21,2,0,1,0,2,6,1,9,17,3,2,5,33,1,2026-05-01 22:52:59.386229,2026-05-01 22:52:59.386229,-1,8
2588,121,108,8,1,0,1,0,0,6,1,3,9,2,1,2,24,1,2026-05-01 22:52:59.386229,2026-05-01 22:52:59.386229,-6,8
2589,121,106,12,2,3,3,0,2,3,2,5,10,0,0,2,29,1,2026-05-01 22:52:59.386229,2026-05-01 22:52:59.386229,-17,8
2590,121,113,2,2,0,1,0,1,1,0,1,2,0,0,0,12,2,2026-05-01 22:52:59.386229,2026-05-01 22:52:59.386229,-12,8
2591,121,119,6,2,1,1,0,2,0,0,3,7,0,0,0,12,1,2026-05-01 22:52:59.386229,2026-05-01 22:52:59.386229,-5,8
2592,122,263,18,8,1,2,0,6,7,4,6,13,5,2,2,34,3,2026-05-01 22:52:59.386229,2026-05-01 22:52:59.386229,3,12
2593,122,260,30,7,1,0,0,3,3,2,12,19,5,4,5,29,4,2026-05-01 22:52:59.386229,2026-05-01 22:52:59.386229,7,12
2594,122,249,9,1,0,1,3,1,6,0,4,10,1,1,0,26,2,2026-05-01 22:52:59.386229,2026-05-01 22:52:59.386229,-9,12
2595,122,252,10,0,0,1,0,3,2,2,4,4,0,0,1,30,2,2026-05-01 22:52:59.386229,2026-05-01 22:52:59.386229,-14,12
2596,122,255,22,1,0,1,0,11,6,3,7,14,5,5,1,29,3,2026-05-01 22:52:59.386229,2026-05-01 22:52:59.386229,-4,12
2597,122,258,2,3,3,2,0,5,4,0,1,7,0,0,4,21,2,2026-05-01 22:52:59.386229,2026-05-01 22:52:59.386229,5,12
2598,122,251,11,3,1,0,0,6,4,3,4,9,0,0,1,22,3,2026-05-01 22:52:59.386229,2026-05-01 22:52:59.386229,2,12
2599,122,259,13,3,0,0,0,2,6,3,4,9,2,2,0,27,2,2026-05-01 22:52:59.386229,2026-05-01 22:52:59.386229,0,12
2600,122,302,15,4,3,1,0,0,4,3,5,9,2,2,1,18,2,2026-05-01 22:52:59.386229,2026-05-01 22:52:59.386229,-10,12
2601,122,469,23,6,3,1,1,2,4,1,8,14,8,6,1,36,2,2026-05-01 22:52:59.386229,2026-05-01 22:52:59.386229,4,7
2602,122,446,25,6,1,1,0,7,5,3,11,15,0,0,2,29,4,2026-05-01 22:52:59.386229,2026-05-01 22:52:59.386229,5,7
2603,122,458,8,3,3,1,0,2,0,0,3,7,4,2,0,21,2,2026-05-01 22:52:59.386229,2026-05-01 22:52:59.386229,10,7
2604,122,453,16,2,0,0,0,4,4,2,6,11,2,2,3,30,3,2026-05-01 22:52:59.386229,2026-05-01 22:52:59.386229,-5,7
2605,122,463,17,1,1,1,0,2,1,0,7,10,6,3,2,25,2,2026-05-01 22:52:59.386229,2026-05-01 22:52:59.386229,-1,7
2606,122,470,15,1,0,2,1,7,3,1,4,8,8,6,2,21,0,2026-05-01 22:52:59.386229,2026-05-01 22:52:59.386229,15,7
2607,122,436,12,9,2,1,0,1,0,0,5,9,4,2,0,26,0,2026-05-01 22:52:59.386229,2026-05-01 22:52:59.386229,-6,7
2608,122,468,9,3,0,1,0,0,7,3,3,11,0,0,0,18,0,2026-05-01 22:52:59.386229,2026-05-01 22:52:59.386229,3,7
2609,122,464,7,4,0,1,0,1,2,1,3,5,0,0,1,17,0,2026-05-01 22:52:59.386229,2026-05-01 22:52:59.386229,1,7
2610,122,429,2,0,0,0,0,3,2,0,1,4,0,0,0,11,0,2026-05-01 22:52:59.386229,2026-05-01 22:52:59.386229,-6,7
2611,123,441,17,1,1,1,2,2,4,3,6,9,4,2,0,17,0,2026-05-01 22:52:59.386229,2026-05-01 22:52:59.386229,-6,30
2612,123,442,13,2,0,1,1,1,4,2,4,9,3,3,0,17,0,2026-05-01 22:52:59.386229,2026-05-01 22:52:59.386229,-21,30
2613,123,443,8,5,0,1,0,4,1,0,4,5,0,0,2,30,2,2026-05-01 22:52:59.386229,2026-05-01 22:52:59.386229,-33,30
2614,123,445,11,1,0,0,0,3,3,1,5,10,0,0,3,19,2,2026-05-01 22:52:59.386229,2026-05-01 22:52:59.386229,-21,30
2615,123,438,6,2,1,0,0,2,6,1,2,10,2,1,3,30,2,2026-05-01 22:52:59.386229,2026-05-01 22:52:59.386229,-27,30
2616,123,447,11,4,2,1,0,4,4,1,4,11,2,2,0,30,1,2026-05-01 22:52:59.386229,2026-05-01 22:52:59.386229,4,30
2617,123,440,9,2,1,1,0,3,2,1,3,5,3,2,1,22,4,2026-05-01 22:52:59.386229,2026-05-01 22:52:59.386229,-4,30
2618,123,459,16,4,0,0,1,1,8,4,5,10,2,2,0,21,2,2026-05-01 22:52:59.386229,2026-05-01 22:52:59.386229,6,30
2619,123,556,8,5,2,1,0,3,3,2,3,5,0,0,2,34,2,2026-05-01 22:52:59.386229,2026-05-01 22:52:59.386229,4,30
2620,123,450,13,2,2,0,1,1,7,3,5,10,1,0,0,16,2,2026-05-01 22:52:59.386229,2026-05-01 22:52:59.386229,13,30
2621,123,392,28,6,1,1,0,4,9,5,10,18,5,3,3,28,1,2026-05-01 22:52:59.386229,2026-05-01 22:52:59.386229,33,4
2622,123,401,5,4,0,0,2,5,3,1,1,4,3,2,2,25,2,2026-05-01 22:52:59.386229,2026-05-01 22:52:59.386229,33,4
2623,123,391,6,5,4,0,3,2,0,0,2,3,2,2,0,15,0,2026-05-01 22:52:59.386229,2026-05-01 22:52:59.386229,24,4
2624,123,395,22,3,1,1,0,3,7,5,8,14,2,1,2,26,3,2026-05-01 22:52:59.386229,2026-05-01 22:52:59.386229,7,4
2625,123,384,37,7,1,1,0,7,15,10,12,20,3,3,0,27,1,2026-05-01 22:52:59.386229,2026-05-01 22:52:59.386229,20,4
2626,123,388,12,3,1,2,0,1,4,2,4,6,2,2,0,23,1,2026-05-01 22:52:59.386229,2026-05-01 22:52:59.386229,10,4
2627,123,389,2,2,3,1,0,1,0,0,0,4,2,2,2,16,2,2026-05-01 22:52:59.386229,2026-05-01 22:52:59.386229,-7,4
2628,123,398,9,2,0,1,0,1,2,2,3,3,2,1,0,20,1,2026-05-01 22:52:59.386229,2026-05-01 22:52:59.386229,-9,4
2629,123,390,0,4,2,0,0,0,2,0,0,3,2,0,2,21,3,2026-05-01 22:52:59.386229,2026-05-01 22:52:59.386229,-2,4
2630,123,393,6,0,0,2,0,3,3,0,2,8,2,2,0,20,2,2026-05-01 22:52:59.386229,2026-05-01 22:52:59.386229,-3,4
2631,123,386,2,1,2,0,0,0,1,0,1,3,0,0,0,11,0,2026-05-01 22:52:59.386229,2026-05-01 22:52:59.386229,-17,4
2632,123,49,0,0,1,0,0,0,0,0,0,1,0,0,1,3,1,2026-05-01 22:52:59.386229,2026-05-01 22:52:59.386229,-4,4
2633,124,320,20,3,1,2,1,5,5,1,9,21,1,1,1,34,0,2026-05-01 22:52:59.386229,2026-05-01 22:52:59.386229,-14,14
2634,124,326,0,1,0,0,0,4,5,0,0,7,0,0,0,22,4,2026-05-01 22:52:59.386229,2026-05-01 22:52:59.386229,-4,14
2635,124,315,4,5,2,1,1,1,0,0,2,6,0,0,1,24,4,2026-05-01 22:52:59.386229,2026-05-01 22:52:59.386229,-15,14
2636,124,325,15,7,0,2,1,2,4,1,4,10,7,6,1,32,1,2026-05-01 22:52:59.386229,2026-05-01 22:52:59.386229,-14,14
2637,124,316,25,5,0,0,1,3,7,4,9,22,6,3,2,32,4,2026-05-01 22:52:59.386229,2026-05-01 22:52:59.386229,-21,14
2638,124,323,4,1,2,1,1,2,0,0,2,2,0,0,1,24,1,2026-05-01 22:52:59.386229,2026-05-01 22:52:59.386229,-18,14
2639,124,318,2,0,1,0,0,0,0,0,1,2,0,0,0,5,0,2026-05-01 22:52:59.386229,2026-05-01 22:52:59.386229,-1,14
2640,124,375,9,3,0,1,0,0,2,1,3,4,2,2,1,21,2,2026-05-01 22:52:59.386229,2026-05-01 22:52:59.386229,-9,14
2641,124,317,5,1,1,0,0,0,4,1,2,7,0,0,0,21,1,2026-05-01 22:52:59.386229,2026-05-01 22:52:59.386229,-13,14
2642,124,330,3,4,1,0,0,0,1,1,1,3,0,0,1,11,2,2026-05-01 22:52:59.386229,2026-05-01 22:52:59.386229,-1,14
2643,124,322,0,1,0,0,0,0,1,0,0,1,0,0,0,3,0,2026-05-01 22:52:59.386229,2026-05-01 22:52:59.386229,0,14
2644,124,321,0,0,0,0,0,1,0,0,0,0,2,0,0,3,0,2026-05-01 22:52:59.386229,2026-05-01 22:52:59.386229,0,14
2645,124,551,2,0,0,0,0,0,1,0,1,2,0,0,0,3,0,2026-05-01 22:52:59.386229,2026-05-01 22:52:59.386229,0,14
2646,124,37,32,8,0,3,0,7,9,3,10,28,12,9,5,36,3,2026-05-01 22:52:59.386229,2026-05-01 22:52:59.386229,18,2
2647,124,41,7,6,0,0,0,2,6,2,2,6,1,1,0,28,1,2026-05-01 22:52:59.386229,2026-05-01 22:52:59.386229,5,2
2648,124,44,10,8,4,0,3,1,0,0,4,5,2,2,2,25,1,2026-05-01 22:52:59.386229,2026-05-01 22:52:59.386229,5,2
2649,124,45,5,1,1,0,0,2,4,1,2,6,0,0,0,28,1,2026-05-01 22:52:59.386229,2026-05-01 22:52:59.386229,18,2
2650,124,51,12,4,1,1,1,8,6,2,5,13,0,0,1,35,1,2026-05-01 22:52:59.386229,2026-05-01 22:52:59.386229,18,2
2651,124,43,30,2,2,0,0,8,9,6,10,14,4,4,4,37,4,2026-05-01 22:52:59.386229,2026-05-01 22:52:59.386229,21,2
2652,124,208,9,8,0,1,0,0,0,0,4,6,2,1,0,20,2,2026-05-01 22:52:59.386229,2026-05-01 22:52:59.386229,15,2
2653,124,50,0,1,0,0,1,0,1,0,0,1,0,0,2,7,2,2026-05-01 22:52:59.386229,2026-05-01 22:52:59.386229,-1,2
2654,124,39,4,2,1,1,0,1,1,0,2,3,0,0,0,14,4,2026-05-01 22:52:59.386229,2026-05-01 22:52:59.386229,5,2
2655,124,52,0,1,0,0,0,0,0,0,0,0,0,0,0,1,0,2026-05-01 22:52:59.386229,2026-05-01 22:52:59.386229,2,2
2656,124,38,0,0,0,0,0,0,0,0,0,0,0,0,0,1,0,2026-05-01 22:52:59.386229,2026-05-01 22:52:59.386229,2,2
2657,124,40,2,0,0,0,0,0,0,0,1,1,0,0,0,1,0,2026-05-01 22:52:59.386229,2026-05-01 22:52:59.386229,2,2
2658,125,132,19,6,0,1,3,2,4,0,5,12,9,9,3,34,3,2026-05-01 22:52:59.386229,2026-05-01 22:52:59.386229,-21,18
2659,125,134,18,3,0,1,1,3,5,1,5,10,10,7,2,31,3,2026-05-01 22:52:59.386229,2026-05-01 22:52:59.386229,-20,18
2660,125,121,7,2,1,0,0,0,0,0,2,2,4,3,0,16,6,2026-05-01 22:52:59.386229,2026-05-01 22:52:59.386229,-6,18
2661,125,126,28,8,1,2,2,3,8,3,11,19,5,3,7,34,0,2026-05-01 22:52:59.386229,2026-05-01 22:52:59.386229,-3,18
2662,125,124,11,4,2,0,0,3,5,3,4,6,0,0,4,27,0,2026-05-01 22:52:59.386229,2026-05-01 22:52:59.386229,-10,18
2663,125,136,6,0,0,0,0,0,1,0,1,4,4,4,0,18,2,2026-05-01 22:52:59.386229,2026-05-01 22:52:59.386229,-14,18
2664,125,195,12,4,1,0,0,4,3,2,4,8,2,2,1,28,0,2026-05-01 22:52:59.386229,2026-05-01 22:52:59.386229,-25,18
2665,125,129,3,3,1,2,1,2,4,1,1,5,0,0,1,14,1,2026-05-01 22:52:59.386229,2026-05-01 22:52:59.386229,-21,18
2666,125,122,2,1,0,0,0,0,1,0,1,3,0,0,1,8,0,2026-05-01 22:52:59.386229,2026-05-01 22:52:59.386229,-2,18
2667,125,123,0,1,0,0,1,4,2,0,0,2,0,0,0,15,0,2026-05-01 22:52:59.386229,2026-05-01 22:52:59.386229,-7,18
2668,125,205,2,0,0,1,0,0,0,0,0,0,2,2,1,3,0,2026-05-01 22:52:59.386229,2026-05-01 22:52:59.386229,-2,18
2669,125,130,0,0,0,0,0,1,0,0,0,0,0,0,0,3,0,2026-05-01 22:52:59.386229,2026-05-01 22:52:59.386229,-2,18
2670,125,137,0,1,0,0,0,0,0,0,0,0,0,0,0,3,0,2026-05-01 22:52:59.386229,2026-05-01 22:52:59.386229,-2,18
2671,125,84,18,4,1,4,0,2,7,3,5,13,7,5,2,35,2,2026-05-01 22:52:59.386229,2026-05-01 22:52:59.386229,23,23
2672,125,70,8,2,1,1,0,3,1,0,3,7,3,2,0,27,3,2026-05-01 22:52:59.386229,2026-05-01 22:52:59.386229,12,23
2673,125,74,6,6,3,1,0,2,0,0,2,3,4,2,1,21,3,2026-05-01 22:52:59.386229,2026-05-01 22:52:59.386229,2,23
2674,125,75,24,6,1,2,0,1,7,6,8,18,2,2,1,36,4,2026-05-01 22:52:59.386229,2026-05-01 22:52:59.386229,3,23
2675,125,82,39,2,1,2,1,8,7,4,16,28,5,3,5,35,2,2026-05-01 22:52:59.386229,2026-05-01 22:52:59.386229,21,23
2676,125,80,19,3,0,1,0,7,8,5,7,12,0,0,1,27,2,2026-05-01 22:52:59.386229,2026-05-01 22:52:59.386229,18,23
2677,125,85,0,0,1,0,0,0,1,0,0,2,0,0,0,11,0,2026-05-01 22:52:59.386229,2026-05-01 22:52:59.386229,7,23
2678,125,72,8,3,2,0,0,2,0,0,4,4,0,0,0,19,5,2026-05-01 22:52:59.386229,2026-05-01 22:52:59.386229,20,23
2679,125,555,3,2,0,2,0,3,3,1,1,5,0,0,0,11,0,2026-05-01 22:52:59.386229,2026-05-01 22:52:59.386229,9,23
2680,125,26,2,0,0,0,0,1,0,0,1,1,0,0,0,3,1,2026-05-01 22:52:59.386229,2026-05-01 22:52:59.386229,2,23
2681,125,76,5,0,0,0,0,0,2,1,2,3,0,0,0,3,0,2026-05-01 22:52:59.386229,2026-05-01 22:52:59.386229,6,23
2682,125,86,0,0,0,0,0,2,0,0,0,0,0,0,0,3,0,2026-05-01 22:52:59.386229,2026-05-01 22:52:59.386229,6,23
2683,125,207,3,1,0,1,0,0,1,1,1,1,0,0,0,3,0,2026-05-01 22:52:59.386229,2026-05-01 22:52:59.386229,6,23
2684,126,203,12,3,3,0,0,1,7,3,4,10,1,1,2,33,3,2026-05-01 22:52:59.386229,2026-05-01 22:52:59.386229,-15,5
2685,126,206,12,4,1,1,0,1,6,2,5,11,0,0,2,18,3,2026-05-01 22:52:59.386229,2026-05-01 22:52:59.386229,-9,5
2686,126,68,11,12,1,0,0,1,6,3,4,8,0,0,1,29,0,2026-05-01 22:52:59.386229,2026-05-01 22:52:59.386229,-3,5
2687,126,192,15,4,0,0,0,0,9,3,4,12,5,4,3,25,3,2026-05-01 22:52:59.386229,2026-05-01 22:52:59.386229,-6,5
2688,126,198,6,1,1,2,0,6,3,0,2,10,3,2,2,22,1,2026-05-01 22:52:59.386229,2026-05-01 22:52:59.386229,-14,5
2689,126,347,9,8,5,0,1,0,1,0,3,6,5,3,3,23,3,2026-05-01 22:52:59.386229,2026-05-01 22:52:59.386229,0,5
2690,126,200,8,0,1,1,0,3,1,0,4,9,0,0,1,22,1,2026-05-01 22:52:59.386229,2026-05-01 22:52:59.386229,1,5
2691,126,210,10,1,0,0,1,8,7,2,3,8,2,2,1,27,0,2026-05-01 22:52:59.386229,2026-05-01 22:52:59.386229,6,5
2692,126,125,8,3,1,2,0,4,2,1,3,7,3,1,1,24,2,2026-05-01 22:52:59.386229,2026-05-01 22:52:59.386229,9,5
2693,126,399,8,1,0,2,0,0,4,2,2,5,2,2,1,12,1,2026-05-01 22:52:59.386229,2026-05-01 22:52:59.386229,1,5
2694,126,53,9,7,2,2,1,2,4,0,4,11,2,1,1,33,2,2026-05-01 22:52:59.386229,2026-05-01 22:52:59.386229,17,20
2695,126,59,11,7,2,0,0,5,1,1,4,5,4,2,2,32,1,2026-05-01 22:52:59.386229,2026-05-01 22:52:59.386229,16,20
2696,126,67,28,7,4,3,0,2,9,5,10,17,4,3,3,32,4,2026-05-01 22:52:59.386229,2026-05-01 22:52:59.386229,13,20
2697,126,54,11,2,0,2,1,5,8,3,4,10,0,0,3,30,0,2026-05-01 22:52:59.386229,2026-05-01 22:52:59.386229,5,20
2698,126,55,19,5,0,0,1,9,6,1,7,19,6,4,2,36,1,2026-05-01 22:52:59.386229,2026-05-01 22:52:59.386229,14,20
2699,126,66,16,1,1,0,0,0,8,4,5,9,3,2,2,23,5,2026-05-01 22:52:59.386229,2026-05-01 22:52:59.386229,-10,20
2700,126,60,4,4,1,2,1,0,0,0,1,3,2,2,0,15,2,2026-05-01 22:52:59.386229,2026-05-01 22:52:59.386229,-6,20
2701,126,538,2,3,0,0,0,2,0,0,1,2,0,0,0,11,1,2026-05-01 22:52:59.386229,2026-05-01 22:52:59.386229,-10,20
2702,126,508,5,4,0,0,0,2,6,1,2,8,0,0,0,25,1,2026-05-01 22:52:59.386229,2026-05-01 22:52:59.386229,-9,20
2703,127,337,2,5,1,1,0,2,4,0,1,9,0,0,1,30,1,2026-05-01 22:52:57.817186,2026-05-01 22:52:57.817186,-18,24
2704,127,346,0,5,2,1,1,0,4,0,0,5,0,0,2,24,2,2026-05-01 22:52:57.817186,2026-05-01 22:52:57.817186,-10,24
2705,127,348,6,1,4,1,0,0,0,0,3,8,0,0,1,15,1,2026-05-01 22:52:57.817186,2026-05-01 22:52:57.817186,-13,24
2706,127,341,13,3,0,3,0,1,7,1,6,16,0,0,1,22,1,2026-05-01 22:52:57.817186,2026-05-01 22:52:57.817186,-6,24
2707,127,339,18,0,3,1,0,3,8,4,7,14,0,0,6,33,4,2026-05-01 22:52:57.817186,2026-05-01 22:52:57.817186,-11,24
2708,127,338,6,1,0,2,0,0,4,2,2,4,0,0,2,21,0,2026-05-01 22:52:57.817186,2026-05-01 22:52:57.817186,2,24
2709,127,334,8,2,0,2,1,3,1,0,3,8,2,2,1,21,3,2026-05-01 22:52:57.817186,2026-05-01 22:52:57.817186,-5,24
2710,127,343,4,1,1,1,1,3,0,0,2,3,0,0,4,17,2,2026-05-01 22:52:57.817186,2026-05-01 22:52:57.817186,-5,24
2711,127,344,2,1,0,0,0,0,2,0,0,4,2,2,0,12,0,2026-05-01 22:52:57.817186,2026-05-01 22:52:57.817186,-3,24
2712,127,345,7,6,1,0,0,0,1,1,3,5,0,0,1,16,1,2026-05-01 22:52:57.817186,2026-05-01 22:52:57.817186,6,24
2713,127,268,8,3,1,2,0,4,2,0,3,7,2,2,0,23,1,2026-05-01 22:52:57.817186,2026-05-01 22:52:57.817186,-13,24
2714,127,335,3,0,0,0,0,0,2,1,1,2,0,0,0,1,0,2026-05-01 22:52:57.817186,2026-05-01 22:52:57.817186,1,24
2715,127,157,12,7,3,1,1,2,6,2,5,9,0,0,0,34,0,2026-05-01 22:52:57.817186,2026-05-01 22:52:57.817186,26,25
2716,127,161,23,2,0,1,1,1,6,3,9,13,3,2,0,30,2,2026-05-01 22:52:57.817186,2026-05-01 22:52:57.817186,29,25
2717,127,159,23,11,2,1,4,3,6,3,9,13,4,2,5,31,1,2026-05-01 22:52:57.817186,2026-05-01 22:52:57.817186,19,25
2718,127,164,6,2,3,1,0,7,4,0,3,12,0,0,6,28,1,2026-05-01 22:52:57.817186,2026-05-01 22:52:57.817186,1,25
2719,127,156,0,0,0,0,0,0,0,0,0,0,0,0,0,0,0,2026-05-01 22:52:57.817186,2026-05-01 22:52:57.817186,0,25
2720,127,163,11,3,1,0,1,6,6,1,4,14,2,2,4,29,2,2026-05-01 22:52:57.817186,2026-05-01 22:52:57.817186,18,25
2721,127,158,2,0,0,2,0,2,1,0,1,3,0,0,1,15,2,2026-05-01 22:52:57.817186,2026-05-01 22:52:57.817186,-10,25
2722,127,173,4,3,2,1,2,0,1,0,2,3,2,0,1,15,0,2026-05-01 22:52:57.817186,2026-05-01 22:52:57.817186,-3,25
2723,127,377,0,3,0,0,2,1,4,0,0,5,0,0,1,17,1,2026-05-01 22:52:57.817186,2026-05-01 22:52:57.817186,-2,25
2724,127,171,3,1,2,1,0,0,1,1,1,2,0,0,2,11,2,2026-05-01 22:52:57.817186,2026-05-01 22:52:57.817186,-11,25
2725,127,167,6,2,0,2,0,1,1,0,3,5,0,0,1,22,0,2026-05-01 22:52:57.817186,2026-05-01 22:52:57.817186,9,25
2726,127,172,2,0,0,0,0,0,1,0,1,2,0,0,0,1,0,2026-05-01 22:52:57.817186,2026-05-01 22:52:57.817186,-1,25
2727,128,308,37,8,0,3,2,4,7,2,14,25,9,7,3,32,3,2026-05-01 22:52:57.817186,2026-05-01 22:52:57.817186,-4,13
2728,128,307,6,0,3,1,1,3,5,0,3,12,0,0,1,32,1,2026-05-01 22:52:57.817186,2026-05-01 22:52:57.817186,2,13
2729,128,309,10,4,0,1,0,1,1,1,3,6,3,3,0,22,4,2026-05-01 22:52:57.817186,2026-05-01 22:52:57.817186,-4,13
2730,128,312,7,2,0,1,0,2,1,0,3,6,1,1,0,26,1,2026-05-01 22:52:57.817186,2026-05-01 22:52:57.817186,3,13
2731,128,305,7,4,1,2,0,0,0,0,2,2,4,3,1,33,2,2026-05-01 22:52:57.817186,2026-05-01 22:52:57.817186,-8,13
2732,128,253,21,7,2,0,0,5,5,1,7,16,7,6,2,30,2,2026-05-01 22:52:57.817186,2026-05-01 22:52:57.817186,1,13
2733,128,311,7,5,3,0,4,0,2,1,3,7,0,0,1,26,1,2026-05-01 22:52:57.817186,2026-05-01 22:52:57.817186,2,13
2734,128,310,14,1,0,0,1,1,0,0,5,7,4,4,1,23,3,2026-05-01 22:52:57.817186,2026-05-01 22:52:57.817186,-1,13
2735,128,299,0,3,0,1,1,2,2,0,0,2,0,0,0,13,1,2026-05-01 22:52:57.817186,2026-05-01 22:52:57.817186,-1,13
2736,128,426,13,1,1,1,0,2,6,3,3,6,4,4,0,29,2,2026-05-01 22:52:57.817186,2026-05-01 22:52:57.817186,8,22
2737,128,419,16,7,0,0,0,8,1,0,6,16,5,4,2,37,1,2026-05-01 22:52:57.817186,2026-05-01 22:52:57.817186,-5,22
2738,128,424,15,10,4,0,0,3,1,0,6,14,3,3,5,33,3,2026-05-01 22:52:57.817186,2026-05-01 22:52:57.817186,2,22
2739,128,420,36,2,3,2,0,1,6,4,13,19,10,6,1,32,3,2026-05-01 22:52:57.817186,2026-05-01 22:52:57.817186,12,22
2740,128,422,11,2,0,1,0,1,4,1,4,9,4,2,2,36,4,2026-05-01 22:52:57.817186,2026-05-01 22:52:57.817186,-8,22
2741,128,427,2,4,0,0,0,2,4,0,0,4,2,2,1,17,2,2026-05-01 22:52:57.817186,2026-05-01 22:52:57.817186,-6,22
2742,128,428,5,2,2,0,2,1,0,0,2,4,2,1,0,14,1,2026-05-01 22:52:57.817186,2026-05-01 22:52:57.817186,-4,22
2743,128,193,0,1,1,1,1,4,0,0,0,1,0,0,0,18,2,2026-05-01 22:52:57.817186,2026-05-01 22:52:57.817186,1,22
2744,128,431,4,1,0,0,0,2,1,0,2,3,0,0,0,9,2,2026-05-01 22:52:57.817186,2026-05-01 22:52:57.817186,1,22
2745,128,435,9,1,1,2,0,1,0,0,4,7,1,1,1,10,1,2026-05-01 22:52:57.817186,2026-05-01 22:52:57.817186,9,22
2746,129,84,30,9,3,2,1,1,9,1,10,24,11,9,3,37,1,2026-05-01 22:52:59.386229,2026-05-01 22:52:59.386229,-2,23
2747,129,70,11,4,2,0,0,1,2,0,4,7,6,3,1,33,1,2026-05-01 22:52:59.386229,2026-05-01 22:52:59.386229,4,23
2748,129,72,4,3,0,1,0,1,0,0,2,3,0,0,0,15,3,2026-05-01 22:52:59.386229,2026-05-01 22:52:59.386229,-8,23
2749,129,80,23,1,2,2,0,2,4,0,6,16,13,11,2,35,3,2026-05-01 22:52:59.386229,2026-05-01 22:52:59.386229,11,23
2750,129,75,21,1,4,3,0,5,5,1,7,15,6,6,2,34,5,2026-05-01 22:52:59.386229,2026-05-01 22:52:59.386229,-7,23
2751,129,86,11,4,0,0,2,2,0,0,4,5,4,3,2,15,4,2026-05-01 22:52:59.386229,2026-05-01 22:52:59.386229,-4,23
2752,129,85,2,1,1,1,0,0,1,0,1,3,0,0,0,9,2,2026-05-01 22:52:59.386229,2026-05-01 22:52:59.386229,5,23
2753,129,555,32,3,0,3,2,10,8,8,9,10,6,6,0,30,3,2026-05-01 22:52:59.386229,2026-05-01 22:52:59.386229,22,23
2754,129,76,0,0,0,1,0,1,0,0,0,0,0,0,0,6,1,2026-05-01 22:52:59.386229,2026-05-01 22:52:59.386229,6,23
2755,129,207,5,2,0,0,0,4,2,1,2,3,0,0,0,21,2,2026-05-01 22:52:59.386229,2026-05-01 22:52:59.386229,23,23
2756,129,505,11,2,1,0,0,0,9,3,4,11,0,0,0,21,3,2026-05-01 22:52:59.386229,2026-05-01 22:52:59.386229,1,15
2757,129,181,8,3,2,0,1,2,5,1,3,8,1,1,0,25,3,2026-05-01 22:52:59.386229,2026-05-01 22:52:59.386229,2,15
2758,129,502,11,4,2,2,1,0,1,1,4,6,3,2,2,20,2,2026-05-01 22:52:59.386229,2026-05-01 22:52:59.386229,8,15
2759,129,491,13,9,7,1,1,3,3,2,4,8,4,3,4,23,2,2026-05-01 22:52:59.386229,2026-05-01 22:52:59.386229,2,15
2760,129,495,26,0,2,0,0,8,10,4,10,20,2,2,4,24,2,2026-05-01 22:52:59.386229,2026-05-01 22:52:59.386229,8,15
2761,129,169,14,1,1,1,0,0,3,2,6,9,0,0,0,22,5,2026-05-01 22:52:59.386229,2026-05-01 22:52:59.386229,2,15
2762,129,499,7,1,0,0,0,1,1,0,2,4,5,3,0,27,5,2026-05-01 22:52:59.386229,2026-05-01 22:52:59.386229,-18,15
2763,129,493,15,1,2,0,0,2,4,1,6,12,3,2,6,24,2,2026-05-01 22:52:59.386229,2026-05-01 22:52:59.386229,-26,15
2764,129,503,12,3,2,1,0,7,3,1,5,11,1,1,3,25,5,2026-05-01 22:52:59.386229,2026-05-01 22:52:59.386229,-11,15
2765,129,504,12,1,0,0,0,3,4,2,4,8,2,2,1,23,2,2026-05-01 22:52:59.386229,2026-05-01 22:52:59.386229,-18,15
2766,130,27,19,1,1,1,0,1,6,1,7,14,4,4,3,22,4,2026-05-01 22:52:57.817186,2026-05-01 22:52:57.817186,-31,3
2767,130,19,9,2,1,1,0,1,4,1,2,7,4,4,1,17,4,2026-05-01 22:52:57.817186,2026-05-01 22:52:57.817186,-25,3
2768,130,18,2,3,1,0,0,4,0,0,0,2,2,2,1,20,1,2026-05-01 22:52:57.817186,2026-05-01 22:52:57.817186,-26,3
2769,130,28,10,1,0,0,0,0,5,2,3,6,2,2,0,23,1,2026-05-01 22:52:59.386229,2026-05-01 22:52:59.386229,-32,3
2770,130,32,2,1,1,0,0,2,2,0,1,6,0,0,2,15,2,2026-05-01 22:52:59.386229,2026-05-01 22:52:59.386229,-19,3
2771,130,35,13,7,1,0,2,2,4,2,2,6,9,7,1,27,3,2026-05-01 22:52:59.386229,2026-05-01 22:52:59.386229,-12,3
2772,130,29,10,2,0,1,0,6,0,0,2,2,6,6,2,20,4,2026-05-01 22:52:59.386229,2026-05-01 22:52:59.386229,-13,3
2773,130,42,9,1,2,0,0,0,5,1,3,8,2,2,3,21,0,2026-05-01 22:52:59.386229,2026-05-01 22:52:59.386229,-13,3
2774,130,34,14,3,0,0,0,0,8,3,5,11,3,1,0,25,4,2026-05-01 22:52:59.386229,2026-05-01 22:52:59.386229,-4,3
2775,130,23,5,1,0,0,0,1,1,1,2,3,0,0,1,22,3,2026-05-01 22:52:59.386229,2026-05-01 22:52:59.386229,-3,3
2776,130,21,7,0,0,0,0,3,3,2,2,3,2,1,1,12,2,2026-05-01 22:52:59.386229,2026-05-01 22:52:59.386229,-6,3
2777,130,24,0,2,0,0,1,3,0,0,0,1,0,0,2,12,1,2026-05-01 22:52:59.386229,2026-05-01 22:52:59.386229,-6,3
2778,130,241,15,2,1,0,0,1,3,3,6,6,0,0,0,16,3,2026-05-01 22:52:59.386229,2026-05-01 22:52:59.386229,13,9
2779,130,231,2,2,0,0,0,3,3,0,1,5,0,0,1,21,2,2026-05-01 22:52:59.386229,2026-05-01 22:52:59.386229,23,9
2780,130,229,26,4,0,2,2,2,0,0,9,10,10,8,0,22,4,2026-05-01 22:52:59.386229,2026-05-01 22:52:59.386229,23,9
2781,130,242,14,3,0,1,0,1,5,4,5,7,0,0,0,20,1,2026-05-01 22:52:59.386229,2026-05-01 22:52:59.386229,31,9
2782,130,228,21,2,1,1,0,15,5,4,8,10,3,1,2,25,3,2026-05-01 22:52:59.386229,2026-05-01 22:52:59.386229,37,9
2783,130,232,16,2,1,0,0,2,6,1,5,13,6,5,1,29,3,2026-05-01 22:52:59.386229,2026-05-01 22:52:59.386229,13,9
2784,130,244,4,5,3,0,1,1,1,0,2,7,0,0,0,22,0,2026-05-01 22:52:59.386229,2026-05-01 22:52:59.386229,14,9
2785,130,199,7,1,2,0,0,4,4,1,3,8,0,0,0,21,2,2026-05-01 22:52:59.386229,2026-05-01 22:52:59.386229,19,9
2786,130,234,14,3,0,5,0,6,2,1,4,10,5,5,3,22,2,2026-05-01 22:52:59.386229,2026-05-01 22:52:59.386229,1,9
2787,130,230,8,4,0,3,0,0,2,1,2,5,4,3,0,23,1,2026-05-01 22:52:59.386229,2026-05-01 22:52:59.386229,19,9
2788,130,240,8,2,2,0,0,0,0,0,2,2,6,4,1,7,1,2026-05-01 22:52:59.386229,2026-05-01 22:52:59.386229,0,9
2789,130,237,3,0,0,0,0,1,1,1,1,2,0,0,0,6,2,2026-05-01 22:52:59.386229,2026-05-01 22:52:59.386229,-3,9
2790,131,411,10,2,0,2,1,1,3,0,3,7,5,4,1,24,1,2026-05-01 22:52:59.386229,2026-05-01 22:52:59.386229,13,16
2791,131,404,4,5,3,3,0,2,1,0,2,4,0,0,2,25,4,2026-05-01 22:52:59.386229,2026-05-01 22:52:59.386229,15,16
2792,131,402,83,8,1,2,2,3,22,7,20,43,43,36,5,41,3,2026-05-01 22:52:59.386229,2026-05-01 22:52:59.386229,20,16
2793,131,407,5,4,1,1,1,6,1,0,2,3,2,1,1,29,4,2026-05-01 22:52:59.386229,2026-05-01 22:52:59.386229,10,16
2794,131,412,12,4,3,1,0,5,4,0,5,9,2,2,3,24,1,2026-05-01 22:52:59.386229,2026-05-01 22:52:59.386229,16,16
2795,131,408,5,4,2,0,0,8,2,1,2,5,0,0,0,27,1,2026-05-01 22:52:59.386229,2026-05-01 22:52:59.386229,15,16
2796,131,415,5,3,0,4,0,5,2,1,2,4,0,0,3,22,4,2026-05-01 22:52:59.386229,2026-05-01 22:52:59.386229,7,16
2797,131,403,18,3,3,1,0,1,4,3,6,7,3,3,1,22,3,2026-05-01 22:52:59.386229,2026-05-01 22:52:59.386229,6,16
2798,131,409,8,0,1,2,1,0,4,1,3,6,4,1,0,18,1,2026-05-01 22:52:59.386229,2026-05-01 22:52:59.386229,7,16
2799,131,557,0,0,0,0,0,0,0,0,0,1,0,0,0,1,0,2026-05-01 22:52:59.386229,2026-05-01 22:52:59.386229,-2,16
2800,131,405,0,0,1,0,0,0,0,0,0,1,0,0,0,1,0,2026-05-01 22:52:59.386229,2026-05-01 22:52:59.386229,-2,16
2801,131,441,10,6,0,1,0,7,1,0,2,7,8,6,1,34,3,2026-05-01 22:52:59.386229,2026-05-01 22:52:59.386229,-19,30
2802,131,447,22,4,0,1,0,2,7,4,6,13,7,6,0,39,4,2026-05-01 22:52:59.386229,2026-05-01 22:52:59.386229,-10,30
2803,131,448,28,4,2,0,2,1,7,4,12,19,0,0,1,19,3,2026-05-01 22:52:59.386229,2026-05-01 22:52:59.386229,-9,30
2804,131,445,17,2,0,1,0,2,7,3,7,12,1,0,2,22,4,2026-05-01 22:52:59.386229,2026-05-01 22:52:59.386229,-14,30
2805,131,438,12,4,0,1,0,6,1,0,5,7,4,2,7,35,1,2026-05-01 22:52:59.386229,2026-05-01 22:52:59.386229,-20,30
2806,131,449,3,2,0,0,0,1,2,1,1,3,0,0,2,6,5,2026-05-01 22:52:59.386229,2026-05-01 22:52:59.386229,-11,30
2807,131,440,6,0,0,1,0,1,1,0,2,5,3,2,4,14,1,2026-05-01 22:52:59.386229,2026-05-01 22:52:59.386229,-2,30
2808,131,439,8,4,1,1,0,2,2,0,3,7,2,2,2,18,3,2026-05-01 22:52:59.386229,2026-05-01 22:52:59.386229,-7,30
2809,131,459,17,1,0,0,1,0,8,3,5,12,4,4,3,23,5,2026-05-01 22:52:59.386229,2026-05-01 22:52:59.386229,-8,30
2810,131,443,6,4,1,0,0,3,0,0,3,4,0,0,1,25,5,2026-05-01 22:52:59.386229,2026-05-01 22:52:59.386229,-5,30
2811,132,368,14,5,2,3,0,10,2,0,6,11,2,2,0,35,1,2026-05-01 22:52:59.386229,2026-05-01 22:52:59.386229,20,1
2812,132,374,27,7,0,1,2,8,5,2,10,18,7,5,1,37,3,2026-05-01 22:52:59.386229,2026-05-01 22:52:59.386229,14,1
2813,132,380,18,7,2,1,4,2,5,3,7,12,2,1,1,32,1,2026-05-01 22:52:59.386229,2026-05-01 22:52:59.386229,25,1
2814,132,367,29,2,0,2,1,3,8,5,12,19,0,0,4,36,3,2026-05-01 22:52:59.386229,2026-05-01 22:52:59.386229,19,1
2815,132,378,13,6,3,0,0,4,7,2,5,15,3,1,2,28,2,2026-05-01 22:52:59.386229,2026-05-01 22:52:59.386229,17,1
2816,132,331,8,0,0,0,0,1,3,2,3,4,0,0,0,11,2,2026-05-01 22:52:59.386229,2026-05-01 22:52:59.386229,-8,1
2817,132,382,4,2,1,1,0,0,1,0,2,4,0,0,1,17,3,2026-05-01 22:52:59.386229,2026-05-01 22:52:59.386229,-11,1
2818,132,498,0,2,1,0,1,1,3,0,0,5,0,0,0,15,3,2026-05-01 22:52:59.386229,2026-05-01 22:52:59.386229,-13,1
2819,132,372,9,1,4,0,0,0,1,0,3,4,4,3,0,10,0,2026-05-01 22:52:59.386229,2026-05-01 22:52:59.386229,-2,1
2820,132,376,2,0,0,0,0,0,1,0,1,3,0,0,0,14,0,2026-05-01 22:52:59.386229,2026-05-01 22:52:59.386229,-1,1
2821,132,457,14,10,2,0,0,5,1,1,6,16,2,1,2,32,1,2026-05-01 22:52:59.386229,2026-05-01 22:52:59.386229,-13,7
2822,132,469,7,3,3,1,0,0,4,0,3,11,2,1,1,28,2,2026-05-01 22:52:59.386229,2026-05-01 22:52:59.386229,-9,7
2823,132,458,14,5,5,1,0,1,0,0,6,9,4,2,1,25,4,2026-05-01 22:52:59.386229,2026-05-01 22:52:59.386229,-22,7
2824,132,463,14,1,1,1,0,4,5,2,5,9,2,2,3,29,3,2026-05-01 22:52:59.386229,2026-05-01 22:52:59.386229,-18,7
2825,132,453,6,3,0,1,0,1,6,2,2,6,0,0,1,24,1,2026-05-01 22:52:59.386229,2026-05-01 22:52:59.386229,-12,7
2826,132,470,13,2,0,0,0,5,0,0,3,4,8,7,1,17,0,2026-05-01 22:52:59.386229,2026-05-01 22:52:59.386229,4,7
2827,132,436,7,5,1,0,0,6,2,1,3,7,0,0,0,20,1,2026-05-01 22:52:59.386229,2026-05-01 22:52:59.386229,8,7
2828,132,468,21,1,0,2,0,1,11,5,8,16,0,0,0,28,3,2026-05-01 22:52:59.386229,2026-05-01 22:52:59.386229,-10,7
2829,132,446,16,1,0,0,0,2,3,2,5,8,4,4,3,23,0,2026-05-01 22:52:59.386229,2026-05-01 22:52:59.386229,7,7
2830,132,465,0,0,0,0,0,3,0,0,0,0,0,0,2,8,1,2026-05-01 22:52:59.386229,2026-05-01 22:52:59.386229,5,7
2831,133,484,23,4,0,2,0,2,7,3,8,14,4,4,1,35,0,2026-05-01 22:52:59.386229,2026-05-01 22:52:59.386229,9,11
2832,133,475,29,7,1,2,2,2,5,4,12,16,2,1,2,32,2,2026-05-01 22:52:59.386229,2026-05-01 22:52:59.386229,7,11
2833,133,482,14,9,3,0,0,4,1,0,6,15,2,2,3,29,4,2026-05-01 22:52:59.386229,2026-05-01 22:52:59.386229,14,11
2834,133,476,8,1,2,2,0,1,2,0,4,8,0,0,1,31,3,2026-05-01 22:52:59.386229,2026-05-01 22:52:59.386229,17,11
2835,133,486,23,1,2,0,1,6,1,1,6,10,14,10,3,38,0,2026-05-01 22:52:59.386229,2026-05-01 22:52:59.386229,12,11
2836,133,483,7,7,0,0,1,2,5,1,2,10,2,2,4,23,3,2026-05-01 22:52:59.386229,2026-05-01 22:52:59.386229,11,11
2837,133,472,4,4,6,0,0,2,0,0,1,3,3,2,1,13,2,2026-05-01 22:52:59.386229,2026-05-01 22:52:59.386229,3,11
2838,133,477,3,2,1,1,0,2,2,1,1,3,0,0,2,21,2,2026-05-01 22:52:59.386229,2026-05-01 22:52:59.386229,14,11
2839,133,481,0,1,0,0,0,0,0,0,0,0,0,0,0,6,1,2026-05-01 22:52:59.386229,2026-05-01 22:52:59.386229,-5,11
2840,133,479,2,0,0,1,0,0,0,0,1,1,0,0,0,2,0,2026-05-01 22:52:59.386229,2026-05-01 22:52:59.386229,-4,11
2841,133,473,0,1,0,0,0,0,0,0,0,0,0,0,0,2,1,2026-05-01 22:52:59.386229,2026-05-01 22:52:59.386229,-4,11
2842,133,478,0,0,0,0,0,0,1,0,0,2,0,0,0,2,1,2026-05-01 22:52:59.386229,2026-05-01 22:52:59.386229,-4,11
2843,133,93,9,4,0,0,1,3,5,1,3,12,3,2,3,35,2,2026-05-01 22:52:59.386229,2026-05-01 22:52:59.386229,-18,28
2844,133,88,24,3,2,1,0,2,6,2,8,16,6,6,3,35,3,2026-05-01 22:52:59.386229,2026-05-01 22:52:59.386229,-11,28
2845,133,95,8,4,0,2,0,4,3,0,3,6,4,2,1,29,4,2026-05-01 22:52:59.386229,2026-05-01 22:52:59.386229,-16,28
2846,133,89,25,4,2,0,1,1,6,2,10,18,4,3,1,32,3,2026-05-01 22:52:59.386229,2026-05-01 22:52:59.386229,-3,28
2847,133,100,12,3,1,1,0,6,6,1,3,9,5,5,1,32,3,2026-05-01 22:52:59.386229,2026-05-01 22:52:59.386229,-16,28
2848,133,97,2,1,1,1,0,1,0,0,1,1,0,0,1,10,2,2026-05-01 22:52:59.386229,2026-05-01 22:52:59.386229,-1,28
2849,133,103,6,1,1,2,1,1,4,2,2,5,0,0,0,20,1,2026-05-01 22:52:59.386229,2026-05-01 22:52:59.386229,-13,28
2850,133,101,2,1,0,2,1,3,1,0,1,4,2,0,2,18,4,2026-05-01 22:52:59.386229,2026-05-01 22:52:59.386229,-9,28
2851,133,91,6,0,0,0,0,0,2,0,2,4,2,2,0,7,1,2026-05-01 22:52:59.386229,2026-05-01 22:52:59.386229,0,28
2852,133,90,3,2,0,1,0,0,3,1,1,3,0,0,0,8,0,2026-05-01 22:52:59.386229,2026-05-01 22:52:59.386229,9,28
2853,133,102,0,0,0,0,0,0,0,0,0,0,0,0,0,3,0,2026-05-01 22:52:59.386229,2026-05-01 22:52:59.386229,4,28
2854,133,96,2,0,0,0,0,0,0,0,0,0,2,2,1,3,0,2026-05-01 22:52:59.386229,2026-05-01 22:52:59.386229,4,28
2855,134,272,33,3,0,2,1,3,10,6,12,21,4,3,2,38,2,2026-05-01 22:52:59.386229,2026-05-01 22:52:59.386229,-16,17
2856,134,265,22,4,2,1,0,3,1,0,10,18,5,2,4,31,3,2026-05-01 22:52:59.386229,2026-05-01 22:52:59.386229,-12,17
2857,134,280,22,7,2,1,0,3,8,5,7,13,3,3,2,32,1,2026-05-01 22:52:59.386229,2026-05-01 22:52:59.386229,-2,17
2858,134,141,12,7,3,1,0,4,4,2,5,8,0,0,1,36,3,2026-05-01 22:52:59.386229,2026-05-01 22:52:59.386229,-8,17
2859,134,277,14,3,0,1,0,7,6,2,4,8,4,4,5,40,3,2026-05-01 22:52:59.386229,2026-05-01 22:52:59.386229,-6,17
2860,134,276,0,3,0,0,0,0,3,0,0,4,0,0,0,17,0,2026-05-01 22:52:59.386229,2026-05-01 22:52:59.386229,-6,17
2861,134,269,3,3,0,0,0,2,2,1,1,2,0,0,0,15,1,2026-05-01 22:52:59.386229,2026-05-01 22:52:59.386229,-12,17
2862,134,31,8,0,0,0,0,4,2,0,3,6,4,2,0,14,0,2026-05-01 22:52:59.386229,2026-05-01 22:52:59.386229,-9,17
2863,134,273,0,1,1,0,0,0,2,0,0,2,0,0,2,12,0,2026-05-01 22:52:59.386229,2026-05-01 22:52:59.386229,-5,17
2864,134,271,0,0,0,0,0,0,0,0,0,0,0,0,0,0,0,2026-05-01 22:52:59.386229,2026-05-01 22:52:59.386229,1,17
2865,134,341,25,4,0,0,0,5,10,3,10,20,2,2,3,32,1,2026-05-01 22:52:59.386229,2026-05-01 22:52:59.386229,8,24
2866,134,346,21,5,0,2,0,4,11,7,7,11,0,0,2,31,3,2026-05-01 22:52:59.386229,2026-05-01 22:52:59.386229,8,24
2867,134,343,8,3,1,0,0,2,0,0,4,4,0,0,1,20,4,2026-05-01 22:52:59.386229,2026-05-01 22:52:59.386229,17,24
2868,134,333,27,5,0,1,0,7,7,4,10,21,4,3,1,33,2,2026-05-01 22:52:59.386229,2026-05-01 22:52:59.386229,12,24
2869,134,339,12,7,2,2,0,9,9,4,4,9,0,0,2,31,1,2026-05-01 22:52:59.386229,2026-05-01 22:52:59.386229,11,24
2870,134,332,12,2,1,0,0,3,5,2,4,8,3,2,1,25,2,2026-05-01 22:52:59.386229,2026-05-01 22:52:59.386229,13,24
2871,134,345,8,0,0,0,0,0,1,0,4,5,0,0,1,15,1,2026-05-01 22:52:59.386229,2026-05-01 22:52:59.386229,-2,24
2872,134,340,6,1,0,0,0,2,3,2,2,3,0,0,0,13,1,2026-05-01 22:52:59.386229,2026-05-01 22:52:59.386229,4,24
2873,134,338,4,2,4,1,0,0,1,0,1,4,2,2,0,16,2,2026-05-01 22:52:59.386229,2026-05-01 22:52:59.386229,11,24
2874,134,22,6,2,0,2,0,1,3,2,2,3,0,0,0,12,1,2026-05-01 22:52:59.386229,2026-05-01 22:52:59.386229,-1,24
2875,134,337,0,0,0,1,0,0,1,0,0,1,0,0,0,4,1,2026-05-01 22:52:59.386229,2026-05-01 22:52:59.386229,-6,24
2876,135,540,14,2,0,1,0,2,5,2,5,9,4,2,0,32,0,2026-05-01 22:52:59.386229,2026-05-01 22:52:59.386229,13,27
2877,135,529,0,5,0,0,0,0,4,0,0,4,0,0,1,26,3,2026-05-01 22:52:59.386229,2026-05-01 22:52:59.386229,0,27
2878,135,542,39,9,2,1,2,3,15,8,11,20,12,9,6,36,2,2026-05-01 22:52:59.386229,2026-05-01 22:52:59.386229,5,27
2879,135,530,25,1,2,1,0,9,3,2,11,14,3,1,1,35,3,2026-05-01 22:52:59.386229,2026-05-01 22:52:59.386229,2,27
2880,135,528,18,7,2,0,0,6,8,3,6,12,4,3,2,34,3,2026-05-01 22:52:59.386229,2026-05-01 22:52:59.386229,12,27
2881,135,531,9,4,0,0,0,5,1,1,4,7,0,0,1,25,3,2026-05-01 22:52:59.386229,2026-05-01 22:52:59.386229,4,27
2882,135,533,8,5,1,0,0,0,4,2,3,7,0,0,0,23,3,2026-05-01 22:52:59.386229,2026-05-01 22:52:59.386229,6,27
2883,135,535,4,1,2,0,0,2,0,0,1,4,2,2,0,11,1,2026-05-01 22:52:59.386229,2026-05-01 22:52:59.386229,6,27
2884,135,527,8,0,0,0,0,0,7,2,3,8,0,0,0,13,1,2026-05-01 22:52:59.386229,2026-05-01 22:52:59.386229,-3,27
2885,135,536,0,0,0,0,0,0,0,0,0,0,0,0,0,0,0,2026-05-01 22:52:59.386229,2026-05-01 22:52:59.386229,0,27
2886,135,396,0,1,0,0,0,0,0,0,0,0,0,0,0,0,0,2026-05-01 22:52:59.386229,2026-05-01 22:52:59.386229,0,27
2887,135,48,24,5,0,2,0,2,14,4,10,24,0,0,1,26,1,2026-05-01 22:52:59.386229,2026-05-01 22:52:59.386229,-1,2
2888,135,41,11,6,1,2,0,3,8,3,4,10,0,0,0,34,1,2026-05-01 22:52:59.386229,2026-05-01 22:52:59.386229,-9,2
2889,135,44,5,3,1,0,1,1,0,0,1,3,4,3,0,19,3,2026-05-01 22:52:59.386229,2026-05-01 22:52:59.386229,-10,2
2890,135,37,8,2,0,1,0,7,0,0,4,8,0,0,2,14,2,2026-05-01 22:52:59.386229,2026-05-01 22:52:59.386229,1,2
2891,135,51,34,3,2,0,1,7,11,3,11,22,11,9,1,39,3,2026-05-01 22:52:59.386229,2026-05-01 22:52:59.386229,-14,2
2892,135,38,3,0,0,1,0,1,3,1,1,3,0,0,1,23,5,2026-05-01 22:52:59.386229,2026-05-01 22:52:59.386229,3,2
2893,135,45,6,5,1,0,0,3,5,2,2,6,0,0,2,35,0,2026-05-01 22:52:59.386229,2026-05-01 22:52:59.386229,-10,2
2894,135,39,2,5,0,0,2,0,1,0,1,2,0,0,1,9,2,2026-05-01 22:52:59.386229,2026-05-01 22:52:59.386229,2,2
2895,135,40,22,3,0,0,0,2,9,6,8,11,0,0,0,33,0,2026-05-01 22:52:59.386229,2026-05-01 22:52:59.386229,-12,2
2896,135,50,1,0,0,0,0,0,0,0,0,0,2,1,0,1,0,2026-05-01 22:52:59.386229,2026-05-01 22:52:59.386229,3,2
2897,135,52,0,0,0,0,0,1,0,0,0,0,0,0,0,0,0,2026-05-01 22:52:59.386229,2026-05-01 22:52:59.386229,1,2
2898,135,46,0,0,0,0,0,0,0,0,0,0,0,0,0,0,1,2026-05-01 22:52:59.386229,2026-05-01 22:52:59.386229,1,2
2899,136,297,17,5,0,0,1,1,9,3,7,19,0,0,3,36,3,2026-05-01 22:52:59.386229,2026-05-01 22:52:59.386229,-5,10
2900,136,285,12,7,0,1,2,4,5,4,4,5,0,0,1,29,2,2026-05-01 22:52:59.386229,2026-05-01 22:52:59.386229,-19,10
2901,136,287,13,6,3,0,4,5,10,3,5,18,0,0,1,34,1,2026-05-01 22:52:59.386229,2026-05-01 22:52:59.386229,-7,10
2902,136,296,8,2,2,3,0,1,5,1,3,9,1,1,1,31,3,2026-05-01 22:52:59.386229,2026-05-01 22:52:59.386229,-4,10
2903,136,294,9,2,0,2,1,7,4,1,3,8,2,2,2,26,0,2026-05-01 22:52:59.386229,2026-05-01 22:52:59.386229,-20,10
2904,136,282,17,1,0,0,0,2,5,3,4,7,7,6,0,20,2,2026-05-01 22:52:59.386229,2026-05-01 22:52:59.386229,18,10
2905,136,562,2,1,1,0,0,0,1,0,1,3,0,0,1,10,2,2026-05-01 22:52:59.386229,2026-05-01 22:52:59.386229,-13,10
2906,136,298,17,2,1,1,0,6,8,3,7,16,1,0,1,30,0,2026-05-01 22:52:59.386229,2026-05-01 22:52:59.386229,18,10
2907,136,381,17,3,1,0,4,2,6,2,5,13,5,5,1,20,2,2026-05-01 22:52:59.386229,2026-05-01 22:52:59.386229,4,10
2908,136,293,12,8,3,2,0,2,1,0,5,7,2,2,1,21,3,2026-05-01 22:52:59.386229,2026-05-01 22:52:59.386229,4,10
2909,136,290,0,0,1,0,0,0,0,0,0,0,0,0,0,2,0,2026-05-01 22:52:59.386229,2026-05-01 22:52:59.386229,-6,10
2910,136,133,17,5,6,1,1,1,3,1,8,16,0,0,0,37,1,2026-05-01 22:52:59.386229,2026-05-01 22:52:59.386229,14,5
2911,136,206,12,6,6,0,1,3,10,2,3,13,4,4,1,33,3,2026-05-01 22:52:59.386229,2026-05-01 22:52:59.386229,1,5
2912,136,68,2,5,0,2,0,1,1,0,0,3,2,2,1,23,0,2026-05-01 22:52:59.386229,2026-05-01 22:52:59.386229,-11,5
2913,136,192,41,5,1,2,2,2,15,5,16,28,5,4,1,45,1,2026-05-01 22:52:59.386229,2026-05-01 22:52:59.386229,8,5
2914,136,198,21,11,2,0,0,17,9,4,7,16,4,3,5,43,4,2026-05-01 22:52:59.386229,2026-05-01 22:52:59.386229,14,5
2915,136,200,22,3,1,1,0,5,6,2,10,18,0,0,2,33,1,2026-05-01 22:52:59.386229,2026-05-01 22:52:59.386229,11,5
2916,136,347,10,7,3,0,2,1,0,0,4,7,3,2,1,28,3,2026-05-01 22:52:59.386229,2026-05-01 22:52:59.386229,-5,5
2917,136,125,5,2,1,0,0,4,3,1,2,11,0,0,1,20,5,2026-05-01 22:52:59.386229,2026-05-01 22:52:59.386229,-2,5
2918,137,157,11,4,1,0,1,3,12,3,4,14,0,0,3,35,2,2026-05-01 22:52:59.386229,2026-05-01 22:52:59.386229,-3,25
2919,137,161,24,2,1,1,0,3,6,3,7,10,7,7,3,35,4,2026-05-01 22:52:59.386229,2026-05-01 22:52:59.386229,0,25
2920,137,159,11,9,2,1,3,3,4,1,3,9,6,4,1,26,2,2026-05-01 22:52:59.386229,2026-05-01 22:52:59.386229,-1,25
2921,137,164,4,0,1,1,0,5,2,0,2,8,0,0,2,31,3,2026-05-01 22:52:59.386229,2026-05-01 22:52:59.386229,1,25
2922,137,156,22,2,2,1,0,7,5,2,8,18,5,4,3,34,3,2026-05-01 22:52:59.386229,2026-05-01 22:52:59.386229,-2,25
2923,137,163,17,1,0,0,0,1,8,5,6,10,0,0,4,19,4,2026-05-01 22:52:59.386229,2026-05-01 22:52:59.386229,1,25
2924,137,173,6,8,2,0,4,0,1,0,3,7,0,0,1,21,2,2026-05-01 22:52:59.386229,2026-05-01 22:52:59.386229,-6,25
2925,137,171,3,1,0,2,0,0,2,1,1,3,0,0,1,11,3,2026-05-01 22:52:59.386229,2026-05-01 22:52:59.386229,7,25
2926,137,377,3,3,0,0,0,1,1,1,1,2,0,0,0,11,1,2026-05-01 22:52:59.386229,2026-05-01 22:52:59.386229,-1,25
2927,137,167,0,2,1,0,0,0,1,0,0,2,0,0,0,12,0,2026-05-01 22:52:59.386229,2026-05-01 22:52:59.386229,-6,25
2928,137,392,15,4,0,2,0,2,8,4,5,11,1,1,0,35,3,2026-05-01 22:52:59.386229,2026-05-01 22:52:59.386229,-7,4
2929,137,385,11,6,1,0,0,3,4,0,2,13,8,7,3,33,1,2026-05-01 22:52:59.386229,2026-05-01 22:52:59.386229,-3,4
2930,137,387,7,3,6,3,1,4,0,0,3,8,2,1,1,30,3,2026-05-01 22:52:59.386229,2026-05-01 22:52:59.386229,1,4
2931,137,395,23,8,1,3,0,4,7,3,7,18,6,6,4,36,2,2026-05-01 22:52:59.386229,2026-05-01 22:52:59.386229,-3,4
2932,137,384,14,1,3,1,0,4,7,2,6,16,0,0,3,22,6,2026-05-01 22:52:59.386229,2026-05-01 22:52:59.386229,-4,4
2933,137,388,3,1,2,0,0,1,4,1,1,4,0,0,1,20,1,2026-05-01 22:52:59.386229,2026-05-01 22:52:59.386229,16,4
2934,137,401,3,1,0,2,0,1,3,1,1,5,0,0,3,13,0,2026-05-01 22:52:59.386229,2026-05-01 22:52:59.386229,8,4
2935,137,391,13,3,3,0,2,1,1,0,6,8,2,1,0,17,1,2026-05-01 22:52:59.386229,2026-05-01 22:52:59.386229,0,4
2936,137,390,11,7,0,0,1,1,3,2,2,3,6,5,1,24,3,2026-05-01 22:52:59.386229,2026-05-01 22:52:59.386229,1,4
2937,137,386,3,2,0,1,0,0,1,1,1,2,0,0,0,5,0,2026-05-01 22:52:59.386229,2026-05-01 22:52:59.386229,1,4
2958,139,326,8,1,1,2,0,1,4,1,3,7,1,1,0,31,2,2026-05-01 22:52:59.386229,2026-05-01 22:52:59.386229,14,14
2959,139,317,9,1,0,0,0,1,4,1,4,8,0,0,0,24,5,2026-05-01 22:52:59.386229,2026-05-01 22:52:59.386229,3,14
2960,139,315,14,7,5,1,0,2,0,0,7,11,2,0,0,34,4,2026-05-01 22:52:59.386229,2026-05-01 22:52:59.386229,10,14
2961,139,325,31,6,1,0,0,8,10,4,10,20,9,7,1,38,1,2026-05-01 22:52:59.386229,2026-05-01 22:52:59.386229,18,14
2962,139,316,31,11,0,2,1,11,12,4,11,24,6,5,4,34,0,2026-05-01 22:52:59.386229,2026-05-01 22:52:59.386229,20,14
2963,139,375,10,2,0,0,1,2,2,0,5,8,0,0,0,26,4,2026-05-01 22:52:59.386229,2026-05-01 22:52:59.386229,2,14
2964,139,323,8,2,5,2,0,4,2,0,1,7,8,6,0,24,1,2026-05-01 22:52:59.386229,2026-05-01 22:52:59.386229,13,14
2965,139,330,4,2,2,0,0,1,2,0,2,5,0,0,0,14,2,2026-05-01 22:52:59.386229,2026-05-01 22:52:59.386229,-1,14
2966,139,329,3,0,0,0,0,0,1,1,1,1,0,0,0,2,1,2026-05-01 22:52:59.386229,2026-05-01 22:52:59.386229,-1,14
2967,139,328,0,1,0,0,0,0,0,0,0,0,0,0,1,1,0,2026-05-01 22:52:59.386229,2026-05-01 22:52:59.386229,-2,14
2968,139,322,0,0,0,0,0,0,0,0,0,0,0,0,0,1,0,2026-05-01 22:52:59.386229,2026-05-01 22:52:59.386229,-2,14
2969,139,319,0,0,0,0,0,1,0,0,0,0,0,0,0,1,0,2026-05-01 22:52:59.386229,2026-05-01 22:52:59.386229,-2,14
2970,139,551,2,0,0,0,0,0,1,0,1,2,0,0,0,1,0,2026-05-01 22:52:59.386229,2026-05-01 22:52:59.386229,-2,14
2971,139,132,6,2,0,1,0,0,5,0,3,9,0,0,2,26,3,2026-05-01 22:52:59.386229,2026-05-01 22:52:59.386229,-10,18
2972,139,134,14,6,1,0,0,2,5,1,5,11,3,3,2,26,2,2026-05-01 22:52:59.386229,2026-05-01 22:52:59.386229,-11,18
2973,139,128,3,7,5,0,0,2,0,0,0,1,6,3,0,27,2,2026-05-01 22:52:59.386229,2026-05-01 22:52:59.386229,-11,18
2974,139,126,14,2,0,1,1,4,10,1,2,15,10,9,2,30,3,2026-05-01 22:52:59.386229,2026-05-01 22:52:59.386229,-15,18
2975,139,124,8,4,1,1,0,2,6,2,3,9,0,0,1,31,3,2026-05-01 22:52:59.386229,2026-05-01 22:52:59.386229,-15,18
2976,139,135,13,6,0,0,2,1,5,1,6,11,0,0,2,25,3,2026-05-01 22:52:59.386229,2026-05-01 22:52:59.386229,-12,18
2977,139,195,13,2,0,0,0,1,2,0,6,8,2,1,2,19,5,2026-05-01 22:52:59.386229,2026-05-01 22:52:59.386229,-12,18
2978,139,174,5,5,1,0,1,3,0,0,2,2,2,1,0,14,3,2026-05-01 22:52:59.386229,2026-05-01 22:52:59.386229,-6,18
2979,139,129,11,0,0,0,1,3,4,2,3,5,3,3,0,15,0,2026-05-01 22:52:59.386229,2026-05-01 22:52:59.386229,-2,18
2980,139,136,12,0,0,0,0,1,2,2,4,6,2,2,0,7,0,2026-05-01 22:52:59.386229,2026-05-01 22:52:59.386229,4,18
2981,139,205,2,1,0,1,0,1,0,0,1,1,0,0,0,3,0,2026-05-01 22:52:59.386229,2026-05-01 22:52:59.386229,5,18
2982,139,130,0,0,0,0,0,1,0,0,0,0,0,0,0,3,0,2026-05-01 22:52:59.386229,2026-05-01 22:52:59.386229,5,18
2983,139,122,5,0,0,0,0,0,1,1,2,2,0,0,0,3,0,2026-05-01 22:52:59.386229,2026-05-01 22:52:59.386229,5,18
2984,139,121,0,0,0,0,0,1,0,0,0,0,0,0,0,3,0,2026-05-01 22:52:59.386229,2026-05-01 22:52:59.386229,5,18
3005,141,353,12,2,1,1,2,1,0,0,4,13,4,4,2,23,2,2026-05-01 22:52:59.386229,2026-05-01 22:52:59.386229,-9,26
3006,141,349,6,6,1,0,1,0,1,0,3,6,0,0,1,19,1,2026-05-01 22:52:59.386229,2026-05-01 22:52:59.386229,-7,26
3007,141,361,18,8,3,0,2,2,0,0,8,15,2,2,1,33,1,2026-05-01 22:52:59.386229,2026-05-01 22:52:59.386229,2,26
3008,141,352,12,4,1,2,0,2,2,0,5,12,4,2,2,38,4,2026-05-01 22:52:59.386229,2026-05-01 22:52:59.386229,17,26
3009,141,366,16,7,0,0,0,9,4,2,5,10,6,4,1,25,1,2026-05-01 22:52:59.386229,2026-05-01 22:52:59.386229,-7,26
3010,141,360,10,5,1,2,0,0,5,1,2,8,5,5,0,30,3,2026-05-01 22:52:59.386229,2026-05-01 22:52:59.386229,8,26
3011,141,358,4,0,0,0,0,0,2,0,2,4,0,0,0,10,1,2026-05-01 22:52:59.386229,2026-05-01 22:52:59.386229,-12,26
3012,141,355,4,4,0,1,2,1,0,0,1,2,2,2,1,14,1,2026-05-01 22:52:59.386229,2026-05-01 22:52:59.386229,3,26
3013,141,558,8,4,0,3,0,4,2,1,2,7,4,3,1,22,3,2026-05-01 22:52:59.386229,2026-05-01 22:52:59.386229,15,26
3014,141,357,0,0,0,0,0,0,0,0,0,0,0,0,0,4,0,2026-05-01 22:52:59.386229,2026-05-01 22:52:59.386229,-6,26
3015,141,351,24,4,1,1,0,3,4,3,9,13,3,3,2,16,1,2026-05-01 22:52:59.386229,2026-05-01 22:52:59.386229,21,26
3016,141,263,8,9,0,2,0,2,4,1,3,10,1,1,4,38,2,2026-05-01 22:52:59.386229,2026-05-01 22:52:59.386229,-13,12
3017,141,262,17,5,0,0,0,1,5,2,4,9,9,7,0,14,0,2026-05-01 22:52:59.386229,2026-05-01 22:52:59.386229,1,12
3018,141,249,12,7,0,0,0,3,8,2,5,14,0,0,1,31,2,2026-05-01 22:52:59.386229,2026-05-01 22:52:59.386229,3,12
3019,141,256,29,2,2,0,1,3,7,2,10,22,7,7,0,34,2,2026-05-01 22:52:59.386229,2026-05-01 22:52:59.386229,6,12
3020,141,252,14,3,1,2,0,9,7,4,5,9,0,0,2,26,4,2026-05-01 22:52:59.386229,2026-05-01 22:52:59.386229,-8,12
3021,141,302,5,3,1,1,0,0,1,1,1,2,2,2,3,20,4,2026-05-01 22:52:59.386229,2026-05-01 22:52:59.386229,-11,12
3022,141,251,4,1,0,1,0,5,2,0,1,8,2,2,0,18,3,2026-05-01 22:52:59.386229,2026-05-01 22:52:59.386229,0,12
3023,141,259,9,1,3,0,0,3,3,1,4,6,0,0,3,23,4,2026-05-01 22:52:59.386229,2026-05-01 22:52:59.386229,0,12
3024,141,258,11,6,1,0,1,0,2,0,5,9,1,1,1,16,1,2026-05-01 22:52:59.386229,2026-05-01 22:52:59.386229,-6,12
3025,141,569,0,3,0,0,0,3,2,0,0,2,0,0,0,10,1,2026-05-01 22:52:59.386229,2026-05-01 22:52:59.386229,14,12
3026,141,257,0,0,0,1,0,0,2,0,0,2,0,0,1,4,0,2026-05-01 22:52:59.386229,2026-05-01 22:52:59.386229,-11,12
3027,142,426,23,4,0,0,1,3,8,3,8,13,5,4,0,34,2,2026-05-01 22:52:59.386229,2026-05-01 22:52:59.386229,5,22
3028,142,419,25,8,0,0,0,7,6,2,8,18,9,7,2,37,1,2026-05-01 22:52:59.386229,2026-05-01 22:52:59.386229,11,22
3029,142,424,11,8,3,0,1,4,3,1,4,7,6,2,0,35,4,2026-05-01 22:52:59.386229,2026-05-01 22:52:59.386229,7,22
3030,142,420,35,5,1,1,0,6,3,2,12,19,10,9,0,35,5,2026-05-01 22:52:59.386229,2026-05-01 22:52:59.386229,3,22
3031,142,433,12,2,0,3,0,4,5,1,4,9,3,3,2,31,3,2026-05-01 22:52:59.386229,2026-05-01 22:52:59.386229,3,22
3032,142,427,8,3,1,0,1,1,3,2,3,5,0,0,1,21,4,2026-05-01 22:52:59.386229,2026-05-01 22:52:59.386229,8,22
3033,142,435,1,3,2,1,0,1,0,0,0,3,2,1,1,12,1,2026-05-01 22:52:59.386229,2026-05-01 22:52:59.386229,-1,22
3034,142,193,9,0,0,1,1,2,5,1,3,7,2,2,0,20,1,2026-05-01 22:52:59.386229,2026-05-01 22:52:59.386229,-1,22
3035,142,430,4,1,1,0,0,1,2,0,2,4,0,0,0,11,2,2026-05-01 22:52:59.386229,2026-05-01 22:52:59.386229,-5,22
3036,142,217,13,3,1,1,0,2,5,2,5,8,2,1,0,30,4,2026-05-01 22:52:59.386229,2026-05-01 22:52:59.386229,-1,6
3037,142,227,0,5,0,0,1,0,1,0,0,2,0,0,1,19,1,2026-05-01 22:52:59.386229,2026-05-01 22:52:59.386229,-10,6
3038,142,219,18,8,5,0,2,4,2,0,8,13,7,2,0,31,5,2026-05-01 22:52:59.386229,2026-05-01 22:52:59.386229,-5,6
3039,142,218,25,3,2,1,0,5,13,4,9,24,3,3,3,36,1,2026-05-01 22:52:59.386229,2026-05-01 22:52:59.386229,0,6
3040,142,306,30,5,0,0,0,8,9,5,11,16,5,3,4,36,1,2026-05-01 22:52:59.386229,2026-05-01 22:52:59.386229,-7,6
3041,142,226,4,1,0,0,0,2,1,0,1,4,2,2,1,17,3,2026-05-01 22:52:59.386229,2026-05-01 22:52:59.386229,-4,6
3042,142,354,20,3,1,1,1,1,8,5,6,9,4,3,0,31,2,2026-05-01 22:52:59.386229,2026-05-01 22:52:59.386229,1,6
3043,142,364,0,0,0,0,0,2,1,0,0,5,0,0,0,17,4,2026-05-01 22:52:59.386229,2026-05-01 22:52:59.386229,-5,6
3044,142,213,12,2,3,0,1,0,4,1,4,8,3,3,0,18,1,2026-05-01 22:52:59.386229,2026-05-01 22:52:59.386229,1,6
3045,143,509,9,2,2,0,1,4,6,1,4,15,0,0,1,27,1,2026-05-01 22:52:59.386229,2026-05-01 22:52:59.386229,5,19
3046,143,524,19,6,0,1,0,4,0,0,7,12,8,5,2,31,1,2026-05-01 22:52:59.386229,2026-05-01 22:52:59.386229,20,19
3047,143,513,16,2,0,1,0,1,6,4,6,9,0,0,1,35,1,2026-05-01 22:52:59.386229,2026-05-01 22:52:59.386229,21,19
3048,143,519,28,7,0,3,0,3,8,5,8,12,8,7,3,33,2,2026-05-01 22:52:59.386229,2026-05-01 22:52:59.386229,18,19
3049,143,520,27,5,0,2,0,6,6,2,12,20,2,1,4,31,3,2026-05-01 22:52:59.386229,2026-05-01 22:52:59.386229,23,19
3050,143,514,3,2,2,0,0,2,0,0,1,3,2,1,0,13,2,2026-05-01 22:52:59.386229,2026-05-01 22:52:59.386229,1,19
3051,143,523,3,5,0,1,2,3,1,1,1,3,0,0,3,14,2,2026-05-01 22:52:59.386229,2026-05-01 22:52:59.386229,-9,19
3052,143,511,7,2,0,1,0,2,2,1,2,7,2,2,0,16,2,2026-05-01 22:52:59.386229,2026-05-01 22:52:59.386229,-12,19
3053,143,518,6,5,5,0,2,2,0,0,3,6,0,0,1,19,1,2026-05-01 22:52:59.386229,2026-05-01 22:52:59.386229,8,19
3054,143,516,4,2,1,1,0,0,0,0,1,1,2,2,0,13,1,2026-05-01 22:52:59.386229,2026-05-01 22:52:59.386229,-8,19
3055,143,521,0,0,0,0,0,0,0,0,0,0,0,0,0,1,0,2026-05-01 22:52:59.386229,2026-05-01 22:52:59.386229,-6,19
3056,143,512,0,1,0,0,0,0,0,0,0,0,0,0,0,1,0,2026-05-01 22:52:59.386229,2026-05-01 22:52:59.386229,-6,19
3057,143,93,22,4,2,4,0,5,7,2,8,19,4,4,4,38,3,2026-05-01 22:52:59.386229,2026-05-01 22:52:59.386229,-25,28
3058,143,88,9,5,1,3,1,4,6,1,4,14,0,0,2,35,0,2026-05-01 22:52:59.386229,2026-05-01 22:52:59.386229,-3,28
3059,143,99,8,2,3,0,3,0,0,0,4,7,0,0,0,29,4,2026-05-01 22:52:59.386229,2026-05-01 22:52:59.386229,-8,28
3060,143,89,16,5,2,1,0,1,6,1,5,13,8,5,2,28,1,2026-05-01 22:52:59.386229,2026-05-01 22:52:59.386229,-9,28
3061,143,100,25,4,2,2,0,3,7,3,8,14,6,6,1,34,3,2026-05-01 22:52:59.386229,2026-05-01 22:52:59.386229,-27,28
3062,143,95,8,5,0,0,1,1,6,2,2,6,2,2,1,21,2,2026-05-01 22:52:59.386229,2026-05-01 22:52:59.386229,-12,28
3063,143,103,0,0,1,1,0,1,3,0,0,3,0,0,0,10,2,2026-05-01 22:52:59.386229,2026-05-01 22:52:59.386229,-6,28
3064,143,101,9,1,0,0,0,3,4,2,3,7,1,1,0,20,1,2026-05-01 22:52:59.386229,2026-05-01 22:52:59.386229,7,28
3065,143,91,7,1,0,1,0,0,3,1,3,6,0,0,1,7,1,2026-05-01 22:52:59.386229,2026-05-01 22:52:59.386229,8,28
3066,143,288,0,1,3,0,0,2,0,0,0,3,2,0,0,3,0,2026-05-01 22:52:59.386229,2026-05-01 22:52:59.386229,2,28
3067,143,90,3,1,0,0,0,0,1,1,1,1,0,0,0,10,0,2026-05-01 22:52:59.386229,2026-05-01 22:52:59.386229,12,28
3068,143,96,4,0,0,1,0,0,1,1,1,1,2,1,0,1,0,2026-05-01 22:52:59.386229,2026-05-01 22:52:59.386229,6,28
3078,145,188,29,1,4,1,0,5,11,6,9,19,6,5,4,29,4,2026-05-01 22:52:59.386229,2026-05-01 22:52:59.386229,-8,29
3079,145,191,10,2,0,0,1,5,1,1,4,5,2,1,1,37,1,2026-05-01 22:52:59.386229,2026-05-01 22:52:59.386229,-14,29
3080,145,178,15,5,2,0,1,5,2,1,5,8,6,4,1,27,3,2026-05-01 22:52:59.386229,2026-05-01 22:52:59.386229,-10,29
3081,145,175,21,3,1,1,0,2,10,5,8,16,0,0,1,35,3,2026-05-01 22:52:59.386229,2026-05-01 22:52:59.386229,3,29
3082,145,179,14,2,0,1,0,5,2,1,6,10,1,1,1,20,1,2026-05-01 22:52:59.386229,2026-05-01 22:52:59.386229,8,29
3083,145,190,2,0,1,1,0,1,0,0,1,3,0,0,2,14,1,2026-05-01 22:52:59.386229,2026-05-01 22:52:59.386229,5,29
3084,145,183,6,5,1,1,0,2,3,2,2,4,0,0,1,9,0,2026-05-01 22:52:59.386229,2026-05-01 22:52:59.386229,13,29
3085,145,177,9,2,0,0,0,5,3,1,4,11,0,0,1,19,1,2026-05-01 22:52:59.386229,2026-05-01 22:52:59.386229,-20,29
3086,145,180,5,0,0,1,1,0,4,1,1,6,2,2,2,19,2,2026-05-01 22:52:59.386229,2026-05-01 22:52:59.386229,-31,29
3087,145,570,6,4,5,1,1,0,0,0,2,5,2,2,1,25,4,2026-05-01 22:52:59.386229,2026-05-01 22:52:59.386229,-31,29
3088,145,54,5,5,0,0,2,2,5,1,2,9,0,0,0,27,1,2026-05-01 22:52:59.386229,2026-05-01 22:52:59.386229,-13,20
3089,145,53,22,1,1,2,1,1,5,3,7,10,5,5,1,30,3,2026-05-01 22:52:59.386229,2026-05-01 22:52:59.386229,11,20
3090,145,67,21,7,0,0,0,7,6,3,8,13,2,2,2,30,1,2026-05-01 22:52:59.386229,2026-05-01 22:52:59.386229,20,20
3091,145,66,7,3,0,1,0,4,2,1,3,5,0,0,0,30,2,2026-05-01 22:52:59.386229,2026-05-01 22:52:59.386229,21,20
3092,145,55,28,3,1,3,0,8,7,4,7,16,11,10,3,32,1,2026-05-01 22:52:59.386229,2026-05-01 22:52:59.386229,-3,20
3093,145,56,27,0,5,0,0,3,5,3,10,15,4,4,1,26,3,2026-05-01 22:52:59.386229,2026-05-01 22:52:59.386229,19,20
3094,145,65,6,8,5,1,0,3,0,0,3,4,0,0,0,22,0,2026-05-01 22:52:59.386229,2026-05-01 22:52:59.386229,16,20
3095,145,58,10,0,1,0,0,1,6,2,4,12,0,0,0,15,0,2026-05-01 22:52:59.386229,2026-05-01 22:52:59.386229,-12,20
3096,145,508,4,1,1,2,0,7,1,0,2,3,0,0,2,15,4,2026-05-01 22:52:59.386229,2026-05-01 22:52:59.386229,28,20
3097,145,62,0,1,0,0,0,1,1,0,0,1,0,0,0,2,0,2026-05-01 22:52:59.386229,2026-05-01 22:52:59.386229,-2,20
3098,145,538,4,0,1,1,0,0,0,0,2,2,0,0,0,2,1,2026-05-01 22:52:59.386229,2026-05-01 22:52:59.386229,-2,20
3099,145,57,0,1,0,0,0,0,2,0,0,2,0,0,0,2,0,2026-05-01 22:52:59.386229,2026-05-01 22:52:59.386229,0,20
3100,145,64,0,0,0,0,0,0,0,0,0,0,0,0,1,1,0,2026-05-01 22:52:59.386229,2026-05-01 22:52:59.386229,2,20
3101,146,110,17,2,0,2,2,4,5,3,6,9,2,2,0,24,1,2026-05-01 22:52:59.386229,2026-05-01 22:52:59.386229,23,8
3102,146,107,0,3,1,0,1,1,2,0,0,3,0,0,0,22,0,2026-05-01 22:52:59.386229,2026-05-01 22:52:59.386229,17,8
3103,146,111,16,8,4,5,1,13,2,0,6,12,5,4,5,30,2,2026-05-01 22:52:59.386229,2026-05-01 22:52:59.386229,27,8
3104,146,105,19,4,0,1,0,3,4,3,8,10,0,0,0,26,0,2026-05-01 22:52:59.386229,2026-05-01 22:52:59.386229,20,8
3105,146,114,30,2,0,1,0,4,4,3,11,21,6,5,1,31,0,2026-05-01 22:52:59.386229,2026-05-01 22:52:59.386229,25,8
3106,146,108,14,3,0,0,0,1,6,4,5,9,0,0,1,21,3,2026-05-01 22:52:59.386229,2026-05-01 22:52:59.386229,15,8
3107,146,113,0,3,0,2,0,2,0,0,0,2,0,0,0,19,1,2026-05-01 22:52:59.386229,2026-05-01 22:52:59.386229,17,8
3108,146,106,7,1,0,0,0,2,2,1,2,5,4,2,1,19,1,2026-05-01 22:52:59.386229,2026-05-01 22:52:59.386229,17,8
3109,146,119,12,3,2,0,0,3,0,0,6,6,0,0,0,11,4,2026-05-01 22:52:59.386229,2026-05-01 22:52:59.386229,7,8
3110,146,117,6,1,0,0,0,0,2,2,2,3,0,0,0,7,0,2026-05-01 22:52:59.386229,2026-05-01 22:52:59.386229,3,8
3111,146,429,2,0,0,0,0,2,1,0,1,2,1,0,0,7,0,2026-05-01 22:52:59.386229,2026-05-01 22:52:59.386229,3,8
3112,146,115,1,1,0,1,0,0,1,0,0,2,2,1,1,5,1,2026-05-01 22:52:59.386229,2026-05-01 22:52:59.386229,2,8
3113,146,564,2,3,1,0,0,1,1,0,0,1,2,2,0,5,1,2026-05-01 22:52:59.386229,2026-05-01 22:52:59.386229,2,8
3114,146,116,3,0,0,0,0,0,2,1,1,2,0,0,0,5,1,2026-05-01 22:52:59.386229,2026-05-01 22:52:59.386229,2,8
3115,146,484,11,6,1,1,0,2,2,1,5,10,0,0,1,27,4,2026-05-01 22:52:59.386229,2026-05-01 22:52:59.386229,-12,11
3116,146,475,11,4,0,0,0,5,2,0,5,8,1,1,3,26,2,2026-05-01 22:52:59.386229,2026-05-01 22:52:59.386229,-18,11
3117,146,482,10,1,1,0,3,3,1,0,5,8,4,0,2,24,2,2026-05-01 22:52:59.386229,2026-05-01 22:52:59.386229,-17,11
3118,146,476,8,6,2,1,0,2,4,0,4,9,0,0,1,21,0,2026-05-01 22:52:59.386229,2026-05-01 22:52:59.386229,-17,11
3119,146,486,16,4,1,1,0,4,1,0,8,14,1,0,2,30,2,2026-05-01 22:52:59.386229,2026-05-01 22:52:59.386229,-17,11
3120,146,481,12,1,3,1,1,3,5,2,5,11,2,0,0,23,2,2026-05-01 22:52:59.386229,2026-05-01 22:52:59.386229,-22,11
3121,146,472,9,1,6,1,1,0,0,0,4,7,2,1,2,23,2,2026-05-01 22:52:59.386229,2026-05-01 22:52:59.386229,-19,11
3122,146,483,9,2,0,2,1,2,9,1,4,12,0,0,3,27,2,2026-05-01 22:52:59.386229,2026-05-01 22:52:59.386229,-26,11
3123,146,479,2,0,1,0,0,3,4,0,1,10,0,0,1,16,2,2026-05-01 22:52:59.386229,2026-05-01 22:52:59.386229,-17,11
3124,146,473,5,2,1,0,0,1,2,0,1,5,4,3,0,12,0,2026-05-01 22:52:59.386229,2026-05-01 22:52:59.386229,-12,11
3125,146,478,0,1,0,0,0,0,3,0,0,3,0,0,0,7,0,2026-05-01 22:52:59.386229,2026-05-01 22:52:59.386229,-3,11
3126,147,353,39,4,0,2,1,6,1,0,17,22,5,5,4,40,3,2026-05-01 22:52:59.386229,2026-05-01 22:52:59.386229,3,26
3127,147,349,14,4,4,1,1,2,1,0,6,11,2,2,1,29,3,2026-05-01 22:52:59.386229,2026-05-01 22:52:59.386229,-22,26
3128,147,361,4,6,0,0,3,2,0,0,1,3,2,2,3,24,1,2026-05-01 22:52:59.386229,2026-05-01 22:52:59.386229,-18,26
3129,147,352,18,2,2,2,1,8,6,2,7,16,3,2,1,40,4,2026-05-01 22:52:59.386229,2026-05-01 22:52:59.386229,-4,26
3130,147,558,11,1,1,0,0,4,3,1,5,9,0,0,2,30,1,2026-05-01 22:52:59.386229,2026-05-01 22:52:59.386229,-18,26
3131,147,357,6,1,0,0,0,0,7,2,2,7,0,0,0,28,1,2026-05-01 22:52:59.386229,2026-05-01 22:52:59.386229,7,26
3132,147,360,13,4,0,1,0,0,7,3,5,11,0,0,1,30,2,2026-05-01 22:52:59.386229,2026-05-01 22:52:59.386229,3,26
3133,147,355,4,5,1,0,0,2,0,0,2,4,2,0,1,14,3,2026-05-01 22:52:59.386229,2026-05-01 22:52:59.386229,9,26
3134,147,392,24,6,1,0,0,3,8,5,7,13,5,5,1,34,2,2026-05-01 22:52:59.386229,2026-05-01 22:52:59.386229,15,4
3135,147,385,26,1,1,1,0,5,4,3,11,15,1,1,2,31,3,2026-05-01 22:52:59.386229,2026-05-01 22:52:59.386229,14,4
3136,147,387,2,4,6,1,0,2,0,0,1,3,0,0,0,33,1,2026-05-01 22:52:59.386229,2026-05-01 22:52:59.386229,15,4
3137,147,395,20,3,0,2,0,5,5,2,7,15,4,4,3,32,1,2026-05-01 22:52:59.386229,2026-05-01 22:52:59.386229,12,4
3138,147,384,30,4,2,1,0,5,13,6,10,22,4,4,3,30,1,2026-05-01 22:52:59.386229,2026-05-01 22:52:59.386229,16,4
3139,147,388,0,1,0,2,0,1,1,0,0,1,0,0,1,10,1,2026-05-01 22:52:59.386229,2026-05-01 22:52:59.386229,-12,4
3140,147,209,9,2,0,0,1,1,4,2,3,9,1,1,3,19,1,2026-05-01 22:52:59.386229,2026-05-01 22:52:59.386229,-4,4
3141,147,49,2,3,3,0,0,3,0,0,1,3,0,0,0,14,2,2026-05-01 22:52:59.386229,2026-05-01 22:52:59.386229,-7,4
3142,147,390,4,3,0,1,0,4,4,1,1,7,2,1,1,24,0,2026-05-01 22:52:59.386229,2026-05-01 22:52:59.386229,-10,4
3143,147,386,0,1,0,0,0,0,1,0,0,2,0,0,0,8,0,2026-05-01 22:52:59.386229,2026-05-01 22:52:59.386229,1,4
3155,149,241,19,2,0,1,0,4,7,5,7,10,0,0,1,24,0,2026-05-01 22:52:59.386229,2026-05-01 22:52:59.386229,18,9
3156,149,231,15,4,1,1,0,2,3,2,6,11,1,1,1,21,2,2026-05-01 22:52:59.386229,2026-05-01 22:52:59.386229,18,9
3157,149,229,14,7,3,0,1,2,0,0,6,7,3,2,0,14,4,2026-05-01 22:52:59.386229,2026-05-01 22:52:59.386229,21,9
3158,149,242,6,0,0,0,0,3,4,1,2,9,1,1,1,22,1,2026-05-01 22:52:59.386229,2026-05-01 22:52:59.386229,23,9
3159,149,228,8,5,0,2,1,13,2,0,3,6,2,2,4,28,1,2026-05-01 22:52:59.386229,2026-05-01 22:52:59.386229,27,9
3160,149,244,13,5,0,0,2,4,0,0,5,5,3,3,2,20,4,2026-05-01 22:52:59.386229,2026-05-01 22:52:59.386229,9,9
3161,149,232,15,2,1,1,0,0,3,0,4,7,7,7,4,25,3,2026-05-01 22:52:59.386229,2026-05-01 22:52:59.386229,-7,9
3162,149,199,12,2,2,2,0,4,7,2,4,13,2,2,0,26,1,2026-05-01 22:52:59.386229,2026-05-01 22:52:59.386229,7,9
3163,149,234,6,2,0,0,1,3,1,0,3,5,0,0,3,19,1,2026-05-01 22:52:59.386229,2026-05-01 22:52:59.386229,-5,9
3164,149,230,17,1,1,3,0,1,6,4,5,8,3,3,0,19,1,2026-05-01 22:52:59.386229,2026-05-01 22:52:59.386229,20,9
3165,149,240,6,0,2,0,2,1,0,0,3,5,0,0,1,12,1,2026-05-01 22:52:59.386229,2026-05-01 22:52:59.386229,-8,9
3166,149,237,0,0,0,0,0,0,2,0,0,3,0,0,0,4,1,2026-05-01 22:52:59.386229,2026-05-01 22:52:59.386229,-13,9
3167,149,86,4,2,0,1,1,1,1,0,2,5,0,0,1,19,0,2026-05-01 22:52:59.386229,2026-05-01 22:52:59.386229,-20,23
3168,149,76,12,6,3,4,0,5,2,0,5,11,4,2,1,29,2,2026-05-01 22:52:59.386229,2026-05-01 22:52:59.386229,-5,23
3169,149,70,11,3,1,2,1,0,3,1,5,10,0,0,1,26,4,2026-05-01 22:52:59.386229,2026-05-01 22:52:59.386229,-16,23
3170,149,75,10,3,2,0,2,0,5,0,3,14,4,4,3,29,0,2026-05-01 22:52:59.386229,2026-05-01 22:52:59.386229,-19,23
3171,149,80,14,1,2,1,1,5,8,1,5,14,6,3,3,32,0,2026-05-01 22:52:59.386229,2026-05-01 22:52:59.386229,-28,23
3172,149,207,8,3,0,0,2,2,1,0,3,6,3,2,1,22,3,2026-05-01 22:52:59.386229,2026-05-01 22:52:59.386229,1,23
3173,149,555,15,1,0,0,0,2,6,2,5,10,4,3,2,18,1,2026-05-01 22:52:59.386229,2026-05-01 22:52:59.386229,-9,23
3174,149,85,16,0,1,0,0,2,2,2,6,6,2,2,2,18,2,2026-05-01 22:52:59.386229,2026-05-01 22:52:59.386229,-5,23
3175,149,81,0,0,0,0,0,0,0,0,0,0,0,0,0,4,1,2026-05-01 22:52:59.386229,2026-05-01 22:52:59.386229,-10,23
3176,149,71,17,5,1,0,1,2,7,2,7,13,1,1,1,30,3,2026-05-01 22:52:59.386229,2026-05-01 22:52:59.386229,-1,23
3177,149,26,2,0,1,2,0,1,0,0,1,1,0,0,0,8,1,2026-05-01 22:52:59.386229,2026-05-01 22:52:59.386229,2,23
3178,150,302,7,1,1,0,0,2,6,1,3,9,0,0,2,17,3,2026-05-01 22:52:59.386229,2026-05-01 22:52:59.386229,-20,12
3179,150,263,12,6,0,1,0,2,2,1,3,6,6,5,0,25,1,2026-05-01 22:52:59.386229,2026-05-01 22:52:59.386229,-14,12
3180,150,314,8,5,1,0,0,2,0,0,4,6,0,0,0,16,1,2026-05-01 22:52:59.386229,2026-05-01 22:52:59.386229,-3,12
3181,150,261,11,1,1,1,0,2,7,2,4,11,1,1,2,38,5,2026-05-01 22:52:59.386229,2026-05-01 22:52:59.386229,-3,12
3182,150,255,23,0,0,1,0,2,2,2,6,7,10,9,0,17,1,2026-05-01 22:52:59.386229,2026-05-01 22:52:59.386229,0,12
3183,150,569,10,4,4,2,1,5,5,1,3,9,4,3,3,31,2,2026-05-01 22:52:59.386229,2026-05-01 22:52:59.386229,6,12
3184,150,257,6,3,0,1,0,1,6,2,2,6,0,0,1,23,1,2026-05-01 22:52:59.386229,2026-05-01 22:52:59.386229,-17,12
3185,150,252,3,1,0,1,0,6,4,1,1,8,0,0,5,25,2,2026-05-01 22:52:59.386229,2026-05-01 22:52:59.386229,-11,12
3186,150,249,10,1,1,0,3,0,4,0,5,11,0,0,1,14,0,2026-05-01 22:52:59.386229,2026-05-01 22:52:59.386229,-8,12
3187,150,259,10,2,0,0,0,1,3,2,4,5,0,0,1,13,3,2026-05-01 22:52:59.386229,2026-05-01 22:52:59.386229,0,12
3188,150,258,8,0,4,0,0,1,1,0,2,4,4,4,1,16,0,2026-05-01 22:52:59.386229,2026-05-01 22:52:59.386229,-5,12
3189,150,341,36,3,0,4,0,4,9,3,14,23,7,5,5,34,2,2026-05-01 22:52:59.386229,2026-05-01 22:52:59.386229,16,24
3190,150,346,15,3,0,0,0,1,8,5,5,8,0,0,0,27,2,2026-05-01 22:52:59.386229,2026-05-01 22:52:59.386229,0,24
3191,150,343,6,4,1,0,3,4,0,0,2,4,4,2,0,25,4,2026-05-01 22:52:59.386229,2026-05-01 22:52:59.386229,9,24
3192,150,333,43,6,1,1,1,5,7,4,14,31,11,11,2,34,2,2026-05-01 22:52:59.386229,2026-05-01 22:52:59.386229,0,24
3193,150,339,4,5,2,1,0,5,2,0,2,6,0,0,2,28,1,2026-05-01 22:52:59.386229,2026-05-01 22:52:59.386229,14,24
3194,150,337,5,1,1,1,0,1,1,1,2,2,0,0,0,16,3,2026-05-01 22:52:59.386229,2026-05-01 22:52:59.386229,-8,24
3195,150,338,2,2,3,0,2,1,1,0,1,4,0,0,1,23,2,2026-05-01 22:52:59.386229,2026-05-01 22:52:59.386229,16,24
3196,150,345,4,1,2,0,0,0,0,0,2,2,0,0,1,13,1,2026-05-01 22:52:59.386229,2026-05-01 22:52:59.386229,1,24
3197,150,340,6,3,1,1,1,0,2,0,3,5,0,0,1,17,2,2026-05-01 22:52:59.386229,2026-05-01 22:52:59.386229,13,24
3198,150,268,2,0,1,1,0,0,0,0,1,1,0,0,0,12,2,2026-05-01 22:52:59.386229,2026-05-01 22:52:59.386229,15,24
3199,150,334,0,0,0,0,0,0,2,0,0,2,0,0,0,4,0,2026-05-01 22:52:59.386229,2026-05-01 22:52:59.386229,-3,24
3200,150,344,0,0,0,0,0,0,0,0,0,0,0,0,0,1,0,2026-05-01 22:52:59.386229,2026-05-01 22:52:59.386229,2,24
3201,151,308,45,4,1,2,0,5,9,6,15,20,10,9,1,31,0,2026-05-01 22:52:59.386229,2026-05-01 22:52:59.386229,41,13
3202,151,307,12,3,1,4,1,1,1,0,4,6,4,4,1,28,3,2026-05-01 22:52:59.386229,2026-05-01 22:52:59.386229,19,13
3203,151,309,3,3,0,0,1,0,2,1,1,2,0,0,1,24,3,2026-05-01 22:52:59.386229,2026-05-01 22:52:59.386229,17,13
3204,151,305,5,2,0,4,0,6,1,1,2,3,0,0,0,23,4,2026-05-01 22:52:59.386229,2026-05-01 22:52:59.386229,17,13
3205,151,214,21,1,0,2,0,6,9,5,8,13,0,0,3,23,1,2026-05-01 22:52:59.386229,2026-05-01 22:52:59.386229,5,13
3206,151,253,22,1,1,1,0,3,4,2,5,10,12,10,2,25,5,2026-05-01 22:52:59.386229,2026-05-01 22:52:59.386229,17,13
3207,151,310,14,1,2,1,0,7,4,0,6,13,4,2,1,29,1,2026-05-01 22:52:59.386229,2026-05-01 22:52:59.386229,10,13
3208,151,250,9,6,0,1,2,3,0,0,2,3,6,5,1,17,3,2026-05-01 22:52:59.386229,2026-05-01 22:52:59.386229,14,13
3209,151,299,6,0,0,0,0,0,2,2,2,2,0,0,0,11,2,2026-05-01 22:52:59.386229,2026-05-01 22:52:59.386229,9,13
3210,151,303,2,0,2,0,0,1,1,0,1,2,0,0,0,6,0,2026-05-01 22:52:59.386229,2026-05-01 22:52:59.386229,-6,13
3211,151,568,6,0,0,1,0,1,0,0,3,3,0,0,0,6,2,2026-05-01 22:52:59.386229,2026-05-01 22:52:59.386229,-6,13
3212,151,571,6,1,0,0,0,3,4,2,2,4,0,0,0,6,0,2026-05-01 22:52:59.386229,2026-05-01 22:52:59.386229,-6,13
3213,151,312,2,0,0,0,0,0,0,0,1,1,0,0,0,6,0,2026-05-01 22:52:59.386229,2026-05-01 22:52:59.386229,-6,13
3214,151,132,11,2,0,0,0,3,1,1,5,6,0,0,3,31,2,2026-05-01 22:52:59.386229,2026-05-01 22:52:59.386229,-40,18
3215,151,134,11,2,4,1,0,4,1,0,3,10,6,5,4,27,3,2026-05-01 22:52:59.386229,2026-05-01 22:52:59.386229,-12,18
3216,151,128,9,5,0,0,0,4,0,0,3,4,3,3,1,26,3,2026-05-01 22:52:59.386229,2026-05-01 22:52:59.386229,-38,18
3217,151,126,36,2,0,1,0,5,8,3,11,17,12,11,5,34,1,2026-05-01 22:52:59.386229,2026-05-01 22:52:59.386229,-25,18
3218,151,124,6,3,1,1,0,2,2,1,2,5,2,1,3,24,2,2026-05-01 22:52:59.386229,2026-05-01 22:52:59.386229,-12,18
3219,151,135,18,2,1,0,0,0,3,1,8,15,1,1,1,25,3,2026-05-01 22:52:59.386229,2026-05-01 22:52:59.386229,-11,18
3220,151,129,10,0,0,1,0,4,4,2,4,6,0,0,2,15,4,2026-05-01 22:52:59.386229,2026-05-01 22:52:59.386229,-5,18
3221,151,174,5,1,0,1,0,3,0,0,1,1,4,3,1,17,5,2026-05-01 22:52:59.386229,2026-05-01 22:52:59.386229,-2,18
3222,151,136,4,1,0,0,0,3,2,0,2,4,0,0,0,12,1,2026-05-01 22:52:59.386229,2026-05-01 22:52:59.386229,-4,18
3223,151,122,11,0,0,0,0,1,2,2,4,5,1,1,0,6,0,2026-05-01 22:52:59.386229,2026-05-01 22:52:59.386229,6,18
3224,151,137,2,2,1,0,1,0,0,0,1,1,0,0,0,6,0,2026-05-01 22:52:59.386229,2026-05-01 22:52:59.386229,6,18
3225,151,130,2,0,0,0,0,3,0,0,1,1,0,0,1,6,0,2026-05-01 22:52:59.386229,2026-05-01 22:52:59.386229,6,18
3226,151,205,3,1,0,0,0,0,2,1,1,2,0,0,0,6,0,2026-05-01 22:52:59.386229,2026-05-01 22:52:59.386229,6,18
3227,152,426,26,6,1,4,2,2,6,3,10,18,3,3,2,41,3,2026-05-01 22:52:59.386229,2026-05-01 22:52:59.386229,3,22
3228,152,419,18,10,0,0,0,5,2,0,4,13,14,10,3,42,1,2026-05-01 22:52:59.386229,2026-05-01 22:52:59.386229,11,22
3229,152,424,19,9,2,2,2,3,3,2,8,13,2,1,2,33,3,2026-05-01 22:52:59.386229,2026-05-01 22:52:59.386229,13,22
3230,152,420,22,1,0,3,0,6,5,2,7,14,6,6,1,42,5,2026-05-01 22:52:59.386229,2026-05-01 22:52:59.386229,14,22
3231,152,433,28,2,2,2,0,8,8,3,10,17,6,5,3,34,3,2026-05-01 22:52:59.386229,2026-05-01 22:52:59.386229,6,22
3232,152,435,7,3,2,0,0,0,1,1,3,8,1,0,0,11,2,2026-05-01 22:52:59.386229,2026-05-01 22:52:59.386229,4,22
3233,152,427,10,4,2,0,0,2,3,2,3,8,2,2,1,19,1,2026-05-01 22:52:59.386229,2026-05-01 22:52:59.386229,-1,22
3234,152,193,6,2,0,0,1,2,6,2,2,6,0,0,0,21,2,2026-05-01 22:52:59.386229,2026-05-01 22:52:59.386229,-7,22
3235,152,430,0,3,0,1,0,2,0,0,0,0,0,0,1,13,1,2026-05-01 22:52:59.386229,2026-05-01 22:52:59.386229,-12,22
3236,152,421,0,1,1,0,0,0,0,0,0,2,0,0,0,4,1,2026-05-01 22:52:59.386229,2026-05-01 22:52:59.386229,-4,22
3237,152,428,0,0,1,0,0,0,0,0,0,1,0,0,0,1,0,2026-05-01 22:52:59.386229,2026-05-01 22:52:59.386229,-2,22
3238,152,441,29,3,2,1,1,5,11,5,9,21,6,6,3,36,5,2026-05-01 22:52:59.386229,2026-05-01 22:52:59.386229,-11,30
3239,152,447,8,4,1,0,1,0,6,1,3,10,2,1,1,33,2,2026-05-01 22:52:59.386229,2026-05-01 22:52:59.386229,-6,30
3240,152,448,16,3,1,2,5,0,4,1,6,12,4,3,1,23,0,2026-05-01 22:52:59.386229,2026-05-01 22:52:59.386229,-14,30
3241,152,445,3,5,0,0,1,1,6,1,1,11,0,0,3,22,2,2026-05-01 22:52:59.386229,2026-05-01 22:52:59.386229,-12,30
3242,152,452,15,3,0,0,0,6,4,2,5,7,3,3,2,21,4,2026-05-01 22:52:59.386229,2026-05-01 22:52:59.386229,-13,30
3243,152,438,12,4,1,1,0,5,2,0,5,7,2,2,1,27,3,2026-05-01 22:52:59.386229,2026-05-01 22:52:59.386229,11,30
3244,152,450,7,0,1,1,0,1,4,1,2,5,3,2,1,16,2,2026-05-01 22:52:59.386229,2026-05-01 22:52:59.386229,-1,30
3245,152,439,12,0,4,1,0,1,1,0,6,9,0,0,0,17,0,2026-05-01 22:52:59.386229,2026-05-01 22:52:59.386229,3,30
3246,152,449,11,9,2,0,1,1,5,1,5,12,0,0,2,20,1,2026-05-01 22:52:59.386229,2026-05-01 22:52:59.386229,-4,30
3247,152,440,2,0,0,0,0,1,0,0,0,1,2,2,0,2,2,2026-05-01 22:52:59.386229,2026-05-01 22:52:59.386229,3,30
3248,152,443,4,0,2,0,1,2,1,0,2,5,0,0,0,16,3,2026-05-01 22:52:59.386229,2026-05-01 22:52:59.386229,5,30
3249,152,560,12,4,0,1,0,3,2,2,4,5,2,2,1,27,3,2026-05-01 22:52:59.386229,2026-05-01 22:52:59.386229,14,30
3250,153,376,7,2,1,0,0,4,5,1,2,8,2,2,1,20,1,2026-05-01 22:52:59.386229,2026-05-01 22:52:59.386229,6,1
3251,153,374,21,8,1,2,0,9,7,4,7,15,4,3,2,36,1,2026-05-01 22:52:59.386229,2026-05-01 22:52:59.386229,12,1
3252,153,380,13,8,1,2,4,0,3,0,4,10,7,5,0,30,3,2026-05-01 22:52:59.386229,2026-05-01 22:52:59.386229,6,1
3253,153,367,18,2,0,3,0,2,8,2,5,13,6,6,2,36,1,2026-05-01 22:52:59.386229,2026-05-01 22:52:59.386229,9,1
3254,153,378,14,2,2,1,0,2,7,0,6,17,2,2,3,30,2,2026-05-01 22:52:59.386229,2026-05-01 22:52:59.386229,1,1
3255,153,331,6,2,1,1,0,2,4,2,2,4,0,0,0,19,0,2026-05-01 22:52:59.386229,2026-05-01 22:52:59.386229,10,1
3256,153,382,19,2,7,1,2,1,5,3,6,12,6,4,0,30,2,2026-05-01 22:52:59.386229,2026-05-01 22:52:59.386229,17,1
3257,153,498,4,2,0,0,0,0,1,0,2,5,2,0,1,13,2,2026-05-01 22:52:59.386229,2026-05-01 22:52:59.386229,3,1
3258,153,289,2,6,3,0,0,2,0,0,0,4,4,2,2,19,1,2026-05-01 22:52:59.386229,2026-05-01 22:52:59.386229,-11,1
3259,153,372,4,0,1,2,0,0,0,0,1,1,2,2,0,4,1,2026-05-01 22:52:59.386229,2026-05-01 22:52:59.386229,2,1
3260,153,35,8,8,0,0,0,2,5,1,2,7,4,3,3,28,3,2026-05-01 22:52:59.386229,2026-05-01 22:52:59.386229,-9,3
3261,153,19,10,5,1,0,0,1,4,2,4,9,0,0,1,19,2,2026-05-01 22:52:59.386229,2026-05-01 22:52:59.386229,-4,3
3262,153,18,8,3,1,0,0,2,0,0,4,6,2,0,0,20,1,2026-05-01 22:52:59.386229,2026-05-01 22:52:59.386229,-6,3
3263,153,28,11,1,0,1,1,3,6,1,4,13,2,2,2,32,3,2026-05-01 22:52:59.386229,2026-05-01 22:52:59.386229,-17,3
3264,153,29,10,1,0,0,0,4,2,0,4,7,2,2,5,30,5,2026-05-01 22:52:59.386229,2026-05-01 22:52:59.386229,-13,3
3265,153,21,6,2,1,0,0,2,5,2,2,5,0,0,1,18,6,2026-05-01 22:52:59.386229,2026-05-01 22:52:59.386229,1,3
3266,153,34,5,2,0,0,0,0,3,1,2,5,0,0,2,16,1,2026-05-01 22:52:59.386229,2026-05-01 22:52:59.386229,-1,3
3267,153,25,8,2,0,0,0,1,0,0,3,5,2,2,0,15,1,2026-05-01 22:52:59.386229,2026-05-01 22:52:59.386229,6,3
3268,153,23,3,2,1,1,0,3,2,1,1,3,0,0,2,20,4,2026-05-01 22:52:59.386229,2026-05-01 22:52:59.386229,-4,3
3269,153,42,24,3,0,3,3,1,7,4,6,9,10,8,2,24,1,2026-05-01 22:52:59.386229,2026-05-01 22:52:59.386229,2,3
3270,153,24,4,6,0,0,2,0,1,0,2,3,0,0,2,13,2,2026-05-01 22:52:59.386229,2026-05-01 22:52:59.386229,-10,3
3271,154,411,28,6,0,1,0,6,3,2,9,14,8,8,1,37,1,2026-05-01 22:52:59.386229,2026-05-01 22:52:59.386229,13,16
3272,154,402,21,4,4,1,0,2,5,0,6,20,13,9,2,34,1,2026-05-01 22:52:59.386229,2026-05-01 22:52:59.386229,11,16
3273,154,416,6,10,3,0,1,1,4,1,2,9,2,1,2,27,0,2026-05-01 22:52:59.386229,2026-05-01 22:52:59.386229,11,16
3274,154,407,18,6,1,1,1,2,11,5,6,12,1,1,2,35,1,2026-05-01 22:52:59.386229,2026-05-01 22:52:59.386229,18,16
3275,154,412,13,4,1,1,0,5,5,3,5,9,0,0,0,26,4,2026-05-01 22:52:59.386229,2026-05-01 22:52:59.386229,13,16
3276,154,408,6,2,2,0,0,7,5,0,2,11,2,2,0,31,3,2026-05-01 22:52:59.386229,2026-05-01 22:52:59.386229,-6,16
3277,154,415,9,2,2,0,0,2,1,0,4,7,1,1,2,21,1,2026-05-01 22:52:59.386229,2026-05-01 22:52:59.386229,-6,16
3278,154,403,8,1,1,0,0,1,6,2,3,9,0,0,1,15,1,2026-05-01 22:52:59.386229,2026-05-01 22:52:59.386229,-15,16
3279,154,404,3,3,1,0,0,0,1,1,1,1,0,0,1,9,2,2026-05-01 22:52:59.386229,2026-05-01 22:52:59.386229,-4,16
3280,154,272,5,2,1,2,0,1,4,1,2,5,0,0,2,20,4,2026-05-01 22:52:59.386229,2026-05-01 22:52:59.386229,-10,17
3281,154,265,31,6,0,1,1,3,2,0,12,24,11,7,3,29,2,2026-05-01 22:52:59.386229,2026-05-01 22:52:59.386229,-8,17
3282,154,280,7,4,0,0,1,2,5,1,2,7,2,2,1,21,1,2026-05-01 22:52:59.386229,2026-05-01 22:52:59.386229,-16,17
3283,154,141,0,0,0,0,0,0,0,0,0,2,0,0,1,13,2,2026-05-01 22:52:59.386229,2026-05-01 22:52:59.386229,-24,17
3284,154,274,6,6,1,3,0,5,1,0,3,8,0,0,3,27,4,2026-05-01 22:52:59.386229,2026-05-01 22:52:59.386229,-12,17
3285,154,278,7,4,0,0,0,2,0,0,3,3,1,1,0,22,2,2026-05-01 22:52:59.386229,2026-05-01 22:52:59.386229,2,17
3286,154,276,8,1,0,1,0,0,3,2,3,6,0,0,0,14,3,2026-05-01 22:52:59.386229,2026-05-01 22:52:59.386229,10,17
3287,154,275,19,5,0,1,0,1,4,2,8,14,1,1,0,26,4,2026-05-01 22:52:59.386229,2026-05-01 22:52:59.386229,8,17
3288,154,277,16,4,1,1,0,10,4,2,6,9,2,2,3,32,5,2026-05-01 22:52:59.386229,2026-05-01 22:52:59.386229,9,17
3289,154,269,3,0,0,0,0,2,2,1,1,2,0,0,1,15,1,2026-05-01 22:52:59.386229,2026-05-01 22:52:59.386229,5,17
3290,154,31,3,1,0,1,0,0,1,0,1,3,2,1,0,16,2,2026-05-01 22:52:59.386229,2026-05-01 22:52:59.386229,1,17
3297,156,540,18,1,0,2,0,3,10,4,5,14,5,4,1,31,2,2026-05-01 22:52:59.386229,2026-05-01 22:52:59.386229,-10,27
3298,156,529,8,7,0,0,0,1,4,2,3,7,0,0,1,22,2,2026-05-01 22:52:59.386229,2026-05-01 22:52:59.386229,-3,27
3299,156,535,0,2,1,2,2,0,0,0,0,0,0,0,0,24,3,2026-05-01 22:52:59.386229,2026-05-01 22:52:59.386229,-11,27
3300,156,530,27,2,1,1,0,9,10,4,10,19,6,3,4,36,5,2026-05-01 22:52:59.386229,2026-05-01 22:52:59.386229,-5,27
3301,156,528,30,8,3,0,0,10,8,4,7,15,13,12,2,35,3,2026-05-01 22:52:59.386229,2026-05-01 22:52:59.386229,-11,27
3302,156,531,13,4,1,0,1,5,3,1,6,12,0,0,1,23,3,2026-05-01 22:52:59.386229,2026-05-01 22:52:59.386229,9,27
3303,156,533,5,5,2,0,1,3,5,1,2,12,0,0,0,21,3,2026-05-01 22:52:59.386229,2026-05-01 22:52:59.386229,-2,27
3304,156,527,10,2,1,0,0,1,2,1,4,6,1,1,0,8,2,2026-05-01 22:52:59.386229,2026-05-01 22:52:59.386229,7,27
3305,156,525,20,5,2,1,0,1,5,2,6,10,7,6,1,26,1,2026-05-01 22:52:59.386229,2026-05-01 22:52:59.386229,1,27
3306,156,396,0,1,1,2,0,1,0,0,0,0,0,0,0,7,1,2026-05-01 22:52:59.386229,2026-05-01 22:52:59.386229,0,27
3307,156,110,15,3,2,0,0,1,2,1,6,8,2,2,0,30,2,2026-05-01 22:52:59.386229,2026-05-01 22:52:59.386229,8,8
3308,156,113,19,2,2,2,2,2,6,3,8,13,0,0,0,32,2,2026-05-01 22:52:59.386229,2026-05-01 22:52:59.386229,14,8
3309,156,111,31,17,3,3,2,12,6,2,9,17,11,11,3,38,3,2026-05-01 22:52:59.386229,2026-05-01 22:52:59.386229,8,8
3310,156,105,11,9,0,1,0,2,7,2,3,11,4,3,1,37,3,2026-05-01 22:52:59.386229,2026-05-01 22:52:59.386229,22,8
3311,156,114,39,2,0,1,0,7,6,2,11,21,15,15,4,39,2,2026-05-01 22:52:59.386229,2026-05-01 22:52:59.386229,13,8
3312,156,108,1,2,0,0,0,1,3,0,0,4,2,1,2,18,4,2026-05-01 22:52:59.386229,2026-05-01 22:52:59.386229,-4,8
3313,156,106,6,1,0,0,0,0,2,0,2,5,2,2,0,17,2,2026-05-01 22:52:59.386229,2026-05-01 22:52:59.386229,-6,8
3314,156,117,10,2,0,1,0,1,4,2,4,6,0,0,0,15,1,2026-05-01 22:52:59.386229,2026-05-01 22:52:59.386229,-11,8
3315,156,429,0,0,0,0,0,0,0,0,0,0,0,0,0,3,0,2026-05-01 22:52:59.386229,2026-05-01 22:52:59.386229,-11,8
3316,156,119,4,2,0,0,0,1,0,0,1,3,2,2,0,5,1,2026-05-01 22:52:59.386229,2026-05-01 22:52:59.386229,-8,8
3317,157,169,13,6,1,1,0,2,4,1,5,11,2,2,1,37,2,2026-05-01 22:52:59.386229,2026-05-01 22:52:59.386229,-19,15
3318,157,493,20,2,2,0,1,3,6,1,8,15,5,3,2,30,1,2026-05-01 22:52:59.386229,2026-05-01 22:52:59.386229,3,15
3319,157,502,9,5,3,3,0,2,8,1,4,13,3,0,1,26,2,2026-05-01 22:52:59.386229,2026-05-01 22:52:59.386229,-16,15
3320,157,505,23,1,1,2,1,2,7,3,7,15,6,6,0,32,3,2026-05-01 22:52:59.386229,2026-05-01 22:52:59.386229,-19,15
3321,157,503,19,2,0,1,0,9,6,3,6,12,4,4,3,28,3,2026-05-01 22:52:59.386229,2026-05-01 22:52:59.386229,2,15
3322,157,499,8,2,2,2,0,6,4,1,3,11,2,1,1,31,4,2026-05-01 22:52:59.386229,2026-05-01 22:52:59.386229,5,15
3323,157,572,3,1,0,0,1,0,7,1,1,9,0,0,1,29,3,2026-05-01 22:52:59.386229,2026-05-01 22:52:59.386229,-1,15
3324,157,181,17,5,5,1,2,2,6,3,7,12,0,0,1,24,0,2026-05-01 22:52:59.386229,2026-05-01 22:52:59.386229,5,15
3325,157,457,13,1,5,0,1,7,3,0,6,16,2,1,1,33,3,2026-05-01 22:52:59.386229,2026-05-01 22:52:59.386229,11,7
3326,157,469,12,8,2,0,1,1,3,0,5,12,2,2,1,27,2,2026-05-01 22:52:59.386229,2026-05-01 22:52:59.386229,2,7
3327,157,458,22,8,6,0,1,1,0,0,9,12,7,4,2,27,3,2026-05-01 22:52:59.386229,2026-05-01 22:52:59.386229,6,7
3328,157,453,13,0,0,2,1,0,8,3,5,12,0,0,5,24,1,2026-05-01 22:52:59.386229,2026-05-01 22:52:59.386229,8,7
3329,157,463,5,6,0,1,0,3,3,0,2,7,2,1,6,23,1,2026-05-01 22:52:59.386229,2026-05-01 22:52:59.386229,-1,7
3330,157,436,6,6,3,0,2,0,1,0,3,5,0,0,0,19,3,2026-05-01 22:52:59.386229,2026-05-01 22:52:59.386229,6,7
3331,157,470,12,6,2,2,2,5,3,0,4,8,4,4,2,28,3,2026-05-01 22:52:59.386229,2026-05-01 22:52:59.386229,-5,7
3332,157,446,35,0,2,2,0,1,10,8,10,17,7,7,0,24,0,2026-05-01 22:52:59.386229,2026-05-01 22:52:59.386229,21,7
3333,157,464,2,2,1,0,1,1,1,0,1,3,0,0,1,14,0,2026-05-01 22:52:59.386229,2026-05-01 22:52:59.386229,-1,7
3334,157,465,0,2,0,1,0,5,0,0,0,1,0,0,1,13,0,2026-05-01 22:52:59.386229,2026-05-01 22:52:59.386229,5,7
3335,157,466,0,0,0,0,0,1,0,0,0,0,0,0,0,1,1,2026-05-01 22:52:59.386229,2026-05-01 22:52:59.386229,-6,7
3336,157,444,0,0,0,0,0,0,0,0,0,0,0,0,0,1,0,2026-05-01 22:52:59.386229,2026-05-01 22:52:59.386229,-6,7
3337,158,150,4,3,0,2,0,3,4,0,2,8,0,0,1,30,2,2026-05-01 22:52:59.386229,2026-05-01 22:52:59.386229,-2,21
3338,158,142,6,4,2,0,0,1,8,2,2,8,0,0,0,29,5,2026-05-01 22:52:59.386229,2026-05-01 22:52:59.386229,8,21
3339,158,145,14,6,3,0,0,0,4,1,5,10,3,3,1,28,2,2026-05-01 22:52:59.386229,2026-05-01 22:52:59.386229,2,21
3340,158,147,15,3,1,0,0,6,3,1,6,10,3,2,1,30,1,2026-05-01 22:52:59.386229,2026-05-01 22:52:59.386229,-1,21
3341,158,143,35,5,1,2,3,9,5,2,13,18,8,7,4,39,2,2026-05-01 22:52:59.386229,2026-05-01 22:52:59.386229,14,21
3342,158,146,2,1,0,0,0,0,1,0,1,2,1,0,0,13,1,2026-05-01 22:52:59.386229,2026-05-01 22:52:59.386229,1,21
3343,158,83,3,1,0,0,0,0,4,1,1,6,0,0,1,11,1,2026-05-01 22:52:59.386229,2026-05-01 22:52:59.386229,-10,21
3344,158,153,9,1,1,0,0,1,5,3,3,5,0,0,1,19,3,2026-05-01 22:52:59.386229,2026-05-01 22:52:59.386229,0,21
3345,158,140,7,2,2,2,1,2,8,1,3,11,0,0,1,22,1,2026-05-01 22:52:59.386229,2026-05-01 22:52:59.386229,6,21
3346,158,151,9,2,1,1,0,0,2,0,4,6,2,1,2,15,0,2026-05-01 22:52:59.386229,2026-05-01 22:52:59.386229,-8,21
3347,158,37,34,5,1,2,1,7,4,1,10,25,14,13,6,40,5,2026-05-01 22:52:59.386229,2026-05-01 22:52:59.386229,-10,2
3348,158,41,8,3,1,2,0,1,8,2,3,10,0,0,0,27,1,2026-05-01 22:52:59.386229,2026-05-01 22:52:59.386229,-6,2
3349,158,44,4,8,2,1,2,0,0,0,1,4,2,2,1,26,4,2026-05-01 22:52:59.386229,2026-05-01 22:52:59.386229,-11,2
3350,158,45,11,4,3,0,0,5,8,3,4,10,0,0,1,33,0,2026-05-01 22:52:59.386229,2026-05-01 22:52:59.386229,-9,2
3351,158,43,14,3,1,0,0,4,9,2,6,17,0,0,2,38,0,2026-05-01 22:52:59.386229,2026-05-01 22:52:59.386229,-7,2
3352,158,38,7,3,1,0,0,0,5,1,2,6,2,2,1,20,3,2026-05-01 22:52:59.386229,2026-05-01 22:52:59.386229,9,2
3353,158,40,5,1,0,1,0,1,3,1,2,4,0,0,0,12,2,2026-05-01 22:52:59.386229,2026-05-01 22:52:59.386229,15,2
3354,158,39,11,3,2,2,1,1,2,1,4,7,2,2,1,27,2,2026-05-01 22:52:59.386229,2026-05-01 22:52:59.386229,-3,2
3355,158,50,8,2,1,0,0,1,3,2,3,4,0,0,0,12,1,2026-05-01 22:52:59.386229,2026-05-01 22:52:59.386229,12,2
3356,159,320,18,5,2,2,1,7,2,0,7,13,6,4,4,33,1,2026-05-01 22:52:59.386229,2026-05-01 22:52:59.386229,12,14
3357,159,317,15,0,1,1,0,1,5,3,6,10,0,0,0,40,1,2026-05-01 22:52:59.386229,2026-05-01 22:52:59.386229,16,14
3358,159,315,23,4,6,0,0,1,0,0,10,13,6,3,0,37,2,2026-05-01 22:52:59.386229,2026-05-01 22:52:59.386229,9,14
3359,159,325,30,4,1,1,0,7,7,4,13,20,0,0,3,38,2,2026-05-01 22:52:59.386229,2026-05-01 22:52:59.386229,18,14
3360,159,316,51,10,0,3,1,9,14,9,17,31,9,8,1,36,3,2026-05-01 22:52:59.386229,2026-05-01 22:52:59.386229,15,14
3361,159,323,0,1,2,0,1,3,2,0,0,3,0,0,1,21,2,2026-05-01 22:52:59.386229,2026-05-01 22:52:59.386229,13,14
3362,159,375,3,1,0,2,1,2,5,1,1,7,0,0,0,19,2,2026-05-01 22:52:59.386229,2026-05-01 22:52:59.386229,-13,14
3363,159,329,2,1,1,0,0,0,1,0,1,2,0,0,0,3,1,2026-05-01 22:52:59.386229,2026-05-01 22:52:59.386229,-7,14
3364,159,330,0,1,1,0,0,1,0,0,0,0,0,0,0,9,1,2026-05-01 22:52:59.386229,2026-05-01 22:52:59.386229,-3,14
3365,159,192,22,5,1,2,2,1,11,4,7,19,5,4,2,35,2,2026-05-01 22:52:59.386229,2026-05-01 22:52:59.386229,-25,5
3366,159,133,15,6,3,1,0,1,3,1,6,9,2,2,1,31,4,2026-05-01 22:52:59.386229,2026-05-01 22:52:59.386229,-11,5
3367,159,206,14,1,3,0,0,0,5,2,5,11,2,2,0,30,3,2026-05-01 22:52:59.386229,2026-05-01 22:52:59.386229,-18,5
3368,159,200,18,2,2,1,0,6,2,0,8,16,2,2,0,32,1,2026-05-01 22:52:59.386229,2026-05-01 22:52:59.386229,-14,5
3369,159,198,27,6,2,2,0,15,9,6,10,17,2,1,6,39,1,2026-05-01 22:52:59.386229,2026-05-01 22:52:59.386229,-8,5
3370,159,125,12,5,0,1,0,7,3,1,5,10,2,1,1,29,4,2026-05-01 22:52:59.386229,2026-05-01 22:52:59.386229,10,5
3371,159,347,15,4,0,0,0,1,1,0,7,9,1,1,2,25,3,2026-05-01 22:52:59.386229,2026-05-01 22:52:59.386229,-7,5
3372,159,204,4,0,0,0,1,1,0,0,2,2,0,0,2,6,0,2026-05-01 22:52:59.386229,2026-05-01 22:52:59.386229,6,5
3373,159,201,3,0,1,0,0,2,2,1,1,2,0,0,1,10,0,2026-05-01 22:52:59.386229,2026-05-01 22:52:59.386229,7,5
3393,161,302,8,5,2,0,1,0,3,0,2,7,5,4,1,29,1,2026-05-01 22:52:59.386229,2026-05-01 22:52:59.386229,4,12
3394,161,263,18,8,1,1,0,3,9,3,6,14,4,3,2,38,4,2026-05-01 22:52:59.386229,2026-05-01 22:52:59.386229,0,12
3395,161,314,11,7,1,1,1,1,0,0,5,9,2,1,2,28,1,2026-05-01 22:52:59.386229,2026-05-01 22:52:59.386229,-12,12
3396,161,256,12,2,0,1,0,2,5,1,5,13,1,1,1,34,4,2026-05-01 22:52:59.386229,2026-05-01 22:52:59.386229,-17,12
3397,161,255,8,4,1,2,0,7,3,0,3,14,2,2,2,32,1,2026-05-01 22:52:59.386229,2026-05-01 22:52:59.386229,-14,12
3398,161,249,9,4,0,1,1,0,6,2,3,7,1,1,0,15,3,2026-05-01 22:52:59.386229,2026-05-01 22:52:59.386229,6,12
3399,161,254,10,3,0,0,0,6,0,0,5,9,0,0,0,20,1,2026-05-01 22:52:59.386229,2026-05-01 22:52:59.386229,1,12
3400,161,259,5,1,2,0,0,1,5,1,2,8,0,0,1,20,3,2026-05-01 22:52:59.386229,2026-05-01 22:52:59.386229,0,12
3401,161,262,9,4,0,0,0,1,6,3,3,6,0,0,1,15,3,2026-05-01 22:52:59.386229,2026-05-01 22:52:59.386229,-12,12
3402,161,258,2,1,0,0,0,0,1,0,1,2,0,0,0,4,0,2026-05-01 22:52:59.386229,2026-05-01 22:52:59.386229,-1,12
3403,161,54,11,4,0,0,0,0,4,1,4,9,3,2,1,29,1,2026-05-01 22:52:59.386229,2026-05-01 22:52:59.386229,11,20
3404,161,53,25,7,1,0,0,5,4,2,8,16,9,7,2,34,2,2026-05-01 22:52:59.386229,2026-05-01 22:52:59.386229,13,20
3405,161,65,12,13,9,2,2,0,0,0,6,10,0,0,3,30,2,2026-05-01 22:52:59.386229,2026-05-01 22:52:59.386229,20,20
3406,161,66,9,5,0,0,0,0,7,2,2,7,5,3,0,36,3,2026-05-01 22:52:59.386229,2026-05-01 22:52:59.386229,15,20
3407,161,55,29,5,0,1,0,9,3,0,11,25,8,7,2,36,3,2026-05-01 22:52:59.386229,2026-05-01 22:52:59.386229,12,20
3408,161,57,3,1,0,0,1,0,2,1,1,3,0,0,0,6,2,2026-05-01 22:52:59.386229,2026-05-01 22:52:59.386229,-3,20
3409,161,60,0,1,0,0,0,1,0,0,0,0,0,0,0,13,3,2026-05-01 22:52:59.386229,2026-05-01 22:52:59.386229,-8,20
3410,161,58,4,4,1,0,0,1,3,0,2,9,0,0,0,19,1,2026-05-01 22:52:59.386229,2026-05-01 22:52:59.386229,-9,20
3411,161,56,8,2,0,1,1,2,5,2,3,9,0,0,2,18,3,2026-05-01 22:52:59.386229,2026-05-01 22:52:59.386229,-4,20
3412,161,508,0,0,0,0,0,2,0,0,0,0,0,0,1,13,2,2026-05-01 22:52:59.386229,2026-05-01 22:52:59.386229,-2,20
3413,162,93,36,6,1,1,0,3,6,5,13,20,7,5,0,38,1,2026-05-01 22:52:59.386229,2026-05-01 22:52:59.386229,17,28
3414,162,88,14,5,1,1,2,4,0,0,6,12,2,2,3,31,4,2026-05-01 22:52:59.386229,2026-05-01 22:52:59.386229,7,28
3415,162,99,6,5,1,0,0,1,0,0,3,5,0,0,2,20,5,2026-05-01 22:52:59.386229,2026-05-01 22:52:59.386229,-3,28
3416,162,89,22,5,1,2,1,5,4,1,9,16,4,3,1,35,4,2026-05-01 22:52:59.386229,2026-05-01 22:52:59.386229,9,28
3417,162,100,17,3,1,0,0,1,6,3,7,16,0,0,1,37,1,2026-05-01 22:52:59.386229,2026-05-01 22:52:59.386229,3,28
3418,162,103,12,2,2,1,0,1,5,3,3,6,4,3,0,24,5,2026-05-01 22:52:59.386229,2026-05-01 22:52:59.386229,16,28
3419,162,101,6,1,1,1,0,8,2,1,2,5,1,1,1,25,3,2026-05-01 22:52:59.386229,2026-05-01 22:52:59.386229,-4,28
3420,162,95,9,8,0,0,0,1,3,1,3,5,2,2,1,16,2,2026-05-01 22:52:59.386229,2026-05-01 22:52:59.386229,-2,28
3421,162,90,0,1,0,0,0,1,1,0,0,1,0,0,1,9,2,2026-05-01 22:52:59.386229,2026-05-01 22:52:59.386229,-6,28
3422,162,97,0,0,0,0,0,0,0,0,0,0,0,0,0,0,0,2026-05-01 22:52:59.386229,2026-05-01 22:52:59.386229,-2,28
3423,162,341,34,5,0,1,0,4,16,8,13,25,0,0,3,35,1,2026-05-01 22:52:59.386229,2026-05-01 22:52:59.386229,-2,24
3424,162,346,6,6,0,1,1,4,9,2,2,9,0,0,0,28,2,2026-05-01 22:52:59.386229,2026-05-01 22:52:59.386229,-8,24
3425,162,343,5,6,0,0,0,0,0,0,2,3,6,1,1,24,4,2026-05-01 22:52:59.386229,2026-05-01 22:52:59.386229,0,24
3426,162,333,31,3,0,0,1,0,5,2,10,20,11,9,5,33,4,2026-05-01 22:52:59.386229,2026-05-01 22:52:59.386229,-8,24
3427,162,339,0,3,0,1,1,2,3,0,0,3,0,0,1,25,1,2026-05-01 22:52:59.386229,2026-05-01 22:52:59.386229,7,24
3428,162,332,15,2,0,1,0,6,4,1,3,7,10,8,1,29,5,2026-05-01 22:52:59.386229,2026-05-01 22:52:59.386229,-8,24
3429,162,345,2,1,0,0,0,1,0,0,0,0,2,2,0,3,0,2026-05-01 22:52:59.386229,2026-05-01 22:52:59.386229,0,24
3430,162,338,9,1,2,1,3,0,3,3,3,5,0,0,0,22,0,2026-05-01 22:52:59.386229,2026-05-01 22:52:59.386229,-3,24
3431,162,340,8,0,4,0,0,1,1,1,3,5,1,1,0,18,2,2026-05-01 22:52:59.386229,2026-05-01 22:52:59.386229,-10,24
3432,162,22,5,1,0,0,0,2,1,1,2,3,0,0,0,18,2,2026-05-01 22:52:59.386229,2026-05-01 22:52:59.386229,-3,24
3454,164,241,14,4,2,0,0,4,4,2,6,8,0,0,0,23,3,2026-05-01 22:52:59.386229,2026-05-01 22:52:59.386229,24,9
3455,164,230,6,0,1,3,1,2,4,2,2,6,0,0,2,21,0,2026-05-01 22:52:59.386229,2026-05-01 22:52:59.386229,19,9
3456,164,229,30,6,7,1,2,0,0,0,12,15,10,6,3,27,2,2026-05-01 22:52:59.386229,2026-05-01 22:52:59.386229,20,9
3457,164,242,16,1,2,1,0,2,8,4,6,11,0,0,0,21,2,2026-05-01 22:52:59.386229,2026-05-01 22:52:59.386229,20,9
3458,164,228,17,7,1,3,0,15,4,2,6,11,3,3,3,30,3,2026-05-01 22:52:59.386229,2026-05-01 22:52:59.386229,23,9
3459,164,244,10,1,3,0,1,1,2,0,5,10,0,0,1,20,1,2026-05-01 22:52:59.386229,2026-05-01 22:52:59.386229,-2,9
3460,164,232,12,1,3,0,0,1,0,0,5,7,2,2,2,16,3,2026-05-01 22:52:59.386229,2026-05-01 22:52:59.386229,-1,9
3461,164,238,4,1,0,1,0,2,5,0,2,10,0,0,3,22,0,2026-05-01 22:52:59.386229,2026-05-01 22:52:59.386229,-10,9
3462,164,199,11,5,0,0,1,2,6,2,4,8,1,1,1,24,1,2026-05-01 22:52:59.386229,2026-05-01 22:52:59.386229,1,9
3463,164,234,4,4,0,2,0,7,2,0,1,4,2,2,2,21,2,2026-05-01 22:52:59.386229,2026-05-01 22:52:59.386229,-10,9
3464,164,235,2,2,0,0,0,0,0,0,1,1,0,0,0,5,0,2026-05-01 22:52:59.386229,2026-05-01 22:52:59.386229,-3,9
3465,164,240,0,1,0,1,1,0,0,0,0,1,0,0,1,4,2,2026-05-01 22:52:59.386229,2026-05-01 22:52:59.386229,-1,9
3466,164,181,7,4,1,2,2,0,3,0,2,6,5,3,4,29,3,2026-05-01 22:52:59.386229,2026-05-01 22:52:59.386229,6,15
3467,164,491,7,1,2,1,0,2,3,1,3,8,0,0,1,24,3,2026-05-01 22:52:59.386229,2026-05-01 22:52:59.386229,-17,15
3468,164,502,17,0,1,1,0,1,6,3,7,11,0,0,2,21,4,2026-05-01 22:52:59.386229,2026-05-01 22:52:59.386229,-14,15
3469,164,495,21,1,0,0,0,3,7,3,8,17,3,2,3,24,0,2026-05-01 22:52:59.386229,2026-05-01 22:52:59.386229,-17,15
3470,164,504,19,1,1,1,0,5,5,2,7,13,3,3,0,30,4,2026-05-01 22:52:59.386229,2026-05-01 22:52:59.386229,-16,15
3471,164,572,4,3,2,1,0,1,5,1,1,9,2,1,2,27,2,2026-05-01 22:52:59.386229,2026-05-01 22:52:59.386229,-24,15
3472,164,503,23,2,1,2,0,3,6,4,6,9,7,7,1,23,0,2026-05-01 22:52:59.386229,2026-05-01 22:52:59.386229,1,15
3473,164,573,6,5,2,1,0,3,2,0,2,6,2,2,3,24,2,2026-05-01 22:52:59.386229,2026-05-01 22:52:59.386229,-3,15
3474,164,499,3,2,1,2,0,2,2,0,1,5,2,1,0,23,0,2026-05-01 22:52:59.386229,2026-05-01 22:52:59.386229,1,15
3475,164,574,3,1,2,0,0,0,2,1,1,5,0,0,0,11,2,2026-05-01 22:52:59.386229,2026-05-01 22:52:59.386229,3,15
3487,166,484,16,4,1,1,1,3,10,3,6,16,1,1,1,38,4,2026-05-01 22:52:59.386229,2026-05-01 22:52:59.386229,4,11
3488,166,475,32,5,1,1,1,5,7,3,13,24,4,3,1,39,0,2026-05-01 22:52:59.386229,2026-05-01 22:52:59.386229,-1,11
3489,166,477,0,2,2,2,1,2,3,0,0,3,0,0,0,26,2,2026-05-01 22:52:59.386229,2026-05-01 22:52:59.386229,5,11
3490,166,476,4,5,3,1,0,0,3,0,2,11,0,0,3,19,3,2026-05-01 22:52:59.386229,2026-05-01 22:52:59.386229,0,11
3491,166,486,23,6,6,1,0,8,3,2,7,15,8,7,4,40,4,2026-05-01 22:52:59.386229,2026-05-01 22:52:59.386229,11,11
3492,166,483,18,5,0,1,1,3,11,5,6,14,2,1,2,32,2,2026-05-01 22:52:59.386229,2026-05-01 22:52:59.386229,-1,11
3493,166,472,9,2,3,1,4,2,0,0,4,6,2,1,1,21,4,2026-05-01 22:52:59.386229,2026-05-01 22:52:59.386229,-5,11
3494,166,481,3,4,0,0,0,2,2,1,1,2,0,0,0,13,0,2026-05-01 22:52:59.386229,2026-05-01 22:52:59.386229,4,11
3495,166,478,2,1,2,0,0,0,2,0,1,3,0,0,0,8,2,2026-05-01 22:52:59.386229,2026-05-01 22:52:59.386229,-7,11
3496,166,509,5,3,2,2,0,1,4,0,2,11,1,1,1,30,2,2026-05-01 22:52:59.386229,2026-05-01 22:52:59.386229,-15,19
3497,166,524,21,4,1,0,2,1,0,0,7,10,9,7,2,34,1,2026-05-01 22:52:59.386229,2026-05-01 22:52:59.386229,-3,19
3498,166,513,8,4,5,3,0,3,7,1,2,12,5,3,2,35,5,2026-05-01 22:52:59.386229,2026-05-01 22:52:59.386229,3,19
3499,166,519,14,4,2,0,0,7,8,3,5,15,2,1,4,36,3,2026-05-01 22:52:59.386229,2026-05-01 22:52:59.386229,7,19
3500,166,520,35,7,0,1,0,4,5,4,14,18,5,3,2,30,3,2026-05-01 22:52:59.386229,2026-05-01 22:52:59.386229,19,19
3501,166,518,5,5,2,1,1,0,0,0,1,3,4,3,0,25,2,2026-05-01 22:52:59.386229,2026-05-01 22:52:59.386229,1,19
3502,166,523,0,3,1,0,1,1,1,0,0,3,0,0,1,12,0,2026-05-01 22:52:59.386229,2026-05-01 22:52:59.386229,-11,19
3503,166,511,9,0,1,0,0,0,5,3,3,9,0,0,1,13,1,2026-05-01 22:52:59.386229,2026-05-01 22:52:59.386229,-11,19
3504,166,516,8,3,1,0,2,2,2,2,3,3,0,0,0,21,2,2026-05-01 22:52:59.386229,2026-05-01 22:52:59.386229,0,19
3505,167,297,17,1,2,1,0,8,10,3,6,15,2,2,1,34,4,2026-05-01 22:52:59.386229,2026-05-01 22:52:59.386229,-3,10
3506,167,381,20,2,2,2,1,2,5,2,7,16,4,4,1,22,3,2026-05-01 22:52:59.386229,2026-05-01 22:52:59.386229,-8,10
3507,167,287,3,1,0,0,0,0,3,1,1,3,0,0,1,4,1,2026-05-01 22:52:59.386229,2026-05-01 22:52:59.386229,-3,10
3508,167,291,12,1,1,1,0,3,5,2,4,11,2,2,1,23,1,2026-05-01 22:52:59.386229,2026-05-01 22:52:59.386229,0,10
3509,167,294,25,7,3,0,0,2,10,5,8,17,5,4,0,35,2,2026-05-01 22:52:59.386229,2026-05-01 22:52:59.386229,-6,10
3510,167,295,7,3,0,0,0,1,2,1,2,4,2,2,1,11,0,2026-05-01 22:52:59.386229,2026-05-01 22:52:59.386229,-7,10
3511,167,296,0,4,1,1,0,0,3,0,0,3,0,0,1,29,3,2026-05-01 22:52:59.386229,2026-05-01 22:52:59.386229,1,10
3512,167,283,0,0,1,0,0,1,0,0,0,2,0,0,0,7,0,2026-05-01 22:52:59.386229,2026-05-01 22:52:59.386229,-5,10
3513,167,298,7,2,0,1,0,3,3,1,3,6,0,0,2,18,2,2026-05-01 22:52:59.386229,2026-05-01 22:52:59.386229,-18,10
3514,167,293,12,1,2,2,0,2,1,0,4,8,4,4,0,18,1,2026-05-01 22:52:59.386229,2026-05-01 22:52:59.386229,-5,10
3515,167,282,8,1,1,0,0,0,4,0,2,6,4,4,0,19,1,2026-05-01 22:52:59.386229,2026-05-01 22:52:59.386229,-3,10
3516,167,290,6,1,1,0,0,1,2,0,2,6,2,2,0,13,2,2026-05-01 22:52:59.386229,2026-05-01 22:52:59.386229,7,10
3517,167,132,15,1,0,1,1,2,3,1,6,9,2,2,4,29,5,2026-05-01 22:52:59.386229,2026-05-01 22:52:59.386229,7,18
3518,167,134,10,4,0,1,0,1,2,0,5,11,0,0,4,26,1,2026-05-01 22:52:59.386229,2026-05-01 22:52:59.386229,9,18
3519,167,128,18,5,4,1,1,2,0,0,5,5,10,8,2,35,3,2026-05-01 22:52:59.386229,2026-05-01 22:52:59.386229,8,18
3520,167,126,42,8,0,1,1,5,9,4,13,22,12,12,2,37,2,2026-05-01 22:52:59.386229,2026-05-01 22:52:59.386229,10,18
3521,167,124,7,4,2,1,0,1,6,1,3,9,0,0,0,27,2,2026-05-01 22:52:59.386229,2026-05-01 22:52:59.386229,11,18
3522,167,135,12,1,2,1,1,4,1,1,5,9,2,1,0,26,2,2026-05-01 22:52:59.386229,2026-05-01 22:52:59.386229,5,18
3523,167,174,0,5,0,0,1,2,0,0,0,2,0,0,2,14,2,2026-05-01 22:52:59.386229,2026-05-01 22:52:59.386229,-5,18
3524,167,195,12,6,2,0,0,7,4,2,5,9,0,0,2,31,2,2026-05-01 22:52:59.386229,2026-05-01 22:52:59.386229,5,18
3525,167,129,11,0,1,0,0,1,5,3,4,6,0,0,0,10,0,2026-05-01 22:52:59.386229,2026-05-01 22:52:59.386229,0,18
3526,168,457,25,4,0,0,0,5,3,1,8,16,8,8,3,29,0,2026-05-01 22:52:59.386229,2026-05-01 22:52:59.386229,-5,7
3527,168,463,17,4,3,1,0,3,4,2,7,12,4,1,2,26,0,2026-05-01 22:52:59.386229,2026-05-01 22:52:59.386229,-17,7
3528,168,436,4,3,1,0,1,0,1,0,2,5,0,0,2,27,1,2026-05-01 22:52:59.386229,2026-05-01 22:52:59.386229,-9,7
3529,168,453,12,0,0,0,0,0,6,2,4,8,2,2,1,26,2,2026-05-01 22:52:59.386229,2026-05-01 22:52:59.386229,-9,7
3530,168,465,8,4,0,0,0,9,4,2,3,7,0,0,1,26,3,2026-05-01 22:52:59.386229,2026-05-01 22:52:59.386229,-8,7
3531,168,466,11,6,5,2,0,2,0,0,4,5,3,3,1,20,3,2026-05-01 22:52:59.386229,2026-05-01 22:52:59.386229,-24,7
3532,168,470,12,3,0,0,1,3,3,2,3,8,5,4,3,21,2,2026-05-01 22:52:59.386229,2026-05-01 22:52:59.386229,-25,7
3533,168,446,4,2,0,0,0,1,1,0,2,6,0,0,2,17,1,2026-05-01 22:52:59.386229,2026-05-01 22:52:59.386229,-12,7
3534,168,468,6,0,2,0,0,1,5,0,3,11,0,0,0,16,1,2026-05-01 22:52:59.386229,2026-05-01 22:52:59.386229,-27,7
3535,168,464,4,0,1,1,1,2,3,0,1,5,2,2,1,15,0,2026-05-01 22:52:59.386229,2026-05-01 22:52:59.386229,-25,7
3536,168,444,2,1,0,0,0,1,0,0,1,1,0,0,0,5,1,2026-05-01 22:52:59.386229,2026-05-01 22:52:59.386229,-2,7
3537,168,575,0,1,0,0,0,0,3,0,0,3,0,0,1,5,0,2026-05-01 22:52:59.386229,2026-05-01 22:52:59.386229,-2,7
3538,168,354,13,2,1,1,2,1,5,3,5,9,0,0,1,25,1,2026-05-01 22:52:59.386229,2026-05-01 22:52:59.386229,14,6
3539,168,227,3,0,0,1,0,1,1,1,1,2,0,0,0,17,2,2026-05-01 22:52:59.386229,2026-05-01 22:52:59.386229,13,6
3540,168,219,29,5,2,1,0,2,4,2,12,15,7,3,2,23,4,2026-05-01 22:52:59.386229,2026-05-01 22:52:59.386229,12,6
3541,168,218,24,2,0,2,0,8,4,1,11,16,1,1,2,28,0,2026-05-01 22:52:59.386229,2026-05-01 22:52:59.386229,6,6
3542,168,306,17,7,0,1,0,7,7,3,6,11,2,2,4,28,0,2026-05-01 22:52:59.386229,2026-05-01 22:52:59.386229,27,6
3543,168,226,8,3,0,0,0,2,3,2,3,6,0,0,2,19,4,2026-05-01 22:52:59.386229,2026-05-01 22:52:59.386229,16,6
3544,168,364,8,5,0,1,0,6,4,2,3,8,0,0,0,20,3,2026-05-01 22:52:59.386229,2026-05-01 22:52:59.386229,20,6
3545,168,221,5,3,1,1,0,1,1,1,2,2,0,0,0,14,0,2026-05-01 22:52:59.386229,2026-05-01 22:52:59.386229,12,6
3546,168,213,11,3,1,2,2,0,2,1,4,5,2,2,0,22,2,2026-05-01 22:52:59.386229,2026-05-01 22:52:59.386229,15,6
3547,168,224,8,1,1,1,0,1,3,0,4,7,1,0,2,17,3,2026-05-01 22:52:59.386229,2026-05-01 22:52:59.386229,15,6
3548,168,566,4,2,1,0,0,2,1,0,2,3,0,0,0,6,1,2026-05-01 22:52:59.386229,2026-05-01 22:52:59.386229,5,6
3549,168,547,2,1,0,1,0,0,1,0,1,5,0,0,1,6,1,2026-05-01 22:52:59.386229,2026-05-01 22:52:59.386229,5,6
3550,168,220,6,2,2,0,0,1,2,2,2,2,0,0,0,6,1,2026-05-01 22:52:59.386229,2026-05-01 22:52:59.386229,5,6
3571,170,157,5,4,0,3,0,3,7,1,2,10,0,0,1,22,5,2026-05-01 22:52:59.386229,2026-05-01 22:52:59.386229,12,25
3572,170,161,9,2,1,0,0,0,4,2,3,5,1,1,4,25,2,2026-05-01 22:52:59.386229,2026-05-01 22:52:59.386229,-17,25
3573,170,159,21,10,5,3,6,2,3,1,7,12,6,6,1,35,1,2026-05-01 22:52:59.386229,2026-05-01 22:52:59.386229,20,25
3574,170,164,25,5,0,1,1,8,9,4,10,16,2,1,3,31,0,2026-05-01 22:52:59.386229,2026-05-01 22:52:59.386229,10,25
3575,170,156,17,4,2,2,1,8,2,0,7,9,3,3,5,32,3,2026-05-01 22:52:59.386229,2026-05-01 22:52:59.386229,0,25
3576,170,163,25,4,1,0,1,3,7,5,8,14,4,4,5,29,2,2026-05-01 22:52:59.386229,2026-05-01 22:52:59.386229,11,25
3577,170,171,6,1,0,4,1,1,6,2,2,8,0,0,1,14,3,2026-05-01 22:52:59.386229,2026-05-01 22:52:59.386229,0,25
3578,170,167,0,2,1,1,1,2,1,0,0,2,0,0,1,13,0,2026-05-01 22:52:59.386229,2026-05-01 22:52:59.386229,-8,25
3579,170,158,14,3,1,1,1,2,5,2,6,10,0,0,1,17,1,2026-05-01 22:52:59.386229,2026-05-01 22:52:59.386229,10,25
3580,170,377,2,0,3,1,0,5,2,0,1,3,0,0,2,15,1,2026-05-01 22:52:59.386229,2026-05-01 22:52:59.386229,18,25
3581,170,172,0,0,0,0,0,0,0,0,0,0,0,0,0,0,1,2026-05-01 22:52:59.386229,2026-05-01 22:52:59.386229,-3,25
3582,170,162,0,0,0,0,0,0,0,0,0,0,0,0,0,0,0,2026-05-01 22:52:59.386229,2026-05-01 22:52:59.386229,-3,25
3583,170,191,19,6,1,1,0,3,0,0,7,17,7,5,4,36,4,2026-05-01 22:52:59.386229,2026-05-01 22:52:59.386229,-4,29
3584,170,188,31,3,0,2,1,1,8,6,12,19,1,1,2,29,1,2026-05-01 22:52:59.386229,2026-05-01 22:52:59.386229,-3,29
3585,170,178,11,6,0,3,0,5,5,3,4,8,0,0,1,24,1,2026-05-01 22:52:59.386229,2026-05-01 22:52:59.386229,12,29
3586,170,175,8,1,0,1,1,1,2,2,3,3,0,0,0,7,1,2026-05-01 22:52:59.386229,2026-05-01 22:52:59.386229,16,29
3587,170,177,17,2,1,2,0,9,2,0,6,15,6,5,2,29,3,2026-05-01 22:52:59.386229,2026-05-01 22:52:59.386229,4,29
3588,170,570,6,1,2,2,0,2,3,0,2,6,2,2,3,28,4,2026-05-01 22:52:59.386229,2026-05-01 22:52:59.386229,-11,29
3589,170,180,10,3,1,2,0,2,7,2,2,8,6,4,3,30,2,2026-05-01 22:52:59.386229,2026-05-01 22:52:59.386229,-20,29
3590,170,190,8,3,2,1,0,1,0,0,4,8,0,0,0,19,0,2026-05-01 22:52:59.386229,2026-05-01 22:52:59.386229,-16,29
3591,170,576,4,1,3,2,1,4,3,0,2,8,0,0,3,33,1,2026-05-01 22:52:59.386229,2026-05-01 22:52:59.386229,-28,29
3592,171,308,28,2,2,1,0,3,6,2,8,22,12,10,2,33,3,2026-05-01 22:52:59.386229,2026-05-01 22:52:59.386229,3,13
3593,171,307,10,4,2,2,3,3,2,1,4,5,2,1,0,33,1,2026-05-01 22:52:59.386229,2026-05-01 22:52:59.386229,10,13
3594,171,309,11,7,0,0,5,2,4,1,5,10,0,0,0,31,3,2026-05-01 22:52:59.386229,2026-05-01 22:52:59.386229,4,13
3595,171,312,11,6,0,1,0,3,7,3,4,8,0,0,1,25,3,2026-05-01 22:52:59.386229,2026-05-01 22:52:59.386229,2,13
3596,171,305,8,3,1,2,0,6,4,0,4,11,0,0,0,28,0,2026-05-01 22:52:59.386229,2026-05-01 22:52:59.386229,12,13
3597,171,253,26,5,1,1,0,2,5,1,10,19,6,5,2,27,1,2026-05-01 22:52:59.386229,2026-05-01 22:52:59.386229,-2,13
3598,171,250,8,4,3,0,2,2,0,0,4,5,2,0,0,16,1,2026-05-01 22:52:59.386229,2026-05-01 22:52:59.386229,7,13
3599,171,299,3,3,0,0,1,4,3,1,1,3,0,0,0,16,1,2026-05-01 22:52:59.386229,2026-05-01 22:52:59.386229,8,13
3600,171,310,14,2,1,1,1,3,1,0,6,13,2,2,1,26,0,2026-05-01 22:52:59.386229,2026-05-01 22:52:59.386229,11,13
3601,171,133,14,7,1,2,0,3,5,0,6,14,2,2,0,35,3,2026-05-01 22:52:59.386229,2026-05-01 22:52:59.386229,-13,5
3602,171,192,18,8,3,0,0,2,10,2,6,18,4,4,2,34,1,2026-05-01 22:52:59.386229,2026-05-01 22:52:59.386229,-10,5
3603,171,347,10,5,3,0,3,1,3,1,3,10,4,3,1,29,2,2026-05-01 22:52:59.386229,2026-05-01 22:52:59.386229,-1,5
3604,171,200,21,1,0,0,0,2,0,0,10,11,1,1,2,29,3,2026-05-01 22:52:59.386229,2026-05-01 22:52:59.386229,-23,5
3605,171,198,20,9,2,2,1,10,11,4,8,20,0,0,2,38,3,2026-05-01 22:52:59.386229,2026-05-01 22:52:59.386229,-1,5
3606,171,125,12,2,2,1,0,4,3,2,5,9,0,0,3,24,4,2026-05-01 22:52:59.386229,2026-05-01 22:52:59.386229,2,5
3607,171,210,2,2,1,0,3,1,6,0,0,7,2,2,2,22,1,2026-05-01 22:52:59.386229,2026-05-01 22:52:59.386229,3,5
3608,171,68,11,2,0,0,0,0,3,3,4,6,0,0,1,19,2,2026-05-01 22:52:59.386229,2026-05-01 22:52:59.386229,-9,5
3609,171,201,0,0,0,0,0,0,0,0,0,0,0,0,0,3,0,2026-05-01 22:52:59.386229,2026-05-01 22:52:59.386229,-3,5
3610,171,204,0,0,0,0,0,0,0,0,0,0,0,0,0,0,0,2026-05-01 22:52:59.386229,2026-05-01 22:52:59.386229,0,5
3627,173,76,19,4,0,3,2,2,3,0,9,13,2,1,1,30,1,2026-05-01 22:52:59.386229,2026-05-01 22:52:59.386229,6,23
3628,173,70,10,5,3,0,2,2,1,0,3,5,6,4,2,33,2,2026-05-01 22:52:59.386229,2026-05-01 22:52:59.386229,4,23
3629,173,72,9,7,3,1,3,0,0,0,2,5,5,5,2,32,4,2026-05-01 22:52:59.386229,2026-05-01 22:52:59.386229,13,23
3630,173,80,28,8,0,1,0,4,6,1,10,22,7,7,2,34,3,2026-05-01 22:52:59.386229,2026-05-01 22:52:59.386229,13,23
3631,173,75,16,4,0,2,1,7,3,0,6,13,4,4,4,34,1,2026-05-01 22:52:59.386229,2026-05-01 22:52:59.386229,4,23
3632,173,86,10,4,1,1,0,3,2,0,5,9,1,0,2,17,2,2026-05-01 22:52:59.386229,2026-05-01 22:52:59.386229,-2,23
3633,173,555,6,3,0,2,1,1,8,2,2,10,0,0,1,22,0,2026-05-01 22:52:59.386229,2026-05-01 22:52:59.386229,-8,23
3634,173,207,3,1,1,0,1,2,1,0,1,4,2,1,0,19,2,2026-05-01 22:52:59.386229,2026-05-01 22:52:59.386229,5,23
3635,173,71,3,3,0,2,0,1,1,0,0,1,4,3,0,13,1,2026-05-01 22:52:59.386229,2026-05-01 22:52:59.386229,0,23
3636,173,33,9,1,0,1,0,1,2,2,3,6,1,1,0,20,1,2026-05-01 22:52:59.386229,2026-05-01 22:52:59.386229,-19,3
3637,173,19,5,4,0,1,0,1,4,1,2,6,0,0,1,18,1,2026-05-01 22:52:59.386229,2026-05-01 22:52:59.386229,-17,3
3638,173,35,15,7,3,0,0,2,4,1,4,9,6,6,1,26,3,2026-05-01 22:52:59.386229,2026-05-01 22:52:59.386229,-7,3
3639,173,25,5,0,1,0,0,1,2,1,2,6,0,0,2,18,1,2026-05-01 22:52:59.386229,2026-05-01 22:52:59.386229,-21,3
3640,173,32,6,1,0,0,0,3,6,2,2,10,0,0,5,17,3,2026-05-01 22:52:59.386229,2026-05-01 22:52:59.386229,-21,3
3641,173,42,14,2,0,0,1,0,8,3,4,12,3,3,1,21,1,2026-05-01 22:52:59.386229,2026-05-01 22:52:59.386229,5,3
3642,173,29,12,3,1,2,0,5,1,0,6,13,1,0,1,31,4,2026-05-01 22:52:59.386229,2026-05-01 22:52:59.386229,4,3
3643,173,577,4,2,1,1,2,1,0,0,2,5,0,0,5,23,0,2026-05-01 22:52:59.386229,2026-05-01 22:52:59.386229,8,3
3644,173,21,11,3,1,2,0,2,11,3,3,11,2,2,1,27,2,2026-05-01 22:52:59.386229,2026-05-01 22:52:59.386229,11,3
3645,173,23,6,6,4,3,1,1,2,0,0,6,8,6,0,24,3,2026-05-01 22:52:59.386229,2026-05-01 22:52:59.386229,4,3
3646,173,24,10,1,1,0,1,3,3,2,4,5,0,0,0,11,3,2026-05-01 22:52:59.386229,2026-05-01 22:52:59.386229,18,3
3647,174,368,8,3,4,3,0,4,1,0,4,8,0,0,1,29,3,2026-05-01 22:52:59.386229,2026-05-01 22:52:59.386229,14,1
3648,174,374,23,6,4,0,0,12,5,2,10,20,2,1,3,34,1,2026-05-01 22:52:59.386229,2026-05-01 22:52:59.386229,23,1
3649,174,380,4,4,0,1,0,4,4,0,2,6,0,0,1,27,5,2026-05-01 22:52:59.386229,2026-05-01 22:52:59.386229,16,1
3650,174,367,20,2,1,3,1,1,7,3,7,14,3,3,2,34,5,2026-05-01 22:52:59.386229,2026-05-01 22:52:59.386229,24,1
3651,174,378,30,3,0,1,0,2,10,7,10,18,4,3,2,26,4,2026-05-01 22:52:59.386229,2026-05-01 22:52:59.386229,17,1
3652,174,382,7,5,1,0,0,2,4,1,2,7,2,2,3,20,0,2026-05-01 22:52:59.386229,2026-05-01 22:52:59.386229,4,1
3653,174,331,3,0,0,0,0,1,3,1,1,3,0,0,0,11,0,2026-05-01 22:52:59.386229,2026-05-01 22:52:59.386229,0,1
3654,174,498,10,2,4,0,0,1,0,0,5,7,2,0,0,17,0,2026-05-01 22:52:59.386229,2026-05-01 22:52:59.386229,9,1
3655,174,372,0,2,0,2,0,0,1,0,0,2,0,0,0,13,0,2026-05-01 22:52:59.386229,2026-05-01 22:52:59.386229,0,1
3656,174,376,13,3,1,0,0,1,2,0,4,7,5,5,0,14,1,2026-05-01 22:52:59.386229,2026-05-01 22:52:59.386229,8,1
3657,174,496,2,0,0,0,0,0,0,0,1,1,0,0,1,2,0,2026-05-01 22:52:59.386229,2026-05-01 22:52:59.386229,0,1
3658,174,373,0,0,0,0,0,0,0,0,0,0,0,0,0,2,0,2026-05-01 22:52:59.386229,2026-05-01 22:52:59.386229,0,1
3659,174,383,2,2,0,0,0,1,1,0,1,2,0,0,0,2,0,2026-05-01 22:52:59.386229,2026-05-01 22:52:59.386229,0,1
3660,174,370,0,0,0,0,0,0,0,0,0,0,0,0,0,2,0,2026-05-01 22:52:59.386229,2026-05-01 22:52:59.386229,0,1
3661,174,272,11,4,0,1,0,1,3,0,5,8,2,1,5,24,2,2026-05-01 22:52:59.386229,2026-05-01 22:52:59.386229,-12,17
3662,174,278,7,2,0,0,0,1,0,0,2,2,4,3,4,25,2,2026-05-01 22:52:59.386229,2026-05-01 22:52:59.386229,-7,17
3663,174,280,8,6,0,0,0,3,4,1,3,7,1,1,1,24,3,2026-05-01 22:52:59.386229,2026-05-01 22:52:59.386229,-16,17
3664,174,274,18,6,1,2,1,7,2,0,7,13,4,4,3,30,4,2026-05-01 22:52:59.386229,2026-05-01 22:52:59.386229,-19,17
3665,174,277,22,2,1,0,2,8,7,4,8,11,2,2,1,30,1,2026-05-01 22:52:59.386229,2026-05-01 22:52:59.386229,-13,17
3666,174,269,9,2,0,0,0,0,5,2,3,6,1,1,2,20,1,2026-05-01 22:52:59.386229,2026-05-01 22:52:59.386229,-5,17
3667,174,276,0,2,0,1,0,1,0,0,0,0,0,0,0,11,1,2026-05-01 22:52:59.386229,2026-05-01 22:52:59.386229,-9,17
3668,174,275,14,4,2,1,0,1,7,3,5,15,2,1,2,26,1,2026-05-01 22:52:59.386229,2026-05-01 22:52:59.386229,-16,17
3669,174,273,3,1,0,0,0,2,2,1,1,2,2,0,1,15,3,2026-05-01 22:52:59.386229,2026-05-01 22:52:59.386229,-8,17
3670,174,31,0,0,0,0,0,0,1,0,0,3,0,0,0,3,0,2026-05-01 22:52:59.386229,2026-05-01 22:52:59.386229,-4,17
3671,174,279,5,1,0,0,0,0,5,1,2,7,0,0,0,13,0,2026-05-01 22:52:59.386229,2026-05-01 22:52:59.386229,-2,17
3672,174,270,0,0,0,0,0,0,1,0,0,1,0,0,0,5,0,2026-05-01 22:52:59.386229,2026-05-01 22:52:59.386229,-6,17
3673,174,271,2,1,1,0,0,0,0,0,1,1,0,0,1,4,0,2026-05-01 22:52:59.386229,2026-05-01 22:52:59.386229,1,17
3674,174,266,0,1,0,0,1,0,0,0,0,0,0,0,0,4,0,2026-05-01 22:52:59.386229,2026-05-01 22:52:59.386229,1,17
3675,175,540,9,4,1,0,0,3,3,1,2,6,4,4,1,33,1,2026-05-01 22:52:59.386229,2026-05-01 22:52:59.386229,13,27
3676,175,529,9,3,1,2,1,2,6,1,4,11,0,0,0,33,2,2026-05-01 22:52:59.386229,2026-05-01 22:52:59.386229,7,27
3677,175,542,32,10,2,2,4,8,10,5,13,24,2,1,2,31,3,2026-05-01 22:52:59.386229,2026-05-01 22:52:59.386229,6,27
3678,175,530,17,4,2,2,1,4,4,1,6,16,5,4,1,34,3,2026-05-01 22:52:59.386229,2026-05-01 22:52:59.386229,4,27
3679,175,528,15,6,1,1,0,10,3,1,5,11,4,4,6,29,5,2026-05-01 22:52:59.386229,2026-05-01 22:52:59.386229,22,27
3680,175,533,13,4,1,0,0,0,2,1,6,9,0,0,0,20,2,2026-05-01 22:52:59.386229,2026-05-01 22:52:59.386229,11,27
3681,175,535,10,4,4,0,0,1,0,0,4,4,2,2,0,19,0,2026-05-01 22:53:00.725148,2026-05-01 22:53:00.725148,7,27
3682,175,525,2,1,2,0,0,0,1,0,0,3,2,2,1,21,1,2026-05-01 22:53:00.725148,2026-05-01 22:53:00.725148,-2,27
3683,175,527,8,3,1,0,0,1,4,1,3,8,2,1,0,16,3,2026-05-01 22:53:00.725148,2026-05-01 22:53:00.725148,-3,27
3684,175,392,20,3,3,0,0,3,10,3,6,14,6,5,0,31,1,2026-05-01 22:53:00.725148,2026-05-01 22:53:00.725148,-8,4
3685,175,385,22,4,0,1,0,2,8,4,8,16,2,2,2,33,2,2026-05-01 22:53:00.725148,2026-05-01 22:53:00.725148,-21,4
3686,175,387,4,3,2,0,0,3,0,0,2,7,0,0,1,21,2,2026-05-01 22:53:00.725148,2026-05-01 22:53:00.725148,-13,4
3687,175,395,6,6,0,1,0,3,7,2,2,14,0,0,3,32,3,2026-05-01 22:53:00.725148,2026-05-01 22:53:00.725148,-21,4
3688,175,384,17,3,1,3,1,2,10,4,6,13,2,1,1,21,4,2026-05-01 22:53:00.725148,2026-05-01 22:53:00.725148,-22,4
3689,175,391,3,2,1,1,3,1,1,0,1,2,2,1,1,17,2,2026-05-01 22:53:00.725148,2026-05-01 22:53:00.725148,-1,4
3690,175,388,6,0,1,0,0,0,3,2,2,3,0,0,0,18,1,2026-05-01 22:53:00.725148,2026-05-01 22:53:00.725148,16,4
3691,175,401,6,2,1,0,4,1,7,1,1,8,3,3,1,21,2,2026-05-01 22:53:00.725148,2026-05-01 22:53:00.725148,3,4
3692,175,209,18,2,2,1,2,2,7,2,7,15,2,2,0,26,1,2026-05-01 22:53:00.725148,2026-05-01 22:53:00.725148,4,4
3693,175,390,0,3,0,0,0,1,1,0,0,1,0,0,0,14,3,2026-05-01 22:53:00.725148,2026-05-01 22:53:00.725148,-2,4
3694,176,41,12,5,1,0,0,2,11,4,4,11,0,0,1,26,3,2026-05-01 22:53:00.725148,2026-05-01 22:53:00.725148,29,2
3695,176,48,20,13,1,2,0,7,9,2,8,19,2,2,1,32,2,2026-05-01 22:53:00.725148,2026-05-01 22:53:00.725148,18,2
3696,176,44,24,4,6,1,2,3,0,0,11,13,3,2,2,31,2,2026-05-01 22:53:00.725148,2026-05-01 22:53:00.725148,14,2
3697,176,37,16,2,2,1,0,3,5,0,6,13,4,4,3,30,1,2026-05-01 22:53:00.725148,2026-05-01 22:53:00.725148,8,2
3698,176,51,15,3,3,1,1,5,8,3,3,11,6,6,2,35,1,2026-05-01 22:53:00.725148,2026-05-01 22:53:00.725148,33,2
3699,176,43,4,4,0,2,1,4,4,0,2,11,0,0,0,30,1,2026-05-01 22:53:00.725148,2026-05-01 22:53:00.725148,-6,2
3700,176,45,3,5,4,1,0,2,7,1,1,8,0,0,1,24,2,2026-05-01 22:53:00.725148,2026-05-01 22:53:00.725148,-6,2
3701,176,39,0,0,0,0,0,0,0,0,0,0,0,0,0,9,3,2026-05-01 22:53:00.725148,2026-05-01 22:53:00.725148,-22,2
3702,176,38,15,0,1,0,0,3,2,2,5,6,4,3,2,15,4,2026-05-01 22:53:00.725148,2026-05-01 22:53:00.725148,2,2
3703,176,46,0,0,0,0,0,0,0,0,0,0,0,0,0,1,0,2026-05-01 22:53:00.725148,2026-05-01 22:53:00.725148,-5,2
3704,176,40,0,0,0,0,0,0,0,0,0,0,0,0,1,1,1,2026-05-01 22:53:00.725148,2026-05-01 22:53:00.725148,-5,2
3705,176,52,2,0,1,0,0,0,0,0,1,1,0,0,1,1,0,2026-05-01 22:53:00.725148,2026-05-01 22:53:00.725148,-5,2
3706,176,441,12,3,1,1,2,1,5,2,4,10,2,2,1,24,1,2026-05-01 22:53:00.725148,2026-05-01 22:53:00.725148,-15,30
3707,176,447,5,3,2,0,0,3,3,1,2,6,0,0,2,29,1,2026-05-01 22:53:00.725148,2026-05-01 22:53:00.725148,-17,30
3708,176,448,4,5,0,2,1,0,5,1,1,9,2,1,3,22,1,2026-05-01 22:53:00.725148,2026-05-01 22:53:00.725148,-25,30
3709,176,445,7,1,0,0,0,2,7,1,3,13,0,0,1,24,4,2026-05-01 22:53:00.725148,2026-05-01 22:53:00.725148,-23,30
3710,176,452,11,3,1,0,0,6,2,0,5,10,2,1,1,24,2,2026-05-01 22:53:00.725148,2026-05-01 22:53:00.725148,-23,30
3711,176,438,2,2,1,0,1,8,0,0,1,2,0,0,1,21,1,2026-05-01 22:53:00.725148,2026-05-01 22:53:00.725148,8,30
3712,176,439,10,4,0,2,0,1,1,0,3,6,5,4,0,21,2,2026-05-01 22:53:00.725148,2026-05-01 22:53:00.725148,8,30
3713,176,449,22,3,0,1,0,1,7,6,7,9,2,2,2,20,2,2026-05-01 22:53:00.725148,2026-05-01 22:53:00.725148,21,30
3714,176,450,15,3,3,2,0,2,6,2,6,11,4,1,1,23,3,2026-05-01 22:53:00.725148,2026-05-01 22:53:00.725148,12,30
3715,176,440,0,0,0,0,0,2,1,0,0,2,0,0,0,7,0,2026-05-01 22:53:00.725148,2026-05-01 22:53:00.725148,-11,30
3716,176,443,0,0,0,0,0,1,0,0,0,1,0,0,0,5,0,2026-05-01 22:53:00.725148,2026-05-01 22:53:00.725148,-7,30
3717,176,459,12,2,1,1,0,1,2,2,5,5,0,0,1,15,1,2026-05-01 22:53:00.725148,2026-05-01 22:53:00.725148,17,30
3718,177,411,15,2,1,2,0,3,3,2,4,7,5,5,1,35,3,2026-05-01 22:53:00.725148,2026-05-01 22:53:00.725148,6,16
3719,177,402,20,6,1,4,2,1,7,2,6,15,10,6,2,38,2,2026-05-01 22:53:00.725148,2026-05-01 22:53:00.725148,-2,16
3720,177,416,13,7,3,1,2,1,3,1,5,8,2,2,1,27,3,2026-05-01 22:53:00.725148,2026-05-01 22:53:00.725148,-17,16
3721,177,406,10,6,0,0,1,5,8,2,4,14,0,0,2,31,3,2026-05-01 22:53:00.725148,2026-05-01 22:53:00.725148,-4,16
3722,177,412,14,2,0,0,0,4,4,2,5,8,2,2,1,25,3,2026-05-01 22:53:00.725148,2026-05-01 22:53:00.725148,-9,16
3723,177,404,0,0,1,1,0,0,1,0,0,1,0,0,0,2,0,2026-05-01 22:53:00.725148,2026-05-01 22:53:00.725148,-5,16
3724,177,408,22,1,1,3,0,7,3,1,9,16,4,3,2,30,4,2026-05-01 22:53:00.725148,2026-05-01 22:53:00.725148,11,16
3725,177,413,20,1,0,1,0,3,5,1,7,15,5,5,1,31,1,2026-05-01 22:53:00.725148,2026-05-01 22:53:00.725148,3,16
3726,177,407,3,0,0,1,0,1,4,1,1,4,0,0,0,18,2,2026-05-01 22:53:00.725148,2026-05-01 22:53:00.725148,-3,16
3727,177,426,11,6,2,3,0,2,4,1,5,12,0,0,3,31,1,2026-05-01 22:53:00.725148,2026-05-01 22:53:00.725148,1,22
3728,177,419,27,6,2,0,0,7,3,1,8,14,10,10,4,37,3,2026-05-01 22:53:00.725148,2026-05-01 22:53:00.725148,-2,22
3729,177,424,15,6,2,0,0,2,3,1,5,8,4,4,1,34,5,2026-05-01 22:53:00.725148,2026-05-01 22:53:00.725148,7,22
3730,177,420,21,3,1,0,1,4,5,1,8,17,4,4,3,34,6,2026-05-01 22:53:00.725148,2026-05-01 22:53:00.725148,4,22
3731,177,433,14,4,1,1,0,6,9,2,6,17,2,0,3,34,0,2026-05-01 22:53:00.725148,2026-05-01 22:53:00.725148,-1,22
3732,177,430,7,3,0,2,0,2,2,1,2,4,2,2,0,19,3,2026-05-01 22:53:00.725148,2026-05-01 22:53:00.725148,0,22
3733,177,193,7,2,0,0,0,3,2,1,3,5,0,0,1,16,1,2026-05-01 22:53:00.725148,2026-05-01 22:53:00.725148,10,22
3734,177,423,12,5,2,0,1,0,4,2,5,8,0,0,2,18,2,2026-05-01 22:53:00.725148,2026-05-01 22:53:00.725148,4,22
3735,177,435,7,3,1,0,0,0,0,0,2,4,3,3,2,13,2,2026-05-01 22:53:00.725148,2026-05-01 22:53:00.725148,-3,22
3736,178,320,17,6,0,2,0,5,3,1,7,13,3,2,5,40,2,2026-05-01 22:53:00.725148,2026-05-01 22:53:00.725148,6,14
3737,178,326,21,2,1,5,1,2,12,5,8,15,0,0,0,35,2,2026-05-01 22:53:00.725148,2026-05-01 22:53:00.725148,16,14
3738,178,315,9,5,4,0,1,2,0,0,4,6,4,1,2,27,3,2026-05-01 22:53:00.725148,2026-05-01 22:53:00.725148,1,14
3739,178,325,32,6,1,1,1,6,8,3,12,21,6,5,3,45,3,2026-05-01 22:53:00.725148,2026-05-01 22:53:00.725148,7,14
3740,178,316,30,11,0,1,3,13,14,4,10,26,9,6,6,43,3,2026-05-01 22:53:00.725148,2026-05-01 22:53:00.725148,-4,14
3741,178,317,6,3,1,0,0,0,3,0,3,6,0,0,0,25,2,2026-05-01 22:53:00.725148,2026-05-01 22:53:00.725148,-8,14
3742,178,375,3,1,0,0,0,2,2,1,1,2,0,0,0,16,0,2026-05-01 22:53:00.725148,2026-05-01 22:53:00.725148,-9,14
3743,178,318,5,4,0,1,0,0,0,0,1,2,4,3,0,20,4,2026-05-01 22:53:00.725148,2026-05-01 22:53:00.725148,-2,14
3744,178,323,4,1,0,0,0,1,0,0,2,2,0,0,0,11,1,2026-05-01 22:53:00.725148,2026-05-01 22:53:00.725148,3,14
3745,178,110,18,4,0,1,1,3,10,4,6,13,2,2,2,43,5,2026-05-01 22:53:00.725148,2026-05-01 22:53:00.725148,15,8
3746,178,107,27,3,2,0,2,2,10,5,9,16,7,4,3,34,1,2026-05-01 22:53:00.725148,2026-05-01 22:53:00.725148,-3,8
3747,178,111,24,14,2,5,1,14,6,2,10,19,2,2,4,43,2,2026-05-01 22:53:00.725148,2026-05-01 22:53:00.725148,6,8
3748,178,105,12,1,0,1,0,3,2,0,5,9,2,2,1,33,3,2026-05-01 22:53:00.725148,2026-05-01 22:53:00.725148,-6,8
3749,178,114,5,5,1,2,0,6,7,1,1,14,3,2,2,36,6,2026-05-01 22:53:00.725148,2026-05-01 22:53:00.725148,-9,8
3750,178,108,20,1,0,2,0,3,10,4,6,13,4,4,1,28,1,2026-05-01 22:53:00.725148,2026-05-01 22:53:00.725148,2,8
3751,178,113,5,1,2,1,0,0,1,1,2,4,0,0,0,23,4,2026-05-01 22:53:00.725148,2026-05-01 22:53:00.725148,-2,8
3752,178,106,12,4,0,1,1,2,3,2,4,6,2,2,0,19,0,2026-05-01 22:53:00.725148,2026-05-01 22:53:00.725148,-5,8
3753,178,119,2,1,0,0,0,0,0,0,1,1,0,0,2,3,0,2026-05-01 22:53:00.725148,2026-05-01 22:53:00.725148,-8,8
3754,179,308,31,4,2,2,0,0,6,2,13,23,6,3,3,25,2,2026-05-01 22:53:00.725148,2026-05-01 22:53:00.725148,-16,13
3755,179,307,2,1,2,1,1,1,1,0,1,4,0,0,2,32,1,2026-05-01 22:53:00.725148,2026-05-01 22:53:00.725148,-16,13
3756,179,309,0,0,0,1,2,2,1,0,0,2,0,0,0,21,1,2026-05-01 22:53:00.725148,2026-05-01 22:53:00.725148,-13,13
3757,179,305,5,5,1,4,0,2,2,1,2,7,0,0,0,28,4,2026-05-01 22:53:00.725148,2026-05-01 22:53:00.725148,0,13
3758,179,214,25,3,0,1,0,7,10,5,9,20,2,2,1,30,0,2026-05-01 22:53:00.725148,2026-05-01 22:53:00.725148,17,13
3759,179,253,24,6,0,0,1,1,4,0,7,15,11,10,3,35,1,2026-05-01 22:53:00.725148,2026-05-01 22:53:00.725148,-11,13
3760,179,304,10,0,3,2,1,0,3,1,2,5,6,5,1,20,2,2026-05-01 22:53:00.725148,2026-05-01 22:53:00.725148,-5,13
3761,179,310,6,0,0,1,0,2,0,0,3,4,2,0,2,23,0,2026-05-01 22:53:00.725148,2026-05-01 22:53:00.725148,-11,13
3762,179,250,6,7,1,1,3,4,0,0,2,4,2,2,1,22,2,2026-05-01 22:53:00.725148,2026-05-01 22:53:00.725148,10,13
3763,179,313,0,0,0,0,0,0,0,0,0,0,0,0,0,0,0,2026-05-01 22:53:00.725148,2026-05-01 22:53:00.725148,0,13
3764,179,353,27,0,0,1,0,7,1,0,11,14,5,5,4,36,4,2026-05-01 22:53:00.725148,2026-05-01 22:53:00.725148,9,26
3765,179,349,25,10,3,0,4,1,4,3,10,14,2,2,2,36,4,2026-05-01 22:53:00.725148,2026-05-01 22:53:00.725148,18,26
3766,179,361,23,4,1,0,0,2,0,0,11,12,3,1,4,30,3,2026-05-01 22:53:00.725148,2026-05-01 22:53:00.725148,7,26
3767,179,352,11,4,0,2,0,4,5,3,4,11,2,0,1,35,4,2026-05-01 22:53:00.725148,2026-05-01 22:53:00.725148,-2,26
3768,179,366,12,10,2,4,0,10,8,2,4,15,4,2,4,36,2,2026-05-01 22:53:00.725148,2026-05-01 22:53:00.725148,14,26
3769,179,360,15,4,1,2,0,2,4,3,6,9,0,0,0,31,4,2026-05-01 22:53:00.725148,2026-05-01 22:53:00.725148,10,26
3770,179,357,3,0,0,0,0,0,4,1,1,4,0,0,1,13,0,2026-05-01 22:53:00.725148,2026-05-01 22:53:00.725148,-5,26
3771,179,350,0,4,2,0,0,1,0,0,0,1,0,0,0,12,3,2026-05-01 22:53:00.725148,2026-05-01 22:53:00.725148,-4,26
3772,179,558,2,3,0,0,0,2,1,0,1,2,0,0,3,7,1,2026-05-01 22:53:00.725148,2026-05-01 22:53:00.725148,-2,26
3773,180,142,3,0,0,1,0,0,2,0,0,4,4,3,0,17,0,2026-05-01 22:53:00.725148,2026-05-01 22:53:00.725148,-6,21
3774,180,145,21,6,3,3,1,2,4,1,9,13,2,2,0,32,2,2026-05-01 22:53:00.725148,2026-05-01 22:53:00.725148,23,21
3775,180,144,0,8,4,0,2,3,0,0,0,3,0,0,1,20,3,2026-05-01 22:53:00.725148,2026-05-01 22:53:00.725148,13,21
3776,180,147,11,2,3,2,0,3,4,1,4,13,2,2,2,26,1,2026-05-01 22:53:00.725148,2026-05-01 22:53:00.725148,1,21
3777,180,143,20,2,1,2,1,10,4,2,7,22,5,4,1,33,3,2026-05-01 22:53:00.725148,2026-05-01 22:53:00.725148,3,21
3778,180,140,17,1,1,3,0,1,3,1,6,10,4,4,0,21,0,2026-05-01 22:53:00.725148,2026-05-01 22:53:00.725148,-3,21
3779,180,150,4,4,2,3,2,7,0,0,1,4,2,2,0,25,1,2026-05-01 22:53:00.725148,2026-05-01 22:53:00.725148,11,21
3780,180,153,5,2,1,1,0,2,5,1,2,7,0,0,2,18,2,2026-05-01 22:53:00.725148,2026-05-01 22:53:00.725148,-2,21
3781,180,151,0,0,0,0,0,0,1,0,0,1,0,0,0,5,2,2026-05-01 22:53:00.725148,2026-05-01 22:53:00.725148,-11,21
3782,180,146,20,4,0,0,0,0,8,4,8,14,0,0,1,21,2,2026-05-01 22:53:00.725148,2026-05-01 22:53:00.725148,23,21
3783,180,83,15,0,0,1,0,0,9,5,5,10,0,0,0,17,0,2026-05-01 22:53:00.725148,2026-05-01 22:53:00.725148,13,21
3784,180,132,2,1,0,0,0,1,2,0,1,3,0,0,2,16,4,2026-05-01 22:53:00.725148,2026-05-01 22:53:00.725148,-17,18
3785,180,134,32,5,2,0,1,6,5,3,11,18,8,7,1,35,4,2026-05-01 22:53:00.725148,2026-05-01 22:53:00.725148,-5,18
3786,180,128,2,6,1,1,0,2,0,0,1,4,0,0,4,28,1,2026-05-01 22:53:00.725148,2026-05-01 22:53:00.725148,-23,18
3787,180,126,19,5,1,1,1,5,5,2,6,17,10,5,6,37,5,2026-05-01 22:53:00.725148,2026-05-01 22:53:00.725148,-7,18
3788,180,124,16,9,0,0,0,1,7,4,6,9,0,0,1,29,1,2026-05-01 22:53:00.725148,2026-05-01 22:53:00.725148,-7,18
3789,180,195,18,4,0,0,0,0,5,4,7,9,0,0,2,32,1,2026-05-01 22:53:00.725148,2026-05-01 22:53:00.725148,-3,18
3790,180,135,6,3,1,2,0,0,3,0,1,5,4,4,4,28,3,2026-05-01 22:53:00.725148,2026-05-01 22:53:00.725148,-4,18
3791,180,174,0,3,2,1,0,0,0,0,0,1,0,0,2,12,0,2026-05-01 22:53:00.725148,2026-05-01 22:53:00.725148,-2,18
3792,180,129,3,0,0,0,2,2,4,1,1,5,0,0,0,13,0,2026-05-01 22:53:00.725148,2026-05-01 22:53:00.725148,-9,18
3793,180,136,3,0,0,0,0,1,1,1,1,2,0,0,0,1,0,2026-05-01 22:53:00.725148,2026-05-01 22:53:00.725148,3,18
3794,180,137,2,0,1,0,1,0,0,0,1,3,0,0,0,1,0,2026-05-01 22:53:00.725148,2026-05-01 22:53:00.725148,3,18
3795,180,130,0,1,0,0,0,0,0,0,0,0,0,0,0,1,0,2026-05-01 22:53:00.725148,2026-05-01 22:53:00.725148,3,18
3796,180,122,0,1,0,0,0,0,1,0,0,1,0,0,0,1,0,2026-05-01 22:53:00.725148,2026-05-01 22:53:00.725148,3,18
3797,181,354,5,2,3,0,1,3,5,1,2,7,0,0,2,31,2,2026-05-01 22:53:00.725148,2026-05-01 22:53:00.725148,-2,6
3798,181,227,12,4,1,0,0,0,5,2,5,9,0,0,0,26,2,2026-05-01 22:53:00.725148,2026-05-01 22:53:00.725148,-12,6
3799,181,219,18,8,3,0,4,4,3,0,8,14,5,2,4,36,3,2026-05-01 22:53:00.725148,2026-05-01 22:53:00.725148,-2,6
3800,181,218,26,1,0,2,0,11,11,4,10,24,2,2,1,39,2,2026-05-01 22:53:00.725148,2026-05-01 22:53:00.725148,-4,6
3801,181,306,13,5,0,1,0,7,5,1,4,12,5,4,6,37,2,2026-05-01 22:53:00.725148,2026-05-01 22:53:00.725148,-5,6
3802,181,364,8,1,0,0,0,6,0,0,4,5,1,0,1,21,1,2026-05-01 22:53:00.725148,2026-05-01 22:53:00.725148,-9,6
3803,181,223,24,5,3,0,0,1,7,6,7,9,4,4,1,22,5,2026-05-01 22:53:00.725148,2026-05-01 22:53:00.725148,0,6
3804,181,213,10,2,0,1,0,0,3,2,3,4,4,2,0,12,2,2026-05-01 22:53:00.725148,2026-05-01 22:53:00.725148,-7,6
3805,181,224,4,0,0,1,0,0,2,0,2,4,0,0,1,12,2,2026-05-01 22:53:00.725148,2026-05-01 22:53:00.725148,-9,6
3806,181,463,25,3,2,1,0,7,1,1,8,12,8,8,3,32,1,2026-05-01 22:53:00.725148,2026-05-01 22:53:00.725148,10,7
3807,181,457,27,6,0,0,2,10,3,1,10,17,8,6,3,32,4,2026-05-01 22:53:00.725148,2026-05-01 22:53:00.725148,2,7
3808,181,469,20,6,5,5,1,2,4,3,8,16,2,1,0,33,2,2026-05-01 22:53:00.725148,2026-05-01 22:53:00.725148,17,7
3809,181,453,9,2,0,1,1,5,3,2,3,4,1,1,0,29,0,2026-05-01 22:53:00.725148,2026-05-01 22:53:00.725148,4,7
3810,181,465,11,3,0,2,0,3,7,3,4,10,0,0,0,24,2,2026-05-01 22:53:00.725148,2026-05-01 22:53:00.725148,15,7
3811,181,436,6,5,0,0,1,0,2,1,2,4,2,1,2,15,4,2026-05-01 22:53:00.725148,2026-05-01 22:53:00.725148,-2,7
3812,181,470,12,2,0,2,0,5,1,0,4,7,4,4,0,23,1,2026-05-01 22:53:00.725148,2026-05-01 22:53:00.725148,-5,7
3813,181,464,5,1,0,0,0,0,1,1,1,2,2,2,1,7,0,2026-05-01 22:53:00.725148,2026-05-01 22:53:00.725148,-4,7
3814,181,446,5,4,1,1,0,2,4,1,2,9,0,0,2,24,4,2026-05-01 22:53:00.725148,2026-05-01 22:53:00.725148,2,7
3815,181,567,10,3,0,1,0,0,4,2,4,6,0,0,1,14,3,2026-05-01 22:53:00.725148,2026-05-01 22:53:00.725148,10,7
3816,181,466,0,0,1,0,0,1,0,0,0,0,0,0,0,2,0,2026-05-01 22:53:00.725148,2026-05-01 22:53:00.725148,1,7
3817,182,93,34,0,1,0,0,0,9,4,12,25,8,6,3,38,2,2026-05-01 22:53:00.725148,2026-05-01 22:53:00.725148,14,28
3818,182,88,14,5,5,1,3,8,1,0,5,11,5,4,1,37,2,2026-05-01 22:53:00.725148,2026-05-01 22:53:00.725148,22,28
3819,182,99,21,9,9,0,1,5,0,0,9,12,5,3,0,36,3,2026-05-01 22:53:00.725148,2026-05-01 22:53:00.725148,2,28
3820,182,89,27,4,2,1,0,2,4,1,11,17,4,4,3,39,3,2026-05-01 22:53:00.725148,2026-05-01 22:53:00.725148,3,28
3821,182,100,6,1,0,3,0,7,6,1,1,12,4,3,1,33,1,2026-05-01 22:53:00.725148,2026-05-01 22:53:00.725148,14,28
3822,182,103,3,2,0,2,0,0,2,1,1,2,0,0,0,11,4,2026-05-01 22:53:00.725148,2026-05-01 22:53:00.725148,-8,28
3823,182,101,4,2,0,0,1,3,2,0,1,4,2,2,0,24,0,2026-05-01 22:53:00.725148,2026-05-01 22:53:00.725148,-2,28
3824,182,95,8,3,2,2,0,0,4,1,3,7,2,1,2,14,2,2026-05-01 22:53:00.725148,2026-05-01 22:53:00.725148,8,28
3825,182,97,2,2,1,0,0,0,0,0,1,1,0,0,0,2,3,2026-05-01 22:53:00.725148,2026-05-01 22:53:00.725148,2,28
3826,182,245,4,0,1,1,1,3,0,0,2,8,2,0,1,24,2,2026-05-01 22:53:00.725148,2026-05-01 22:53:00.725148,-9,9
3827,182,231,21,4,1,0,0,2,3,3,9,12,0,0,1,32,1,2026-05-01 22:53:00.725148,2026-05-01 22:53:00.725148,-2,9
3828,182,229,20,7,4,0,0,0,0,0,8,11,7,4,1,36,3,2026-05-01 22:53:00.725148,2026-05-01 22:53:00.725148,-7,9
3829,182,241,1,3,0,0,0,3,2,0,0,2,2,1,1,24,5,2026-05-01 22:53:00.725148,2026-05-01 22:53:00.725148,2,9
3830,182,228,33,2,1,2,0,9,8,2,12,24,8,7,4,37,4,2026-05-01 22:53:00.725148,2026-05-01 22:53:00.725148,-13,9
3831,182,199,3,1,0,1,0,1,3,1,1,3,0,0,1,13,1,2026-05-01 22:53:00.725148,2026-05-01 22:53:00.725148,-2,9
3832,182,238,9,1,2,1,1,1,4,2,3,8,2,1,1,20,1,2026-05-01 22:53:00.725148,2026-05-01 22:53:00.725148,-8,9
3833,182,232,2,2,0,0,0,1,1,0,1,4,0,0,0,13,2,2026-05-01 22:53:00.725148,2026-05-01 22:53:00.725148,-10,9
3834,182,240,4,4,2,0,3,0,0,0,2,4,0,0,2,11,2,2026-05-01 22:53:00.725148,2026-05-01 22:53:00.725148,-4,9
3835,182,230,8,2,1,1,0,1,2,1,2,3,3,3,0,14,1,2026-05-01 22:53:00.725148,2026-05-01 22:53:00.725148,-4,9
3836,182,242,3,0,1,0,0,2,3,1,1,6,0,0,1,11,4,2026-05-01 22:53:00.725148,2026-05-01 22:53:00.725148,2,9
3837,183,272,8,3,0,2,1,8,6,2,3,7,0,0,1,35,2,2026-05-01 22:53:00.725148,2026-05-01 22:53:00.725148,-1,17
3838,183,265,31,8,6,0,0,8,0,0,11,22,13,9,1,23,1,2026-05-01 22:53:00.725148,2026-05-01 22:53:00.725148,17,17
3839,183,280,13,4,0,1,1,0,6,3,4,7,2,2,1,29,3,2026-05-01 22:53:00.725148,2026-05-01 22:53:00.725148,6,17
3840,183,269,12,2,0,0,0,1,7,4,4,7,0,0,1,24,0,2026-05-01 22:53:00.725148,2026-05-01 22:53:00.725148,8,17
3841,183,277,20,2,0,3,0,7,5,3,8,12,2,1,3,36,2,2026-05-01 22:53:00.725148,2026-05-01 22:53:00.725148,14,17
3842,183,276,13,2,0,1,0,2,5,3,5,7,0,0,1,22,3,2026-05-01 22:53:00.725148,2026-05-01 22:53:00.725148,13,17
3843,183,278,2,0,3,0,0,1,0,0,1,3,0,0,0,14,3,2026-05-01 22:53:00.725148,2026-05-01 22:53:00.725148,1,17
3844,183,270,6,0,0,1,0,1,4,2,2,4,0,0,0,21,2,2026-05-01 22:53:00.725148,2026-05-01 22:53:00.725148,-2,17
3845,183,275,29,6,4,2,0,3,11,6,11,21,2,1,1,26,1,2026-05-01 22:53:00.725148,2026-05-01 22:53:00.725148,-4,17
3846,183,273,0,0,0,0,0,0,0,0,0,0,0,0,0,3,0,2026-05-01 22:53:00.725148,2026-05-01 22:53:00.725148,1,17
3847,183,271,0,0,0,0,0,0,0,0,0,0,0,0,0,0,0,2026-05-01 22:53:00.725148,2026-05-01 22:53:00.725148,1,17
3848,183,266,0,0,0,0,0,0,0,0,0,0,0,0,0,0,0,2026-05-01 22:53:00.725148,2026-05-01 22:53:00.725148,1,17
3849,183,569,3,4,0,2,2,0,3,1,1,4,0,0,2,26,5,2026-05-01 22:53:00.725148,2026-05-01 22:53:00.725148,-4,12
3850,183,263,14,5,3,0,1,6,6,2,6,12,2,0,0,29,0,2026-05-01 22:53:00.725148,2026-05-01 22:53:00.725148,-17,12
3851,183,314,10,4,3,0,0,2,0,0,4,10,2,2,1,23,4,2026-05-01 22:53:00.725148,2026-05-01 22:53:00.725148,1,12
3852,183,256,32,1,1,0,1,1,10,7,10,14,5,5,3,28,1,2026-05-01 22:53:00.725148,2026-05-01 22:53:00.725148,-7,12
3853,183,254,9,2,0,1,0,11,1,0,3,10,3,3,2,28,1,2026-05-01 22:53:00.725148,2026-05-01 22:53:00.725148,-8,12
3854,183,249,16,1,0,0,2,0,6,3,5,8,3,3,1,19,0,2026-05-01 22:53:00.725148,2026-05-01 22:53:00.725148,-15,12
3855,183,251,5,3,0,0,0,2,3,1,2,5,0,0,3,14,2,2026-05-01 22:53:00.725148,2026-05-01 22:53:00.725148,1,12
3856,183,302,9,3,3,0,0,5,3,2,3,4,2,1,2,24,2,2026-05-01 22:53:00.725148,2026-05-01 22:53:00.725148,-11,12
3857,183,257,9,0,0,0,0,0,2,1,3,4,3,2,1,13,0,2026-05-01 22:53:00.725148,2026-05-01 22:53:00.725148,-2,12
3858,183,262,11,4,0,0,0,3,7,3,3,7,3,2,2,16,0,2026-05-01 22:53:00.725148,2026-05-01 22:53:00.725148,2,12
3859,183,252,2,2,0,1,0,3,0,0,1,2,0,0,1,10,0,2026-05-01 22:53:00.725148,2026-05-01 22:53:00.725148,2,12
3860,183,258,3,1,0,1,0,1,1,1,1,1,0,0,0,4,0,2026-05-01 22:53:00.725148,2026-05-01 22:53:00.725148,3,12
3882,185,76,21,2,0,2,0,2,5,3,9,14,0,0,2,25,2,2026-05-01 22:53:00.725148,2026-05-01 22:53:00.725148,4,23
3883,185,70,11,3,0,3,0,2,2,1,4,6,2,2,1,20,2,2026-05-01 22:53:00.725148,2026-05-01 22:53:00.725148,14,23
3884,185,72,2,2,4,0,1,0,0,0,1,5,0,0,1,13,0,2026-05-01 22:53:00.725148,2026-05-01 22:53:00.725148,-8,23
3885,185,80,31,3,0,3,1,2,4,1,11,22,8,8,1,39,2,2026-05-01 22:53:00.725148,2026-05-01 22:53:00.725148,7,23
3886,185,75,18,8,4,0,2,3,5,1,8,18,1,1,1,34,4,2026-05-01 22:53:00.725148,2026-05-01 22:53:00.725148,10,23
3887,185,74,6,13,4,2,0,4,1,0,3,9,0,0,3,34,2,2026-05-01 22:53:00.725148,2026-05-01 22:53:00.725148,14,23
3888,185,555,11,2,0,1,0,1,3,1,5,12,0,0,1,20,0,2026-05-01 22:53:00.725148,2026-05-01 22:53:00.725148,-5,23
3889,185,86,7,0,2,1,0,3,2,0,3,7,2,1,0,27,5,2026-05-01 22:53:00.725148,2026-05-01 22:53:00.725148,-8,23
3890,185,71,2,2,0,1,0,0,1,0,0,2,2,2,2,14,2,2026-05-01 22:53:00.725148,2026-05-01 22:53:00.725148,1,23
3891,185,26,0,2,0,0,0,0,1,0,0,1,0,0,0,4,0,2026-05-01 22:53:00.725148,2026-05-01 22:53:00.725148,1,23
3892,185,81,0,0,0,0,0,0,1,0,0,1,0,0,0,5,0,2026-05-01 22:53:00.725148,2026-05-01 22:53:00.725148,0,23
3893,185,157,7,1,1,0,1,5,7,1,3,10,0,0,4,31,2,2026-05-01 22:53:00.725148,2026-05-01 22:53:00.725148,-11,25
3894,185,161,20,2,0,1,0,1,11,6,7,13,2,0,2,31,4,2026-05-01 22:53:00.725148,2026-05-01 22:53:00.725148,-8,25
3895,185,159,11,10,5,0,3,5,3,0,4,10,3,3,0,27,1,2026-05-01 22:53:00.725148,2026-05-01 22:53:00.725148,-12,25
3896,185,164,5,3,2,0,0,2,6,1,2,9,0,0,2,24,0,2026-05-01 22:53:00.725148,2026-05-01 22:53:00.725148,-23,25
3897,185,156,25,6,0,1,1,9,12,2,7,19,11,9,7,38,0,2026-05-01 22:53:00.725148,2026-05-01 22:53:00.725148,2,25
3898,185,163,11,3,0,2,1,2,5,2,4,14,3,1,1,24,2,2026-05-01 22:53:00.725148,2026-05-01 22:53:00.725148,6,25
3899,185,173,6,6,6,0,3,0,0,0,3,5,0,0,0,20,0,2026-05-01 22:53:00.725148,2026-05-01 22:53:00.725148,6,25
3900,185,171,5,2,1,1,0,2,3,1,2,4,0,0,1,14,1,2026-05-01 22:53:00.725148,2026-05-01 22:53:00.725148,3,25
3901,185,158,4,0,0,1,0,0,1,1,1,2,2,1,0,14,3,2026-05-01 22:53:00.725148,2026-05-01 22:53:00.725148,5,25
3902,185,377,9,1,0,0,0,0,5,3,3,6,0,0,1,13,1,2026-05-01 22:53:00.725148,2026-05-01 22:53:00.725148,2,25
3922,187,76,19,4,0,3,2,2,3,0,9,13,2,1,1,30,1,2026-05-01 22:53:00.725148,2026-05-01 22:53:00.725148,6,23
3926,191,53,14,1,3,0,0,1,4,2,3,6,6,6,1,29,3,2026-05-01 22:53:00.725148,2026-05-01 22:53:00.725148,0,20
3929,187,70,10,5,3,0,2,2,1,0,3,5,6,4,2,33,2,2026-05-01 22:53:00.725148,2026-05-01 22:53:00.725148,4,23
3930,191,59,7,9,3,0,0,5,1,1,3,6,0,0,1,30,3,2026-05-01 22:53:00.725148,2026-05-01 22:53:00.725148,17,20
3935,187,72,9,7,3,1,3,0,0,0,2,5,5,5,2,32,4,2026-05-01 22:53:00.725148,2026-05-01 22:53:00.725148,13,23
3936,191,67,17,7,5,1,1,2,2,0,7,12,4,3,3,30,2,2026-05-01 22:53:00.725148,2026-05-01 22:53:00.725148,0,20
3941,187,80,28,8,0,1,0,4,6,1,10,22,7,7,2,34,3,2026-05-01 22:53:00.725148,2026-05-01 22:53:00.725148,13,23
3942,191,54,7,1,2,1,2,2,6,1,3,10,0,0,1,21,2,2026-05-01 22:53:00.725148,2026-05-01 22:53:00.725148,-2,20
3947,187,75,16,4,0,2,1,7,3,0,6,13,4,4,4,34,1,2026-05-01 22:53:00.725148,2026-05-01 22:53:00.725148,4,23
3948,191,55,30,1,0,2,1,9,7,2,9,20,10,10,3,35,1,2026-05-01 22:53:00.725148,2026-05-01 22:53:00.725148,7,20
3953,187,86,10,4,1,1,0,3,2,0,5,9,1,0,2,17,2,2026-05-01 22:53:00.725148,2026-05-01 22:53:00.725148,-2,23
3954,191,58,3,0,0,0,0,0,2,1,1,4,0,0,2,11,0,2026-05-01 22:53:00.725148,2026-05-01 22:53:00.725148,-5,20
3959,187,555,6,3,0,2,1,1,8,2,2,10,0,0,1,22,0,2026-05-01 22:53:00.725148,2026-05-01 22:53:00.725148,-8,23
3960,191,65,4,7,3,3,2,0,0,0,2,2,0,0,2,17,0,2026-05-01 22:53:00.725148,2026-05-01 22:53:00.725148,-6,20
3965,191,66,10,1,0,2,0,0,8,2,3,10,2,2,2,26,3,2026-05-01 22:53:00.725148,2026-05-01 22:53:00.725148,3,20
3966,187,207,3,1,1,0,1,2,1,0,1,4,2,1,0,19,2,2026-05-01 22:53:00.725148,2026-05-01 22:53:00.725148,5,23
3971,191,508,4,1,0,0,0,4,0,0,2,3,0,0,0,15,1,2026-05-01 22:53:00.725148,2026-05-01 22:53:00.725148,-13,20
3972,187,71,3,3,0,2,0,1,1,0,0,1,4,3,0,13,1,2026-05-01 22:53:00.725148,2026-05-01 22:53:00.725148,0,23
3977,191,56,14,0,0,0,0,0,2,1,6,11,1,1,0,21,0,2026-05-01 22:53:00.725148,2026-05-01 22:53:00.725148,14,20
3984,187,33,9,1,0,1,0,1,2,2,3,6,1,1,0,20,1,2026-05-01 22:53:00.725148,2026-05-01 22:53:00.725148,-19,3
3988,191,290,2,1,4,0,2,2,2,0,1,7,0,0,0,19,2,2026-05-01 22:53:00.725148,2026-05-01 22:53:00.725148,3,10
3990,187,19,5,4,0,1,0,1,4,1,2,6,0,0,1,18,1,2026-05-01 22:53:00.725148,2026-05-01 22:53:00.725148,-17,3
3992,191,297,20,4,3,2,0,7,4,2,7,12,4,4,5,31,4,2026-05-01 22:53:00.725148,2026-05-01 22:53:00.725148,2,10
3993,187,35,15,7,3,0,0,2,4,1,4,9,6,6,1,26,3,2026-05-01 22:53:00.725148,2026-05-01 22:53:00.725148,-7,3
3994,191,295,22,2,1,0,3,3,10,4,9,16,0,0,4,35,3,2026-05-01 22:53:00.725148,2026-05-01 22:53:00.725148,5,10
3995,187,25,5,0,1,0,0,1,2,1,2,6,0,0,2,18,1,2026-05-01 22:53:00.725148,2026-05-01 22:53:00.725148,-21,3
3998,191,294,25,5,0,2,0,6,7,2,8,15,9,7,4,37,1,2026-05-01 22:53:00.725148,2026-05-01 22:53:00.725148,1,10
4001,187,32,6,1,0,0,0,3,6,2,2,10,0,0,5,17,3,2026-05-01 22:53:00.725148,2026-05-01 22:53:00.725148,-21,3
4004,191,296,5,1,1,3,0,1,2,1,2,3,0,0,2,29,4,2026-05-01 22:53:00.725148,2026-05-01 22:53:00.725148,7,10
4007,187,42,14,2,0,0,1,0,8,3,4,12,3,3,1,21,1,2026-05-01 22:53:00.725148,2026-05-01 22:53:00.725148,5,3
4010,191,293,19,5,1,2,1,4,6,3,8,13,0,0,0,27,2,2026-05-01 22:53:00.725148,2026-05-01 22:53:00.725148,-12,10
4013,187,29,12,3,1,2,0,5,1,0,6,13,1,0,1,31,4,2026-05-01 22:53:00.725148,2026-05-01 22:53:00.725148,4,3
4015,191,562,2,0,0,0,0,0,0,0,1,2,0,0,1,10,1,2026-05-01 22:53:00.725148,2026-05-01 22:53:00.725148,-10,10
4019,187,577,4,2,1,1,2,1,0,0,2,5,0,0,5,23,0,2026-05-01 22:53:00.725148,2026-05-01 22:53:00.725148,8,3
4021,191,282,3,1,0,0,0,0,3,1,1,3,0,0,1,13,0,2026-05-01 22:53:00.725148,2026-05-01 22:53:00.725148,-3,10
4025,187,21,11,3,1,2,0,2,11,3,3,11,2,2,1,27,2,2026-05-01 22:53:00.725148,2026-05-01 22:53:00.725148,11,3
4027,191,298,9,2,0,0,0,4,3,1,3,8,2,2,0,22,1,2026-05-01 22:53:00.725148,2026-05-01 22:53:00.725148,-2,10
4031,187,23,6,6,4,3,1,1,2,0,0,6,8,6,0,24,3,2026-05-01 22:53:00.725148,2026-05-01 22:53:00.725148,4,3
4033,191,578,0,3,1,0,0,0,1,0,0,3,0,0,1,12,2,2026-05-01 22:53:00.725148,2026-05-01 22:53:00.725148,-6,10
4037,187,24,10,1,1,0,1,3,3,2,4,5,0,0,0,11,3,2026-05-01 22:53:00.725148,2026-05-01 22:53:00.725148,18,3
4050,193,353,41,3,1,3,0,11,3,1,11,21,21,18,5,38,0,2026-05-01 22:53:00.725148,2026-05-01 22:53:00.725148,16,29
4053,193,349,20,8,3,2,1,1,2,0,10,15,0,0,2,33,0,2026-05-01 22:53:00.725148,2026-05-01 22:53:00.725148,10,29
4056,193,361,8,11,1,0,0,1,1,0,4,8,0,0,3,28,3,2026-05-01 22:53:00.725148,2026-05-01 22:53:00.725148,3,29
4058,193,352,10,2,2,1,0,2,5,1,4,9,1,1,2,26,6,2026-05-01 22:53:00.725148,2026-05-01 22:53:00.725148,-3,29
4060,193,558,16,5,0,0,2,8,6,4,5,9,2,2,3,38,2,2026-05-01 22:53:00.725148,2026-05-01 22:53:00.725148,9,29
4062,193,360,10,2,2,2,0,2,11,2,3,14,2,2,2,30,5,2026-05-01 22:53:00.725148,2026-05-01 22:53:00.725148,-8,29
4064,193,357,9,2,1,0,0,2,8,3,3,8,0,0,1,28,2,2026-05-01 22:53:00.725148,2026-05-01 22:53:00.725148,-7,29
4066,193,350,2,5,2,1,0,1,0,0,1,1,2,0,0,15,1,2026-05-01 22:53:00.725148,2026-05-01 22:53:00.725148,5,29
4069,193,191,34,6,1,1,1,7,7,3,12,20,8,7,3,38,4,2026-05-01 22:53:00.725148,2026-05-01 22:53:00.725148,-8,26
4071,193,188,22,0,3,1,0,0,9,3,9,17,2,1,3,22,1,2026-05-01 22:53:00.725148,2026-05-01 22:53:00.725148,-5,26
4072,193,570,3,10,1,2,1,3,6,1,1,7,0,0,2,43,2,2026-05-01 22:53:00.725148,2026-05-01 22:53:00.725148,-3,26
4074,193,180,13,1,0,1,1,4,7,2,4,10,3,3,2,40,3,2026-05-01 22:53:00.725148,2026-05-01 22:53:00.725148,1,26
4076,193,177,21,5,0,1,1,3,3,1,9,21,4,2,2,24,1,2026-05-01 22:53:00.725148,2026-05-01 22:53:00.725148,-15,26
4078,193,190,9,4,4,3,0,1,0,0,3,5,6,3,0,22,0,2026-05-01 22:53:00.725148,2026-05-01 22:53:00.725148,5,26
4079,193,554,7,2,0,1,0,1,3,2,2,4,2,1,0,15,0,2026-05-01 22:53:00.725148,2026-05-01 22:53:00.725148,1,26
4081,193,576,2,2,1,2,1,3,1,0,1,2,0,0,3,32,5,2026-05-01 22:53:00.725148,2026-05-01 22:53:00.725148,-1,26
4088,195,368,15,6,6,1,1,3,1,0,6,9,5,3,2,35,3,2026-05-01 22:53:00.725148,2026-05-01 22:53:00.725148,7,1
4089,195,374,24,15,0,1,0,13,6,2,10,19,2,2,4,36,2,2026-05-01 22:53:00.725148,2026-05-01 22:53:00.725148,12,1
4090,195,380,15,5,2,0,1,4,6,2,5,12,4,3,1,37,3,2026-05-01 22:53:00.725148,2026-05-01 22:53:00.725148,4,1
4091,195,367,41,4,3,2,0,5,14,9,12,21,9,8,3,36,1,2026-05-01 22:53:00.725148,2026-05-01 22:53:00.725148,27,1
4092,195,378,9,1,1,1,1,3,7,1,3,14,2,2,1,31,3,2026-05-01 22:53:00.725148,2026-05-01 22:53:00.725148,20,1
4093,195,372,0,0,0,0,0,1,1,0,0,1,0,0,0,7,1,2026-05-01 22:53:00.725148,2026-05-01 22:53:00.725148,-8,1
4094,195,331,0,0,0,0,0,1,1,0,0,1,0,0,0,10,0,2026-05-01 22:53:00.725148,2026-05-01 22:53:00.725148,-6,1
4095,195,498,8,0,1,0,0,2,1,1,3,4,2,1,0,10,4,2026-05-01 22:53:00.725148,2026-05-01 22:53:00.725148,8,1
4096,195,382,2,2,0,0,0,0,0,0,1,2,0,0,0,9,0,2026-05-01 22:53:00.725148,2026-05-01 22:53:00.725148,8,1
4097,195,289,7,6,2,0,0,1,0,0,2,7,5,3,2,18,3,2026-05-01 22:53:00.725148,2026-05-01 22:53:00.725148,-8,1
4098,195,376,3,0,0,0,0,0,3,1,1,3,0,0,0,4,0,2026-05-01 22:53:00.725148,2026-05-01 22:53:00.725148,-4,1
4099,195,426,7,2,0,0,0,1,5,1,2,8,2,2,0,27,1,2026-05-01 22:53:00.725148,2026-05-01 22:53:00.725148,-8,22
4100,195,419,18,10,0,0,2,3,2,1,3,13,16,11,2,33,2,2026-05-01 22:53:00.725148,2026-05-01 22:53:00.725148,-16,22
4101,195,424,17,0,3,1,0,1,5,2,6,10,3,3,2,28,1,2026-05-01 22:53:00.725148,2026-05-01 22:53:00.725148,-17,22
4102,195,420,18,2,0,1,0,4,7,3,7,16,1,1,1,31,4,2026-05-01 22:53:00.725148,2026-05-01 22:53:00.725148,-24,22
4103,195,433,8,6,0,1,1,5,5,0,4,11,0,0,3,28,1,2026-05-01 22:53:00.725148,2026-05-01 22:53:00.725148,-10,22
4104,195,423,2,2,1,0,0,1,0,0,1,1,0,0,0,14,2,2026-05-01 22:53:00.725148,2026-05-01 22:53:00.725148,0,22
4105,195,193,13,2,1,2,0,2,6,3,5,8,0,0,3,19,2,2026-05-01 22:53:00.725148,2026-05-01 22:53:00.725148,-10,22
4106,195,435,7,6,0,0,0,1,5,1,3,9,0,0,0,14,4,2026-05-01 22:53:00.725148,2026-05-01 22:53:00.725148,-3,22
4107,195,430,2,1,0,1,0,1,1,0,1,2,0,0,0,13,0,2026-05-01 22:53:00.725148,2026-05-01 22:53:00.725148,4,22
4108,195,427,10,1,0,1,0,0,5,2,4,10,0,0,0,18,2,2026-05-01 22:53:00.725148,2026-05-01 22:53:00.725148,8,22
4109,195,431,6,0,0,2,0,0,2,1,2,4,1,1,0,5,0,2026-05-01 22:53:00.725148,2026-05-01 22:53:00.725148,8,22
4110,195,421,4,0,3,0,0,1,0,0,2,3,0,0,0,5,0,2026-05-01 22:53:00.725148,2026-05-01 22:53:00.725148,8,22
4111,196,441,21,7,1,1,0,4,2,2,7,10,6,5,2,32,4,2026-05-01 22:53:00.725148,2026-05-01 22:53:00.725148,6,30
4112,196,447,21,3,1,0,0,5,8,4,6,13,6,5,3,38,2,2026-05-01 22:53:00.725148,2026-05-01 22:53:00.725148,5,30
4113,196,563,12,4,2,0,0,1,0,0,5,7,2,2,3,23,5,2026-05-01 22:53:00.725148,2026-05-01 22:53:00.725148,-5,30
4114,196,445,13,1,0,0,0,2,7,2,5,12,2,1,2,23,1,2026-05-01 22:53:00.725148,2026-05-01 22:53:00.725148,2,30
4115,196,452,21,1,1,1,1,5,5,3,7,10,5,4,3,21,4,2026-05-01 22:53:00.725148,2026-05-01 22:53:00.725148,3,30
4116,196,438,4,0,0,0,0,1,3,0,2,6,0,0,0,12,2,2026-05-01 22:53:00.725148,2026-05-01 22:53:00.725148,-17,30
4117,196,443,4,5,3,2,0,2,2,0,1,4,2,2,1,31,3,2026-05-01 22:53:00.725148,2026-05-01 22:53:00.725148,-2,30
4118,196,450,6,2,1,3,0,2,0,0,3,4,0,0,2,16,0,2026-05-01 22:53:00.725148,2026-05-01 22:53:00.725148,-11,30
4119,196,449,11,2,0,0,1,1,7,2,3,9,4,3,2,15,0,2026-05-01 22:53:00.725148,2026-05-01 22:53:00.725148,-10,30
4120,196,440,4,2,0,0,0,1,0,0,1,3,2,2,1,12,2,2026-05-01 22:53:00.725148,2026-05-01 22:53:00.725148,-15,30
4121,196,459,0,0,0,0,0,0,0,0,0,0,0,0,2,12,2,2026-05-01 22:53:00.725148,2026-05-01 22:53:00.725148,4,30
4122,196,296,0,2,1,1,0,2,4,0,0,6,0,0,0,32,3,2026-05-01 22:53:00.725148,2026-05-01 22:53:00.725148,-2,10
4123,196,297,18,3,1,1,0,5,6,4,7,10,0,0,1,27,5,2026-05-01 22:53:00.725148,2026-05-01 22:53:00.725148,20,10
4124,196,285,5,5,3,2,0,7,5,1,2,8,0,0,3,28,1,2026-05-01 22:53:00.725148,2026-05-01 22:53:00.725148,-8,10
4125,196,294,10,3,1,1,0,3,4,1,3,11,4,3,1,28,2,2026-05-01 22:53:00.725148,2026-05-01 22:53:00.725148,8,10
4126,196,291,27,4,1,2,0,4,2,0,12,17,3,3,3,30,0,2026-05-01 22:53:00.725148,2026-05-01 22:53:00.725148,10,10
4127,196,293,15,4,2,2,1,2,0,0,7,10,3,1,2,23,5,2026-05-01 22:53:00.725148,2026-05-01 22:53:00.725148,-6,10
4128,196,298,10,2,1,1,0,4,4,2,3,9,2,2,1,21,0,2026-05-01 22:53:00.725148,2026-05-01 22:53:00.725148,2,10
4129,196,381,30,4,1,2,3,4,5,1,8,13,14,13,3,25,2,2026-05-01 22:53:00.725148,2026-05-01 22:53:00.725148,7,10
4130,196,290,8,0,2,1,0,0,1,0,4,5,0,0,1,15,2,2026-05-01 22:53:00.725148,2026-05-01 22:53:00.725148,2,10
4131,196,562,0,0,1,0,0,0,1,0,0,2,0,0,0,3,0,2026-05-01 22:53:00.725148,2026-05-01 22:53:00.725148,6,10
4132,196,578,2,0,0,0,0,1,0,0,0,0,2,2,0,2,1,2026-05-01 22:53:00.725148,2026-05-01 22:53:00.725148,1,10
4154,198,33,7,0,1,2,0,0,3,1,3,8,0,0,1,20,2,2026-05-01 22:53:00.725148,2026-05-01 22:53:00.725148,-21,3
4155,198,35,8,5,0,0,2,4,4,2,3,9,0,0,4,23,3,2026-05-01 22:53:00.725148,2026-05-01 22:53:00.725148,-14,3
4156,198,18,12,4,7,0,2,1,1,0,5,11,4,2,0,20,2,2026-05-01 22:53:00.725148,2026-05-01 22:53:00.725148,-21,3
4157,198,28,2,1,0,0,2,0,2,0,1,6,0,0,2,18,3,2026-05-01 22:53:00.725148,2026-05-01 22:53:00.725148,-22,3
4158,198,32,4,1,0,1,0,1,2,0,1,8,4,2,0,16,0,2026-05-01 22:53:00.725148,2026-05-01 22:53:00.725148,-19,3
4159,198,24,4,5,1,2,1,2,4,0,2,7,0,0,1,25,5,2026-05-01 22:53:00.725148,2026-05-01 22:53:00.725148,-7,3
4160,198,577,3,2,2,0,0,4,2,0,1,6,1,1,1,18,2,2026-05-01 22:53:00.725148,2026-05-01 22:53:00.725148,7,3
4161,198,21,15,2,0,0,0,1,7,3,3,7,6,6,2,23,1,2026-05-01 22:53:00.725148,2026-05-01 22:53:00.725148,-9,3
4162,198,87,8,3,1,2,0,1,4,1,3,6,2,1,1,24,2,2026-05-01 22:53:00.725148,2026-05-01 22:53:00.725148,1,3
4163,198,23,17,4,5,0,0,1,4,2,6,8,6,3,0,25,3,2026-05-01 22:53:00.725148,2026-05-01 22:53:00.725148,6,3
4164,198,29,15,0,0,4,0,4,1,0,5,10,6,5,4,23,1,2026-05-01 22:53:00.725148,2026-05-01 22:53:00.725148,4,3
4165,198,161,12,3,1,1,1,5,5,2,5,13,0,0,2,31,3,2026-05-01 22:53:00.725148,2026-05-01 22:53:00.725148,1,25
4166,198,157,18,2,3,1,1,2,3,2,7,9,3,2,1,31,2,2026-05-01 22:53:00.725148,2026-05-01 22:53:00.725148,19,25
4167,198,159,14,6,5,0,0,2,0,0,4,7,8,6,2,24,5,2026-05-01 22:53:00.725148,2026-05-01 22:53:00.725148,14,25
4168,198,164,11,8,1,1,0,5,3,1,5,11,0,0,2,27,1,2026-05-01 22:53:00.725148,2026-05-01 22:53:00.725148,30,25
4169,198,156,18,6,0,1,1,5,4,1,4,13,12,9,4,33,3,2026-05-01 22:53:00.725148,2026-05-01 22:53:00.725148,22,25
4170,198,163,16,1,0,0,0,4,3,2,5,10,5,4,2,19,5,2026-05-01 22:53:00.725148,2026-05-01 22:53:00.725148,4,25
4171,198,171,5,0,1,2,0,2,5,1,2,6,0,0,1,15,4,2026-05-01 22:53:00.725148,2026-05-01 22:53:00.725148,3,25
4172,198,158,0,3,0,0,0,3,1,0,0,1,0,0,1,20,1,2026-05-01 22:53:00.725148,2026-05-01 22:53:00.725148,1,25
4173,198,167,14,3,0,1,0,1,2,2,6,7,1,0,2,24,1,2026-05-01 22:53:00.725148,2026-05-01 22:53:00.725148,9,25
4174,198,172,4,0,0,0,0,1,0,0,2,2,0,0,1,7,0,2026-05-01 22:53:00.725148,2026-05-01 22:53:00.725148,-10,25
4175,198,579,2,1,0,0,0,0,0,0,1,1,0,0,0,3,0,2026-05-01 22:53:00.725148,2026-05-01 22:53:00.725148,2,25
4176,199,41,2,2,2,1,0,2,2,0,1,3,0,0,0,23,4,2026-05-01 22:53:00.725148,2026-05-01 22:53:00.725148,5,2
4177,199,48,21,6,1,1,0,4,8,2,8,18,3,3,2,32,1,2026-05-01 22:53:00.725148,2026-05-01 22:53:00.725148,11,2
4178,199,44,5,1,2,1,1,6,0,0,2,4,1,1,1,33,3,2026-05-01 22:53:00.725148,2026-05-01 22:53:00.725148,5,2
4179,199,37,41,6,1,1,1,6,5,2,10,20,21,19,4,39,0,2026-05-01 22:53:00.725148,2026-05-01 22:53:00.725148,9,2
4180,199,51,21,4,0,1,1,5,11,5,8,16,0,0,4,29,5,2026-05-01 22:53:00.725148,2026-05-01 22:53:00.725148,-2,2
4181,199,43,19,3,1,1,0,6,9,5,6,13,2,2,2,37,4,2026-05-01 22:53:00.725148,2026-05-01 22:53:00.725148,8,2
4182,199,38,3,3,0,0,0,0,2,1,1,2,0,0,0,11,2,2026-05-01 22:53:00.725148,2026-05-01 22:53:00.725148,6,2
4183,199,45,8,5,0,1,0,2,2,2,3,3,0,0,0,25,0,2026-05-01 22:53:00.725148,2026-05-01 22:53:00.725148,5,2
4184,199,39,0,1,0,0,0,0,1,0,0,1,0,0,0,8,2,2026-05-01 22:53:00.725148,2026-05-01 22:53:00.725148,-7,2
4185,199,341,21,6,1,0,0,1,7,1,8,20,4,4,1,33,1,2026-05-01 22:53:00.725148,2026-05-01 22:53:00.725148,-12,24
4186,199,346,6,2,0,0,2,3,5,2,2,5,0,0,0,18,1,2026-05-01 22:53:00.725148,2026-05-01 22:53:00.725148,-4,24
4187,199,343,4,3,1,2,0,8,0,0,2,4,0,0,0,32,3,2026-05-01 22:53:00.725148,2026-05-01 22:53:00.725148,-2,24
4188,199,333,40,3,0,0,1,6,7,2,15,24,9,8,7,37,3,2026-05-01 22:53:00.725148,2026-05-01 22:53:00.725148,2,24
4189,199,339,3,2,1,2,0,1,5,1,1,8,0,0,0,22,1,2026-05-01 22:53:00.725148,2026-05-01 22:53:00.725148,-2,24
4190,199,345,2,3,0,0,0,0,0,0,0,1,2,2,0,12,0,2026-05-01 22:53:00.725148,2026-05-01 22:53:00.725148,-8,24
4191,199,332,13,1,0,0,0,2,6,2,3,7,6,5,0,21,2,2026-05-01 22:53:00.725148,2026-05-01 22:53:00.725148,-5,24
4192,199,340,6,3,2,2,0,4,4,1,2,5,2,1,1,23,5,2026-05-01 22:53:00.725148,2026-05-01 22:53:00.725148,-9,24
4193,199,338,1,2,1,0,2,0,1,0,0,1,2,1,0,14,1,2026-05-01 22:53:00.725148,2026-05-01 22:53:00.725148,0,24
4194,199,22,16,2,2,1,0,1,5,4,4,8,4,4,0,18,3,2026-05-01 22:53:00.725148,2026-05-01 22:53:00.725148,-1,24
4195,199,268,0,0,0,0,1,0,0,0,0,0,0,0,0,4,0,2026-05-01 22:53:00.725148,2026-05-01 22:53:00.725148,1,24
4196,200,192,29,5,2,0,3,1,13,5,12,22,0,0,1,31,0,2026-05-01 22:53:00.725148,2026-05-01 22:53:00.725148,26,5
4197,200,133,10,4,3,0,2,2,3,2,3,5,3,2,0,28,1,2026-05-01 22:53:00.725148,2026-05-01 22:53:00.725148,21,5
4198,200,206,13,2,3,0,0,0,4,0,5,10,3,3,1,26,2,2026-05-01 22:53:00.725148,2026-05-01 22:53:00.725148,30,5
4199,200,200,17,4,1,2,1,5,5,1,7,12,2,2,3,27,0,2026-05-01 22:53:00.725148,2026-05-01 22:53:00.725148,13,5
4200,200,198,16,13,2,3,0,13,5,2,6,12,2,2,2,33,1,2026-05-01 22:53:00.725148,2026-05-01 22:53:00.725148,25,5
4201,200,125,15,1,0,3,0,4,9,3,6,15,0,0,3,26,4,2026-05-01 22:53:00.725148,2026-05-01 22:53:00.725148,15,5
4202,200,210,9,0,0,0,0,2,6,3,3,7,0,0,1,19,1,2026-05-01 22:53:00.725148,2026-05-01 22:53:00.725148,-4,5
4203,200,68,13,0,0,1,0,0,3,2,3,4,6,5,1,17,2,2026-05-01 22:53:00.725148,2026-05-01 22:53:00.725148,-8,5
4204,200,347,5,4,2,0,0,1,0,0,2,4,2,1,0,12,3,2026-05-01 22:53:00.725148,2026-05-01 22:53:00.725148,6,5
4205,200,201,5,1,0,0,0,2,0,0,1,2,3,3,3,11,2,2026-05-01 22:53:00.725148,2026-05-01 22:53:00.725148,2,5
4206,200,204,0,0,0,0,0,0,0,0,0,0,0,0,1,2,0,2026-05-01 22:53:00.725148,2026-05-01 22:53:00.725148,-1,5
4207,200,491,17,0,0,0,1,5,7,2,7,13,2,1,2,23,5,2026-05-01 22:53:00.725148,2026-05-01 22:53:00.725148,-21,15
4208,200,169,3,4,0,2,0,1,4,1,1,6,0,0,2,27,2,2026-05-01 22:53:00.725148,2026-05-01 22:53:00.725148,-29,15
4209,200,502,13,3,0,0,1,0,3,1,6,11,1,0,0,24,1,2026-05-01 22:53:00.725148,2026-05-01 22:53:00.725148,-26,15
4210,200,505,16,2,1,1,0,1,5,2,5,9,4,4,2,22,0,2026-05-01 22:53:00.725148,2026-05-01 22:53:00.725148,-15,15
4211,200,176,12,1,1,0,1,7,5,2,5,11,0,0,3,26,1,2026-05-01 22:53:00.725148,2026-05-01 22:53:00.725148,-35,15
4212,200,499,3,4,2,1,1,2,2,1,1,6,0,0,2,26,2,2026-05-01 22:53:00.725148,2026-05-01 22:53:00.725148,-9,15
4213,200,504,12,0,1,1,0,7,4,2,3,7,4,4,1,16,0,2026-05-01 22:53:00.725148,2026-05-01 22:53:00.725148,9,15
4214,200,572,8,6,2,2,0,1,3,1,2,6,4,3,2,21,2,2026-05-01 22:53:00.725148,2026-05-01 22:53:00.725148,-4,15
4215,200,181,16,1,2,2,0,0,5,2,6,11,2,2,1,21,0,2026-05-01 22:53:00.725148,2026-05-01 22:53:00.725148,9,15
4216,200,573,5,4,1,0,0,6,1,0,2,4,2,1,2,22,4,2026-05-01 22:53:00.725148,2026-05-01 22:53:00.725148,-3,15
4217,200,574,2,2,0,1,1,0,0,0,1,2,0,0,0,8,1,2026-05-01 22:53:00.725148,2026-05-01 22:53:00.725148,-1,15
4218,201,509,23,5,1,1,0,3,6,1,8,18,6,6,1,35,1,2026-05-01 22:53:00.725148,2026-05-01 22:53:00.725148,1,19
4219,201,524,27,3,1,1,0,1,0,0,11,13,9,5,1,28,1,2026-05-01 22:53:00.725148,2026-05-01 22:53:00.725148,5,19
4220,201,518,4,7,3,0,5,5,0,0,1,4,4,2,2,28,1,2026-05-01 22:53:00.725148,2026-05-01 22:53:00.725148,-2,19
4221,201,519,17,7,0,2,1,7,9,2,7,15,2,1,2,32,2,2026-05-01 22:53:00.725148,2026-05-01 22:53:00.725148,10,19
4222,201,513,10,2,1,0,2,4,3,1,4,9,1,1,1,28,3,2026-05-01 22:53:00.725148,2026-05-01 22:53:00.725148,8,19
4223,201,511,17,5,1,1,0,5,7,3,7,14,2,0,3,24,2,2026-05-01 22:53:00.725148,2026-05-01 22:53:00.725148,18,19
4224,201,516,13,8,2,1,0,1,2,2,5,7,1,1,0,19,2,2026-05-01 22:53:00.725148,2026-05-01 22:53:00.725148,20,19
4225,201,523,9,5,1,1,2,2,1,1,2,4,4,4,2,20,1,2026-05-01 22:53:00.725148,2026-05-01 22:53:00.725148,14,19
4226,201,522,4,1,0,0,2,2,6,0,2,9,1,0,1,18,3,2026-05-01 22:53:00.725148,2026-05-01 22:53:00.725148,10,19
4227,201,512,5,1,1,0,0,0,1,1,1,1,2,2,0,1,0,2026-05-01 22:53:00.725148,2026-05-01 22:53:00.725148,3,19
4228,201,521,0,1,1,0,0,1,0,0,0,1,2,0,1,1,0,2026-05-01 22:53:00.725148,2026-05-01 22:53:00.725148,3,19
4229,201,463,32,5,3,0,0,7,4,2,12,24,8,6,0,32,3,2026-05-01 22:53:00.725148,2026-05-01 22:53:00.725148,-6,7
4230,201,457,21,7,0,2,1,8,3,0,10,21,2,1,4,29,1,2026-05-01 22:53:00.725148,2026-05-01 22:53:00.725148,1,7
4231,201,469,18,5,2,1,0,2,8,4,7,13,0,0,0,31,1,2026-05-01 22:53:00.725148,2026-05-01 22:53:00.725148,-6,7
4232,201,453,12,4,0,2,0,0,6,4,4,7,0,0,0,31,1,2026-05-01 22:53:00.725148,2026-05-01 22:53:00.725148,2,7
4233,201,465,2,3,1,0,0,5,2,0,1,8,0,0,3,25,2,2026-05-01 22:53:00.725148,2026-05-01 22:53:00.725148,-3,7
4234,201,436,9,3,6,1,0,1,1,1,4,7,0,0,0,18,4,2026-05-01 22:53:00.725148,2026-05-01 22:53:00.725148,-14,7
4235,201,470,0,0,0,0,1,1,0,0,0,2,0,0,0,5,0,2026-05-01 22:53:00.725148,2026-05-01 22:53:00.725148,-16,7
4236,201,446,6,4,0,2,0,1,7,2,2,9,0,0,2,17,2,2026-05-01 22:53:00.725148,2026-05-01 22:53:00.725148,-20,7
4237,201,567,3,2,0,1,0,0,5,1,1,5,0,0,0,17,3,2026-05-01 22:53:00.725148,2026-05-01 22:53:00.725148,-19,7
4238,201,466,1,2,1,0,0,1,0,0,0,0,2,1,0,12,3,2026-05-01 22:53:00.725148,2026-05-01 22:53:00.725148,-6,7
4239,201,444,4,2,0,0,1,1,1,0,2,5,0,0,1,12,2,2026-05-01 22:53:00.725148,2026-05-01 22:53:00.725148,0,7
4240,201,575,3,1,0,1,0,0,2,0,1,3,2,1,1,4,0,2026-05-01 22:53:00.725148,2026-05-01 22:53:00.725148,-3,7
4241,202,484,22,6,2,0,1,0,8,2,9,17,2,2,1,40,2,2026-05-01 22:53:00.725148,2026-05-01 22:53:00.725148,-6,11
4242,202,475,18,5,0,0,0,2,3,0,8,16,2,2,7,37,1,2026-05-01 22:53:00.725148,2026-05-01 22:53:00.725148,-7,11
4243,202,472,9,6,2,1,0,2,0,0,3,4,5,3,3,26,4,2026-05-01 22:53:00.725148,2026-05-01 22:53:00.725148,-2,11
4244,202,476,5,4,5,2,0,3,3,0,2,11,2,1,2,33,3,2026-05-01 22:53:00.725148,2026-05-01 22:53:00.725148,-6,11
4245,202,486,19,7,5,0,1,5,1,0,8,13,4,3,4,40,3,2026-05-01 22:53:00.725148,2026-05-01 22:53:00.725148,-6,11
4246,202,483,11,0,0,3,0,3,6,1,5,11,0,0,2,30,4,2026-05-01 22:53:00.725148,2026-05-01 22:53:00.725148,-13,11
4247,202,481,0,0,0,2,0,2,0,0,0,0,0,0,0,7,1,2026-05-01 22:53:00.725148,2026-05-01 22:53:00.725148,-11,11
4248,202,477,8,1,1,1,1,4,5,2,3,7,0,0,3,24,0,2026-05-01 22:53:00.725148,2026-05-01 22:53:00.725148,11,11
4249,202,320,18,4,1,2,0,5,3,1,7,13,4,3,1,33,4,2026-05-01 22:53:00.725148,2026-05-01 22:53:00.725148,13,14
4250,202,326,11,0,0,0,0,1,7,3,4,9,0,0,0,35,5,2026-05-01 22:53:00.725148,2026-05-01 22:53:00.725148,6,14
4251,202,315,7,5,6,1,1,0,0,0,3,6,2,1,1,27,1,2026-05-01 22:53:00.725148,2026-05-01 22:53:00.725148,11,14
4252,202,325,15,2,1,4,1,5,8,0,5,18,5,5,1,40,1,2026-05-01 22:53:00.725148,2026-05-01 22:53:00.725148,11,14
4253,202,316,36,6,0,2,0,4,12,4,14,27,5,4,4,39,1,2026-05-01 22:53:00.725148,2026-05-01 22:53:00.725148,6,14
4254,202,317,6,2,1,1,0,0,2,0,3,6,0,0,1,23,4,2026-05-01 22:53:00.725148,2026-05-01 22:53:00.725148,-3,14
4255,202,375,0,0,0,0,0,2,2,0,0,2,0,0,0,16,0,2026-05-01 22:53:00.725148,2026-05-01 22:53:00.725148,3,14
4256,202,318,0,0,0,1,0,0,0,0,0,1,0,0,0,11,1,2026-05-01 22:53:00.725148,2026-05-01 22:53:00.725148,-6,14
4257,202,323,7,1,3,3,0,0,0,0,1,2,6,5,3,12,1,2026-05-01 22:53:00.725148,2026-05-01 22:53:00.725148,-1,14
4258,203,307,10,3,0,0,1,1,6,2,4,13,1,0,0,23,0,2026-05-01 22:53:00.725148,2026-05-01 22:53:00.725148,-10,13
4259,203,304,11,6,3,1,0,4,1,0,4,8,5,3,1,25,3,2026-05-01 22:53:00.725148,2026-05-01 22:53:00.725148,-18,13
4260,203,309,3,1,0,1,2,1,1,1,1,2,0,0,0,23,1,2026-05-01 22:53:00.725148,2026-05-01 22:53:00.725148,-15,13
4261,203,305,9,1,1,1,1,1,3,2,3,5,2,1,1,22,3,2026-05-01 22:53:00.725148,2026-05-01 22:53:00.725148,-10,13
4262,203,214,25,1,1,2,0,10,9,4,9,21,3,3,8,32,3,2026-05-01 22:53:00.725148,2026-05-01 22:53:00.725148,-4,13
4263,203,253,16,3,1,2,0,3,4,0,5,12,6,6,2,34,5,2026-05-01 22:53:00.725148,2026-05-01 22:53:00.725148,-5,13
4264,203,299,0,2,1,0,0,0,1,0,0,1,0,0,0,11,1,2026-05-01 22:53:00.725148,2026-05-01 22:53:00.725148,-3,13
4265,203,310,22,5,4,0,0,3,1,1,10,13,1,1,0,26,1,2026-05-01 22:53:00.725148,2026-05-01 22:53:00.725148,3,13
4266,203,250,11,1,0,1,1,0,0,0,4,5,4,3,1,16,3,2026-05-01 22:53:00.725148,2026-05-01 22:53:00.725148,10,13
4267,203,312,5,2,0,2,0,2,2,1,2,5,0,0,0,16,3,2026-05-01 22:53:00.725148,2026-05-01 22:53:00.725148,20,13
4268,203,303,3,0,1,1,0,0,1,0,1,4,2,1,0,6,0,2026-05-01 22:53:00.725148,2026-05-01 22:53:00.725148,12,13
4269,203,540,20,3,0,1,0,4,7,4,6,11,4,4,0,35,3,2026-05-01 22:53:00.725148,2026-05-01 22:53:00.725148,-2,27
4270,203,529,7,4,4,2,1,1,3,0,3,8,1,1,3,28,2,2026-05-01 22:53:00.725148,2026-05-01 22:53:00.725148,-5,27
4271,203,542,21,12,1,1,4,2,9,2,9,20,3,1,3,33,0,2026-05-01 22:53:00.725148,2026-05-01 22:53:00.725148,7,27
4272,203,530,18,2,1,0,2,6,4,0,6,12,6,6,2,29,2,2026-05-01 22:53:00.725148,2026-05-01 22:53:00.725148,-2,27
4273,203,528,23,0,7,1,0,8,4,1,9,19,6,4,3,36,5,2026-05-01 22:53:00.725148,2026-05-01 22:53:00.725148,5,27
4274,203,533,8,4,1,0,0,0,1,0,4,10,0,0,2,21,1,2026-05-01 22:53:00.725148,2026-05-01 22:53:00.725148,4,27
4275,203,525,8,1,2,0,0,2,5,2,3,7,0,0,1,17,3,2026-05-01 22:53:00.725148,2026-05-01 22:53:00.725148,-2,27
4276,203,527,10,3,2,0,0,1,2,0,2,4,7,6,0,20,4,2026-05-01 22:53:00.725148,2026-05-01 22:53:00.725148,10,27
4277,203,396,1,0,3,0,0,0,0,0,0,0,2,1,0,5,3,2026-05-01 22:53:00.725148,2026-05-01 22:53:00.725148,-6,27
4278,203,536,3,1,1,0,0,1,1,1,1,2,0,0,0,9,0,2026-05-01 22:53:00.725148,2026-05-01 22:53:00.725148,11,27
4279,204,447,21,2,1,2,0,1,3,1,7,13,9,6,0,37,1,2026-05-01 22:53:00.725148,2026-05-01 22:53:00.725148,-4,30
4280,204,439,18,7,2,0,1,2,4,2,6,11,4,4,1,29,3,2026-05-01 22:53:00.725148,2026-05-01 22:53:00.725148,-9,30
4281,204,443,2,0,1,1,1,1,0,0,1,2,0,0,2,16,6,2026-05-01 22:53:00.725148,2026-05-01 22:53:00.725148,-1,30
4282,204,445,11,4,0,0,0,1,4,1,3,12,4,4,2,24,4,2026-05-01 22:53:00.725148,2026-05-01 22:53:00.725148,-18,30
4283,204,438,30,4,0,0,0,2,8,6,12,16,0,0,0,37,3,2026-05-01 22:53:00.725148,2026-05-01 22:53:00.725148,-11,30
4284,204,440,7,4,2,0,0,6,5,1,3,8,0,0,2,27,1,2026-05-01 22:53:00.725148,2026-05-01 22:53:00.725148,-7,30
4285,204,459,16,2,0,2,1,2,9,4,6,15,0,0,2,31,3,2026-05-01 22:53:00.725148,2026-05-01 22:53:00.725148,-12,30
4286,204,449,9,3,1,0,1,1,3,0,4,8,2,1,1,18,0,2026-05-01 22:53:00.725148,2026-05-01 22:53:00.725148,-2,30
4287,204,450,3,2,0,2,1,4,1,1,1,2,0,0,3,18,2,2026-05-01 22:53:00.725148,2026-05-01 22:53:00.725148,-1,30
4288,204,245,6,5,2,0,0,2,0,0,3,7,0,0,1,27,5,2026-05-01 22:53:00.725148,2026-05-01 22:53:00.725148,6,9
4289,204,231,12,2,3,0,2,6,2,0,4,11,4,4,0,27,2,2026-05-01 22:53:00.725148,2026-05-01 22:53:00.725148,17,9
4290,204,229,36,8,4,0,1,2,0,0,13,17,11,10,1,30,2,2026-05-01 22:53:00.725148,2026-05-01 22:53:00.725148,15,9
4291,204,241,8,3,0,0,0,3,3,1,3,9,1,1,0,26,0,2026-05-01 22:53:00.725148,2026-05-01 22:53:00.725148,11,9
4292,204,228,6,2,0,1,0,0,1,0,2,3,2,2,1,5,1,2026-05-01 22:53:00.725148,2026-05-01 22:53:00.725148,0,9
4293,204,199,4,3,1,0,0,3,5,0,2,7,0,0,1,22,2,2026-05-01 22:53:00.725148,2026-05-01 22:53:00.725148,11,9
4294,204,242,9,1,0,1,0,4,6,3,3,7,0,0,4,25,5,2026-05-01 22:53:00.725148,2026-05-01 22:53:00.725148,5,9
4295,204,238,10,3,0,1,0,3,4,3,3,5,2,1,2,20,1,2026-05-01 22:53:00.725148,2026-05-01 22:53:00.725148,-6,9
4296,204,232,11,5,0,3,0,0,1,1,4,5,2,2,1,15,3,2026-05-01 22:53:00.725148,2026-05-01 22:53:00.725148,1,9
4297,204,240,10,1,3,0,0,1,0,0,4,5,4,2,0,13,1,2026-05-01 22:53:00.725148,2026-05-01 22:53:00.725148,-7,9
4298,204,230,3,1,1,0,0,0,3,1,1,5,0,0,0,5,1,2026-05-01 22:53:00.725148,2026-05-01 22:53:00.725148,2,9
4299,204,234,15,0,2,2,1,7,2,2,4,9,6,5,1,20,0,2026-05-01 22:53:00.725148,2026-05-01 22:53:00.725148,10,9
4300,205,392,22,2,0,2,1,2,6,2,8,14,4,4,0,23,5,2026-05-01 22:53:00.725148,2026-05-01 22:53:00.725148,27,4
4301,205,385,14,10,0,2,1,2,4,2,6,12,0,0,1,31,0,2026-05-01 22:53:00.725148,2026-05-01 22:53:00.725148,26,4
4302,205,387,8,8,5,2,1,4,0,0,4,6,0,0,2,31,3,2026-05-01 22:53:00.725148,2026-05-01 22:53:00.725148,21,4
4303,205,395,16,2,0,1,0,2,6,4,6,15,0,0,0,26,4,2026-05-01 22:53:00.725148,2026-05-01 22:53:00.725148,25,4
4304,205,384,30,5,1,1,0,13,12,4,11,22,5,4,5,33,2,2026-05-01 22:53:00.725148,2026-05-01 22:53:00.725148,32,4
4305,205,388,0,1,1,1,0,0,1,0,0,1,0,0,1,14,3,2026-05-01 22:53:00.725148,2026-05-01 22:53:00.725148,2,4
4306,205,209,24,3,0,0,0,3,9,3,8,15,6,5,0,20,4,2026-05-01 22:53:00.725148,2026-05-01 22:53:00.725148,3,4
4307,205,401,8,2,0,0,0,2,1,1,3,3,2,1,1,18,1,2026-05-01 22:53:00.725148,2026-05-01 22:53:00.725148,4,4
4308,205,391,6,1,2,0,0,1,0,0,3,4,0,0,1,14,0,2026-05-01 22:53:00.725148,2026-05-01 22:53:00.725148,8,4
4309,205,390,2,3,1,0,0,2,1,0,1,2,0,0,2,17,2,2026-05-01 22:53:00.725148,2026-05-01 22:53:00.725148,-8,4
4310,205,393,2,0,0,1,0,1,1,0,0,1,2,2,0,3,1,2026-05-01 22:53:00.725148,2026-05-01 22:53:00.725148,2,4
4311,205,386,4,1,0,1,0,0,1,1,1,1,2,1,0,2,0,2026-05-01 22:53:00.725148,2026-05-01 22:53:00.725148,4,4
4312,205,49,0,0,0,0,0,0,0,0,0,0,0,0,0,2,0,2026-05-01 22:53:00.725148,2026-05-01 22:53:00.725148,4,4
4313,205,413,17,5,1,0,1,3,4,1,7,17,6,2,0,30,3,2026-05-01 22:53:00.725148,2026-05-01 22:53:00.725148,-23,16
4314,205,411,14,0,2,0,0,0,2,1,3,7,8,7,4,27,5,2026-05-01 22:53:00.725148,2026-05-01 22:53:00.725148,-25,16
4315,205,416,7,6,2,0,1,1,6,0,3,10,2,1,0,27,0,2026-05-01 22:53:00.725148,2026-05-01 22:53:00.725148,-17,16
4316,205,406,20,7,1,1,0,5,2,1,5,11,9,9,4,30,0,2026-05-01 22:53:00.725148,2026-05-01 22:53:00.725148,-18,16
4317,205,412,4,2,1,0,0,5,3,0,2,7,0,0,1,26,2,2026-05-01 22:53:00.725148,2026-05-01 22:53:00.725148,-19,16
4318,205,403,10,2,0,0,0,1,6,1,3,9,4,3,0,23,4,2026-05-01 22:53:00.725148,2026-05-01 22:53:00.725148,-5,16
4319,205,408,6,1,0,0,0,6,0,0,2,3,2,2,1,19,1,2026-05-01 22:53:00.725148,2026-05-01 22:53:00.725148,-9,16
4320,205,409,15,4,1,3,1,1,9,3,6,12,0,0,2,20,2,2026-05-01 22:53:00.725148,2026-05-01 22:53:00.725148,-13,16
4321,205,407,6,1,1,0,0,2,2,0,2,6,2,2,0,14,1,2026-05-01 22:53:00.725148,2026-05-01 22:53:00.725148,1,16
4322,205,415,4,0,3,0,0,2,1,0,2,3,0,0,1,8,1,2026-05-01 22:53:00.725148,2026-05-01 22:53:00.725148,-10,16
4323,205,404,0,3,0,0,0,0,0,0,0,2,0,0,1,3,2,2026-05-01 22:53:00.725148,2026-05-01 22:53:00.725148,-4,16
4324,205,418,3,0,0,0,0,0,1,0,1,2,1,1,1,3,1,2026-05-01 22:53:00.725148,2026-05-01 22:53:00.725148,-4,16
4325,205,405,0,0,0,0,0,0,0,0,0,0,0,0,0,2,0,2026-05-01 22:53:00.725148,2026-05-01 22:53:00.725148,-4,16
4326,206,426,13,3,1,0,1,1,6,1,4,12,4,4,2,31,4,2026-05-01 22:53:00.725148,2026-05-01 22:53:00.725148,16,22
4327,206,419,32,8,2,1,0,5,6,3,12,21,6,5,4,36,2,2026-05-01 22:53:00.725148,2026-05-01 22:53:00.725148,9,22
4328,206,424,11,4,1,1,0,3,4,0,3,9,6,5,1,28,1,2026-05-01 22:53:00.725148,2026-05-01 22:53:00.725148,19,22
4329,206,420,16,1,2,1,0,1,7,4,6,11,0,0,0,36,5,2026-05-01 22:53:00.725148,2026-05-01 22:53:00.725148,-6,22
4330,206,433,14,5,2,1,1,6,9,4,5,12,0,0,2,32,0,2026-05-01 22:53:00.725148,2026-05-01 22:53:00.725148,-5,22
4331,206,193,11,4,0,1,0,1,7,2,4,11,2,1,0,18,2,2026-05-01 22:53:00.725148,2026-05-01 22:53:00.725148,-4,22
4332,206,427,3,1,1,1,0,1,6,1,1,7,0,0,0,19,1,2026-05-01 22:53:00.725148,2026-05-01 22:53:00.725148,-23,22
4333,206,435,5,1,0,0,0,0,3,1,1,6,2,2,1,12,3,2026-05-01 22:53:00.725148,2026-05-01 22:53:00.725148,-28,22
4334,206,430,0,1,1,1,0,1,0,0,0,0,0,0,2,7,0,2026-05-01 22:53:00.725148,2026-05-01 22:53:00.725148,-16,22
4335,206,423,3,2,0,1,0,1,2,1,1,4,0,0,0,10,1,2026-05-01 22:53:00.725148,2026-05-01 22:53:00.725148,14,22
4336,206,421,0,1,0,0,0,1,0,0,0,0,0,0,0,5,0,2026-05-01 22:53:00.725148,2026-05-01 22:53:00.725148,-1,22
4337,206,142,5,1,1,0,0,0,5,1,1,5,2,2,1,18,1,2026-05-01 22:53:00.725148,2026-05-01 22:53:00.725148,-24,21
4338,206,145,20,10,2,0,1,1,2,0,8,14,5,4,0,33,0,2026-05-01 22:53:00.725148,2026-05-01 22:53:00.725148,10,21
4339,206,144,0,7,0,0,1,8,0,0,0,2,0,0,1,16,4,2026-05-01 22:53:00.725148,2026-05-01 22:53:00.725148,2,21
4340,206,147,16,2,0,0,0,3,3,1,5,12,5,5,2,28,2,2026-05-01 22:53:00.725148,2026-05-01 22:53:00.725148,-9,21
4341,206,143,40,5,0,4,0,2,5,3,14,27,11,9,3,35,2,2026-05-01 22:53:00.725148,2026-05-01 22:53:00.725148,-4,21
4342,206,150,9,2,0,1,1,1,2,1,3,6,2,2,2,22,1,2026-05-01 22:53:00.725148,2026-05-01 22:53:00.725148,8,21
4343,206,140,2,6,2,2,0,1,1,0,1,3,0,0,1,23,2,2026-05-01 22:53:00.725148,2026-05-01 22:53:00.725148,19,21
4344,206,153,8,4,2,0,0,2,6,2,2,7,2,2,0,21,2,2026-05-01 22:53:00.725148,2026-05-01 22:53:00.725148,11,21
4345,206,151,2,1,2,0,0,1,1,0,1,3,0,0,0,6,1,2026-05-01 22:53:00.725148,2026-05-01 22:53:00.725148,1,21
4346,206,146,5,2,2,1,0,0,3,1,2,5,0,0,0,21,0,2026-05-01 22:53:00.725148,2026-05-01 22:53:00.725148,2,21
4347,206,83,6,2,0,0,0,0,1,0,3,6,0,0,0,12,1,2026-05-01 22:53:00.725148,2026-05-01 22:53:00.725148,9,21
4348,207,53,26,7,1,1,0,4,5,4,10,13,2,2,1,29,2,2026-05-01 22:53:00.725148,2026-05-01 22:53:00.725148,25,20
4349,207,59,33,4,3,2,0,5,5,5,12,13,5,4,2,25,3,2026-05-01 22:53:00.725148,2026-05-01 22:53:00.725148,18,20
4350,207,67,22,6,5,3,1,2,7,2,9,21,3,2,1,31,3,2026-05-01 22:53:00.725148,2026-05-01 22:53:00.725148,20,20
4351,207,508,16,2,0,2,0,10,7,4,5,10,2,2,1,26,0,2026-05-01 22:53:00.725148,2026-05-01 22:53:00.725148,21,20
4352,207,54,10,4,0,1,1,5,6,2,4,12,0,0,0,32,1,2026-05-01 22:53:00.725148,2026-05-01 22:53:00.725148,28,20
4353,207,62,3,0,0,2,1,5,2,1,1,3,0,0,0,21,0,2026-05-01 22:53:00.725148,2026-05-01 22:53:00.725148,5,20
4354,207,66,2,0,1,0,0,1,3,0,1,5,0,0,1,15,0,2026-05-01 22:53:00.725148,2026-05-01 22:53:00.725148,-2,20
4355,207,65,8,3,5,1,0,3,0,0,4,5,1,0,1,18,1,2026-05-01 22:53:00.725148,2026-05-01 22:53:00.725148,3,20
4356,207,56,10,0,2,0,0,1,1,0,5,9,0,0,1,20,1,2026-05-01 22:53:00.725148,2026-05-01 22:53:00.725148,6,20
4357,207,58,0,1,0,0,0,1,1,0,0,2,0,0,0,5,1,2026-05-01 22:53:00.725148,2026-05-01 22:53:00.725148,4,20
4358,207,538,2,0,1,0,0,0,0,0,1,1,0,0,0,4,0,2026-05-01 22:53:00.725148,2026-05-01 22:53:00.725148,2,20
4359,207,57,2,2,0,0,0,1,3,0,1,4,0,0,1,4,0,2026-05-01 22:53:00.725148,2026-05-01 22:53:00.725148,1,20
4360,207,64,2,1,1,1,0,0,1,0,1,2,0,0,0,2,0,2026-05-01 22:53:00.725148,2026-05-01 22:53:00.725148,-1,20
4361,207,302,13,5,0,0,2,0,6,3,5,8,0,0,2,30,2,2026-05-01 22:53:00.725148,2026-05-01 22:53:00.725148,-35,12
4362,207,263,16,5,0,0,0,5,5,2,6,14,3,2,5,31,1,2026-05-01 22:53:00.725148,2026-05-01 22:53:00.725148,-24,12
4363,207,314,11,4,3,1,2,1,0,0,5,10,1,1,0,26,1,2026-05-01 22:53:00.725148,2026-05-01 22:53:00.725148,-21,12
4364,207,254,10,1,2,0,0,10,1,0,5,10,0,0,2,19,2,2026-05-01 22:53:00.725148,2026-05-01 22:53:00.725148,-12,12
4365,207,256,14,1,0,0,0,0,6,4,5,8,0,0,0,24,1,2026-05-01 22:53:00.725148,2026-05-01 22:53:00.725148,-14,12
4366,207,259,7,3,2,2,0,1,1,1,3,3,0,0,0,17,0,2026-05-01 22:53:00.725148,2026-05-01 22:53:00.725148,-6,12
4367,207,251,7,3,1,0,0,5,3,1,3,6,1,0,4,18,0,2026-05-01 22:53:00.725148,2026-05-01 22:53:00.725148,1,12
4368,207,249,6,1,0,1,1,2,4,0,3,8,0,0,2,21,2,2026-05-01 22:53:00.725148,2026-05-01 22:53:00.725148,-5,12
4369,207,262,15,3,0,0,0,3,5,3,6,8,0,0,1,18,3,2026-05-01 22:53:00.725148,2026-05-01 22:53:00.725148,8,12
4370,207,569,8,1,0,3,2,3,5,2,2,7,2,2,0,21,2,2026-05-01 22:53:00.725148,2026-05-01 22:53:00.725148,-7,12
4371,207,252,3,1,0,0,0,1,2,1,1,3,0,0,1,9,1,2026-05-01 22:53:00.725148,2026-05-01 22:53:00.725148,-15,12
4372,208,276,8,2,0,0,0,1,4,2,3,7,0,0,1,22,3,2026-05-01 22:53:00.725148,2026-05-01 22:53:00.725148,-20,17
4373,208,272,3,0,0,0,1,2,4,1,1,6,0,0,0,16,1,2026-05-01 22:53:00.725148,2026-05-01 22:53:00.725148,-6,17
4374,208,278,4,4,2,0,0,0,0,0,2,3,1,0,1,15,3,2026-05-01 22:53:00.725148,2026-05-01 22:53:00.725148,-18,17
4375,208,277,19,2,1,0,1,4,7,3,6,13,4,4,1,33,5,2026-05-01 22:53:00.725148,2026-05-01 22:53:00.725148,-5,17
4376,208,274,25,2,1,0,2,10,4,1,8,15,8,8,1,32,3,2026-05-01 22:53:00.725148,2026-05-01 22:53:00.725148,-9,17
4377,208,141,19,5,0,1,0,1,8,5,7,12,2,0,2,29,4,2026-05-01 22:53:00.725148,2026-05-01 22:53:00.725148,2,17
4378,208,269,6,3,1,1,0,1,7,2,2,7,0,0,1,26,2,2026-05-01 22:53:00.725148,2026-05-01 22:53:00.725148,6,17
4379,208,275,19,9,0,1,0,4,7,3,8,19,0,0,1,32,0,2026-05-01 22:53:00.725148,2026-05-01 22:53:00.725148,8,17
4380,208,273,13,5,2,0,2,1,4,3,5,6,2,0,0,29,1,2026-05-01 22:53:00.725148,2026-05-01 22:53:00.725148,7,17
4381,208,217,17,6,0,0,0,2,8,3,6,12,2,2,0,28,2,2026-05-01 22:53:00.725148,2026-05-01 22:53:00.725148,22,6
4382,208,227,9,1,1,0,0,2,4,1,4,8,0,0,0,24,1,2026-05-01 22:53:00.725148,2026-05-01 22:53:00.725148,13,6
4383,208,219,27,9,6,0,3,2,2,0,12,21,5,3,0,32,2,2026-05-01 22:53:00.725148,2026-05-01 22:53:00.725148,7,6
4384,208,218,19,8,0,1,1,3,4,1,4,14,13,10,0,33,4,2026-05-01 22:53:00.725148,2026-05-01 22:53:00.725148,-15,6
4385,208,306,27,4,1,2,0,6,4,2,7,10,13,11,2,33,4,2026-05-01 22:53:00.725148,2026-05-01 22:53:00.725148,17,6
4386,208,354,8,3,0,0,0,1,2,2,3,4,0,0,0,24,1,2026-05-01 22:53:00.725148,2026-05-01 22:53:00.725148,8,6
4387,208,223,6,5,1,0,0,4,6,2,2,6,0,0,1,23,5,2026-05-01 22:53:00.725148,2026-05-01 22:53:00.725148,1,6
4388,208,213,5,0,0,0,0,0,3,1,2,4,0,0,1,10,0,2026-05-01 22:53:00.725148,2026-05-01 22:53:00.725148,-5,6
4389,208,364,3,0,1,0,0,5,1,0,1,2,1,1,1,15,0,2026-05-01 22:53:00.725148,2026-05-01 22:53:00.725148,-8,6
4390,208,226,2,0,0,0,0,2,2,0,1,5,0,0,1,13,1,2026-05-01 22:53:00.725148,2026-05-01 22:53:00.725148,-5,6
4391,209,132,16,4,3,3,1,4,3,1,6,12,4,3,0,37,5,2026-05-01 22:53:00.725148,2026-05-01 22:53:00.725148,-4,15
4392,209,134,32,5,2,3,0,2,3,2,10,17,13,10,6,33,5,2026-05-01 22:53:00.725148,2026-05-01 22:53:00.725148,8,15
4393,209,128,9,11,8,0,4,1,0,0,4,7,3,1,2,36,1,2026-05-01 22:53:00.725148,2026-05-01 22:53:00.725148,2,15
4394,209,195,19,4,1,0,0,2,4,1,9,17,0,0,2,33,3,2026-05-01 22:53:00.725148,2026-05-01 22:53:00.725148,11,15
4395,209,124,0,1,0,1,1,3,6,0,0,8,0,0,1,27,1,2026-05-01 22:53:00.725148,2026-05-01 22:53:00.725148,3,15
4396,209,129,22,2,0,1,0,5,8,4,8,14,3,2,3,28,4,2026-05-01 22:53:00.725148,2026-05-01 22:53:00.725148,18,15
4397,209,135,11,2,1,0,4,5,3,1,3,5,4,4,1,17,1,2026-05-01 22:53:00.725148,2026-05-01 22:53:00.725148,10,15
4398,209,174,7,5,0,0,1,6,1,0,3,4,2,1,1,24,0,2026-05-01 22:53:00.725148,2026-05-01 22:53:00.725148,12,15
4399,209,341,9,1,0,2,1,5,6,2,3,17,2,1,1,26,0,2026-05-01 22:53:00.725148,2026-05-01 22:53:00.725148,-3,24
4400,209,346,9,2,0,3,0,2,6,3,3,6,0,0,3,29,4,2026-05-01 22:53:00.725148,2026-05-01 22:53:00.725148,4,24
4401,209,343,16,2,8,3,0,4,0,0,7,12,2,2,4,33,4,2026-05-01 22:53:00.725148,2026-05-01 22:53:00.725148,-6,24
4402,209,333,34,5,1,0,0,3,7,1,11,27,14,11,2,34,4,2026-05-01 22:53:00.725148,2026-05-01 22:53:00.725148,-3,24
4403,209,339,12,4,0,1,0,7,9,3,4,13,1,1,0,36,1,2026-05-01 22:53:00.725148,2026-05-01 22:53:00.725148,-10,24
4404,209,337,7,3,1,0,1,1,1,1,3,3,0,0,0,17,2,2026-05-01 22:53:00.725148,2026-05-01 22:53:00.725148,-10,24
4405,209,345,2,1,1,1,0,0,0,0,1,3,0,0,0,11,2,2026-05-01 22:53:00.725148,2026-05-01 22:53:00.725148,-2,24
4406,209,340,3,5,3,2,0,2,2,0,1,6,2,1,0,23,3,2026-05-01 22:53:00.725148,2026-05-01 22:53:00.725148,-11,24
4407,209,338,9,0,1,1,0,0,4,2,3,7,2,1,1,15,3,2026-05-01 22:53:00.725148,2026-05-01 22:53:00.725148,-11,24
4408,209,22,3,0,2,0,0,1,2,1,1,2,0,0,0,8,0,2026-05-01 22:53:00.725148,2026-05-01 22:53:00.725148,-8,24
4409,209,344,0,0,0,0,0,0,0,0,0,0,0,0,0,1,0,2026-05-01 22:53:00.725148,2026-05-01 22:53:00.725148,0,24
4410,209,334,0,0,0,0,0,0,0,0,0,1,0,0,0,1,0,2026-05-01 22:53:00.725148,2026-05-01 22:53:00.725148,0,24
4411,210,353,2,1,0,0,0,1,0,0,1,4,0,0,0,16,2,2026-05-01 22:53:00.725148,2026-05-01 22:53:00.725148,-30,26
4412,210,349,10,5,2,0,1,2,4,1,4,12,1,1,0,29,2,2026-05-01 22:53:00.725148,2026-05-01 22:53:00.725148,-19,26
4413,210,361,32,9,0,0,1,3,5,2,13,25,4,4,2,41,3,2026-05-01 22:53:00.725148,2026-05-01 22:53:00.725148,-22,26
4414,210,352,15,8,0,0,0,7,4,3,6,13,0,0,1,36,0,2026-05-01 22:53:00.725148,2026-05-01 22:53:00.725148,-14,26
4415,210,366,5,0,1,0,0,10,3,0,2,6,2,1,0,24,0,2026-05-01 22:53:00.725148,2026-05-01 22:53:00.725148,-27,26
4416,210,357,12,3,0,1,0,2,8,4,4,8,0,0,0,24,1,2026-05-01 22:53:00.725148,2026-05-01 22:53:00.725148,-12,26
4417,210,360,14,1,0,2,0,1,8,3,5,11,4,1,2,28,3,2026-05-01 22:53:00.725148,2026-05-01 22:53:00.725148,-9,26
4418,210,350,7,5,3,0,0,2,0,0,3,6,2,1,0,18,3,2026-05-01 22:53:00.725148,2026-05-01 22:53:00.725148,-9,26
4419,210,558,7,3,0,1,0,4,4,1,3,8,0,0,3,19,0,2026-05-01 22:53:00.725148,2026-05-01 22:53:00.725148,2,26
4420,210,529,17,1,0,0,0,1,7,5,6,8,0,0,2,23,0,2026-05-01 22:53:00.725148,2026-05-01 22:53:00.725148,11,27
4421,210,525,16,4,0,0,0,3,5,4,6,7,0,0,1,21,1,2026-05-01 22:53:00.725148,2026-05-01 22:53:00.725148,19,27
4422,210,542,18,8,0,0,1,3,7,2,7,14,2,2,0,21,2,2026-05-01 22:53:00.725148,2026-05-01 22:53:00.725148,23,27
4423,210,528,3,1,0,0,1,12,1,1,1,7,0,0,0,21,1,2026-05-01 22:53:00.725148,2026-05-01 22:53:00.725148,11,27
4424,210,530,15,5,0,1,0,6,5,3,5,10,2,2,0,21,0,2026-05-01 22:53:00.725148,2026-05-01 22:53:00.725148,33,27
4425,210,533,18,1,0,0,0,1,4,2,8,12,1,0,0,19,0,2026-05-01 22:53:00.725148,2026-05-01 22:53:00.725148,11,27
4426,210,535,4,8,2,2,1,2,0,0,1,2,2,2,1,19,2,2026-05-01 22:53:00.725148,2026-05-01 22:53:00.725148,6,27
4427,210,531,15,4,0,0,0,5,5,3,6,9,0,0,1,19,1,2026-05-01 22:53:00.725148,2026-05-01 22:53:00.725148,-1,27
4428,210,541,11,4,0,0,0,2,7,3,4,8,0,0,1,23,2,2026-05-01 22:53:00.725148,2026-05-01 22:53:00.725148,18,27
4429,210,527,7,3,0,1,1,2,5,1,2,8,2,2,0,20,1,2026-05-01 22:53:00.725148,2026-05-01 22:53:00.725148,8,27
4430,210,537,4,3,3,1,1,3,2,0,1,4,2,2,0,14,0,2026-05-01 22:53:00.725148,2026-05-01 22:53:00.725148,8,27
4431,210,526,1,3,0,0,0,0,0,0,0,2,2,1,0,8,1,2026-05-01 22:53:00.725148,2026-05-01 22:53:00.725148,-8,27
4432,210,536,3,0,0,0,0,1,1,1,1,2,0,0,0,5,0,2026-05-01 22:53:00.725148,2026-05-01 22:53:00.725148,1,27
4433,211,110,18,1,1,0,0,1,3,3,6,8,4,3,0,23,2,2026-05-01 22:53:00.725148,2026-05-01 22:53:00.725148,22,8
4434,211,107,12,5,0,1,0,2,3,2,4,8,2,2,2,18,1,2026-05-01 22:53:00.725148,2026-05-01 22:53:00.725148,17,8
4435,211,111,8,7,0,0,0,14,1,0,4,7,0,0,5,24,4,2026-05-01 22:53:00.725148,2026-05-01 22:53:00.725148,14,8
4436,211,105,22,5,0,1,0,3,3,2,7,9,6,6,0,27,0,2026-05-01 22:53:00.725148,2026-05-01 22:53:00.725148,21,8
4437,211,114,12,4,2,0,0,4,3,1,3,7,7,5,2,25,2,2026-05-01 22:53:00.725148,2026-05-01 22:53:00.725148,23,8
4438,211,108,9,3,1,1,0,4,7,2,3,11,2,1,0,18,0,2026-05-01 22:53:00.725148,2026-05-01 22:53:00.725148,7,8
4439,211,113,7,4,1,1,1,0,2,1,3,4,0,0,1,23,2,2026-05-01 22:53:00.725148,2026-05-01 22:53:00.725148,8,8
4440,211,106,12,3,0,0,1,2,3,2,4,7,2,2,1,19,1,2026-05-01 22:53:00.725148,2026-05-01 22:53:00.725148,12,8
4441,211,119,8,6,3,0,0,1,1,0,3,10,6,2,1,19,1,2026-05-01 22:53:00.725148,2026-05-01 22:53:00.725148,15,8
4442,211,117,5,3,0,0,0,1,2,1,2,7,0,0,0,12,0,2026-05-01 22:53:00.725148,2026-05-01 22:53:00.725148,-1,8
4443,211,429,5,1,0,0,0,2,3,1,2,4,0,0,0,9,0,2026-05-01 22:53:00.725148,2026-05-01 22:53:00.725148,2,8
4444,211,115,2,1,1,1,0,0,1,0,1,3,0,0,0,9,2,2026-05-01 22:53:00.725148,2026-05-01 22:53:00.725148,2,8
4445,211,116,4,1,0,0,0,1,1,1,1,1,2,1,1,7,1,2026-05-01 22:53:00.725148,2026-05-01 22:53:00.725148,-2,8
4446,211,76,11,4,1,1,1,3,7,2,4,12,1,1,1,24,1,2026-05-01 22:53:00.725148,2026-05-01 22:53:00.725148,-16,23
4447,211,70,8,7,2,0,1,4,2,0,4,7,0,0,4,26,4,2026-05-01 22:53:00.725148,2026-05-01 22:53:00.725148,-18,23
4448,211,72,6,2,1,1,3,1,1,0,2,3,2,2,1,14,2,2026-05-01 22:53:00.725148,2026-05-01 22:53:00.725148,-7,23
4449,211,80,12,1,1,0,0,1,5,1,5,12,2,1,2,26,0,2026-05-01 22:53:00.725148,2026-05-01 22:53:00.725148,-21,23
4450,211,75,9,3,0,0,1,4,3,0,3,12,3,3,0,22,5,2026-05-01 22:53:00.725148,2026-05-01 22:53:00.725148,-21,23
4451,211,74,9,8,2,0,0,3,4,1,4,10,0,0,0,28,5,2026-05-01 22:53:00.725148,2026-05-01 22:53:00.725148,-18,23
4452,211,555,5,1,1,3,0,2,6,1,2,11,1,0,2,18,1,2026-05-01 22:53:00.725148,2026-05-01 22:53:00.725148,-17,23
4453,211,86,12,2,1,1,3,6,2,0,3,7,6,6,2,21,4,2026-05-01 22:53:00.725148,2026-05-01 22:53:00.725148,-9,23
4454,211,71,16,2,0,0,1,1,8,4,6,11,0,0,0,20,0,2026-05-01 22:53:00.725148,2026-05-01 22:53:00.725148,-4,23
4455,211,81,0,3,0,0,0,2,2,0,0,2,0,0,1,18,2,2026-05-01 22:53:00.725148,2026-05-01 22:53:00.725148,0,23
4456,211,207,8,0,0,0,0,3,1,0,4,7,0,0,0,18,2,2026-05-01 22:53:00.725148,2026-05-01 22:53:00.725148,-9,23
4468,213,41,6,0,0,0,0,0,5,2,2,6,0,0,0,20,1,2026-05-01 22:52:59.386229,2026-05-01 22:52:59.386229,6,2
4469,213,48,24,9,1,1,0,2,11,5,7,15,6,5,4,30,2,2026-05-01 22:52:59.386229,2026-05-01 22:52:59.386229,18,2
4470,213,44,8,4,3,1,0,3,0,0,4,7,0,0,0,28,3,2026-05-01 22:52:59.386229,2026-05-01 22:52:59.386229,16,2
4471,213,37,32,4,2,2,0,5,4,1,11,20,9,9,5,35,3,2026-05-01 22:52:59.386229,2026-05-01 22:52:59.386229,23,2
4472,213,51,11,5,1,3,1,1,5,1,4,8,2,2,2,31,2,2026-05-01 22:52:59.386229,2026-05-01 22:52:59.386229,13,2
4473,213,43,19,0,0,1,0,7,7,3,8,16,0,0,1,30,2,2026-05-01 22:52:59.386229,2026-05-01 22:52:59.386229,25,2
4474,213,45,3,5,3,1,0,3,3,1,1,4,0,0,1,24,4,2026-05-01 22:52:59.386229,2026-05-01 22:52:59.386229,10,2
4475,213,39,0,2,1,0,0,0,0,0,0,2,0,0,0,9,0,2026-05-01 22:52:59.386229,2026-05-01 22:52:59.386229,2,2
4476,213,38,15,3,4,3,0,0,2,1,6,10,2,2,2,17,1,2026-05-01 22:52:59.386229,2026-05-01 22:52:59.386229,10,2
4477,213,40,0,1,0,0,0,0,1,0,0,2,0,0,0,6,0,2026-05-01 22:52:59.386229,2026-05-01 22:52:59.386229,-8,2
4478,213,46,0,0,0,0,0,1,1,0,0,1,0,0,1,2,2,2026-05-01 22:52:59.386229,2026-05-01 22:52:59.386229,-5,2
4479,213,580,2,1,0,0,0,0,0,0,1,1,0,0,0,2,0,2026-05-01 22:52:59.386229,2026-05-01 22:52:59.386229,-5,2
4480,213,297,13,5,0,0,0,0,4,0,5,12,3,3,3,28,4,2026-05-01 22:52:59.386229,2026-05-01 22:52:59.386229,-4,10
4481,213,285,13,3,2,1,0,5,7,3,5,12,0,0,4,31,1,2026-05-01 22:52:59.386229,2026-05-01 22:52:59.386229,-12,10
4482,213,381,11,3,2,2,2,2,7,2,4,13,4,1,0,22,1,2026-05-01 22:52:59.386229,2026-05-01 22:52:59.386229,3,10
4483,213,291,5,0,1,1,1,2,6,1,2,9,0,0,1,23,2,2026-05-01 22:52:59.386229,2026-05-01 22:52:59.386229,-13,10
4484,213,294,10,4,2,1,0,5,7,1,1,8,10,7,2,27,2,2026-05-01 22:52:59.386229,2026-05-01 22:52:59.386229,-11,10
4485,213,293,14,1,5,4,0,4,3,0,7,11,0,0,0,20,2,2026-05-01 22:52:59.386229,2026-05-01 22:52:59.386229,-17,10
4486,213,298,14,1,0,1,0,2,3,2,5,11,2,2,3,20,1,2026-05-01 22:52:59.386229,2026-05-01 22:52:59.386229,-8,10
4487,213,295,6,5,0,0,0,3,2,1,2,4,2,1,0,20,2,2026-05-01 22:52:59.386229,2026-05-01 22:52:59.386229,-21,10
4488,213,296,7,2,0,2,0,2,3,0,3,6,1,1,0,25,0,2026-05-01 22:52:59.386229,2026-05-01 22:52:59.386229,-7,10
4489,213,290,0,1,0,0,0,0,0,0,0,1,0,0,1,9,1,2026-05-01 22:52:59.386229,2026-05-01 22:52:59.386229,-12,10
4490,213,578,4,0,2,0,0,0,1,0,2,3,0,0,0,4,1,2026-05-01 22:52:59.386229,2026-05-01 22:52:59.386229,-3,10
4491,213,562,2,0,0,0,0,1,0,0,0,0,2,2,0,4,0,2026-05-01 22:52:59.386229,2026-05-01 22:52:59.386229,0,10
4517,215,35,6,4,0,1,1,2,1,0,2,5,2,2,3,22,1,2026-05-01 22:52:59.386229,2026-05-01 22:52:59.386229,-28,3
4518,215,19,3,2,0,0,0,0,2,0,1,5,2,1,0,7,0,2026-05-01 22:52:59.386229,2026-05-01 22:52:59.386229,-12,3
4519,215,18,4,4,2,0,1,1,0,0,2,6,2,0,2,22,1,2026-05-01 22:52:59.386229,2026-05-01 22:52:59.386229,-24,3
4520,215,28,3,0,0,0,0,0,1,1,1,2,0,0,1,16,0,2026-05-01 22:52:59.386229,2026-05-01 22:52:59.386229,-13,3
4521,215,32,13,3,0,1,2,6,5,2,4,14,4,3,6,26,2,2026-05-01 22:52:59.386229,2026-05-01 22:52:59.386229,-9,3
4522,215,87,10,2,0,0,0,0,6,2,3,9,2,2,2,19,2,2026-05-01 22:52:59.386229,2026-05-01 22:52:59.386229,-15,3
4523,215,25,0,3,2,0,0,1,2,0,0,4,2,0,3,16,3,2026-05-01 22:52:59.386229,2026-05-01 22:52:59.386229,-16,3
4524,215,33,5,2,1,1,0,1,3,0,1,4,4,3,2,19,4,2026-05-01 22:52:59.386229,2026-05-01 22:52:59.386229,-5,3
4525,215,23,12,2,5,1,0,3,1,0,5,6,2,2,2,26,2,2026-05-01 22:52:59.386229,2026-05-01 22:52:59.386229,-6,3
4526,215,577,0,0,0,1,0,0,1,0,0,2,0,0,0,4,0,2026-05-01 22:52:59.386229,2026-05-01 22:52:59.386229,-5,3
4527,215,21,9,1,0,0,0,0,4,2,2,6,4,3,0,14,2,2026-05-01 22:52:59.386229,2026-05-01 22:52:59.386229,-8,3
4528,215,34,15,4,1,0,0,0,4,1,5,11,4,4,1,19,3,2026-05-01 22:52:59.386229,2026-05-01 22:52:59.386229,-13,3
4529,215,42,9,1,0,3,0,2,4,2,2,4,3,3,1,17,1,2026-05-01 22:52:59.386229,2026-05-01 22:52:59.386229,4,3
4530,215,24,3,2,0,0,0,1,1,1,1,1,0,0,0,5,0,2026-05-01 22:52:59.386229,2026-05-01 22:52:59.386229,5,3
4531,215,150,6,2,1,3,2,3,1,0,3,6,0,0,0,28,2,2026-05-01 22:52:59.386229,2026-05-01 22:52:59.386229,28,21
4532,215,151,17,6,1,2,0,3,7,3,7,16,0,0,3,33,1,2026-05-01 22:52:59.386229,2026-05-01 22:52:59.386229,14,21
4533,215,145,11,2,0,1,1,1,2,0,2,6,8,7,3,21,3,2026-05-01 22:52:59.386229,2026-05-01 22:52:59.386229,18,21
4534,215,147,10,6,1,1,0,2,2,0,5,9,0,0,1,22,1,2026-05-01 22:52:59.386229,2026-05-01 22:52:59.386229,17,21
4535,215,143,20,2,1,3,0,6,0,0,8,9,5,4,0,25,2,2026-05-01 22:52:59.386229,2026-05-01 22:52:59.386229,27,21
4536,215,153,6,6,1,0,0,2,2,2,2,2,0,0,0,14,2,2026-05-01 22:52:59.386229,2026-05-01 22:52:59.386229,18,21
4537,215,83,26,2,1,0,2,2,9,5,9,16,4,3,1,28,3,2026-05-01 22:52:59.386229,2026-05-01 22:52:59.386229,9,21
4538,215,140,0,2,0,1,0,1,2,0,0,2,0,0,2,4,0,2026-05-01 22:52:59.386229,2026-05-01 22:52:59.386229,5,21
4539,215,146,13,3,0,0,0,4,7,3,4,9,2,2,3,22,1,2026-05-01 22:52:59.386229,2026-05-01 22:52:59.386229,19,21
4540,215,154,9,3,1,5,0,2,1,0,4,7,3,1,3,20,0,2026-05-01 22:52:59.386229,2026-05-01 22:52:59.386229,7,21
4541,215,138,0,1,2,0,0,0,0,0,0,0,0,0,0,12,2,2026-05-01 22:52:59.386229,2026-05-01 22:52:59.386229,-7,21
4542,215,581,3,1,0,0,0,0,2,1,1,3,0,0,1,4,3,2026-05-01 22:52:59.386229,2026-05-01 22:52:59.386229,-10,21
4543,216,263,10,7,0,1,1,2,4,2,4,11,0,0,1,32,0,2026-05-01 22:52:59.386229,2026-05-01 22:52:59.386229,-10,12
4544,216,569,17,7,0,1,3,4,4,2,6,10,3,3,0,37,3,2026-05-01 22:52:59.386229,2026-05-01 22:52:59.386229,-4,12
4545,216,314,18,2,6,0,1,3,0,0,7,18,5,4,1,23,1,2026-05-01 22:52:59.386229,2026-05-01 22:52:59.386229,-9,12
4546,216,256,15,1,2,1,0,1,5,1,6,13,2,2,1,26,4,2026-05-01 22:52:59.386229,2026-05-01 22:52:59.386229,-16,12
4547,216,254,7,5,0,1,0,10,0,0,3,5,2,1,2,20,2,2026-05-01 22:52:59.386229,2026-05-01 22:52:59.386229,-17,12
4548,216,249,11,2,0,0,1,1,4,1,4,8,2,2,0,20,3,2026-05-01 22:52:59.386229,2026-05-01 22:52:59.386229,-8,12
4549,216,259,10,0,1,1,1,1,3,2,4,8,0,0,1,18,2,2026-05-01 22:52:59.386229,2026-05-01 22:52:59.386229,-1,12
4550,216,251,13,0,0,2,0,6,0,0,5,7,3,3,2,20,2,2026-05-01 22:52:59.386229,2026-05-01 22:52:59.386229,0,12
4551,216,302,8,1,1,1,0,1,2,2,3,3,0,0,2,20,3,2026-05-01 22:52:59.386229,2026-05-01 22:52:59.386229,11,12
4552,216,257,10,3,0,1,0,1,4,2,4,6,0,0,1,12,2,2026-05-01 22:52:59.386229,2026-05-01 22:52:59.386229,5,12
4553,216,252,0,1,0,0,0,2,1,0,0,2,0,0,0,7,2,2026-05-01 22:52:59.386229,2026-05-01 22:52:59.386229,9,12
4554,216,161,8,2,1,0,0,1,6,0,3,11,2,2,0,31,2,2026-05-01 22:52:59.386229,2026-05-01 22:52:59.386229,8,25
4555,216,157,17,1,1,1,0,1,7,3,7,11,0,0,0,30,1,2026-05-01 22:52:59.386229,2026-05-01 22:52:59.386229,9,25
4556,216,159,28,7,6,1,2,2,5,3,10,19,6,5,2,24,2,2026-05-01 22:52:59.386229,2026-05-01 22:52:59.386229,8,25
4557,216,156,32,9,2,0,1,5,6,1,9,21,16,13,5,31,2,2026-05-01 22:52:59.386229,2026-05-01 22:52:59.386229,10,25
4558,216,164,15,1,2,2,0,8,8,4,5,13,2,1,1,32,1,2026-05-01 22:52:59.386229,2026-05-01 22:52:59.386229,11,25
4559,216,171,6,1,1,1,1,0,4,2,2,5,0,0,0,13,0,2026-05-01 22:52:59.386229,2026-05-01 22:52:59.386229,3,25
4560,216,163,9,3,0,0,1,5,3,1,4,8,0,0,4,26,4,2026-05-01 22:52:59.386229,2026-05-01 22:52:59.386229,-5,25
4561,216,173,2,4,6,0,2,2,0,0,1,2,0,0,1,21,2,2026-05-01 22:52:59.386229,2026-05-01 22:52:59.386229,-7,25
4562,216,167,8,1,3,0,0,4,5,2,3,8,0,0,0,17,0,2026-05-01 22:52:59.386229,2026-05-01 22:52:59.386229,-1,25
4563,216,158,2,1,0,0,0,4,2,0,1,3,0,0,0,10,2,2026-05-01 22:52:59.386229,2026-05-01 22:52:59.386229,4,25
4564,217,192,19,5,2,2,1,1,8,3,6,15,6,4,2,30,1,2026-05-01 22:52:59.386229,2026-05-01 22:52:59.386229,-24,5
4565,217,133,13,3,1,0,0,0,3,1,6,9,0,0,0,26,3,2026-05-01 22:52:59.386229,2026-05-01 22:52:59.386229,-10,5
4566,217,206,10,3,1,1,0,1,3,2,3,4,2,2,3,17,4,2026-05-01 22:52:59.386229,2026-05-01 22:52:59.386229,-9,5
4567,217,200,6,2,0,2,0,5,0,0,3,8,0,0,3,23,1,2026-05-01 22:52:59.386229,2026-05-01 22:52:59.386229,-14,5
4568,217,198,9,0,0,1,0,3,8,1,4,13,1,0,3,27,2,2026-05-01 22:52:59.386229,2026-05-01 22:52:59.386229,-30,5
4569,217,125,15,0,0,0,1,4,3,1,7,11,0,0,1,24,5,2026-05-01 22:52:59.386229,2026-05-01 22:52:59.386229,-11,5
4570,217,347,4,5,1,0,0,0,1,0,2,5,0,0,2,16,1,2026-05-01 22:52:59.386229,2026-05-01 22:52:59.386229,-20,5
4571,217,210,7,4,1,2,0,0,3,0,2,7,3,3,1,25,1,2026-05-01 22:52:59.386229,2026-05-01 22:52:59.386229,-21,5
4572,217,399,14,2,0,1,0,5,1,0,4,7,8,6,0,17,5,2026-05-01 22:52:59.386229,2026-05-01 22:52:59.386229,-13,5
4573,217,68,5,0,3,2,0,3,1,1,1,3,2,2,2,13,0,2026-05-01 22:52:59.386229,2026-05-01 22:52:59.386229,-12,5
4574,217,204,2,2,0,2,0,0,0,0,1,1,2,0,0,8,1,2026-05-01 22:52:59.386229,2026-05-01 22:52:59.386229,6,5
4575,217,201,5,1,0,0,0,2,0,0,1,2,4,3,2,7,0,2026-05-01 22:52:59.386229,2026-05-01 22:52:59.386229,8,5
4576,217,93,18,5,0,0,0,4,1,1,6,7,5,5,4,28,2,2026-05-01 22:52:59.386229,2026-05-01 22:52:59.386229,37,28
4577,217,88,18,6,1,1,0,3,3,1,6,10,6,5,3,24,2,2026-05-01 22:52:59.386229,2026-05-01 22:52:59.386229,14,28
4578,217,99,17,6,2,1,1,2,0,0,7,10,3,3,2,20,5,2026-05-01 22:52:59.386229,2026-05-01 22:52:59.386229,33,28
4579,217,89,23,4,0,0,1,2,7,3,9,15,2,2,2,26,3,2026-05-01 22:52:59.386229,2026-05-01 22:52:59.386229,25,28
4580,217,100,10,2,0,2,0,7,5,2,4,11,0,0,0,25,0,2026-05-01 22:52:59.386229,2026-05-01 22:52:59.386229,24,28
4581,217,103,18,3,1,0,1,1,4,2,4,6,9,8,0,21,1,2026-05-01 22:52:59.386229,2026-05-01 22:52:59.386229,20,28
4582,217,101,0,1,0,0,0,5,0,0,0,0,0,0,0,18,1,2026-05-01 22:52:59.386229,2026-05-01 22:52:59.386229,20,28
4583,217,90,6,2,0,0,0,1,4,2,2,6,0,0,0,22,2,2026-05-01 22:52:59.386229,2026-05-01 22:52:59.386229,-2,28
4584,217,95,17,4,0,1,0,5,3,2,5,8,6,5,2,22,2,2026-05-01 22:52:59.386229,2026-05-01 22:52:59.386229,2,28
4585,217,91,7,0,0,1,0,1,4,1,3,7,0,0,2,10,1,2026-05-01 22:52:59.386229,2026-05-01 22:52:59.386229,-6,28
4586,217,97,1,2,2,0,0,0,0,0,0,0,2,1,1,6,1,2026-05-01 22:52:59.386229,2026-05-01 22:52:59.386229,-6,28
4587,217,102,2,1,0,0,0,2,2,0,1,3,0,0,2,6,3,2026-05-01 22:52:59.386229,2026-05-01 22:52:59.386229,-6,28
4588,217,288,2,1,0,0,0,0,0,0,1,1,0,0,0,4,0,2026-05-01 22:52:59.386229,2026-05-01 22:52:59.386229,-5,28
4601,219,509,25,1,4,2,0,4,10,5,10,21,0,0,2,34,1,2026-05-01 22:53:00.725148,2026-05-01 22:53:00.725148,19,19
4602,219,524,14,3,1,0,1,3,0,0,6,8,2,2,2,27,2,2026-05-01 22:53:00.725148,2026-05-01 22:53:00.725148,11,19
4603,219,513,7,2,1,5,0,3,2,1,2,4,2,2,2,26,3,2026-05-01 22:53:00.725148,2026-05-01 22:53:00.725148,3,19
4604,219,519,23,7,0,3,1,5,12,4,7,17,6,5,1,39,3,2026-05-01 22:53:00.725148,2026-05-01 22:53:00.725148,9,19
4605,219,520,17,4,0,1,0,11,7,3,7,12,0,0,6,29,2,2026-05-01 22:53:00.725148,2026-05-01 22:53:00.725148,9,19
4606,219,518,4,4,2,0,3,1,0,0,2,3,0,0,1,18,0,2026-05-01 22:53:00.725148,2026-05-01 22:53:00.725148,-7,19
4607,219,523,14,2,0,1,0,2,1,1,2,4,9,9,0,19,2,2026-05-01 22:53:00.725148,2026-05-01 22:53:00.725148,4,19
4608,219,511,11,0,1,0,0,3,2,1,4,6,2,2,3,18,0,2026-05-01 22:53:00.725148,2026-05-01 22:53:00.725148,6,19
4609,219,516,9,4,4,0,1,0,3,1,4,8,0,0,1,25,1,2026-05-01 22:53:00.725148,2026-05-01 22:53:00.725148,21,19
4610,219,308,25,8,0,2,0,1,6,4,9,12,3,3,4,29,0,2026-05-01 22:53:00.725148,2026-05-01 22:53:00.725148,-10,13
4611,219,304,18,4,3,0,1,2,3,0,6,11,6,6,1,24,4,2026-05-01 22:53:00.725148,2026-05-01 22:53:00.725148,1,13
4612,219,309,11,2,3,0,0,4,3,0,5,12,2,1,0,31,1,2026-05-01 22:53:00.725148,2026-05-01 22:53:00.725148,-14,13
4613,219,307,4,1,1,2,0,3,3,0,2,6,2,0,1,29,3,2026-05-01 22:53:00.725148,2026-05-01 22:53:00.725148,-2,13
4614,219,214,13,1,0,1,0,6,3,1,6,12,0,0,0,28,1,2026-05-01 22:53:00.725148,2026-05-01 22:53:00.725148,-11,13
4615,219,305,6,1,0,1,0,3,4,2,2,6,0,0,2,25,4,2026-05-01 22:53:00.725148,2026-05-01 22:53:00.725148,-11,13
4616,219,310,13,1,2,2,0,1,2,1,6,10,0,0,1,23,0,2026-05-01 22:53:00.725148,2026-05-01 22:53:00.725148,-15,13
4617,219,250,10,1,5,1,1,1,0,0,5,7,0,0,4,19,3,2026-05-01 22:53:00.725148,2026-05-01 22:53:00.725148,-9,13
4618,219,312,3,2,0,0,0,2,4,1,1,6,0,0,1,14,1,2026-05-01 22:53:00.725148,2026-05-01 22:53:00.725148,-7,13
4619,219,571,2,0,0,0,0,0,2,0,1,3,0,0,0,4,0,2026-05-01 22:53:00.725148,2026-05-01 22:53:00.725148,1,13
4620,219,303,4,0,0,1,0,0,0,0,2,2,0,0,1,4,0,2026-05-01 22:53:00.725148,2026-05-01 22:53:00.725148,1,13
4621,219,301,0,1,0,0,0,1,1,0,0,1,0,0,0,4,0,2026-05-01 22:53:00.725148,2026-05-01 22:53:00.725148,1,13
4622,220,132,17,1,1,1,1,3,7,3,7,15,0,0,1,26,3,2026-05-01 22:53:00.725148,2026-05-01 22:53:00.725148,11,18
4623,220,134,21,1,0,4,0,8,2,1,7,10,7,6,2,27,2,2026-05-01 22:53:00.725148,2026-05-01 22:53:00.725148,13,18
4624,220,128,21,6,6,1,2,0,0,0,9,12,4,3,3,28,1,2026-05-01 22:53:00.725148,2026-05-01 22:53:00.725148,28,18
4625,220,195,23,9,0,3,0,6,5,3,7,13,7,6,1,27,3,2026-05-01 22:53:00.725148,2026-05-01 22:53:00.725148,26,18
4626,220,124,9,3,0,1,0,7,6,3,3,7,0,0,1,25,3,2026-05-01 22:53:00.725148,2026-05-01 22:53:00.725148,14,18
4627,220,129,18,3,0,0,0,2,7,3,6,12,3,3,3,24,2,2026-05-01 22:53:00.725148,2026-05-01 22:53:00.725148,30,18
4628,220,174,8,3,0,1,0,6,1,0,3,6,2,2,2,22,3,2026-05-01 22:53:00.725148,2026-05-01 22:53:00.725148,19,18
4629,220,136,8,2,1,3,0,0,4,2,2,4,4,2,1,19,2,2026-05-01 22:53:00.725148,2026-05-01 22:53:00.725148,29,18
4630,220,122,9,1,1,0,0,0,4,2,3,7,1,1,0,9,1,2026-05-01 22:53:00.725148,2026-05-01 22:53:00.725148,3,18
4631,220,121,2,4,3,0,1,0,0,0,1,4,0,0,0,9,2,2026-05-01 22:53:00.725148,2026-05-01 22:53:00.725148,3,18
4632,220,123,0,0,0,0,0,4,1,0,0,1,0,0,0,6,0,2026-05-01 22:53:00.725148,2026-05-01 22:53:00.725148,2,18
4633,220,130,7,1,0,0,1,0,2,1,3,4,0,0,1,6,0,2026-05-01 22:53:00.725148,2026-05-01 22:53:00.725148,2,18
4634,220,582,4,0,0,1,0,3,0,0,1,1,2,2,2,4,1,2026-05-01 22:53:00.725148,2026-05-01 22:53:00.725148,0,18
4635,220,191,7,3,2,1,0,2,2,1,3,6,0,0,0,24,1,2026-05-01 22:53:00.725148,2026-05-01 22:53:00.725148,-9,29
4636,220,188,41,3,1,1,0,3,9,4,17,31,4,3,5,37,2,2026-05-01 22:53:00.725148,2026-05-01 22:53:00.725148,-21,29
4637,220,178,7,2,1,1,1,4,3,1,2,6,4,2,3,22,2,2026-05-01 22:53:00.725148,2026-05-01 22:53:00.725148,-21,29
4638,220,175,17,2,0,0,1,2,10,5,6,13,0,0,3,24,4,2026-05-01 22:53:00.725148,2026-05-01 22:53:00.725148,-14,29
4639,220,177,14,3,0,3,1,6,2,0,4,9,7,6,5,28,2,2026-05-01 22:53:00.725148,2026-05-01 22:53:00.725148,-26,29
4640,220,570,4,3,5,0,2,3,2,0,1,5,2,2,0,24,2,2026-05-01 22:53:00.725148,2026-05-01 22:53:00.725148,-24,29
4641,220,180,8,5,1,2,0,3,4,1,3,9,3,1,2,20,1,2026-05-01 22:53:00.725148,2026-05-01 22:53:00.725148,-10,29
4642,220,183,5,2,2,0,0,1,5,1,1,6,2,2,1,14,2,2026-05-01 22:53:00.725148,2026-05-01 22:53:00.725148,-4,29
4643,220,497,3,3,2,1,0,1,1,0,1,2,2,1,3,12,2,2026-05-01 22:53:00.725148,2026-05-01 22:53:00.725148,-17,29
4644,220,576,0,1,1,1,0,1,1,0,0,2,0,0,1,20,5,2026-05-01 22:53:00.725148,2026-05-01 22:53:00.725148,-23,29
4645,220,190,5,2,2,0,0,0,0,0,2,4,2,1,0,10,0,2026-05-01 22:53:00.725148,2026-05-01 22:53:00.725148,-11,29
4646,221,505,11,3,2,0,0,0,4,2,3,6,4,3,0,24,0,2026-05-01 22:53:00.725148,2026-05-01 22:53:00.725148,12,15
4647,221,493,16,6,0,0,2,0,4,1,6,15,6,3,1,25,1,2026-05-01 22:53:00.725148,2026-05-01 22:53:00.725148,9,15
4648,221,502,19,1,0,2,0,0,5,3,6,9,6,4,1,23,1,2026-05-01 22:53:00.725148,2026-05-01 22:53:00.725148,12,15
4649,221,491,15,5,2,1,0,1,4,0,4,12,7,7,1,24,3,2026-05-01 22:53:00.725148,2026-05-01 22:53:00.725148,4,15
4650,221,495,21,8,1,0,1,9,8,5,8,15,0,0,2,24,1,2026-05-01 22:53:00.725148,2026-05-01 22:53:00.725148,5,15
4651,221,504,8,1,0,0,0,0,5,2,2,5,2,2,1,20,1,2026-05-01 22:53:00.725148,2026-05-01 22:53:00.725148,-1,15
4652,221,181,13,0,2,6,3,1,10,1,6,18,0,0,2,24,3,2026-05-01 22:53:00.725148,2026-05-01 22:53:00.725148,-4,15
4653,221,176,4,2,0,0,0,4,3,0,1,6,2,2,1,19,2,2026-05-01 22:53:00.725148,2026-05-01 22:53:00.725148,0,15
4654,221,572,5,3,0,2,1,0,3,0,1,4,3,3,0,13,2,2026-05-01 22:53:00.725148,2026-05-01 22:53:00.725148,-2,15
4655,221,503,8,3,1,0,1,2,3,2,3,6,0,0,1,19,1,2026-05-01 22:53:00.725148,2026-05-01 22:53:00.725148,-1,15
4656,221,574,1,2,2,0,0,1,0,0,0,0,2,1,0,9,1,2026-05-01 22:53:00.725148,2026-05-01 22:53:00.725148,-1,15
4657,221,573,4,2,2,1,1,4,0,0,2,2,0,0,0,10,1,2026-05-01 22:53:00.725148,2026-05-01 22:53:00.725148,2,15
4658,221,113,6,4,1,0,1,0,2,0,3,5,0,0,1,26,3,2026-05-01 22:53:00.725148,2026-05-01 22:53:00.725148,-22,8
4659,221,110,20,5,1,1,0,3,6,5,7,13,2,1,2,33,3,2026-05-01 22:53:00.725148,2026-05-01 22:53:00.725148,-6,8
4660,221,111,29,12,2,1,3,9,4,2,11,19,8,5,10,38,4,2026-05-01 22:53:00.725148,2026-05-01 22:53:00.725148,-4,8
4661,221,105,26,5,2,4,0,5,5,2,11,19,2,2,1,40,5,2026-05-01 22:53:00.725148,2026-05-01 22:53:00.725148,-5,8
4662,221,114,19,8,0,0,0,12,6,2,6,13,5,5,1,41,3,2026-05-01 22:53:00.725148,2026-05-01 22:53:00.725148,3,8
4663,221,108,11,1,1,0,0,2,11,2,3,12,3,3,1,27,2,2026-05-01 22:53:00.725148,2026-05-01 22:53:00.725148,5,8
4664,221,106,1,1,0,0,0,2,2,0,0,4,2,1,2,20,1,2026-05-01 22:53:00.725148,2026-05-01 22:53:00.725148,-7,8
4665,221,119,4,3,0,0,1,0,0,0,2,3,0,0,0,5,1,2026-05-01 22:53:00.725148,2026-05-01 22:53:00.725148,-1,8
4666,221,117,2,0,0,0,0,1,0,0,1,2,0,0,1,5,2,2026-05-01 22:53:00.725148,2026-05-01 22:53:00.725148,2,8
4667,222,457,17,4,2,2,2,5,3,0,6,15,6,5,6,33,0,2026-05-01 22:53:00.725148,2026-05-01 22:53:00.725148,-16,7
4668,222,463,4,3,0,1,0,4,1,0,2,10,0,0,1,28,1,2026-05-01 22:53:00.725148,2026-05-01 22:53:00.725148,-7,7
4669,222,469,23,5,4,0,2,1,6,2,7,14,8,7,3,29,2,2026-05-01 22:53:00.725148,2026-05-01 22:53:00.725148,-17,7
4670,222,453,13,2,0,0,0,1,4,2,4,6,3,3,5,29,4,2026-05-01 22:53:00.725148,2026-05-01 22:53:00.725148,-16,7
4671,222,465,8,2,0,0,0,12,2,2,3,7,0,0,0,26,0,2026-05-01 22:53:00.725148,2026-05-01 22:53:00.725148,-18,7
4672,222,468,17,0,0,1,0,1,10,4,6,12,2,1,0,21,0,2026-05-01 22:53:00.725148,2026-05-01 22:53:00.725148,4,7
4673,222,458,24,4,4,0,1,0,0,0,9,10,7,6,1,22,1,2026-05-01 22:53:00.725148,2026-05-01 22:53:00.725148,7,7
4674,222,446,7,5,1,2,0,0,1,1,2,6,2,2,2,19,2,2026-05-01 22:53:00.725148,2026-05-01 22:53:00.725148,-8,7
4675,222,436,2,7,0,1,0,0,0,0,1,2,0,0,0,16,0,2026-05-01 22:53:00.725148,2026-05-01 22:53:00.725148,-12,7
4676,222,444,3,0,0,1,1,2,1,0,1,3,1,1,0,9,1,2026-05-01 22:53:00.725148,2026-05-01 22:53:00.725148,4,7
4677,222,466,2,0,0,0,0,0,0,0,1,1,0,0,0,2,1,2026-05-01 22:53:00.725148,2026-05-01 22:53:00.725148,4,7
4678,222,368,19,2,4,2,0,4,0,0,9,13,1,1,2,31,2,2026-05-01 22:53:00.725148,2026-05-01 22:53:00.725148,10,1
4679,222,374,17,9,2,2,0,9,7,2,7,19,2,1,4,37,2,2026-05-01 22:53:00.725148,2026-05-01 22:53:00.725148,4,1
4680,222,380,12,7,2,0,0,4,6,2,5,11,0,0,1,29,3,2026-05-01 22:53:00.725148,2026-05-01 22:53:00.725148,3,1
4681,222,367,22,0,1,2,1,2,5,4,8,14,2,2,0,30,2,2026-05-01 22:53:00.725148,2026-05-01 22:53:00.725148,19,1
4682,222,378,24,0,0,2,1,7,3,0,9,14,7,6,1,28,2,2026-05-01 22:53:00.725148,2026-05-01 22:53:00.725148,24,1
4683,222,289,16,3,2,1,0,3,3,2,7,11,0,0,1,18,2,2026-05-01 22:53:00.725148,2026-05-01 22:53:00.725148,10,1
4684,222,331,3,0,0,0,0,1,3,1,1,4,0,0,0,10,1,2026-05-01 22:53:00.725148,2026-05-01 22:53:00.725148,5,1
4685,222,498,5,1,0,0,0,5,2,1,2,3,0,0,0,18,2,2026-05-01 22:53:00.725148,2026-05-01 22:53:00.725148,12,1
4686,222,382,5,6,0,1,1,1,2,1,2,4,0,0,1,16,3,2026-05-01 22:53:00.725148,2026-05-01 22:53:00.725148,8,1
4687,222,376,10,2,1,0,0,0,3,1,4,7,2,1,1,12,2,2026-05-01 22:53:00.725148,2026-05-01 22:53:00.725148,-5,1
4688,222,383,2,0,0,0,0,0,0,0,1,1,0,0,0,2,0,2026-05-01 22:53:00.725148,2026-05-01 22:53:00.725148,-5,1
4689,222,373,0,0,0,0,0,0,1,0,0,1,0,0,0,2,0,2026-05-01 22:53:00.725148,2026-05-01 22:53:00.725148,-5,1
4690,222,286,0,0,0,0,0,0,0,0,0,0,0,0,0,2,0,2026-05-01 22:53:00.725148,2026-05-01 22:53:00.725148,-5,1
4691,223,484,18,3,2,0,0,4,8,3,7,15,2,1,0,38,4,2026-05-01 22:53:00.725148,2026-05-01 22:53:00.725148,-2,11
4692,223,475,18,6,0,2,0,4,5,2,7,11,3,2,4,37,3,2026-05-01 22:53:00.725148,2026-05-01 22:53:00.725148,-2,11
4693,223,482,27,2,2,1,0,10,2,1,10,15,6,6,2,37,2,2026-05-01 22:53:00.725148,2026-05-01 22:53:00.725148,7,11
4694,223,476,10,4,2,1,1,1,3,0,4,13,2,2,2,31,2,2026-05-01 22:53:00.725148,2026-05-01 22:53:00.725148,0,11
4695,223,486,26,7,4,2,0,4,1,0,11,19,4,4,0,42,4,2026-05-01 22:53:00.725148,2026-05-01 22:53:00.725148,-8,11
4696,223,481,3,1,1,2,0,0,2,1,1,3,0,0,0,13,3,2026-05-01 22:53:00.725148,2026-05-01 22:53:00.725148,-8,11
4697,223,483,11,2,0,2,0,3,8,3,4,12,0,0,3,27,3,2026-05-01 22:53:00.725148,2026-05-01 22:53:00.725148,-8,11
4698,223,477,3,1,1,0,0,0,3,1,1,3,0,0,0,9,0,2026-05-01 22:53:00.725148,2026-05-01 22:53:00.725148,-13,11
4699,223,472,0,0,0,0,0,0,0,0,0,0,0,0,0,2,0,2026-05-01 22:53:00.725148,2026-05-01 22:53:00.725148,-6,11
4700,223,320,30,4,1,1,1,2,2,2,13,14,3,2,2,34,3,2026-05-01 22:53:00.725148,2026-05-01 22:53:00.725148,0,14
4701,223,326,5,3,0,2,0,4,5,1,2,7,0,0,1,33,2,2026-05-01 22:53:00.725148,2026-05-01 22:53:00.725148,7,14
4702,223,315,16,3,1,0,3,2,0,0,8,10,0,0,1,33,3,2026-05-01 22:53:00.725148,2026-05-01 22:53:00.725148,1,14
4703,223,325,14,3,0,0,1,8,3,1,4,9,6,5,1,38,3,2026-05-01 22:53:00.725148,2026-05-01 22:53:00.725148,6,14
4704,223,316,40,9,0,1,0,10,17,7,12,25,14,9,5,37,3,2026-05-01 22:53:00.725148,2026-05-01 22:53:00.725148,2,14
4705,223,317,8,2,1,0,1,0,2,2,3,4,0,0,0,20,1,2026-05-01 22:53:00.725148,2026-05-01 22:53:00.725148,8,14
4706,223,375,5,0,1,1,0,1,2,1,2,3,0,0,3,17,2,2026-05-01 22:53:00.725148,2026-05-01 22:53:00.725148,7,14
4707,223,318,1,3,0,0,1,1,0,0,0,0,4,1,0,13,1,2026-05-01 22:53:00.725148,2026-05-01 22:53:00.725148,6,14
4708,223,323,5,2,1,1,1,2,1,1,2,4,0,0,0,10,2,2026-05-01 22:53:00.725148,2026-05-01 22:53:00.725148,3,14
4732,225,445,12,0,1,0,0,2,6,2,5,11,0,0,1,24,2,2026-05-01 22:52:59.386229,2026-05-01 22:52:59.386229,-8,30
4733,225,447,15,3,0,0,0,1,8,4,5,13,2,1,2,39,1,2026-05-01 22:52:59.386229,2026-05-01 22:52:59.386229,-11,30
4734,225,448,2,2,1,0,2,2,3,0,1,12,0,0,2,21,5,2026-05-01 22:52:59.386229,2026-05-01 22:52:59.386229,-9,30
4735,225,440,13,6,1,0,0,2,2,1,6,8,0,0,2,26,2,2026-05-01 22:52:59.386229,2026-05-01 22:52:59.386229,3,30
4736,225,438,10,6,0,0,0,4,6,1,4,11,1,1,3,34,2,2026-05-01 22:52:59.386229,2026-05-01 22:52:59.386229,-25,30
4737,225,443,0,3,2,0,3,3,1,0,0,3,0,0,1,24,2,2026-05-01 22:52:59.386229,2026-05-01 22:52:59.386229,-28,30
4738,225,450,9,5,1,3,4,3,2,1,3,6,3,2,1,26,2,2026-05-01 22:52:59.386229,2026-05-01 22:52:59.386229,-14,30
4739,225,449,21,4,0,0,1,1,3,3,7,8,6,4,4,17,4,2026-05-01 22:52:59.386229,2026-05-01 22:52:59.386229,-6,30
4740,225,459,13,0,0,0,0,2,7,3,5,10,0,0,3,24,1,2026-05-01 22:52:59.386229,2026-05-01 22:52:59.386229,-12,30
4741,225,245,10,5,4,1,2,3,0,0,3,7,4,4,2,24,0,2026-05-01 22:52:59.386229,2026-05-01 22:52:59.386229,5,9
4742,225,231,7,7,0,0,2,5,1,0,2,6,4,3,1,21,1,2026-05-01 22:52:59.386229,2026-05-01 22:52:59.386229,8,9
4743,225,229,24,5,6,2,0,0,0,0,9,15,8,6,1,24,0,2026-05-01 22:52:59.386229,2026-05-01 22:52:59.386229,15,9
4744,225,241,14,5,0,0,1,2,9,4,5,10,0,0,2,26,1,2026-05-01 22:52:59.386229,2026-05-01 22:52:59.386229,7,9
4745,225,234,9,2,0,0,1,5,7,2,3,16,1,1,0,33,1,2026-05-01 22:52:59.386229,2026-05-01 22:52:59.386229,18,9
4746,225,199,14,4,1,4,0,2,2,0,6,10,2,2,0,23,1,2026-05-01 22:52:59.386229,2026-05-01 22:52:59.386229,26,9
4747,225,232,2,3,2,0,0,1,0,0,1,4,0,0,1,19,3,2026-05-01 22:52:59.386229,2026-05-01 22:52:59.386229,15,9
4748,225,238,14,4,1,1,0,6,5,3,5,8,3,1,2,20,2,2026-05-01 22:52:59.386229,2026-05-01 22:52:59.386229,16,9
4749,225,242,2,1,0,0,0,5,4,0,1,5,0,0,0,14,2,2026-05-01 22:52:59.386229,2026-05-01 22:52:59.386229,4,9
4750,225,240,17,2,2,0,2,3,0,0,7,11,4,3,1,20,3,2026-05-01 22:52:59.386229,2026-05-01 22:52:59.386229,6,9
4751,225,230,2,0,0,1,0,0,1,0,1,2,0,0,0,5,0,2026-05-01 22:52:59.386229,2026-05-01 22:52:59.386229,-12,9
4752,225,237,0,0,0,2,0,0,1,0,0,1,0,0,0,2,0,2026-05-01 22:52:59.386229,2026-05-01 22:52:59.386229,1,9
4753,225,243,2,1,1,0,0,0,0,0,1,2,0,0,0,2,0,2026-05-01 22:52:59.386229,2026-05-01 22:52:59.386229,1,9
4754,226,411,11,0,2,0,0,5,2,0,3,8,6,5,4,33,3,2026-05-01 22:53:00.725148,2026-05-01 22:53:00.725148,-16,16
4755,226,403,7,1,2,0,0,2,3,1,3,6,0,0,1,19,2,2026-05-01 22:53:00.725148,2026-05-01 22:53:00.725148,-9,16
4756,226,402,28,8,2,1,0,2,8,3,9,19,10,7,0,37,3,2026-05-01 22:53:00.725148,2026-05-01 22:53:00.725148,-12,16
4757,226,406,21,8,0,0,0,5,10,4,8,19,1,1,4,32,3,2026-05-01 22:53:00.725148,2026-05-01 22:53:00.725148,-12,16
4758,226,412,16,2,1,1,1,6,5,2,7,10,0,0,1,32,1,2026-05-01 22:53:00.725148,2026-05-01 22:53:00.725148,-14,16
4759,226,413,20,1,1,1,1,3,5,1,7,13,5,5,1,32,6,2026-05-01 22:53:00.725148,2026-05-01 22:53:00.725148,6,16
4760,226,416,14,6,3,0,0,1,2,0,7,11,0,0,0,20,1,2026-05-01 22:53:00.725148,2026-05-01 22:53:00.725148,8,16
4761,226,415,2,1,1,0,0,4,0,0,1,3,0,0,0,15,4,2026-05-01 22:53:00.725148,2026-05-01 22:53:00.725148,6,16
4762,226,407,7,2,0,1,0,3,3,1,3,5,0,0,0,15,3,2026-05-01 22:53:00.725148,2026-05-01 22:53:00.725148,3,16
4763,226,320,19,11,4,0,0,10,0,0,8,12,5,3,3,37,2,2026-05-01 22:53:00.725148,2026-05-01 22:53:00.725148,4,14
4764,226,326,13,2,0,2,0,4,4,1,2,6,9,8,2,27,2,2026-05-01 22:53:00.725148,2026-05-01 22:53:00.725148,15,14
4765,226,315,6,3,1,0,0,0,0,0,3,5,0,0,1,29,5,2026-05-01 22:53:00.725148,2026-05-01 22:53:00.725148,13,14
4766,226,325,18,4,1,0,0,4,7,2,5,12,10,6,2,39,2,2026-05-01 22:53:00.725148,2026-05-01 22:53:00.725148,13,14
4767,226,316,60,6,1,5,0,3,17,9,18,30,19,15,2,37,1,2026-05-01 22:53:00.725148,2026-05-01 22:53:00.725148,7,14
4768,226,317,7,1,0,1,0,0,2,1,3,6,0,0,1,17,3,2026-05-01 22:53:00.725148,2026-05-01 22:53:00.725148,-5,14
4769,226,375,0,1,1,0,0,0,1,0,0,1,0,0,0,13,0,2026-05-01 22:53:00.725148,2026-05-01 22:53:00.725148,-5,14
4770,226,318,6,2,3,0,2,1,0,0,2,6,2,2,0,18,0,2026-05-01 22:53:00.725148,2026-05-01 22:53:00.725148,-7,14
4771,226,323,5,4,2,0,1,1,1,1,2,3,0,0,0,18,5,2026-05-01 22:53:00.725148,2026-05-01 22:53:00.725148,5,14
4772,227,399,9,4,0,0,0,2,5,1,3,11,2,2,2,18,3,2026-05-01 22:53:00.725148,2026-05-01 22:53:00.725148,-12,5
4773,227,192,13,4,1,3,3,0,9,2,5,13,2,1,2,32,0,2026-05-01 22:53:00.725148,2026-05-01 22:53:00.725148,-20,5
4774,227,347,16,4,4,0,0,0,2,1,7,11,4,1,1,29,3,2026-05-01 22:53:00.725148,2026-05-01 22:53:00.725148,11,5
4775,227,200,20,3,1,3,0,3,4,2,6,12,8,6,2,31,3,2026-05-01 22:53:00.725148,2026-05-01 22:53:00.725148,4,5
4776,227,198,9,5,1,1,2,19,5,1,4,11,0,0,5,36,5,2026-05-01 22:53:00.725148,2026-05-01 22:53:00.725148,-5,5
4777,227,125,17,4,0,1,0,1,7,3,7,14,0,0,0,21,5,2026-05-01 22:53:00.725148,2026-05-01 22:53:00.725148,-9,5
4778,227,210,6,1,0,1,0,1,4,2,2,5,0,0,2,20,4,2026-05-01 22:53:00.725148,2026-05-01 22:53:00.725148,5,5
4779,227,133,10,1,3,0,0,0,3,1,4,9,1,1,2,19,1,2026-05-01 22:53:00.725148,2026-05-01 22:53:00.725148,-2,5
4780,227,68,10,9,2,2,2,1,5,2,4,8,0,0,0,29,0,2026-05-01 22:53:00.725148,2026-05-01 22:53:00.725148,3,5
4781,227,226,18,6,5,1,1,3,4,2,8,14,2,0,2,23,0,2026-05-01 22:53:00.725148,2026-05-01 22:53:00.725148,1,6
4782,227,227,0,5,2,0,0,1,2,0,0,3,0,0,0,18,0,2026-05-01 22:53:00.725148,2026-05-01 22:53:00.725148,2,6
4783,227,219,26,8,6,1,0,3,1,0,12,19,6,2,0,36,1,2026-05-01 22:53:00.725148,2026-05-01 22:53:00.725148,11,6
4784,227,217,13,1,0,1,2,3,8,3,5,12,0,0,0,31,3,2026-05-01 22:53:00.725148,2026-05-01 22:53:00.725148,1,6
4785,227,306,36,6,1,2,1,9,13,7,10,23,11,9,5,36,5,2026-05-01 22:53:00.725148,2026-05-01 22:53:00.725148,9,6
4786,227,354,8,1,1,3,1,3,3,0,2,6,4,4,4,26,4,2026-05-01 22:53:00.725148,2026-05-01 22:53:00.725148,-6,6
4787,227,223,0,6,0,2,0,1,5,0,0,5,0,0,1,23,1,2026-05-01 22:53:00.725148,2026-05-01 22:53:00.725148,-7,6
4788,227,213,5,3,1,0,0,0,2,1,2,5,2,0,0,15,0,2026-05-01 22:53:00.725148,2026-05-01 22:53:00.725148,4,6
4789,227,364,9,2,0,1,0,3,3,1,1,4,6,6,2,16,3,2026-05-01 22:53:00.725148,2026-05-01 22:53:00.725148,7,6
4790,227,224,0,0,0,0,0,0,0,0,0,0,0,0,0,11,0,2026-05-01 22:53:00.725148,2026-05-01 22:53:00.725148,3,6
4791,228,509,20,6,0,1,0,6,4,3,6,11,5,5,0,35,0,2026-05-01 22:53:00.725148,2026-05-01 22:53:00.725148,1,19
4792,228,524,15,3,2,3,0,2,0,0,5,7,7,5,2,33,3,2026-05-01 22:53:00.725148,2026-05-01 22:53:00.725148,12,19
4793,228,518,11,8,3,0,1,4,0,0,5,5,2,1,4,27,5,2026-05-01 22:53:00.725148,2026-05-01 22:53:00.725148,-12,19
4794,228,519,27,4,1,1,0,2,11,5,9,17,4,4,3,34,2,2026-05-01 22:53:00.725148,2026-05-01 22:53:00.725148,4,19
4795,228,513,11,3,0,2,0,2,7,3,4,11,0,0,1,30,3,2026-05-01 22:53:00.725148,2026-05-01 22:53:00.725148,12,19
4796,228,511,8,0,0,2,0,2,2,0,4,10,0,0,1,23,0,2026-05-01 22:53:00.725148,2026-05-01 22:53:00.725148,-2,19
4797,228,516,3,4,1,1,1,0,4,0,0,6,4,3,1,23,3,2026-05-01 22:53:00.725148,2026-05-01 22:53:00.725148,6,19
4798,228,523,5,4,1,1,0,0,2,1,2,5,0,0,4,15,1,2026-05-01 22:53:00.725148,2026-05-01 22:53:00.725148,4,19
4799,228,522,5,0,0,0,0,3,4,1,2,6,0,0,0,17,2,2026-05-01 22:53:00.725148,2026-05-01 22:53:00.725148,5,19
4800,228,307,22,4,0,1,0,3,2,1,7,11,7,7,1,33,4,2026-05-01 22:53:00.725148,2026-05-01 22:53:00.725148,-3,13
4801,228,304,18,8,0,1,0,1,8,3,7,14,3,1,3,27,2,2026-05-01 22:53:00.725148,2026-05-01 22:53:00.725148,-4,13
4802,228,309,6,1,2,0,1,2,3,0,2,9,6,2,3,28,5,2026-05-01 22:53:00.725148,2026-05-01 22:53:00.725148,-8,13
4803,228,310,11,6,2,1,0,5,3,0,2,8,11,7,0,37,0,2026-05-01 22:53:00.725148,2026-05-01 22:53:00.725148,-17,13
4804,228,305,8,5,2,3,0,3,4,2,3,8,0,0,3,34,2,2026-05-01 22:53:00.725148,2026-05-01 22:53:00.725148,3,13
4805,228,312,5,0,0,4,0,2,4,1,2,6,0,0,1,19,4,2026-05-01 22:53:00.725148,2026-05-01 22:53:00.725148,2,13
4806,228,303,0,1,1,1,0,2,1,0,0,2,0,0,2,12,0,2026-05-01 22:53:00.725148,2026-05-01 22:53:00.725148,-5,13
4807,228,301,16,1,0,0,0,1,5,3,6,9,2,1,2,27,3,2026-05-01 22:53:00.725148,2026-05-01 22:53:00.725148,0,13
4808,228,250,13,4,2,0,1,1,2,0,6,9,3,1,0,19,1,2026-05-01 22:53:00.725148,2026-05-01 22:53:00.725148,2,13
4809,229,529,14,2,0,0,2,2,8,4,4,8,2,2,1,33,5,2026-05-01 22:53:00.725148,2026-05-01 22:53:00.725148,-1,27
4810,229,525,6,1,0,1,0,3,2,0,3,6,0,0,0,23,0,2026-05-01 22:53:00.725148,2026-05-01 22:53:00.725148,-4,27
4811,229,542,34,10,2,3,1,1,7,2,10,20,12,12,3,34,2,2026-05-01 22:53:00.725148,2026-05-01 22:53:00.725148,18,27
4812,229,540,12,2,0,0,0,2,7,2,5,10,0,0,2,32,4,2026-05-01 22:53:00.725148,2026-05-01 22:53:00.725148,21,27
4813,229,530,23,6,1,1,0,3,5,1,8,17,7,6,4,32,3,2026-05-01 22:53:00.725148,2026-05-01 22:53:00.725148,-7,27
4814,229,531,5,3,3,0,0,5,2,1,2,9,0,0,2,26,2,2026-05-01 22:53:00.725148,2026-05-01 22:53:00.725148,10,27
4815,229,533,6,2,2,0,0,1,3,0,3,10,0,0,0,20,2,2026-05-01 22:53:00.725148,2026-05-01 22:53:00.725148,-5,27
4816,229,527,0,2,0,0,1,1,0,0,0,1,0,0,1,10,1,2026-05-01 22:53:00.725148,2026-05-01 22:53:00.725148,-15,27
4817,229,535,1,3,1,0,0,0,0,0,0,2,2,1,0,15,0,2026-05-01 22:53:00.725148,2026-05-01 22:53:00.725148,-18,27
4818,229,536,0,2,0,1,1,5,0,0,0,0,0,0,1,10,0,2026-05-01 22:53:00.725148,2026-05-01 22:53:00.725148,6,27
4819,229,341,17,7,1,1,0,4,7,1,7,20,2,2,3,33,1,2026-05-01 22:53:00.725148,2026-05-01 22:53:00.725148,-5,24
4820,229,340,5,7,1,3,0,0,5,1,2,9,0,0,0,35,3,2026-05-01 22:53:00.725148,2026-05-01 22:53:00.725148,-14,24
4821,229,343,15,5,2,1,0,7,0,0,7,10,2,1,0,33,4,2026-05-01 22:53:00.725148,2026-05-01 22:53:00.725148,-1,24
4822,229,333,22,0,0,0,0,5,4,0,8,21,7,6,4,34,3,2026-05-01 22:53:00.725148,2026-05-01 22:53:00.725148,-12,24
4823,229,339,24,1,1,2,0,6,11,6,7,13,4,4,1,34,2,2026-05-01 22:53:00.725148,2026-05-01 22:53:00.725148,3,24
4824,229,337,5,6,2,1,0,1,3,1,2,5,0,0,0,19,0,2026-05-01 22:53:00.725148,2026-05-01 22:53:00.725148,-2,24
4825,229,345,4,4,1,0,1,1,0,0,2,3,0,0,1,13,3,2026-05-01 22:53:00.725148,2026-05-01 22:53:00.725148,0,24
4826,229,334,0,3,0,0,0,1,1,0,0,3,0,0,0,9,1,2026-05-01 22:53:00.725148,2026-05-01 22:53:00.725148,12,24
4827,229,338,8,4,1,1,2,0,5,2,3,7,2,0,1,20,4,2026-05-01 22:53:00.725148,2026-05-01 22:53:00.725148,11,24
4828,229,268,0,0,1,0,0,2,0,0,0,0,0,0,1,5,0,2026-05-01 22:53:00.725148,2026-05-01 22:53:00.725148,3,24
4851,231,191,23,3,0,1,0,5,2,1,10,16,4,2,1,27,0,2026-05-01 22:53:00.725148,2026-05-01 22:53:00.725148,4,29
4852,231,570,7,7,4,3,0,6,2,0,3,6,3,1,1,48,4,2026-05-01 22:53:00.725148,2026-05-01 22:53:00.725148,32,29
4853,231,178,16,6,2,0,0,1,4,1,6,10,4,3,4,25,0,2026-05-01 22:53:00.725148,2026-05-01 22:53:00.725148,0,29
4854,231,175,33,8,1,3,1,4,19,7,13,27,0,0,3,34,4,2026-05-01 22:53:00.725148,2026-05-01 22:53:00.725148,15,29
4855,231,180,23,2,0,0,0,10,10,4,7,14,6,5,1,34,1,2026-05-01 22:53:00.725148,2026-05-01 22:53:00.725148,33,29
4856,231,576,5,4,1,3,1,6,4,1,1,4,2,2,3,35,5,2026-05-01 22:53:00.725148,2026-05-01 22:53:00.725148,34,29
4857,231,554,14,2,1,0,0,1,7,4,5,9,0,0,0,20,4,2026-05-01 22:53:00.725148,2026-05-01 22:53:00.725148,24,29
4858,231,190,7,3,3,0,0,1,0,0,3,3,1,1,0,15,0,2026-05-01 22:53:00.725148,2026-05-01 22:53:00.725148,18,29
4859,231,272,11,3,2,1,0,1,2,0,3,7,6,5,3,19,1,2026-05-01 22:53:00.725148,2026-05-01 22:53:00.725148,-19,17
4860,231,141,13,1,0,2,1,1,4,3,5,7,0,0,2,24,2,2026-05-01 22:53:00.725148,2026-05-01 22:53:00.725148,-27,17
4861,231,280,3,3,0,1,0,1,3,1,1,3,0,0,4,18,3,2026-05-01 22:53:00.725148,2026-05-01 22:53:00.725148,-12,17
4862,231,269,0,2,1,0,0,0,4,0,0,4,0,0,0,11,1,2026-05-01 22:53:00.725148,2026-05-01 22:53:00.725148,-13,17
4863,231,277,15,2,1,0,0,5,7,3,5,10,2,2,3,23,3,2026-05-01 22:53:00.725148,2026-05-01 22:53:00.725148,-14,17
4864,231,276,6,1,1,0,0,1,5,2,2,5,0,0,0,16,1,2026-05-01 22:53:00.725148,2026-05-01 22:53:00.725148,-4,17
4865,231,275,11,6,0,2,0,1,4,1,4,12,3,2,0,23,1,2026-05-01 22:53:00.725148,2026-05-01 22:53:00.725148,-17,17
4866,231,31,14,2,0,1,1,4,3,1,5,11,5,3,5,22,0,2026-05-01 22:53:00.725148,2026-05-01 22:53:00.725148,-20,17
4867,231,278,2,2,1,0,0,1,0,0,1,1,0,0,0,17,1,2026-05-01 22:53:00.725148,2026-05-01 22:53:00.725148,-9,17
4868,231,279,4,1,0,0,0,1,5,1,1,5,2,1,0,17,1,2026-05-01 22:53:00.725148,2026-05-01 22:53:00.725148,0,17
4869,231,271,2,0,1,0,0,0,0,0,1,2,0,0,0,8,0,2026-05-01 22:53:00.725148,2026-05-01 22:53:00.725148,-5,17
4870,231,273,0,2,0,0,0,1,1,0,0,2,0,0,0,13,0,2026-05-01 22:53:00.725148,2026-05-01 22:53:00.725148,-14,17
4871,231,266,4,2,1,0,0,1,0,0,1,2,2,2,1,7,0,2026-05-01 22:53:00.725148,2026-05-01 22:53:00.725148,-2,17
4872,231,270,6,0,0,1,0,1,3,2,2,3,0,0,2,7,2,2026-05-01 22:53:00.725148,2026-05-01 22:53:00.725148,-2,17
4873,231,583,5,0,0,1,0,1,3,1,1,4,3,2,0,7,2,2026-05-01 22:53:00.725148,2026-05-01 22:53:00.725148,-2,17
4874,232,353,13,2,1,0,0,5,1,0,6,10,2,1,2,23,2,2026-05-01 22:53:00.725148,2026-05-01 22:53:00.725148,-26,26
4875,232,349,12,7,0,0,1,0,1,0,3,5,10,6,1,33,0,2026-05-01 22:53:00.725148,2026-05-01 22:53:00.725148,-7,26
4876,232,361,30,3,1,0,1,2,4,3,11,17,5,5,0,35,2,2026-05-01 22:53:00.725148,2026-05-01 22:53:00.725148,-29,26
4877,232,360,20,1,1,0,0,1,8,4,7,13,2,2,1,31,2,2026-05-01 22:53:00.725148,2026-05-01 22:53:00.725148,-22,26
4878,232,366,11,3,0,1,2,8,6,2,4,10,4,1,4,26,1,2026-05-01 22:53:00.725148,2026-05-01 22:53:00.725148,-25,26
4879,232,358,4,1,0,0,0,5,1,0,1,5,2,2,2,15,2,2026-05-01 22:53:00.725148,2026-05-01 22:53:00.725148,4,26
4880,232,350,9,4,9,1,0,3,0,0,4,8,2,1,1,21,3,2026-05-01 22:53:00.725148,2026-05-01 22:53:00.725148,-4,26
4881,232,558,8,5,0,1,1,2,4,0,3,12,2,2,2,21,4,2026-05-01 22:53:00.725148,2026-05-01 22:53:00.725148,4,26
4882,232,357,11,1,2,0,1,0,7,3,4,9,0,0,0,30,2,2026-05-01 22:53:00.725148,2026-05-01 22:53:00.725148,0,26
4883,232,70,12,3,5,0,2,2,1,0,5,9,2,2,0,34,5,2026-05-01 22:53:00.725148,2026-05-01 22:53:00.725148,31,23
4884,232,76,32,0,0,2,0,4,11,7,11,18,3,3,0,33,0,2026-05-01 22:53:00.725148,2026-05-01 22:53:00.725148,47,23
4885,232,72,8,8,2,2,0,0,0,0,2,3,4,4,2,20,1,2026-05-01 22:53:00.725148,2026-05-01 22:53:00.725148,18,23
4886,232,80,27,5,0,0,0,7,6,3,10,20,6,4,1,31,2,2026-05-01 22:53:00.725148,2026-05-01 22:53:00.725148,11,23
4887,232,75,38,3,4,2,0,11,7,3,16,28,3,3,1,38,2,2026-05-01 22:53:00.725148,2026-05-01 22:53:00.725148,44,23
4888,232,85,0,0,1,0,0,0,1,0,0,3,0,0,0,5,2,2026-05-01 22:53:00.725148,2026-05-01 22:53:00.725148,-9,23
4889,232,74,13,6,5,0,3,4,3,3,5,11,0,0,1,24,2,2026-05-01 22:53:00.725148,2026-05-01 22:53:00.725148,13,23
4890,232,555,3,3,0,2,1,0,2,0,1,3,2,1,0,12,0,2026-05-01 22:53:00.725148,2026-05-01 22:53:00.725148,-19,23
4891,232,86,2,2,0,0,0,2,1,0,0,2,2,2,3,10,4,2026-05-01 22:53:00.725148,2026-05-01 22:53:00.725148,-17,23
4892,232,81,0,0,0,0,1,0,1,0,0,1,0,0,1,8,1,2026-05-01 22:53:00.725148,2026-05-01 22:53:00.725148,-21,23
4893,232,71,4,2,0,0,0,2,2,1,1,2,2,1,0,16,3,2026-05-01 22:53:00.725148,2026-05-01 22:53:00.725148,17,23
4894,232,207,0,0,0,0,0,0,1,0,0,2,0,0,0,4,0,2026-05-01 22:53:00.725148,2026-05-01 22:53:00.725148,-10,23
4895,233,392,17,5,1,0,0,4,9,4,5,11,3,3,2,25,4,2026-05-01 22:52:59.386229,2026-05-01 22:52:59.386229,7,4
4896,233,385,11,3,0,0,0,0,3,1,4,8,3,2,1,22,3,2026-05-01 22:52:59.386229,2026-05-01 22:52:59.386229,18,4
4897,233,387,3,4,1,0,1,1,0,0,1,3,1,1,3,24,2,2026-05-01 22:52:59.386229,2026-05-01 22:52:59.386229,10,4
4898,233,395,25,3,1,0,0,8,10,5,8,14,4,4,2,28,2,2026-05-01 22:52:59.386229,2026-05-01 22:52:59.386229,27,4
4899,233,384,20,4,2,3,1,5,8,3,7,13,3,3,3,20,3,2026-05-01 22:52:59.386229,2026-05-01 22:52:59.386229,12,4
4900,233,390,6,2,1,2,0,4,2,2,2,2,0,0,0,21,0,2026-05-01 22:52:59.386229,2026-05-01 22:52:59.386229,30,4
4901,233,391,13,3,2,0,0,0,0,0,5,5,3,3,2,23,2,2026-05-01 22:52:59.386229,2026-05-01 22:52:59.386229,9,4
4902,233,209,27,3,0,0,0,5,8,5,7,13,8,8,4,22,2,2026-05-01 22:52:59.386229,2026-05-01 22:52:59.386229,-2,4
4903,233,401,0,3,0,0,0,0,1,0,0,1,0,0,3,17,3,2026-05-01 22:52:59.386229,2026-05-01 22:52:59.386229,9,4
4904,233,388,5,1,2,1,0,0,3,1,2,4,0,0,0,18,2,2026-05-01 22:53:00.725148,2026-05-01 22:53:00.725148,-5,4
4905,233,393,3,0,0,1,0,1,1,1,1,3,0,0,2,6,1,2026-05-01 22:53:00.725148,2026-05-01 22:53:00.725148,-8,4
4906,233,386,0,0,0,1,0,0,1,0,0,2,0,0,0,6,0,2026-05-01 22:53:00.725148,2026-05-01 22:53:00.725148,-8,4
4907,233,49,0,0,0,1,0,0,0,0,0,1,2,0,0,1,0,2026-05-01 22:53:00.725148,2026-05-01 22:53:00.725148,-4,4
4908,233,426,4,2,0,1,1,1,2,0,1,4,2,2,0,22,1,2026-05-01 22:53:00.725148,2026-05-01 22:53:00.725148,-12,22
4909,233,419,20,1,2,1,1,7,5,1,6,16,8,7,3,28,3,2026-05-01 22:53:00.725148,2026-05-01 22:53:00.725148,-23,22
4910,233,421,4,1,1,1,1,1,0,0,2,3,0,0,0,18,4,2026-05-01 22:53:00.725148,2026-05-01 22:53:00.725148,-17,22
4911,233,420,24,5,2,1,0,2,5,3,8,15,5,5,2,25,0,2026-05-01 22:53:00.725148,2026-05-01 22:53:00.725148,-21,22
4912,233,433,9,0,0,2,1,1,5,1,4,12,0,0,2,21,1,2026-05-01 22:53:00.725148,2026-05-01 22:53:00.725148,-15,22
4913,233,427,5,0,1,1,0,0,2,1,2,3,0,0,0,15,3,2026-05-01 22:53:00.725148,2026-05-01 22:53:00.725148,-24,22
4914,233,435,5,1,0,0,0,1,3,0,1,5,4,3,0,18,2,2026-05-01 22:53:00.725148,2026-05-01 22:53:00.725148,-14,22
4915,233,193,11,1,3,2,0,3,7,3,4,11,0,0,1,18,1,2026-05-01 22:53:00.725148,2026-05-01 22:53:00.725148,-9,22
4916,233,430,8,0,2,0,0,2,6,2,3,8,0,0,1,21,0,2026-05-01 22:53:00.725148,2026-05-01 22:53:00.725148,0,22
4917,233,423,15,1,0,1,0,1,7,3,5,10,2,2,1,18,2,2026-05-01 22:53:00.725148,2026-05-01 22:53:00.725148,9,22
4918,233,584,2,2,1,0,0,4,0,0,1,2,0,0,2,12,4,2026-05-01 22:53:00.725148,2026-05-01 22:53:00.725148,14,22
4919,233,425,2,4,0,0,0,1,0,0,1,3,0,0,2,10,1,2026-05-01 22:53:00.725148,2026-05-01 22:53:00.725148,12,22
4920,233,431,2,1,0,1,0,0,0,0,1,1,0,0,0,7,1,2026-05-01 22:53:00.725148,2026-05-01 22:53:00.725148,5,22
4921,234,441,12,2,0,1,0,0,2,0,5,10,2,2,2,19,0,2026-05-01 22:53:00.725148,2026-05-01 22:53:00.725148,-32,30
4922,234,447,18,1,0,0,0,3,6,2,8,12,0,0,2,31,1,2026-05-01 22:53:00.725148,2026-05-01 22:53:00.725148,-16,30
4923,234,449,17,2,0,1,0,2,3,3,6,7,2,2,2,11,3,2026-05-01 22:53:00.725148,2026-05-01 22:53:00.725148,-2,30
4924,234,445,8,3,1,0,0,4,5,2,3,11,0,0,3,24,2,2026-05-01 22:53:00.725148,2026-05-01 22:53:00.725148,-23,30
4925,234,438,13,1,0,0,1,7,8,3,5,14,0,0,0,31,3,2026-05-01 22:53:00.725148,2026-05-01 22:53:00.725148,-33,30
4926,234,440,11,4,0,0,0,3,1,1,3,7,4,4,1,23,2,2026-05-01 22:53:00.725148,2026-05-01 22:53:00.725148,-1,30
4927,234,443,21,5,1,0,0,6,3,3,8,9,2,2,0,34,1,2026-05-01 22:53:00.725148,2026-05-01 22:53:00.725148,-14,30
4928,234,439,17,4,3,1,2,0,1,0,7,10,5,3,0,20,0,2026-05-01 22:53:00.725148,2026-05-01 22:53:00.725148,5,30
4929,234,450,7,3,2,0,0,2,3,1,2,4,2,2,0,18,1,2026-05-01 22:53:00.725148,2026-05-01 22:53:00.725148,2,30
4930,234,459,7,0,0,1,0,5,8,1,3,12,0,0,1,24,1,2026-05-01 22:53:00.725148,2026-05-01 22:53:00.725148,4,30
4931,234,70,6,2,1,0,0,2,0,0,3,3,0,0,1,21,1,2026-05-01 22:53:00.725148,2026-05-01 22:53:00.725148,34,23
4932,234,78,39,5,0,3,0,6,12,6,15,22,4,3,0,30,2,2026-05-01 22:53:00.725148,2026-05-01 22:53:00.725148,26,23
4933,234,72,13,2,2,2,1,1,0,0,5,5,3,3,0,21,4,2026-05-01 22:53:00.725148,2026-05-01 22:53:00.725148,23,23
4934,234,75,23,1,2,0,0,10,3,2,10,15,1,1,2,32,1,2026-05-01 22:53:00.725148,2026-05-01 22:53:00.725148,29,23
4935,234,82,28,2,0,1,0,9,5,1,12,20,4,3,2,34,1,2026-05-01 22:53:00.725148,2026-05-01 22:53:00.725148,28,23
4936,234,84,12,3,1,1,0,1,4,2,5,10,0,0,2,20,3,2026-05-01 22:53:00.725148,2026-05-01 22:53:00.725148,-6,23
4937,234,74,6,6,3,2,0,4,2,2,2,5,0,0,0,23,1,2026-05-01 22:53:00.725148,2026-05-01 22:53:00.725148,-1,23
4938,234,80,12,3,1,0,0,1,4,2,5,10,0,0,2,23,1,2026-05-01 22:53:00.725148,2026-05-01 22:53:00.725148,-13,23
4939,234,76,5,1,0,0,0,1,3,1,1,4,2,2,0,9,1,2026-05-01 22:53:00.725148,2026-05-01 22:53:00.725148,-9,23
4940,234,555,4,3,0,0,1,1,1,0,1,3,2,2,0,13,3,2026-05-01 22:53:00.725148,2026-05-01 22:53:00.725148,-1,23
4941,234,71,3,0,0,0,0,1,1,1,1,1,0,0,0,2,0,2026-05-01 22:53:00.725148,2026-05-01 22:53:00.725148,0,23
4942,234,86,2,1,0,0,0,0,0,0,1,1,0,0,0,2,0,2026-05-01 22:53:00.725148,2026-05-01 22:53:00.725148,0,23
4943,234,85,0,2,0,0,0,0,0,0,0,0,0,0,1,2,0,2026-05-01 22:53:00.725148,2026-05-01 22:53:00.725148,0,23
4944,235,434,12,1,0,0,0,2,6,0,5,13,3,2,1,19,3,2026-05-01 22:53:00.725148,2026-05-01 22:53:00.725148,-12,22
4945,235,419,11,7,1,1,0,3,1,0,3,9,6,5,3,26,3,2026-05-01 22:53:00.725148,2026-05-01 22:53:00.725148,-18,22
4946,235,424,14,6,0,1,1,0,2,0,6,9,2,2,1,25,2,2026-05-01 22:53:00.725148,2026-05-01 22:53:00.725148,-16,22
4947,235,420,14,0,2,0,0,2,6,2,5,13,3,2,2,29,3,2026-05-01 22:53:00.725148,2026-05-01 22:53:00.725148,-15,22
4948,235,433,7,4,1,3,1,9,5,0,3,12,1,1,6,25,3,2026-05-01 22:53:00.725148,2026-05-01 22:53:00.725148,-13,22
4949,235,426,9,2,0,1,0,6,1,0,2,5,5,5,0,23,2,2026-05-01 22:53:00.725148,2026-05-01 22:53:00.725148,-12,22
4950,235,423,17,1,0,0,0,0,6,2,5,9,5,5,0,26,3,2026-05-01 22:53:00.725148,2026-05-01 22:53:00.725148,-19,22
4951,235,421,4,3,2,0,2,1,0,0,2,3,0,0,3,15,3,2026-05-01 22:53:00.725148,2026-05-01 22:53:00.725148,-5,22
4952,235,193,3,0,0,1,0,2,2,1,1,3,0,0,1,15,1,2026-05-01 22:53:00.725148,2026-05-01 22:53:00.725148,-6,22
4953,235,427,4,0,1,0,1,1,2,1,1,5,1,1,0,11,0,2026-05-01 22:53:00.725148,2026-05-01 22:53:00.725148,-6,22
4954,235,431,4,1,1,0,0,1,0,0,1,3,4,2,1,7,1,2026-05-01 22:53:00.725148,2026-05-01 22:53:00.725148,-8,22
4955,235,435,2,2,0,0,0,0,0,0,1,3,1,0,1,7,0,2026-05-01 22:53:00.725148,2026-05-01 22:53:00.725148,-8,22
4956,235,430,0,2,0,0,0,2,1,0,0,1,0,0,0,5,0,2026-05-01 22:53:00.725148,2026-05-01 22:53:00.725148,-7,22
4957,235,368,15,7,6,1,0,4,2,1,5,11,4,4,3,31,2,2026-05-01 22:53:00.725148,2026-05-01 22:53:00.725148,19,1
4958,235,374,18,14,0,1,1,8,4,0,8,17,3,2,3,33,3,2026-05-01 22:53:00.725148,2026-05-01 22:53:00.725148,14,1
4959,235,380,16,5,2,2,2,4,5,2,4,11,8,6,3,30,4,2026-05-01 22:53:00.725148,2026-05-01 22:53:00.725148,13,1
4960,235,367,32,4,0,3,1,1,9,5,11,16,6,5,3,33,3,2026-05-01 22:53:00.725148,2026-05-01 22:53:00.725148,28,1
4961,235,378,9,1,0,3,1,3,4,1,4,13,1,0,2,33,2,2026-05-01 22:53:00.725148,2026-05-01 22:53:00.725148,21,1
4962,235,372,0,1,1,1,0,2,3,0,0,3,0,0,0,10,3,2026-05-01 22:53:00.725148,2026-05-01 22:53:00.725148,-1,1
4963,235,331,5,2,0,1,0,1,2,1,1,2,2,2,2,12,3,2026-05-01 22:53:00.725148,2026-05-01 22:53:00.725148,5,1
4964,235,289,12,0,0,1,0,1,2,1,5,7,1,1,0,18,0,2026-05-01 22:53:00.725148,2026-05-01 22:53:00.725148,4,1
4965,235,498,8,1,0,0,0,1,2,1,3,4,2,1,1,14,3,2026-05-01 22:53:00.725148,2026-05-01 22:53:00.725148,10,1
4966,235,382,4,3,0,1,1,1,0,0,2,2,0,0,0,13,3,2026-05-01 22:53:00.725148,2026-05-01 22:53:00.725148,14,1
4967,235,379,2,0,1,0,0,1,0,0,1,1,0,0,0,2,0,2026-05-01 22:53:00.725148,2026-05-01 22:53:00.725148,6,1
4968,235,383,0,0,0,1,0,0,1,0,0,2,0,0,0,2,1,2026-05-01 22:53:00.725148,2026-05-01 22:53:00.725148,6,1
4969,235,373,9,2,1,0,0,0,3,3,3,3,0,0,0,2,2,2026-05-01 22:53:00.725148,2026-05-01 22:53:00.725148,6,1
4970,236,411,18,1,2,3,0,6,4,2,7,13,4,2,1,37,2,2026-05-01 22:53:00.725148,2026-05-01 22:53:00.725148,7,16
4971,236,417,13,4,0,0,2,2,4,3,4,7,2,2,0,32,2,2026-05-01 22:53:00.725148,2026-05-01 22:53:00.725148,-17,16
4972,236,402,29,6,4,2,0,2,10,5,10,21,8,4,3,37,2,2026-05-01 22:53:00.725148,2026-05-01 22:53:00.725148,-23,16
4973,236,406,18,3,0,0,1,7,10,4,5,15,4,4,3,40,5,2026-05-01 22:53:00.725148,2026-05-01 22:53:00.725148,-11,16
4974,236,412,21,2,0,0,0,7,10,5,8,15,0,0,0,40,2,2026-05-01 22:53:00.725148,2026-05-01 22:53:00.725148,7,16
4975,236,416,8,2,0,0,0,0,2,2,2,3,2,2,0,12,1,2026-05-01 22:53:00.725148,2026-05-01 22:53:00.725148,-5,16
4976,236,408,17,6,4,0,1,2,5,2,7,16,1,1,2,29,1,2026-05-01 22:53:00.725148,2026-05-01 22:53:00.725148,-23,16
4977,236,415,0,0,1,0,0,1,0,0,0,1,0,0,0,3,0,2026-05-01 22:53:00.725148,2026-05-01 22:53:00.725148,-18,16
4978,236,403,5,1,1,0,0,0,2,1,1,4,2,2,0,4,1,2026-05-01 22:53:00.725148,2026-05-01 22:53:00.725148,-7,16
4979,236,41,23,3,0,1,1,0,7,5,9,11,1,0,0,28,1,2026-05-01 22:53:00.725148,2026-05-01 22:53:00.725148,23,2
4980,236,48,25,18,0,2,0,11,13,4,9,21,4,3,2,37,2,2026-05-01 22:53:00.725148,2026-05-01 22:53:00.725148,7,2
4981,236,44,16,8,3,0,3,3,0,0,5,7,8,6,0,33,3,2026-05-01 22:53:00.725148,2026-05-01 22:53:00.725148,28,2
4982,236,37,43,2,1,0,0,7,10,4,17,29,7,5,1,37,3,2026-05-01 22:53:00.725148,2026-05-01 22:53:00.725148,9,2
4983,236,51,6,3,2,0,1,4,1,0,3,4,0,0,3,34,1,2026-05-01 22:53:00.725148,2026-05-01 22:53:00.725148,6,2
4984,236,45,8,1,1,1,0,4,2,2,3,4,0,0,1,17,3,2026-05-01 22:53:00.725148,2026-05-01 22:53:00.725148,14,2
4985,236,43,14,1,2,0,1,4,7,4,5,9,0,0,0,31,2,2026-05-01 22:53:00.725148,2026-05-01 22:53:00.725148,20,2
4986,236,38,12,0,2,0,1,0,4,2,5,10,0,0,0,14,2,2026-05-01 22:53:00.725148,2026-05-01 22:53:00.725148,-10,2
4987,236,50,0,1,0,1,1,1,0,0,0,1,0,0,0,5,0,2026-05-01 22:53:00.725148,2026-05-01 22:53:00.725148,-7,2
4988,236,39,0,0,0,0,0,0,0,0,0,0,0,0,0,0,0,2026-05-01 22:53:00.725148,2026-05-01 22:53:00.725148,0,2
4989,236,46,0,0,0,0,0,0,0,0,0,0,0,0,0,0,0,2026-05-01 22:53:00.725148,2026-05-01 22:53:00.725148,0,2
5016,240,89,20,4,1,0,1,6,5,1,8,19,5,3,5,36,4,2026-05-01 22:53:00.725148,2026-05-01 22:53:00.725148,2,28
5017,240,88,14,4,1,2,1,10,3,0,5,14,8,4,3,35,2,2026-05-01 22:53:00.725148,2026-05-01 22:53:00.725148,-15,28
5018,240,99,18,4,1,1,0,1,0,0,6,8,8,6,0,28,2,2026-05-01 22:53:00.725148,2026-05-01 22:53:00.725148,-9,28
5019,240,103,8,4,0,3,0,3,3,2,3,4,0,0,1,32,3,2026-05-01 22:53:00.725148,2026-05-01 22:53:00.725148,-8,28
5020,240,101,16,1,0,2,1,7,3,3,5,9,3,3,2,37,2,2026-05-01 22:53:00.725148,2026-05-01 22:53:00.725148,17,28
5021,240,94,2,1,0,0,0,1,2,0,1,3,0,0,0,15,2,2026-05-01 22:53:00.725148,2026-05-01 22:53:00.725148,-13,28
5022,240,95,17,5,1,1,2,3,5,3,7,10,0,0,0,33,1,2026-05-01 22:53:00.725148,2026-05-01 22:53:00.725148,-9,28
5023,240,98,20,3,1,0,0,2,1,0,7,9,8,6,0,18,5,2026-05-01 22:53:00.725148,2026-05-01 22:53:00.725148,5,28
5024,240,96,0,1,0,0,0,0,1,0,0,1,0,0,0,3,0,2026-05-01 22:53:00.725148,2026-05-01 22:53:00.725148,-10,28
5025,240,353,28,0,1,0,0,4,4,2,7,18,12,12,1,34,2,2026-05-01 22:53:00.725148,2026-05-01 22:53:00.725148,2,26
5026,240,349,28,8,11,0,1,1,2,1,12,19,4,3,2,37,4,2026-05-01 22:53:00.725148,2026-05-01 22:53:00.725148,22,26
5027,240,361,6,8,0,0,0,0,1,0,2,4,2,2,1,23,3,2026-05-01 22:53:00.725148,2026-05-01 22:53:00.725148,1,26
5028,240,352,9,2,0,1,0,3,3,1,4,9,0,0,3,32,4,2026-05-01 22:53:00.725148,2026-05-01 22:53:00.725148,7,26
5029,240,351,13,2,3,1,0,3,4,1,4,12,4,4,0,22,1,2026-05-01 22:53:00.725148,2026-05-01 22:53:00.725148,13,26
5030,240,558,5,2,0,3,0,3,2,0,1,5,3,3,0,14,0,2026-05-01 22:53:00.725148,2026-05-01 22:53:00.725148,-1,26
5031,240,350,2,3,3,0,1,3,0,0,1,3,0,0,2,14,4,2026-05-01 22:53:00.725148,2026-05-01 22:53:00.725148,1,26
5032,240,358,18,3,0,1,1,5,7,3,6,11,4,3,3,29,1,2026-05-01 22:53:00.725148,2026-05-01 22:53:00.725148,-5,26
5033,240,360,11,1,1,1,0,2,7,3,4,8,0,0,1,21,2,2026-05-01 22:53:00.725148,2026-05-01 22:53:00.725148,7,26
5034,240,357,3,0,0,0,0,0,3,1,1,3,0,0,0,9,1,2026-05-01 22:53:00.725148,2026-05-01 22:53:00.725148,-7,26
5035,241,475,19,4,1,0,1,9,6,2,7,16,4,3,2,39,2,2026-05-01 22:53:00.725148,2026-05-01 22:53:00.725148,6,11
5036,241,484,12,7,0,0,2,4,8,2,5,15,0,0,2,33,2,2026-05-01 22:53:00.725148,2026-05-01 22:53:00.725148,11,11
5037,241,482,25,7,2,2,1,4,2,2,9,13,6,5,0,29,5,2026-05-01 22:53:00.725148,2026-05-01 22:53:00.725148,6,11
5038,241,486,18,5,3,2,0,6,0,0,5,10,8,8,0,39,1,2026-05-01 22:53:00.725148,2026-05-01 22:53:00.725148,12,11
5039,241,483,27,4,0,2,0,6,14,9,9,15,0,0,0,37,0,2026-05-01 22:53:00.725148,2026-05-01 22:53:00.725148,17,11
5040,241,476,5,1,1,0,0,0,7,1,1,8,2,2,0,23,2,2026-05-01 22:53:00.725148,2026-05-01 22:53:00.725148,-9,11
5041,241,472,2,1,4,1,0,0,0,0,1,2,0,0,2,7,1,2026-05-01 22:53:00.725148,2026-05-01 22:53:00.725148,-2,11
5042,241,479,3,1,0,0,0,0,3,1,1,3,0,0,0,13,0,2026-05-01 22:53:00.725148,2026-05-01 22:53:00.725148,-11,11
5043,241,485,0,0,0,0,0,0,0,0,0,1,0,0,0,3,0,2026-05-01 22:53:00.725148,2026-05-01 22:53:00.725148,-4,11
5044,241,481,8,0,1,0,0,1,2,1,3,4,2,1,1,12,0,2026-05-01 22:53:00.725148,2026-05-01 22:53:00.725148,4,11
5045,241,141,36,6,1,1,0,10,7,1,15,31,5,5,5,44,1,2026-05-01 22:53:00.725148,2026-05-01 22:53:00.725148,-11,17
5046,241,273,23,3,0,0,1,0,9,5,9,13,0,0,2,39,1,2026-05-01 22:53:00.725148,2026-05-01 22:53:00.725148,-4,17
5047,241,278,6,12,8,0,0,2,0,0,1,5,6,4,1,35,4,2026-05-01 22:53:00.725148,2026-05-01 22:53:00.725148,-7,17
5048,241,279,0,0,0,1,0,0,1,0,0,3,0,0,1,7,1,2026-05-01 22:53:00.725148,2026-05-01 22:53:00.725148,-9,17
5049,241,269,15,7,1,0,0,2,13,5,5,15,0,0,2,46,3,2026-05-01 22:53:00.725148,2026-05-01 22:53:00.725148,-2,17
5050,241,271,8,2,3,0,0,3,3,2,3,8,2,0,2,23,2,2026-05-01 22:53:00.725148,2026-05-01 22:53:00.725148,2,17
5051,241,583,25,0,2,1,0,4,7,4,9,14,3,3,2,38,4,2026-05-01 22:53:00.725148,2026-05-01 22:53:00.725148,0,17
5052,241,264,0,0,0,0,0,0,0,0,0,0,0,0,0,4,0,2026-05-01 22:53:00.725148,2026-05-01 22:53:00.725148,1,17
5058,243,296,2,3,1,0,0,3,2,0,1,3,0,0,0,25,2,2026-05-01 22:53:00.725148,2026-05-01 22:53:00.725148,-18,10
5059,243,562,18,2,2,2,0,1,4,2,8,18,0,0,2,46,5,2026-05-01 22:53:00.725148,2026-05-01 22:53:00.725148,-9,10
5060,243,285,14,2,0,1,1,1,6,4,4,7,2,2,0,20,5,2026-05-01 22:53:00.725148,2026-05-01 22:53:00.725148,-11,10
5061,243,282,17,1,0,0,0,3,7,2,6,12,3,3,2,23,3,2026-05-01 22:53:00.725148,2026-05-01 22:53:00.725148,-16,10
5062,243,294,14,6,0,0,0,5,5,2,4,8,4,4,1,17,1,2026-05-01 22:53:00.725148,2026-05-01 22:53:00.725148,-9,10
5063,243,298,14,7,1,1,1,7,6,2,6,15,0,0,5,38,1,2026-05-01 22:53:00.725148,2026-05-01 22:53:00.725148,-3,10
5064,243,578,17,7,1,0,1,4,1,0,6,9,6,5,1,29,5,2026-05-01 22:53:00.725148,2026-05-01 22:53:00.725148,1,10
5065,243,283,12,2,0,0,0,0,4,2,5,8,0,0,0,10,0,2026-05-01 22:53:00.725148,2026-05-01 22:53:00.725148,-4,10
5066,243,290,5,2,2,2,0,5,0,0,2,6,3,1,2,29,4,2026-05-01 22:53:00.725148,2026-05-01 22:53:00.725148,-1,10
5067,243,540,8,2,0,0,1,4,5,1,2,8,4,3,2,27,2,2026-05-01 22:53:00.725148,2026-05-01 22:53:00.725148,25,27
5068,243,529,15,3,0,0,0,2,13,4,5,15,1,1,1,25,3,2026-05-01 22:53:00.725148,2026-05-01 22:53:00.725148,0,27
5069,243,542,41,18,0,0,3,3,6,2,16,22,8,7,0,28,0,2026-05-01 22:53:00.725148,2026-05-01 22:53:00.725148,16,27
5070,243,528,15,3,4,1,0,11,4,2,4,9,7,5,4,32,2,2026-05-01 22:53:00.725148,2026-05-01 22:53:00.725148,6,27
5071,243,530,11,2,2,2,0,4,2,1,4,7,2,2,1,24,2,2026-05-01 22:53:00.725148,2026-05-01 22:53:00.725148,30,27
5072,243,533,11,1,2,0,0,1,6,2,3,11,4,3,1,25,2,2026-05-01 22:53:00.725148,2026-05-01 22:53:00.725148,7,27
5073,243,531,13,1,1,2,0,5,2,0,6,11,1,1,3,23,4,2026-05-01 22:53:00.725148,2026-05-01 22:53:00.725148,-4,27
5074,243,525,13,4,2,1,0,3,6,3,4,7,3,2,0,27,1,2026-05-01 22:53:00.725148,2026-05-01 22:53:00.725148,-7,27
5075,243,396,0,0,0,1,0,0,0,0,0,0,0,0,1,6,0,2026-05-01 22:53:00.725148,2026-05-01 22:53:00.725148,-9,27
5076,243,527,0,1,2,1,2,1,3,0,0,3,0,0,1,17,4,2026-05-01 22:53:00.725148,2026-05-01 22:53:00.725148,6,27
5077,244,175,12,1,0,0,0,2,9,1,5,17,2,1,2,33,1,2026-05-01 22:53:00.725148,2026-05-01 22:53:00.725148,-15,29
5078,244,190,8,5,2,1,0,0,0,0,4,8,0,0,1,20,2,2026-05-01 22:53:00.725148,2026-05-01 22:53:00.725148,-14,29
5079,244,178,25,11,1,0,1,3,8,3,9,15,5,4,1,30,4,2026-05-01 22:53:00.725148,2026-05-01 22:53:00.725148,8,29
5080,244,191,9,2,0,1,0,9,3,1,3,10,2,2,3,37,3,2026-05-01 22:53:00.725148,2026-05-01 22:53:00.725148,-14,29
5081,244,188,28,5,1,1,1,4,9,6,11,18,1,0,4,32,3,2026-05-01 22:53:00.725148,2026-05-01 22:53:00.725148,4,29
5082,244,586,16,3,2,1,1,6,4,0,5,14,8,6,0,32,3,2026-05-01 22:53:00.725148,2026-05-01 22:53:00.725148,-7,29
5083,244,497,12,4,6,2,1,6,3,1,4,7,5,3,1,29,2,2026-05-01 22:53:00.725148,2026-05-01 22:53:00.725148,-10,29
5084,244,576,7,1,0,1,0,2,1,0,3,6,2,1,0,23,4,2026-05-01 22:53:00.725148,2026-05-01 22:53:00.725148,-17,29
5085,244,110,19,6,3,2,0,6,7,3,7,13,2,2,1,35,3,2026-05-01 22:53:00.725148,2026-05-01 22:53:00.725148,16,8
5086,244,107,6,1,1,2,0,2,4,1,1,7,4,3,2,27,1,2026-05-01 22:53:00.725148,2026-05-01 22:53:00.725148,3,8
5087,244,111,15,17,0,0,0,12,1,0,5,10,7,5,5,33,1,2026-05-01 22:53:00.725148,2026-05-01 22:53:00.725148,10,8
5088,244,105,18,4,2,0,0,4,3,1,7,11,3,3,0,30,2,2026-05-01 22:53:00.725148,2026-05-01 22:53:00.725148,15,8
5089,244,114,37,3,2,1,2,5,16,10,12,26,3,3,1,37,0,2026-05-01 22:53:00.725148,2026-05-01 22:53:00.725148,20,8
5090,244,108,3,1,0,0,0,0,2,1,1,2,0,0,0,10,0,2026-05-01 22:53:00.725148,2026-05-01 22:53:00.725148,6,8
5091,244,120,6,2,1,0,0,0,2,0,3,5,0,0,1,9,1,2026-05-01 22:53:00.725148,2026-05-01 22:53:00.725148,6,8
5092,244,106,11,3,0,4,1,1,2,0,4,8,4,3,0,27,2,2026-05-01 22:53:00.725148,2026-05-01 22:53:00.725148,8,8
5093,244,119,13,3,3,0,1,0,0,0,3,6,8,7,1,13,2,2026-05-01 22:53:00.725148,2026-05-01 22:53:00.725148,8,8
5094,244,117,0,0,0,0,0,0,0,0,0,0,0,0,2,8,2,2026-05-01 22:53:00.725148,2026-05-01 22:53:00.725148,-7,8
5095,244,400,0,0,0,0,0,0,1,0,0,1,0,0,0,1,3,2026-05-01 22:53:00.725148,2026-05-01 22:53:00.725148,-5,8
5096,244,116,0,0,0,0,0,0,0,0,0,0,0,0,0,1,1,2026-05-01 22:53:00.725148,2026-05-01 22:53:00.725148,-5,8
5097,244,109,0,0,0,0,0,0,0,0,0,0,0,0,0,1,0,2026-05-01 22:53:00.725148,2026-05-01 22:53:00.725148,-5,8
5098,244,564,2,1,0,0,0,0,1,0,1,2,0,0,0,1,0,2026-05-01 22:53:00.725148,2026-05-01 22:53:00.725148,-5,8
5099,245,203,14,0,1,1,0,2,4,3,4,5,4,3,0,26,2,2026-05-01 22:53:00.725148,2026-05-01 22:53:00.725148,-10,5
5100,245,192,17,9,0,2,0,6,7,3,5,11,4,4,4,28,1,2026-05-01 22:53:00.725148,2026-05-01 22:53:00.725148,-18,5
5101,245,68,20,5,1,0,0,1,7,2,6,12,8,6,1,25,0,2026-05-01 22:53:00.725148,2026-05-01 22:53:00.725148,-15,5
5102,245,399,18,2,1,1,1,4,5,1,8,14,1,1,1,26,2,2026-05-01 22:53:00.725148,2026-05-01 22:53:00.725148,-13,5
5103,245,200,15,2,0,0,0,1,1,1,7,11,0,0,3,25,0,2026-05-01 22:53:00.725148,2026-05-01 22:53:00.725148,-21,5
5104,245,125,15,2,0,0,0,3,4,2,6,14,1,1,2,28,1,2026-05-01 22:53:00.725148,2026-05-01 22:53:00.725148,-7,5
5105,245,133,11,3,3,0,1,0,3,1,4,9,4,2,1,22,2,2026-05-01 22:53:00.725148,2026-05-01 22:53:00.725148,-12,5
5106,245,210,0,4,0,0,0,1,4,0,0,4,2,0,3,13,3,2026-05-01 22:53:00.725148,2026-05-01 22:53:00.725148,-12,5
5107,245,587,8,0,2,0,1,0,1,0,3,6,2,2,1,10,1,2026-05-01 22:53:00.725148,2026-05-01 22:53:00.725148,3,5
5108,245,204,8,4,4,0,1,1,2,0,4,8,0,0,3,17,2,2026-05-01 22:53:00.725148,2026-05-01 22:53:00.725148,5,5
5109,245,201,0,1,2,2,0,3,1,0,0,3,0,0,1,15,0,2026-05-01 22:53:00.725148,2026-05-01 22:53:00.725148,5,5
5110,245,302,17,5,3,0,0,6,3,1,8,10,0,0,2,28,2,2026-05-01 22:53:00.725148,2026-05-01 22:53:00.725148,18,12
5111,245,260,25,4,0,0,0,5,4,1,11,16,2,2,0,21,0,2026-05-01 22:53:00.725148,2026-05-01 22:53:00.725148,22,12
5112,245,249,17,2,1,0,0,3,7,5,6,8,0,0,2,16,2,2026-05-01 22:53:00.725148,2026-05-01 22:53:00.725148,23,12
5113,245,261,24,1,1,2,1,5,8,5,8,15,4,3,0,30,4,2026-05-01 22:53:00.725148,2026-05-01 22:53:00.725148,22,12
5114,245,251,8,3,0,1,0,6,2,0,3,6,2,2,1,16,2,2026-05-01 22:53:00.725148,2026-05-01 22:53:00.725148,24,12
5115,245,252,9,0,1,2,0,7,4,1,4,8,0,0,2,25,2,2026-05-01 22:53:00.725148,2026-05-01 22:53:00.725148,-7,12
5116,245,262,6,2,1,1,0,3,1,0,3,6,0,0,0,10,0,2026-05-01 22:53:00.725148,2026-05-01 22:53:00.725148,-2,12
5117,245,259,13,2,0,2,1,5,5,1,6,11,0,0,2,21,1,2026-05-01 22:53:00.725148,2026-05-01 22:53:00.725148,0,12
5118,245,257,10,3,0,3,0,0,7,2,4,11,0,0,1,27,5,2026-05-01 22:53:00.725148,2026-05-01 22:53:00.725148,-6,12
5119,245,569,8,8,0,2,3,5,4,2,3,8,0,0,2,23,3,2026-05-01 22:53:00.725148,2026-05-01 22:53:00.725148,1,12
5120,245,258,8,2,2,1,0,4,3,2,2,3,2,2,1,16,1,2026-05-01 22:53:00.725148,2026-05-01 22:53:00.725148,0,12
5121,246,491,15,0,0,1,0,0,3,1,5,11,5,4,1,28,5,2026-05-01 22:53:00.725148,2026-05-01 22:53:00.725148,6,15
5122,246,493,20,3,0,0,1,4,4,3,8,12,2,1,0,25,0,2026-05-01 22:53:00.725148,2026-05-01 22:53:00.725148,2,15
5123,246,502,17,3,1,2,1,1,4,1,6,11,5,4,0,24,1,2026-05-01 22:53:00.725148,2026-05-01 22:53:00.725148,4,15
5124,246,504,10,0,1,1,0,8,2,1,2,4,5,5,2,21,2,2026-05-01 22:53:00.725148,2026-05-01 22:53:00.725148,3,15
5125,246,503,13,0,0,1,0,4,3,2,4,5,4,3,0,24,2,2026-05-01 22:53:00.725148,2026-05-01 22:53:00.725148,4,15
5126,246,176,10,0,1,0,0,5,4,2,3,7,2,2,2,22,3,2026-05-01 22:53:00.725148,2026-05-01 22:53:00.725148,-23,15
5127,246,572,10,3,0,0,0,0,4,2,3,7,2,2,0,18,1,2026-05-01 22:53:00.725148,2026-05-01 22:53:00.725148,-17,15
5128,246,573,4,2,0,2,2,2,3,0,1,5,3,2,4,19,2,2026-05-01 22:53:00.725148,2026-05-01 22:53:00.725148,-7,15
5129,246,585,11,1,1,0,0,2,5,3,4,7,0,0,0,23,1,2026-05-01 22:53:00.725148,2026-05-01 22:53:00.725148,-15,15
5130,246,499,7,2,2,3,0,0,3,1,2,5,2,2,4,23,4,2026-05-01 22:53:00.725148,2026-05-01 22:53:00.725148,-15,15
5131,246,588,2,0,0,0,0,1,1,0,1,2,0,0,0,8,1,2026-05-01 22:53:00.725148,2026-05-01 22:53:00.725148,3,15
5132,246,59,5,5,1,1,0,6,2,1,2,4,0,0,3,24,3,2026-05-01 22:53:00.725148,2026-05-01 22:53:00.725148,-6,20
5133,246,53,25,10,3,1,2,3,8,4,8,17,6,5,1,39,3,2026-05-01 22:53:00.725148,2026-05-01 22:53:00.725148,15,20
5134,246,67,20,5,6,0,1,11,0,0,8,12,5,4,7,29,3,2026-05-01 22:53:00.725148,2026-05-01 22:53:00.725148,5,20
5135,246,54,24,2,0,0,1,1,9,3,9,15,3,3,3,35,1,2026-05-01 22:53:00.725148,2026-05-01 22:53:00.725148,-6,20
5136,246,508,15,3,1,2,1,4,5,1,6,12,2,2,3,31,4,2026-05-01 22:53:00.725148,2026-05-01 22:53:00.725148,0,20
5137,246,66,13,1,2,2,0,1,5,3,5,9,1,0,1,30,0,2026-05-01 22:53:00.725148,2026-05-01 22:53:00.725148,14,20
5138,246,62,9,2,1,0,0,7,2,1,3,6,2,2,0,19,2,2026-05-01 22:53:00.725148,2026-05-01 22:53:00.725148,9,20
5139,246,56,8,0,1,0,0,0,0,0,3,4,2,2,0,11,0,2026-05-01 22:53:00.725148,2026-05-01 22:53:00.725148,11,20
5140,246,60,7,1,5,0,1,3,0,0,2,5,3,3,1,11,3,2026-05-01 22:53:00.725148,2026-05-01 22:53:00.725148,13,20
5141,246,58,4,0,0,1,0,0,1,0,2,3,0,0,0,5,0,2026-05-01 22:53:00.725148,2026-05-01 22:53:00.725148,0,20
5142,247,426,9,2,1,1,0,0,4,0,3,11,3,3,0,25,5,2026-05-01 22:53:00.725148,2026-05-01 22:53:00.725148,7,22
5143,247,419,19,9,0,0,0,8,3,1,6,14,9,6,4,37,4,2026-05-01 22:53:00.725148,2026-05-01 22:53:00.725148,14,22
5144,247,424,15,8,4,2,0,0,1,1,4,7,7,6,6,28,4,2026-05-01 22:53:00.725148,2026-05-01 22:53:00.725148,6,22
5145,247,420,21,5,1,1,1,5,6,2,6,16,8,7,5,37,4,2026-05-01 22:53:00.725148,2026-05-01 22:53:00.725148,5,22
5146,247,433,20,7,1,4,0,7,5,2,6,11,6,6,6,37,4,2026-05-01 22:53:00.725148,2026-05-01 22:53:00.725148,15,22
5147,247,421,3,1,1,0,0,1,0,0,0,1,4,3,1,14,2,2026-05-01 22:53:00.725148,2026-05-01 22:53:00.725148,-3,22
5148,247,193,0,0,0,1,0,1,5,0,0,6,0,0,1,22,1,2026-05-01 22:53:00.725148,2026-05-01 22:53:00.725148,-12,22
5149,247,423,12,3,0,3,0,1,2,2,4,5,2,2,0,19,2,2026-05-01 22:53:00.725148,2026-05-01 22:53:00.725148,3,22
5150,247,427,12,1,1,0,0,0,3,2,4,6,2,2,1,14,2,2026-05-01 22:53:00.725148,2026-05-01 22:53:00.725148,-13,22
5151,247,435,4,1,0,1,0,1,0,0,2,2,0,0,1,4,1,2026-05-01 22:53:00.725148,2026-05-01 22:53:00.725148,-2,22
5152,247,341,8,0,1,2,0,2,5,0,3,10,2,2,4,19,1,2026-05-01 22:53:00.725148,2026-05-01 22:53:00.725148,2,24
5153,247,336,9,4,1,0,0,0,3,1,4,13,0,0,1,21,5,2026-05-01 22:53:00.725148,2026-05-01 22:53:00.725148,-4,24
5154,247,343,5,9,1,0,1,5,0,0,2,2,2,1,2,24,5,2026-05-01 22:53:00.725148,2026-05-01 22:53:00.725148,-6,24
5155,247,333,34,2,1,1,0,7,6,2,8,16,19,16,4,36,4,2026-05-01 22:53:00.725148,2026-05-01 22:53:00.725148,-14,24
5156,247,339,11,1,1,2,0,3,6,2,4,8,1,1,2,27,3,2026-05-01 22:53:00.725148,2026-05-01 22:53:00.725148,5,24
5157,247,332,10,2,0,0,0,1,10,2,4,14,0,0,2,32,6,2026-05-01 22:53:00.725148,2026-05-01 22:53:00.725148,-5,24
5158,247,346,14,9,0,1,1,4,7,4,4,8,2,2,1,30,4,2026-05-01 22:53:00.725148,2026-05-01 22:53:00.725148,-3,24
5159,247,345,0,0,0,0,2,0,0,0,0,0,0,0,0,2,1,2026-05-01 22:53:00.725148,2026-05-01 22:53:00.725148,-4,24
5160,247,340,9,2,3,3,0,2,4,2,2,8,5,3,2,29,0,2026-05-01 22:53:00.725148,2026-05-01 22:53:00.725148,2,24
5161,247,338,11,1,3,0,0,0,5,1,4,9,4,2,2,15,3,2026-05-01 22:53:00.725148,2026-05-01 22:53:00.725148,7,24
5162,248,33,10,0,0,1,1,0,2,1,4,10,2,1,1,24,1,2026-05-01 22:53:00.725148,2026-05-01 22:53:00.725148,-18,3
5163,248,19,4,3,0,0,1,0,4,0,1,6,2,2,0,19,2,2026-05-01 22:53:00.725148,2026-05-01 22:53:00.725148,-23,3
5164,248,18,4,4,0,0,0,3,0,0,1,3,2,2,2,21,3,2026-05-01 22:53:00.725148,2026-05-01 22:53:00.725148,-16,3
5165,248,28,10,4,2,0,0,1,6,2,3,9,2,2,1,28,1,2026-05-01 22:53:00.725148,2026-05-01 22:53:00.725148,-15,3
5166,248,32,10,5,0,0,0,4,2,0,4,8,2,2,4,22,3,2026-05-01 22:53:00.725148,2026-05-01 22:53:00.725148,-9,3
5167,248,29,7,1,1,0,0,3,3,1,2,6,2,2,3,18,1,2026-05-01 22:53:00.725148,2026-05-01 22:53:00.725148,-22,3
5168,248,42,14,2,0,1,1,0,7,1,5,12,3,3,0,22,1,2026-05-01 22:53:00.725148,2026-05-01 22:53:00.725148,-4,3
5169,248,23,11,3,1,1,1,0,3,1,4,6,2,2,1,27,4,2026-05-01 22:53:00.725148,2026-05-01 22:53:00.725148,-18,3
5170,248,577,2,0,0,2,1,2,2,0,1,4,0,0,0,13,0,2026-05-01 22:53:00.725148,2026-05-01 22:53:00.725148,-9,3
5171,248,21,5,0,0,2,0,1,3,1,1,3,2,2,1,14,2,2026-05-01 22:53:00.725148,2026-05-01 22:53:00.725148,-9,3
5172,248,34,4,1,0,0,0,0,0,0,1,2,4,2,1,9,0,2026-05-01 22:53:00.725148,2026-05-01 22:53:00.725148,-4,3
5173,248,87,2,1,0,0,0,0,2,0,0,2,2,2,0,9,1,2026-05-01 22:53:00.725148,2026-05-01 22:53:00.725148,-4,3
5174,248,24,3,1,1,0,0,0,1,0,1,2,2,1,0,8,0,2026-05-01 22:53:00.725148,2026-05-01 22:53:00.725148,-4,3
5175,248,392,8,5,2,1,1,0,3,0,4,12,0,0,1,24,1,2026-05-01 22:53:00.725148,2026-05-01 22:53:00.725148,16,4
5176,248,385,19,2,3,4,1,2,4,1,7,12,4,4,0,23,0,2026-05-01 22:53:00.725148,2026-05-01 22:53:00.725148,27,4
5177,248,387,10,6,6,0,0,1,0,0,4,6,2,2,2,27,3,2026-05-01 22:53:00.725148,2026-05-01 22:53:00.725148,25,4
5178,248,395,25,1,0,0,1,3,8,4,7,13,7,7,0,29,1,2026-05-01 22:53:00.725148,2026-05-01 22:53:00.725148,30,4
5179,248,384,14,7,0,0,0,9,10,3,4,12,4,3,3,27,3,2026-05-01 22:53:00.725148,2026-05-01 22:53:00.725148,24,4
5180,248,390,0,5,0,0,0,3,2,0,0,2,0,0,0,22,4,2026-05-01 22:53:00.725148,2026-05-01 22:53:00.725148,15,4
5181,248,209,16,2,0,0,0,5,6,1,5,12,6,5,3,21,3,2026-05-01 22:53:00.725148,2026-05-01 22:53:00.725148,11,4
5182,248,401,10,2,0,0,0,2,3,2,4,7,0,0,0,19,1,2026-05-01 22:53:00.725148,2026-05-01 22:53:00.725148,2,4
5183,248,391,8,1,2,0,1,0,0,0,3,4,2,2,0,17,2,2026-05-01 22:53:00.725148,2026-05-01 22:53:00.725148,3,4
5184,248,388,3,0,0,1,0,0,2,1,1,2,0,0,2,13,2,2026-05-01 22:53:00.725148,2026-05-01 22:53:00.725148,-3,4
5185,248,393,2,2,0,1,0,2,1,0,1,4,0,0,0,6,2,2026-05-01 22:53:00.725148,2026-05-01 22:53:00.725148,-2,4
5186,248,386,2,1,0,0,0,0,0,0,1,1,0,0,0,3,0,2026-05-01 22:53:00.725148,2026-05-01 22:53:00.725148,3,4
5187,248,397,0,0,0,0,0,1,0,0,0,0,0,0,0,1,0,2026-05-01 22:53:00.725148,2026-05-01 22:53:00.725148,2,4
5188,248,49,0,0,0,0,0,0,0,0,0,0,0,0,0,1,0,2026-05-01 22:53:00.725148,2026-05-01 22:53:00.725148,2,4
5189,249,272,20,6,0,3,1,3,6,0,9,17,3,2,2,23,1,2026-05-01 22:53:00.725148,2026-05-01 22:53:00.725148,17,17
5190,249,278,8,4,5,0,1,1,0,0,3,6,2,2,2,29,4,2026-05-01 22:53:00.725148,2026-05-01 22:53:00.725148,28,17
5191,249,280,10,8,0,1,4,2,6,3,3,8,2,1,1,27,2,2026-05-01 22:53:00.725148,2026-05-01 22:53:00.725148,13,17
5192,249,279,13,3,0,0,0,1,9,4,4,10,2,1,0,22,0,2026-05-01 22:53:00.725148,2026-05-01 22:53:00.725148,14,17
5193,249,277,24,7,0,1,0,9,9,4,8,14,4,4,3,35,2,2026-05-01 22:53:00.725148,2026-05-01 22:53:00.725148,33,17
5194,249,269,17,4,2,0,0,2,6,4,4,8,5,5,3,27,3,2026-05-01 22:53:00.725148,2026-05-01 22:53:00.725148,11,17
5195,249,276,6,2,0,0,0,2,9,2,2,10,0,0,2,21,2,2026-05-01 22:53:00.725148,2026-05-01 22:53:00.725148,-2,17
5196,249,273,11,4,2,1,2,3,5,2,4,7,1,1,2,15,3,2026-05-01 22:53:00.725148,2026-05-01 22:53:00.725148,4,17
5197,249,141,11,8,2,1,1,5,3,1,4,10,3,2,1,28,2,2026-05-01 22:53:00.725148,2026-05-01 22:53:00.725148,6,17
5198,249,271,0,1,1,0,0,0,0,0,0,1,0,0,0,4,0,2026-05-01 22:53:00.725148,2026-05-01 22:53:00.725148,-2,17
5199,249,264,3,0,0,0,0,0,1,0,0,1,4,3,0,2,0,2026-05-01 22:53:00.725148,2026-05-01 22:53:00.725148,-2,17
5200,249,457,19,9,1,3,1,3,3,0,6,19,8,7,3,31,3,2026-05-01 22:53:00.725148,2026-05-01 22:53:00.725148,-27,7
5201,249,446,8,5,0,0,0,2,4,1,3,11,2,1,1,22,3,2026-05-01 22:53:00.725148,2026-05-01 22:53:00.725148,-14,7
5202,249,458,7,0,4,0,1,0,0,0,2,6,6,3,0,11,2,2026-05-01 22:53:00.725148,2026-05-01 22:53:00.725148,-15,7
5203,249,453,3,3,0,0,0,1,9,1,1,12,0,0,1,26,0,2026-05-01 22:53:00.725148,2026-05-01 22:53:00.725148,-26,7
5204,249,465,9,0,0,2,0,4,5,2,2,7,4,3,3,22,1,2026-05-01 22:53:00.725148,2026-05-01 22:53:00.725148,-2,7
5205,249,454,8,9,4,3,2,0,0,0,4,7,0,0,1,22,4,2026-05-01 22:53:00.725148,2026-05-01 22:53:00.725148,1,7
5206,249,470,18,2,0,1,0,2,2,0,6,11,6,6,4,25,1,2026-05-01 22:53:00.725148,2026-05-01 22:53:00.725148,-22,7
5207,249,575,5,3,3,0,0,2,2,1,2,5,0,0,0,19,1,2026-05-01 22:53:00.725148,2026-05-01 22:53:00.725148,-3,7
5208,249,567,11,1,1,1,0,1,8,3,4,9,0,0,1,27,1,2026-05-01 22:53:00.725148,2026-05-01 22:53:00.725148,-5,7
5209,249,444,8,1,1,1,0,3,3,2,3,8,0,0,0,16,2,2026-05-01 22:53:00.725148,2026-05-01 22:53:00.725148,3,7
5210,249,466,3,3,0,1,0,0,0,0,1,1,2,1,0,14,1,2026-05-01 22:53:00.725148,2026-05-01 22:53:00.725148,-10,7
5232,251,475,27,6,0,0,2,8,7,4,10,18,4,3,2,34,1,2026-05-01 22:53:00.725148,2026-05-01 22:53:00.725148,28,11
5233,251,484,15,6,0,1,0,2,6,3,5,10,2,2,1,39,2,2026-05-01 22:53:00.725148,2026-05-01 22:53:00.725148,14,11
5234,251,482,13,4,1,1,0,10,2,1,4,5,6,4,2,29,5,2026-05-01 22:53:00.725148,2026-05-01 22:53:00.725148,8,11
5235,251,476,17,6,2,2,1,3,6,3,6,10,2,2,0,30,4,2026-05-01 22:53:00.725148,2026-05-01 22:53:00.725148,21,11
5236,251,486,17,2,2,0,2,8,2,0,8,14,2,1,1,38,0,2026-05-01 22:53:00.725148,2026-05-01 22:53:00.725148,19,11
5237,251,472,0,2,0,0,0,1,0,0,0,1,0,0,0,12,0,2026-05-01 22:53:00.725148,2026-05-01 22:53:00.725148,11,11
5238,251,483,20,5,0,2,1,2,7,4,8,12,0,0,2,27,3,2026-05-01 22:53:00.725148,2026-05-01 22:53:00.725148,10,11
5239,251,481,0,0,0,0,0,1,0,0,0,0,0,0,0,7,0,2026-05-01 22:53:00.725148,2026-05-01 22:53:00.725148,0,11
5240,251,479,0,0,0,0,0,0,2,0,0,2,0,0,0,6,0,2026-05-01 22:53:00.725148,2026-05-01 22:53:00.725148,-11,11
5241,251,485,2,0,1,0,0,0,1,0,1,4,0,0,0,10,2,2026-05-01 22:53:00.725148,2026-05-01 22:53:00.725148,-11,11
5242,251,478,0,1,0,0,0,0,2,0,0,2,0,0,0,1,0,2026-05-01 22:53:00.725148,2026-05-01 22:53:00.725148,-2,11
5243,251,474,0,0,0,0,0,0,0,0,0,0,0,0,0,1,0,2026-05-01 22:53:00.725148,2026-05-01 22:53:00.725148,-2,11
5244,251,53,8,5,1,2,1,0,8,2,3,9,0,0,0,38,1,2026-05-01 22:53:00.725148,2026-05-01 22:53:00.725148,-14,20
5245,251,59,13,4,1,0,0,2,6,1,5,12,2,2,3,28,3,2026-05-01 22:53:00.725148,2026-05-01 22:53:00.725148,-22,20
5246,251,67,22,6,2,0,0,3,4,2,7,17,8,6,1,34,0,2026-05-01 22:53:00.725148,2026-05-01 22:53:00.725148,-11,20
5247,251,54,7,1,2,1,0,4,2,1,3,4,0,0,1,33,1,2026-05-01 22:53:00.725148,2026-05-01 22:53:00.725148,-11,20
5248,251,55,12,5,1,1,0,8,5,1,5,14,2,1,3,37,2,2026-05-01 22:53:00.725148,2026-05-01 22:53:00.725148,-26,20
5249,251,56,10,1,1,0,0,0,0,0,4,6,2,2,0,19,2,2026-05-01 22:53:00.725148,2026-05-01 22:53:00.725148,2,20
5250,251,63,3,1,0,0,1,2,5,1,1,9,0,0,3,12,2,2026-05-01 22:53:00.725148,2026-05-01 22:53:00.725148,-8,20
5251,251,65,5,3,2,1,0,0,0,0,2,4,2,1,0,15,3,2026-05-01 22:53:00.725148,2026-05-01 22:53:00.725148,-14,20
5252,251,58,0,0,0,0,0,0,0,0,0,0,0,0,0,1,0,2026-05-01 22:53:00.725148,2026-05-01 22:53:00.725148,2,20
5253,251,508,12,1,0,0,0,2,2,2,5,6,0,0,0,11,2,2026-05-01 22:53:00.725148,2026-05-01 22:53:00.725148,9,20
5254,251,538,2,0,0,0,0,0,1,0,1,2,0,0,0,1,0,2026-05-01 22:53:00.725148,2026-05-01 22:53:00.725148,2,20
5255,251,57,0,1,0,0,0,0,1,0,0,1,0,0,0,1,0,2026-05-01 22:53:00.725148,2026-05-01 22:53:00.725148,2,20
5256,251,60,0,0,2,0,0,0,0,0,0,1,0,0,0,1,0,2026-05-01 22:53:00.725148,2026-05-01 22:53:00.725148,2,20
5257,251,62,0,1,0,0,0,1,0,0,0,0,0,0,0,1,0,2026-05-01 22:53:00.725148,2026-05-01 22:53:00.725148,2,20
5258,252,320,14,5,0,1,1,6,3,1,4,8,6,5,3,30,2,2026-05-01 22:53:00.725148,2026-05-01 22:53:00.725148,4,14
5259,252,323,14,6,1,1,0,0,2,2,5,5,2,2,1,38,2,2026-05-01 22:53:00.725148,2026-05-01 22:53:00.725148,23,14
5260,252,315,18,3,6,1,1,1,0,0,8,13,3,2,0,28,1,2026-05-01 22:53:00.725148,2026-05-01 22:53:00.725148,10,14
5261,252,325,19,5,1,2,1,4,9,2,6,16,5,5,5,36,3,2026-05-01 22:53:00.725148,2026-05-01 22:53:00.725148,4,14
5262,252,316,42,5,0,2,0,12,13,6,13,26,10,10,0,33,4,2026-05-01 22:53:00.725148,2026-05-01 22:53:00.725148,21,14
5263,252,317,14,1,0,0,1,0,3,2,6,8,0,0,0,18,1,2026-05-01 22:53:00.725148,2026-05-01 22:53:00.725148,10,14
5264,252,375,2,1,0,0,0,2,0,0,1,2,0,0,1,22,3,2026-05-01 22:53:00.725148,2026-05-01 22:53:00.725148,4,14
5265,252,318,4,3,0,2,0,1,0,0,2,4,0,0,0,18,0,2026-05-01 22:53:00.725148,2026-05-01 22:53:00.725148,9,14
5266,252,319,0,0,0,0,0,0,0,0,0,0,0,0,0,6,2,2026-05-01 22:53:00.725148,2026-05-01 22:53:00.725148,5,14
5267,252,328,0,0,0,0,0,0,0,0,0,0,0,0,0,1,1,2026-05-01 22:53:00.725148,2026-05-01 22:53:00.725148,-5,14
5268,252,322,0,0,0,0,0,0,0,0,0,0,0,0,0,1,0,2026-05-01 22:53:00.725148,2026-05-01 22:53:00.725148,-5,14
5269,252,329,0,0,0,0,0,0,0,0,0,0,0,0,0,1,0,2026-05-01 22:53:00.725148,2026-05-01 22:53:00.725148,-5,14
5270,252,551,0,0,0,0,0,0,1,0,0,1,0,0,0,1,0,2026-05-01 22:53:00.725148,2026-05-01 22:53:00.725148,-5,14
5271,252,223,11,3,0,0,0,1,7,3,4,8,0,0,0,23,4,2026-05-01 22:53:00.725148,2026-05-01 22:53:00.725148,-10,6
5272,252,219,6,3,1,0,0,4,1,0,2,4,2,2,1,21,2,2026-05-01 22:53:00.725148,2026-05-01 22:53:00.725148,-18,6
5273,252,211,18,2,2,1,0,2,0,0,9,11,2,0,1,18,2,2026-05-01 22:53:00.725148,2026-05-01 22:53:00.725148,-7,6
5274,252,218,10,3,0,0,0,6,3,0,4,10,2,2,2,24,1,2026-05-01 22:53:00.725148,2026-05-01 22:53:00.725148,-24,6
5275,252,306,17,0,0,0,0,3,5,2,6,13,5,3,3,27,1,2026-05-01 22:53:00.725148,2026-05-01 22:53:00.725148,-19,6
5276,252,354,7,1,1,1,0,0,4,1,2,6,2,2,1,19,1,2026-05-01 22:53:00.725148,2026-05-01 22:53:00.725148,-11,6
5277,252,213,14,2,4,0,1,0,4,3,5,7,2,1,0,24,1,2026-05-01 22:53:00.725148,2026-05-01 22:53:00.725148,5,6
5278,252,364,9,3,0,1,1,3,2,1,3,7,2,2,3,18,2,2026-05-01 22:53:00.725148,2026-05-01 22:53:00.725148,-14,6
5279,252,224,9,1,2,0,0,1,5,1,4,9,0,0,1,22,4,2026-05-01 22:53:00.725148,2026-05-01 22:53:00.725148,-2,6
5280,252,221,0,1,0,0,0,1,3,0,0,3,0,0,2,15,0,2026-05-01 22:53:00.725148,2026-05-01 22:53:00.725148,4,6
5281,252,220,2,3,1,2,0,1,2,0,1,4,0,0,0,12,0,2026-05-01 22:53:00.725148,2026-05-01 22:53:00.725148,13,6
5282,252,222,10,2,0,0,0,4,3,2,3,5,2,2,0,12,1,2026-05-01 22:53:00.725148,2026-05-01 22:53:00.725148,13,6
5283,253,245,5,5,2,2,0,5,0,0,2,6,2,1,3,26,2,2026-05-01 22:53:00.725148,2026-05-01 22:53:00.725148,15,9
5284,253,231,12,5,0,0,0,6,3,1,4,9,4,3,1,32,1,2026-05-01 22:53:00.725148,2026-05-01 22:53:00.725148,7,9
5285,253,229,31,7,2,0,1,3,0,0,12,13,7,7,3,34,5,2026-05-01 22:53:00.725148,2026-05-01 22:53:00.725148,7,9
5286,253,241,19,1,0,1,0,2,8,5,6,9,3,2,1,29,2,2026-05-01 22:53:00.725148,2026-05-01 22:53:00.725148,10,9
5287,253,234,21,4,1,0,1,5,4,2,5,9,9,9,3,36,3,2026-05-01 22:53:00.725148,2026-05-01 22:53:00.725148,13,9
5288,253,199,8,1,1,1,0,3,4,2,2,6,2,2,4,21,1,2026-05-01 22:53:00.725148,2026-05-01 22:53:00.725148,-1,9
5289,253,238,12,1,0,0,2,2,2,1,5,7,1,1,1,19,2,2026-05-01 22:53:00.725148,2026-05-01 22:53:00.725148,0,9
5290,253,240,10,2,0,1,1,5,0,0,5,6,0,0,1,13,3,2026-05-01 22:53:00.725148,2026-05-01 22:53:00.725148,4,9
5291,253,232,1,1,1,1,0,0,0,0,0,4,2,1,0,13,2,2026-05-01 22:53:00.725148,2026-05-01 22:53:00.725148,1,9
5292,253,242,8,0,0,0,0,1,2,2,3,4,0,0,1,7,1,2026-05-01 22:53:00.725148,2026-05-01 22:53:00.725148,0,9
5293,253,230,0,0,0,1,0,1,0,0,0,0,0,0,0,5,0,2026-05-01 22:53:00.725148,2026-05-01 22:53:00.725148,-1,9
5294,253,88,5,1,0,3,2,12,2,0,2,8,4,1,4,27,2,2026-05-01 22:53:00.725148,2026-05-01 22:53:00.725148,-21,28
5295,253,93,22,1,0,0,0,0,6,1,7,15,8,7,1,30,2,2026-05-01 22:53:00.725148,2026-05-01 22:53:00.725148,-26,28
5296,253,99,13,1,3,1,0,1,0,0,6,9,2,1,0,23,4,2026-05-01 22:53:00.725148,2026-05-01 22:53:00.725148,-16,28
5297,253,89,24,6,0,1,0,2,4,2,7,12,10,8,2,30,1,2026-05-01 22:53:00.725148,2026-05-01 22:53:00.725148,-21,28
5298,253,103,3,3,1,3,0,4,5,1,1,6,0,0,1,26,6,2026-05-01 22:53:00.725148,2026-05-01 22:53:00.725148,-1,28
5299,253,101,6,0,0,1,0,12,4,1,2,7,2,1,1,29,2,2026-05-01 22:53:00.725148,2026-05-01 22:53:00.725148,5,28
5300,253,94,13,3,0,1,0,0,3,3,4,5,3,2,1,18,0,2026-05-01 22:53:00.725148,2026-05-01 22:53:00.725148,16,28
5301,253,98,14,3,7,2,1,0,1,0,7,13,2,0,2,23,2,2026-05-01 22:53:00.725148,2026-05-01 22:53:00.725148,3,28
5302,253,95,16,3,3,1,0,2,4,2,7,13,0,0,1,22,3,2026-05-01 22:53:00.725148,2026-05-01 22:53:00.725148,4,28
5303,253,91,0,0,0,0,0,0,0,0,0,0,0,0,0,4,0,2026-05-01 22:53:00.725148,2026-05-01 22:53:00.725148,2,28
5304,253,589,0,0,0,0,0,0,0,0,0,1,0,0,0,1,0,2026-05-01 22:53:00.725148,2026-05-01 22:53:00.725148,0,28
5305,253,102,0,0,0,0,0,0,0,0,0,0,0,0,0,1,0,2026-05-01 22:53:00.725148,2026-05-01 22:53:00.725148,0,28
5306,254,308,23,7,1,1,1,3,5,0,7,15,10,9,3,35,0,2026-05-01 22:53:00.725148,2026-05-01 22:53:00.725148,-6,13
5307,254,304,17,3,3,2,0,1,3,3,7,8,0,0,0,31,3,2026-05-01 22:53:00.725148,2026-05-01 22:53:00.725148,-9,13
5308,254,309,18,4,3,0,3,2,8,2,7,16,2,2,1,35,3,2026-05-01 22:53:00.725148,2026-05-01 22:53:00.725148,-11,13
5309,254,307,1,2,1,0,3,2,2,0,0,2,2,1,0,23,3,2026-05-01 22:53:00.725148,2026-05-01 22:53:00.725148,3,13
5310,254,214,20,2,0,2,1,4,8,3,7,17,3,3,5,37,4,2026-05-01 22:53:00.725148,2026-05-01 22:53:00.725148,-7,13
5311,254,310,16,2,0,1,0,3,3,2,6,8,4,2,0,24,0,2026-05-01 22:53:00.725148,2026-05-01 22:53:00.725148,3,13
5312,254,253,4,0,0,0,0,0,1,0,2,7,0,0,2,22,2,2026-05-01 22:53:00.725148,2026-05-01 22:53:00.725148,-18,13
5313,254,305,3,2,0,1,1,2,0,0,1,2,2,1,1,19,0,2026-05-01 22:53:00.725148,2026-05-01 22:53:00.725148,-12,13
5314,254,299,0,0,0,0,0,0,0,0,0,0,0,0,0,5,0,2026-05-01 22:53:00.725148,2026-05-01 22:53:00.725148,-2,13
5315,254,312,2,0,0,1,0,1,0,0,1,1,0,0,2,1,0,2026-05-01 22:53:00.725148,2026-05-01 22:53:00.725148,3,13
5316,254,303,0,0,0,0,0,0,0,0,0,0,0,0,0,1,0,2026-05-01 22:53:00.725148,2026-05-01 22:53:00.725148,3,13
5317,254,313,0,0,0,0,0,1,0,0,0,0,0,0,0,1,0,2026-05-01 22:53:00.725148,2026-05-01 22:53:00.725148,3,13
5318,254,156,28,9,2,0,0,8,4,1,8,15,12,11,2,34,2,2026-05-01 22:53:00.725148,2026-05-01 22:53:00.725148,8,25
5319,254,157,17,3,4,2,1,0,9,3,7,16,0,0,1,32,3,2026-05-01 22:53:00.725148,2026-05-01 22:53:00.725148,-5,25
5320,254,159,4,2,2,1,1,1,2,0,2,5,0,0,2,28,3,2026-05-01 22:53:00.725148,2026-05-01 22:53:00.725148,-12,25
5321,254,164,30,5,1,2,0,2,15,7,10,21,3,3,3,31,2,2026-05-01 22:53:00.725148,2026-05-01 22:53:00.725148,6,25
5322,254,163,15,1,2,0,0,2,6,3,5,14,2,2,4,28,3,2026-05-01 22:53:00.725148,2026-05-01 22:53:00.725148,-3,25
5323,254,171,5,1,1,3,1,1,4,1,2,5,0,0,1,23,2,2026-05-01 22:53:00.725148,2026-05-01 22:53:00.725148,7,25
5324,254,173,6,6,1,0,1,1,0,0,3,3,0,0,1,18,1,2026-05-01 22:53:00.725148,2026-05-01 22:53:00.725148,22,25
5325,254,167,7,3,4,0,0,6,4,0,3,9,1,1,0,31,0,2026-05-01 22:53:00.725148,2026-05-01 22:53:00.725148,19,25
5326,254,158,0,0,1,0,0,1,1,0,0,2,0,0,0,8,1,2026-05-01 22:53:00.725148,2026-05-01 22:53:00.725148,8,25
5327,254,166,2,0,0,0,0,0,0,0,1,1,0,0,0,1,0,2026-05-01 22:53:00.725148,2026-05-01 22:53:00.725148,0,25
5328,254,172,0,0,0,0,0,0,0,0,0,0,0,0,0,1,0,2026-05-01 22:53:00.725148,2026-05-01 22:53:00.725148,0,25
5329,255,411,20,6,4,1,0,3,4,0,8,13,6,4,0,36,2,2026-05-01 22:53:00.725148,2026-05-01 22:53:00.725148,18,16
5330,255,417,14,6,2,3,2,0,5,2,6,13,1,0,2,35,1,2026-05-01 22:53:00.725148,2026-05-01 22:53:00.725148,5,16
5331,255,402,23,12,4,1,0,6,4,1,5,11,13,12,2,41,2,2026-05-01 22:53:00.725148,2026-05-01 22:53:00.725148,27,16
5332,255,406,30,4,0,1,2,3,10,3,12,24,5,3,3,41,2,2026-05-01 22:53:00.725148,2026-05-01 22:53:00.725148,18,16
5333,255,412,9,3,1,0,0,5,5,1,4,9,0,0,3,30,3,2026-05-01 22:53:00.725148,2026-05-01 22:53:00.725148,-2,16
5334,255,416,5,3,3,0,0,2,3,1,2,7,0,0,1,13,2,2026-05-01 22:53:00.725148,2026-05-01 22:53:00.725148,-14,16
5335,255,408,14,4,2,0,0,5,6,2,5,13,2,2,0,31,1,2026-05-01 22:53:00.725148,2026-05-01 22:53:00.725148,11,16
5336,255,415,1,0,0,0,0,0,0,0,0,0,2,1,0,3,1,2026-05-01 22:53:00.725148,2026-05-01 22:53:00.725148,-5,16
5337,255,403,3,3,0,0,0,0,3,1,1,3,0,0,0,6,0,2026-05-01 22:53:00.725148,2026-05-01 22:53:00.725148,-8,16
5338,255,78,19,3,1,1,0,2,11,4,7,18,1,1,1,34,2,2026-05-01 22:53:00.725148,2026-05-01 22:53:00.725148,-22,23
5339,255,70,4,4,0,0,1,0,0,0,2,2,0,0,0,19,1,2026-05-01 22:53:00.725148,2026-05-01 22:53:00.725148,-12,23
5340,255,77,26,6,1,0,1,3,6,2,10,25,5,4,3,34,4,2026-05-01 22:53:00.725148,2026-05-01 22:53:00.725148,-18,23
5341,255,75,13,1,0,2,0,5,3,1,5,8,2,2,1,29,4,2026-05-01 22:53:00.725148,2026-05-01 22:53:00.725148,-33,23
5342,255,82,23,7,0,0,2,9,9,2,7,20,7,7,2,43,5,2026-05-01 22:53:00.725148,2026-05-01 22:53:00.725148,1,23
5343,255,80,11,3,2,0,0,4,5,2,4,8,2,1,1,31,1,2026-05-01 22:53:00.725148,2026-05-01 22:53:00.725148,12,23
5344,255,84,11,7,4,0,0,3,4,1,5,14,0,0,1,30,1,2026-05-01 22:53:00.725148,2026-05-01 22:53:00.725148,9,23
5345,255,72,2,2,1,0,1,0,0,0,0,1,2,2,0,14,4,2026-05-01 22:53:00.725148,2026-05-01 22:53:00.725148,10,23
5346,255,76,0,0,0,0,0,0,0,0,0,0,0,0,0,0,0,2026-05-01 22:53:00.725148,2026-05-01 22:53:00.725148,3,23
5347,256,368,18,5,0,2,0,5,3,2,8,11,1,0,1,37,2,2026-05-01 22:53:00.725148,2026-05-01 22:53:00.725148,8,1
5348,256,374,20,10,2,0,0,5,2,1,7,13,6,5,3,36,2,2026-05-01 22:53:00.725148,2026-05-01 22:53:00.725148,-8,1
5349,256,380,20,7,3,3,1,3,10,4,7,14,2,2,2,36,3,2026-05-01 22:53:00.725148,2026-05-01 22:53:00.725148,12,1
5350,256,367,17,2,2,0,0,6,8,3,6,16,3,2,1,34,3,2026-05-01 22:53:00.725148,2026-05-01 22:53:00.725148,1,1
5351,256,378,14,1,0,0,2,6,6,2,6,17,0,0,2,30,2,2026-05-01 22:53:00.725148,2026-05-01 22:53:00.725148,11,1
5352,256,331,2,1,0,1,0,1,2,0,1,3,0,0,1,14,2,2026-05-01 22:53:00.725148,2026-05-01 22:53:00.725148,2,1
5353,256,372,2,4,0,0,0,1,1,0,1,3,0,0,0,11,0,2026-05-01 22:53:00.725148,2026-05-01 22:53:00.725148,-2,1
5354,256,289,10,5,1,0,2,1,3,0,4,11,3,2,1,23,4,2026-05-01 22:53:00.725148,2026-05-01 22:53:00.725148,14,1
5355,256,382,9,1,1,1,1,0,3,3,3,4,0,0,0,15,3,2026-05-01 22:53:00.725148,2026-05-01 22:53:00.725148,12,1
5356,256,37,29,9,1,1,0,9,9,3,9,29,14,8,6,40,3,2026-05-01 22:53:00.725148,2026-05-01 22:53:00.725148,-5,2
5357,256,50,8,4,0,2,1,1,4,1,2,5,4,3,1,31,4,2026-05-01 22:53:00.725148,2026-05-01 22:53:00.725148,0,2
5358,256,38,20,7,2,0,1,1,3,2,8,9,2,2,0,28,2,2026-05-01 22:53:00.725148,2026-05-01 22:53:00.725148,6,2
5359,256,45,3,1,1,1,0,2,4,1,1,4,0,0,1,25,0,2026-05-01 22:53:00.725148,2026-05-01 22:53:00.725148,-3,2
5360,256,51,7,3,2,1,2,4,6,1,3,12,0,0,1,35,2,2026-05-01 22:53:00.725148,2026-05-01 22:53:00.725148,-8,2
5361,256,43,16,2,0,0,0,0,6,4,6,14,0,0,1,25,1,2026-05-01 22:53:00.725148,2026-05-01 22:53:00.725148,-19,2
5362,256,41,7,3,0,0,0,0,3,1,2,5,2,2,1,21,2,2026-05-01 22:53:00.725148,2026-05-01 22:53:00.725148,-3,2
5363,256,52,4,6,1,1,1,1,0,0,1,2,2,2,1,13,2,2026-05-01 22:53:00.725148,2026-05-01 22:53:00.725148,-8,2
5364,256,39,5,2,2,0,0,0,2,1,2,4,0,0,2,12,1,2026-05-01 22:53:00.725148,2026-05-01 22:53:00.725148,-4,2
5365,256,580,3,1,1,0,2,0,0,0,1,1,2,1,1,5,1,2026-05-01 22:53:00.725148,2026-05-01 22:53:00.725148,-6,2
5366,256,189,0,0,0,0,0,0,0,0,0,0,0,0,0,0,0,2026-05-01 22:53:00.725148,2026-05-01 22:53:00.725148,0,2
5367,256,46,0,0,0,0,0,0,0,0,0,0,0,0,0,0,0,2026-05-01 22:53:00.725148,2026-05-01 22:53:00.725148,0,2
5388,258,491,7,3,0,0,1,3,3,0,1,7,5,5,1,23,1,2026-05-01 22:53:00.725148,2026-05-01 22:53:00.725148,-17,15
5389,258,493,14,3,1,0,1,2,1,0,6,7,2,2,4,16,0,2026-05-01 22:53:00.725148,2026-05-01 22:53:00.725148,2,15
5390,258,181,5,2,0,0,0,0,3,1,2,5,0,0,1,17,3,2026-05-01 22:53:00.725148,2026-05-01 22:53:00.725148,5,15
5391,258,504,16,2,1,0,0,5,5,4,6,9,0,0,2,18,0,2026-05-01 22:53:00.725148,2026-05-01 22:53:00.725148,-4,15
5392,258,499,14,3,0,2,0,2,5,1,5,11,4,3,4,37,1,2026-05-01 22:53:00.725148,2026-05-01 22:53:00.725148,-32,15
5393,258,176,11,1,2,1,1,7,1,1,4,6,2,2,4,29,2,2026-05-01 22:53:00.725148,2026-05-01 22:53:00.725148,-22,15
5394,258,572,17,4,0,1,0,1,7,3,7,13,0,0,2,31,2,2026-05-01 22:53:00.725148,2026-05-01 22:53:00.725148,-21,15
5395,258,585,9,2,1,1,0,2,3,1,3,6,3,2,0,30,2,2026-05-01 22:53:00.725148,2026-05-01 22:53:00.725148,-17,15
5396,258,573,12,7,1,0,2,4,2,0,4,11,4,4,4,33,2,2026-05-01 22:53:00.725148,2026-05-01 22:53:00.725148,-24,15
5397,258,341,21,4,2,2,0,1,7,3,9,18,0,0,1,24,3,2026-05-01 22:53:00.725148,2026-05-01 22:53:00.725148,1,24
5398,258,346,9,3,1,0,0,1,6,2,3,7,2,1,1,24,2,2026-05-01 22:53:00.725148,2026-05-01 22:53:00.725148,1,24
5399,258,343,11,3,2,0,1,8,0,0,5,9,2,1,0,34,3,2026-05-01 22:53:00.725148,2026-05-01 22:53:00.725148,12,24
5400,258,333,36,1,1,0,0,5,6,4,16,24,0,0,3,25,1,2026-05-01 22:53:00.725148,2026-05-01 22:53:00.725148,5,24
5401,258,339,11,3,2,0,0,10,11,3,4,16,0,0,2,32,2,2026-05-01 22:53:00.725148,2026-05-01 22:53:00.725148,14,24
5402,258,345,6,5,6,0,3,0,0,0,2,4,4,2,1,13,0,2026-05-01 22:53:00.725148,2026-05-01 22:53:00.725148,14,24
5403,258,340,9,4,0,5,1,8,8,3,3,9,0,0,1,28,1,2026-05-01 22:53:00.725148,2026-05-01 22:53:00.725148,22,24
5404,258,337,6,3,5,2,0,2,1,0,3,5,0,0,1,21,0,2026-05-01 22:53:00.725148,2026-05-01 22:53:00.725148,9,24
5405,258,338,11,0,1,3,0,1,4,1,5,11,0,0,0,23,1,2026-05-01 22:53:00.725148,2026-05-01 22:53:00.725148,25,24
5406,258,334,8,1,0,1,0,0,0,0,4,4,0,0,0,5,1,2026-05-01 22:53:00.725148,2026-05-01 22:53:00.725148,12,24
5407,258,335,3,0,0,0,0,2,2,1,1,2,0,0,0,3,0,2026-05-01 22:53:00.725148,2026-05-01 22:53:00.725148,8,24
5408,258,590,0,0,0,0,0,1,0,0,0,0,0,0,0,2,1,2026-05-01 22:53:00.725148,2026-05-01 22:53:00.725148,7,24
5409,259,540,6,7,0,1,0,3,4,2,2,9,0,0,0,30,1,2026-05-01 22:53:00.725148,2026-05-01 22:53:00.725148,20,27
5410,259,529,13,8,0,0,0,3,5,3,5,7,0,0,0,28,1,2026-05-01 22:53:00.725148,2026-05-01 22:53:00.725148,9,27
5411,259,542,41,10,6,1,3,4,6,3,17,27,4,4,2,30,2,2026-05-01 22:53:00.725148,2026-05-01 22:53:00.725148,15,27
5412,259,528,21,5,3,1,0,10,6,3,6,12,10,6,4,34,1,2026-05-01 22:53:00.725148,2026-05-01 22:53:00.725148,24,27
5413,259,530,7,1,1,2,0,6,3,0,3,8,2,1,3,23,2,2026-05-01 22:53:00.725148,2026-05-01 22:53:00.725148,9,27
5414,259,535,10,4,1,0,0,1,0,0,4,5,2,2,0,19,2,2026-05-01 22:53:00.725148,2026-05-01 22:53:00.725148,-8,27
5415,259,531,13,3,3,1,1,3,2,1,6,11,0,0,1,23,4,2026-05-01 22:53:00.725148,2026-05-01 22:53:00.725148,4,27
5416,259,533,15,1,1,1,0,1,5,2,5,11,4,3,1,26,0,2026-05-01 22:53:00.725148,2026-05-01 22:53:00.725148,11,27
5417,259,525,3,0,1,1,0,0,2,0,1,5,2,1,0,17,1,2026-05-01 22:53:00.725148,2026-05-01 22:53:00.725148,-5,27
5418,259,527,0,0,0,0,0,0,1,0,0,1,0,0,0,6,0,2026-05-01 22:53:00.725148,2026-05-01 22:53:00.725148,-4,27
5419,259,203,6,3,0,1,0,0,3,1,2,5,2,1,0,25,5,2026-05-01 22:53:00.725148,2026-05-01 22:53:00.725148,-10,5
5420,259,192,12,6,0,1,3,2,6,1,5,12,1,1,2,27,2,2026-05-01 22:53:00.725148,2026-05-01 22:53:00.725148,-28,5
5421,259,68,15,4,1,1,0,2,6,1,4,10,8,6,1,30,4,2026-05-01 22:53:00.725148,2026-05-01 22:53:00.725148,-8,5
5422,259,200,23,2,0,0,0,3,3,2,9,13,3,3,1,25,1,2026-05-01 22:53:00.725148,2026-05-01 22:53:00.725148,-7,5
5423,259,198,9,6,1,0,1,10,3,2,3,5,2,1,2,32,0,2026-05-01 22:53:00.725148,2026-05-01 22:53:00.725148,-18,5
5424,259,399,20,3,0,1,0,3,6,3,8,15,1,1,1,27,3,2026-05-01 22:53:00.725148,2026-05-01 22:53:00.725148,0,5
5425,259,133,21,1,5,1,1,4,8,3,9,14,0,0,0,25,4,2026-05-01 22:53:00.725148,2026-05-01 22:53:00.725148,-9,5
5426,259,210,2,1,0,1,1,1,4,0,0,7,2,2,1,21,0,2026-05-01 22:53:00.725148,2026-05-01 22:53:00.725148,3,5
5427,259,125,6,1,0,1,1,1,5,0,3,12,0,0,2,20,1,2026-05-01 22:53:00.725148,2026-05-01 22:53:00.725148,2,5
5428,259,204,0,1,0,0,0,0,0,0,0,0,2,0,0,3,0,2026-05-01 22:53:00.725148,2026-05-01 22:53:00.725148,0,5
5429,260,457,12,3,1,0,2,1,3,0,5,19,4,2,2,30,1,2026-05-01 22:53:00.725148,2026-05-01 22:53:00.725148,-35,7
5430,260,446,9,6,0,1,0,1,1,1,4,10,0,0,5,22,2,2026-05-01 22:53:00.725148,2026-05-01 22:53:00.725148,-24,7
5431,260,458,21,3,5,0,1,2,0,0,9,11,8,3,1,24,4,2026-05-01 22:53:00.725148,2026-05-01 22:53:00.725148,-23,7
5432,260,453,3,4,0,1,0,0,2,1,1,5,0,0,0,28,1,2026-05-01 22:53:00.725148,2026-05-01 22:53:00.725148,-29,7
5433,260,465,8,3,0,0,0,5,4,1,3,10,2,1,1,20,0,2026-05-01 22:53:00.725148,2026-05-01 22:53:00.725148,-9,7
5434,260,466,9,6,2,1,0,2,0,0,0,0,10,9,1,23,0,2026-05-01 22:53:00.725148,2026-05-01 22:53:00.725148,-7,7
5435,260,468,5,2,0,0,0,2,6,1,1,8,2,2,2,22,2,2026-05-01 22:53:00.725148,2026-05-01 22:53:00.725148,-9,7
5436,260,470,15,6,0,2,0,7,3,1,4,10,6,6,3,27,0,2026-05-01 22:53:00.725148,2026-05-01 22:53:00.725148,-21,7
5437,260,575,4,4,4,1,0,0,3,0,2,7,0,0,0,17,2,2026-05-01 22:53:00.725148,2026-05-01 22:53:00.725148,2,7
5438,260,567,8,1,2,0,0,0,6,2,2,7,2,2,0,17,2,2026-05-01 22:53:00.725148,2026-05-01 22:53:00.725148,3,7
5439,260,444,0,1,0,0,0,1,1,0,0,2,0,0,0,4,0,2026-05-01 22:53:00.725148,2026-05-01 22:53:00.725148,2,7
5440,260,195,18,13,2,3,0,12,2,1,8,13,1,1,1,33,0,2026-05-01 22:53:00.725148,2026-05-01 22:53:00.725148,30,18
5441,260,134,24,3,0,0,0,4,4,3,9,14,7,3,0,31,4,2026-05-01 22:53:00.725148,2026-05-01 22:53:00.725148,26,18
5442,260,128,14,8,2,1,2,1,0,0,6,8,2,2,2,28,5,2026-05-01 22:53:00.725148,2026-05-01 22:53:00.725148,27,18
5443,260,124,15,3,0,1,1,2,9,5,5,11,0,0,2,29,1,2026-05-01 22:53:00.725148,2026-05-01 22:53:00.725148,30,18
5444,260,123,0,0,0,0,0,2,2,0,0,3,0,0,0,14,2,2026-05-01 22:53:00.725148,2026-05-01 22:53:00.725148,-4,18
5445,260,126,17,2,0,0,0,4,3,2,7,13,1,1,3,22,2,2026-05-01 22:53:00.725148,2026-05-01 22:53:00.725148,29,18
5446,260,135,12,5,0,0,1,0,6,2,5,14,0,0,1,24,4,2026-05-01 22:53:00.725148,2026-05-01 22:53:00.725148,2,18
5447,260,174,0,3,0,1,1,4,0,0,0,2,0,0,1,18,4,2026-05-01 22:53:00.725148,2026-05-01 22:53:00.725148,4,18
5448,260,129,12,4,0,1,0,3,5,1,5,10,1,1,0,23,3,2026-05-01 22:53:00.725148,2026-05-01 22:53:00.725148,9,18
5449,260,136,4,2,0,1,0,1,0,0,2,3,0,0,0,4,1,2026-05-01 22:53:00.725148,2026-05-01 22:53:00.725148,-2,18
5450,260,121,6,1,1,0,1,0,0,0,3,3,0,0,0,4,1,2026-05-01 22:53:00.725148,2026-05-01 22:53:00.725148,-2,18
5451,260,122,2,1,1,0,0,0,0,0,1,2,0,0,0,4,0,2026-05-01 22:53:00.725148,2026-05-01 22:53:00.725148,1,18
5452,261,175,19,2,0,0,0,5,6,3,8,15,0,0,1,35,3,2026-05-01 22:53:00.725148,2026-05-01 22:53:00.725148,-9,29
5453,261,191,26,4,2,2,0,4,2,0,11,22,6,4,2,36,3,2026-05-01 22:53:00.725148,2026-05-01 22:53:00.725148,-2,29
5454,261,178,20,9,1,3,1,5,7,4,7,12,2,2,2,24,3,2026-05-01 22:53:00.725148,2026-05-01 22:53:00.725148,0,29
5455,261,188,18,4,0,1,1,5,5,3,6,12,5,3,2,26,4,2026-05-01 22:53:00.725148,2026-05-01 22:53:00.725148,-14,29
5456,261,586,12,2,2,0,1,5,5,2,4,16,3,2,5,40,2,2026-05-01 22:53:00.725148,2026-05-01 22:53:00.725148,-4,29
5457,261,497,6,1,3,0,0,2,2,2,2,4,0,0,0,29,2,2026-05-01 22:53:00.725148,2026-05-01 22:53:00.725148,-3,29
5458,261,190,7,5,2,0,0,1,0,0,3,4,2,1,0,19,1,2026-05-01 22:53:00.725148,2026-05-01 22:53:00.725148,-7,29
5459,261,576,5,2,1,3,0,5,2,1,1,3,2,2,3,28,5,2026-05-01 22:53:00.725148,2026-05-01 22:53:00.725148,-6,29
5460,261,217,9,4,0,1,0,3,8,0,4,14,1,1,0,28,2,2026-05-01 22:53:00.725148,2026-05-01 22:53:00.725148,13,6
5461,261,354,13,1,1,2,1,1,3,1,6,10,0,0,2,31,3,2026-05-01 22:53:00.725148,2026-05-01 22:53:00.725148,10,6
5462,261,219,34,13,4,1,3,3,0,0,15,21,5,4,2,29,5,2026-05-01 22:53:00.725148,2026-05-01 22:53:00.725148,21,6
5463,261,218,34,2,0,1,0,5,8,3,10,18,12,11,2,35,1,2026-05-01 22:53:00.725148,2026-05-01 22:53:00.725148,11,6
5464,261,306,13,6,0,1,1,14,5,1,4,9,6,4,1,38,1,2026-05-01 22:53:00.725148,2026-05-01 22:53:00.725148,7,6
5465,261,364,3,2,2,1,0,3,2,0,1,4,2,1,0,21,0,2026-05-01 22:53:00.725148,2026-05-01 22:53:00.725148,-2,6
5466,261,221,2,2,0,0,1,3,1,0,1,2,0,0,0,15,2,2026-05-01 22:53:00.725148,2026-05-01 22:53:00.725148,-6,6
5467,261,213,2,6,1,1,0,0,2,0,1,3,0,0,3,18,1,2026-05-01 22:53:00.725148,2026-05-01 22:53:00.725148,-12,6
5468,261,224,4,2,1,0,1,0,0,0,2,3,0,0,0,9,0,2026-05-01 22:53:00.725148,2026-05-01 22:53:00.725148,2,6
5469,261,222,8,0,2,1,0,1,3,1,3,6,1,1,1,11,2,2026-05-01 22:53:00.725148,2026-05-01 22:53:00.725148,1,6
5470,262,150,9,0,0,0,0,1,5,1,4,9,0,0,1,26,2,2026-05-01 22:53:00.725148,2026-05-01 22:53:00.725148,1,21
5471,262,142,2,2,1,0,0,2,2,0,1,4,0,0,1,22,1,2026-05-01 22:53:00.725148,2026-05-01 22:53:00.725148,-11,21
5472,262,145,13,6,3,2,2,1,3,1,6,11,0,0,3,29,6,2026-05-01 22:53:00.725148,2026-05-01 22:53:00.725148,1,21
5473,262,147,14,2,0,2,1,3,1,0,4,10,6,6,1,35,3,2026-05-01 22:53:00.725148,2026-05-01 22:53:00.725148,5,21
5474,262,143,47,3,2,2,0,3,3,2,12,19,25,21,4,40,4,2026-05-01 22:53:00.725148,2026-05-01 22:53:00.725148,8,21
5475,262,151,10,2,0,1,0,1,5,2,4,8,0,0,0,17,0,2026-05-01 22:53:00.725148,2026-05-01 22:53:00.725148,4,21
5476,262,153,3,13,0,0,3,2,5,1,1,6,0,0,3,31,4,2026-05-01 22:53:00.725148,2026-05-01 22:53:00.725148,11,21
5477,262,83,7,2,0,0,0,0,2,0,3,5,1,1,1,14,0,2026-05-01 22:53:00.725148,2026-05-01 22:53:00.725148,-1,21
5478,262,140,3,1,0,1,0,4,2,1,1,2,0,0,1,27,2,2026-05-01 22:53:00.725148,2026-05-01 22:53:00.725148,12,21
5479,262,146,6,1,0,1,0,0,5,2,2,5,0,0,1,14,1,2026-05-01 22:53:00.725148,2026-05-01 22:53:00.725148,-11,21
5480,262,154,0,4,0,0,0,0,1,0,0,2,0,0,1,5,1,2026-05-01 22:53:00.725148,2026-05-01 22:53:00.725148,1,21
5481,262,230,19,4,1,2,0,1,11,5,6,12,2,2,0,30,4,2026-05-01 22:53:00.725148,2026-05-01 22:53:00.725148,5,9
5482,262,245,8,4,3,3,1,5,0,0,3,5,6,2,2,25,6,2026-05-01 22:53:00.725148,2026-05-01 22:53:00.725148,19,9
5483,262,240,21,6,4,1,4,2,2,1,7,13,8,6,3,34,2,2026-05-01 22:53:00.725148,2026-05-01 22:53:00.725148,-5,9
5484,262,199,17,6,0,1,0,6,9,3,7,16,1,0,1,38,2,2026-05-01 22:53:00.725148,2026-05-01 22:53:00.725148,-11,9
5485,262,234,15,2,2,2,0,6,5,1,7,17,0,0,5,36,2,2026-05-01 22:53:00.725148,2026-05-01 22:53:00.725148,-4,9
5486,262,243,4,3,4,0,1,3,0,0,1,3,4,2,1,18,2,2026-05-01 22:53:00.725148,2026-05-01 22:53:00.725148,1,9
5487,262,232,4,2,0,3,0,1,2,0,2,7,0,0,1,24,6,2026-05-01 22:53:00.725148,2026-05-01 22:53:00.725148,-21,9
5488,262,238,10,3,1,0,1,2,5,2,4,11,0,0,1,26,2,2026-05-01 22:53:00.725148,2026-05-01 22:53:00.725148,-8,9
5489,262,237,0,0,0,0,0,0,3,0,0,4,0,0,0,12,0,2026-05-01 22:53:00.725148,2026-05-01 22:53:00.725148,0,9
5490,262,242,12,1,0,0,1,4,6,4,4,9,2,0,2,18,2,2026-05-01 22:53:00.725148,2026-05-01 22:53:00.725148,4,9
5491,263,320,21,9,1,0,1,12,3,1,8,16,6,4,4,33,0,2026-05-01 22:53:00.725148,2026-05-01 22:53:00.725148,25,14
5492,263,317,14,6,0,0,0,0,3,1,6,10,2,1,0,25,2,2026-05-01 22:53:00.725148,2026-05-01 22:53:00.725148,9,14
5493,263,315,12,5,2,0,3,1,0,0,5,5,2,2,2,22,0,2026-05-01 22:53:00.725148,2026-05-01 22:53:00.725148,9,14
5494,263,323,4,3,0,3,1,2,0,0,2,3,0,0,0,27,3,2026-05-01 22:53:00.725148,2026-05-01 22:53:00.725148,23,14
5495,263,325,19,2,1,1,0,9,4,0,4,11,12,11,5,27,0,2026-05-01 22:53:00.725148,2026-05-01 22:53:00.725148,6,14
5496,263,375,19,1,1,1,0,1,5,4,7,10,1,1,1,23,3,2026-05-01 22:53:00.725148,2026-05-01 22:53:00.725148,20,14
5497,263,318,19,5,2,0,2,0,1,1,8,8,3,2,0,19,1,2026-05-01 22:53:00.725148,2026-05-01 22:53:00.725148,18,14
5498,263,319,6,1,0,1,0,1,5,0,2,10,2,2,2,25,2,2026-05-01 22:53:00.725148,2026-05-01 22:53:00.725148,4,14
5499,263,330,4,6,2,1,0,1,1,0,1,3,4,2,1,23,0,2026-05-01 22:53:00.725148,2026-05-01 22:53:00.725148,5,14
5500,263,329,0,1,0,0,0,1,0,0,0,0,0,0,0,5,2,2026-05-01 22:53:00.725148,2026-05-01 22:53:00.725148,-8,14
5501,263,322,0,0,0,0,0,1,1,0,0,1,0,0,0,3,1,2026-05-01 22:53:00.725148,2026-05-01 22:53:00.725148,-8,14
5502,263,551,2,0,0,0,0,0,1,0,1,2,0,0,0,2,1,2026-05-01 22:53:00.725148,2026-05-01 22:53:00.725148,-8,14
5503,263,439,18,3,1,1,0,2,2,1,8,12,1,1,0,26,2,2026-05-01 22:53:00.725148,2026-05-01 22:53:00.725148,11,30
5504,263,447,20,2,0,1,0,2,7,1,8,19,3,3,2,35,2,2026-05-01 22:53:00.725148,2026-05-01 22:53:00.725148,-22,30
5505,263,449,14,2,1,4,1,1,6,1,4,12,6,5,0,20,3,2026-05-01 22:53:00.725148,2026-05-01 22:53:00.725148,-16,30
5506,263,445,11,6,0,2,0,2,6,1,5,12,0,0,1,22,4,2026-05-01 22:53:00.725148,2026-05-01 22:53:00.725148,-3,30
5507,263,438,5,1,0,0,0,7,3,1,2,6,0,0,4,28,2,2026-05-01 22:53:00.725148,2026-05-01 22:53:00.725148,-20,30
5508,263,443,11,4,1,1,1,1,0,0,5,7,2,1,0,35,3,2026-05-01 22:53:00.725148,2026-05-01 22:53:00.725148,-21,30
5509,263,440,3,2,0,0,0,5,2,0,1,6,2,1,1,19,1,2026-05-01 22:53:00.725148,2026-05-01 22:53:00.725148,2,30
5510,263,450,8,3,2,2,0,5,4,0,4,11,0,0,1,27,5,2026-05-01 22:53:00.725148,2026-05-01 22:53:00.725148,-14,30
5511,263,459,11,5,0,0,0,0,5,2,4,8,2,1,0,22,0,2026-05-01 22:53:00.725148,2026-05-01 22:53:00.725148,-12,30
5512,264,141,7,2,0,1,0,4,4,0,3,8,2,1,3,21,6,2026-05-01 22:53:00.725148,2026-05-01 22:53:00.725148,-5,17
5513,264,273,5,2,1,2,0,1,6,1,2,9,0,0,2,38,2,2026-05-01 22:53:00.725148,2026-05-01 22:53:00.725148,-10,17
5514,264,278,6,3,2,1,0,3,0,0,3,5,0,0,2,22,3,2026-05-01 22:53:00.725148,2026-05-01 22:53:00.725148,-16,17
5515,264,279,36,2,0,2,0,4,15,9,12,21,4,3,5,37,4,2026-05-01 22:53:00.725148,2026-05-01 22:53:00.725148,-8,17
5516,264,271,13,5,1,2,0,0,2,1,5,8,2,2,4,33,5,2026-05-01 22:53:00.725148,2026-05-01 22:53:00.725148,-15,17
5517,264,276,18,6,0,2,1,8,7,4,7,12,0,0,5,38,1,2026-05-01 22:53:00.725148,2026-05-01 22:53:00.725148,-2,17
5518,264,269,15,3,0,2,0,3,5,2,4,8,5,5,0,28,6,2026-05-01 22:53:00.725148,2026-05-01 22:53:00.725148,-18,17
5519,264,583,13,0,0,1,0,0,5,3,4,6,2,2,1,20,3,2026-05-01 22:53:00.725148,2026-05-01 22:53:00.725148,4,17
5520,264,308,20,5,3,1,0,2,7,4,8,16,0,0,1,22,1,2026-05-01 22:53:00.725148,2026-05-01 22:53:00.725148,11,13
5521,264,304,22,2,1,0,1,3,2,0,9,13,5,4,1,35,5,2026-05-01 22:53:00.725148,2026-05-01 22:53:00.725148,-1,13
5522,264,309,8,7,0,3,2,1,1,0,2,3,5,4,0,25,2,2026-05-01 22:53:00.725148,2026-05-01 22:53:00.725148,23,13
5523,264,307,13,4,0,2,1,0,1,1,6,9,0,0,1,25,4,2026-05-01 22:53:00.725148,2026-05-01 22:53:00.725148,14,13
5524,264,214,15,2,0,2,0,11,7,3,5,9,2,2,5,26,0,2026-05-01 22:53:00.725148,2026-05-01 22:53:00.725148,19,13
5525,264,305,10,2,0,2,0,5,3,2,4,5,0,0,2,31,3,2026-05-01 22:53:00.725148,2026-05-01 22:53:00.725148,10,13
5526,264,253,28,5,1,0,0,1,1,1,7,10,14,13,4,27,2,2026-05-01 22:53:00.725148,2026-05-01 22:53:00.725148,-3,13
5527,264,299,3,2,0,0,0,1,4,1,1,4,0,0,0,11,0,2026-05-01 22:53:00.725148,2026-05-01 22:53:00.725148,5,13
5528,264,310,5,3,2,3,0,3,3,0,2,7,2,1,1,23,1,2026-05-01 22:53:00.725148,2026-05-01 22:53:00.725148,1,13
5529,264,312,3,0,0,1,0,0,1,1,1,1,0,0,1,10,1,2026-05-01 22:53:00.725148,2026-05-01 22:53:00.725148,-9,13
5530,265,261,3,1,0,0,1,0,2,1,1,3,0,0,0,9,2,2026-05-01 22:53:00.725148,2026-05-01 22:53:00.725148,-6,12
5531,265,569,0,4,0,0,0,1,1,0,0,2,0,0,0,16,2,2026-05-01 22:53:00.725148,2026-05-01 22:53:00.725148,-5,12
5532,265,260,30,9,2,1,0,6,8,3,11,24,7,5,4,31,2,2026-05-01 22:53:00.725148,2026-05-01 22:53:00.725148,12,12
5533,265,251,10,3,0,0,0,1,0,0,5,6,0,0,2,20,1,2026-05-01 22:53:00.725148,2026-05-01 22:53:00.725148,-10,12
5534,265,255,15,3,0,0,0,10,6,2,6,12,1,1,2,36,1,2026-05-01 22:53:00.725148,2026-05-01 22:53:00.725148,11,12
5535,265,258,21,5,0,0,0,0,6,5,7,9,2,2,2,20,3,2026-05-01 22:53:00.725148,2026-05-01 22:53:00.725148,-4,12
5536,265,302,18,3,1,1,1,5,6,3,7,11,1,1,0,33,2,2026-05-01 22:53:00.725148,2026-05-01 22:53:00.725148,23,12
5537,265,254,15,2,0,0,1,9,3,2,6,8,1,1,1,18,0,2026-05-01 22:53:00.725148,2026-05-01 22:53:00.725148,15,12
5538,265,259,5,2,0,1,0,1,2,1,2,4,0,0,0,23,1,2026-05-01 22:53:00.725148,2026-05-01 22:53:00.725148,22,12
5539,265,262,12,2,0,0,0,3,3,1,5,8,1,1,0,14,2,2026-05-01 22:53:00.725148,2026-05-01 22:53:00.725148,10,12
5540,265,249,6,5,0,0,2,0,2,0,3,5,0,0,0,16,1,2026-05-01 22:53:00.725148,2026-05-01 22:53:00.725148,17,12
5541,265,411,15,5,0,0,0,3,1,0,7,11,3,1,1,35,3,2026-05-01 22:53:00.725148,2026-05-01 22:53:00.725148,-6,16
5542,265,417,15,2,4,2,2,5,6,3,5,14,2,2,1,37,3,2026-05-01 22:53:00.725148,2026-05-01 22:53:00.725148,-13,16
5543,265,402,15,12,0,0,1,3,3,0,6,16,4,3,1,32,1,2026-05-01 22:53:00.725148,2026-05-01 22:53:00.725148,-9,16
5544,265,406,31,2,1,0,0,4,13,5,12,22,2,2,0,36,1,2026-05-01 22:53:00.725148,2026-05-01 22:53:00.725148,-11,16
5545,265,412,12,3,0,2,0,8,2,1,5,7,2,1,1,35,4,2026-05-01 22:53:00.725148,2026-05-01 22:53:00.725148,-9,16
5546,265,408,17,5,3,0,0,2,5,2,7,17,1,1,1,25,1,2026-05-01 22:53:00.725148,2026-05-01 22:53:00.725148,-10,16
5547,265,403,1,0,1,0,0,1,2,0,0,4,2,1,0,7,2,2026-05-01 22:53:00.725148,2026-05-01 22:53:00.725148,-4,16
5548,265,416,5,3,0,1,0,2,3,1,2,5,0,0,0,15,1,2026-05-01 22:53:00.725148,2026-05-01 22:53:00.725148,-8,16
5549,265,407,5,0,0,0,0,1,2,1,1,2,2,2,1,12,0,2026-05-01 22:53:00.725148,2026-05-01 22:53:00.725148,-8,16
5550,265,404,2,0,1,0,1,0,0,0,1,1,0,0,1,1,1,2026-05-01 22:53:00.725148,2026-05-01 22:53:00.725148,-7,16
5551,266,392,13,3,1,0,0,2,6,1,5,13,3,2,2,31,0,2026-05-01 22:53:00.725148,2026-05-01 22:53:00.725148,-12,4
5552,266,385,14,2,0,0,0,2,1,0,5,9,4,4,1,29,3,2026-05-01 22:53:00.725148,2026-05-01 22:53:00.725148,-25,4
5553,266,387,4,4,2,0,0,0,0,0,2,2,2,0,0,24,1,2026-05-01 22:53:00.725148,2026-05-01 22:53:00.725148,-17,4
5554,266,395,13,5,1,0,0,4,9,3,5,13,0,0,0,31,2,2026-05-01 22:53:00.725148,2026-05-01 22:53:00.725148,-15,4
5555,266,384,19,2,2,1,0,3,12,3,7,19,2,2,4,26,4,2026-05-01 22:53:00.725148,2026-05-01 22:53:00.725148,-19,4
5556,266,388,0,0,0,1,0,1,1,0,0,1,0,0,1,17,1,2026-05-01 22:53:00.725148,2026-05-01 22:53:00.725148,0,4
5557,266,391,2,1,1,0,1,2,0,0,1,1,0,0,0,13,1,2026-05-01 22:53:00.725148,2026-05-01 22:53:00.725148,2,4
5558,266,209,11,3,1,0,0,1,5,1,4,11,2,2,2,19,1,2026-05-01 22:53:00.725148,2026-05-01 22:53:00.725148,13,4
5559,266,390,11,2,0,0,0,4,6,3,4,8,0,0,0,22,3,2026-05-01 22:53:00.725148,2026-05-01 22:53:00.725148,-2,4
5560,266,394,10,4,2,0,0,0,1,1,2,3,6,5,0,10,1,2026-05-01 22:53:00.725148,2026-05-01 22:53:00.725148,-6,4
5561,266,393,2,0,0,0,0,0,1,0,1,2,0,0,0,3,0,2026-05-01 22:53:00.725148,2026-05-01 22:53:00.725148,2,4
5562,266,386,0,1,0,0,0,0,0,0,0,0,0,0,0,3,0,2026-05-01 22:53:00.725148,2026-05-01 22:53:00.725148,2,4
5563,266,49,0,0,0,0,0,0,1,0,0,1,0,0,1,3,0,2026-05-01 22:53:00.725148,2026-05-01 22:53:00.725148,2,4
5564,266,50,3,5,2,1,0,2,4,0,1,7,1,1,0,33,2,2026-05-01 22:53:00.725148,2026-05-01 22:53:00.725148,14,2
5565,266,48,32,5,0,0,1,8,10,5,12,23,5,3,0,30,2,2026-05-01 22:53:00.725148,2026-05-01 22:53:00.725148,15,2
5566,266,44,17,5,3,1,1,1,1,0,8,13,2,1,0,28,4,2026-05-01 22:53:00.725148,2026-05-01 22:53:00.725148,13,2
5567,266,41,7,3,0,0,0,0,4,2,2,4,2,1,0,33,1,2026-05-01 22:53:00.725148,2026-05-01 22:53:00.725148,13,2
5568,266,43,28,5,1,1,0,6,6,2,10,18,6,6,2,37,3,2026-05-01 22:53:00.725148,2026-05-01 22:53:00.725148,12,2
5569,266,45,14,1,0,0,0,3,7,3,4,11,4,3,2,28,1,2026-05-01 22:53:00.725148,2026-05-01 22:53:00.725148,6,2
5570,266,40,7,3,0,1,1,1,1,1,3,3,0,0,0,14,2,2026-05-01 22:53:00.725148,2026-05-01 22:53:00.725148,10,2
5571,266,39,3,2,1,1,0,0,1,1,1,2,0,0,0,12,0,2026-05-01 22:53:00.725148,2026-05-01 22:53:00.725148,-12,2
5572,266,38,2,1,0,0,0,2,0,0,1,1,0,0,0,13,2,2026-05-01 22:53:00.725148,2026-05-01 22:53:00.725148,8,2
5573,266,52,0,1,0,0,0,0,0,0,0,0,0,0,1,2,0,2026-05-01 22:53:00.725148,2026-05-01 22:53:00.725148,-1,2
5574,266,46,0,0,0,0,0,0,0,0,0,1,0,0,0,2,1,2026-05-01 22:53:00.725148,2026-05-01 22:53:00.725148,-1,2
5575,266,580,1,0,1,0,0,0,0,0,0,0,2,1,0,1,0,2026-05-01 22:53:00.725148,2026-05-01 22:53:00.725148,-1,2
5576,266,189,0,0,0,1,0,0,0,0,0,0,0,0,0,1,0,2026-05-01 22:53:00.725148,2026-05-01 22:53:00.725148,-1,2
5593,268,89,24,3,0,3,0,3,4,0,8,14,8,8,1,26,4,2026-05-01 22:53:00.725148,2026-05-01 22:53:00.725148,22,28
5594,268,88,23,4,1,3,0,15,2,2,9,14,5,3,2,28,1,2026-05-01 22:53:00.725148,2026-05-01 22:53:00.725148,30,28
5595,268,99,11,6,1,1,1,3,0,0,5,7,2,1,0,25,3,2026-05-01 22:53:00.725148,2026-05-01 22:53:00.725148,29,28
5596,268,103,11,3,3,1,0,0,5,3,4,8,0,0,1,28,1,2026-05-01 22:53:00.725148,2026-05-01 22:53:00.725148,31,28
5597,268,101,12,2,0,3,0,10,0,0,4,5,4,4,0,23,1,2026-05-01 22:53:00.725148,2026-05-01 22:53:00.725148,34,28
5598,268,91,11,3,0,0,0,1,2,1,5,11,0,0,2,23,2,2026-05-01 22:53:00.725148,2026-05-01 22:53:00.725148,21,28
5599,268,95,19,4,0,3,0,0,4,2,8,13,1,1,3,21,1,2026-05-01 22:53:00.725148,2026-05-01 22:53:00.725148,47,28
5600,268,94,14,2,0,3,0,2,6,4,5,7,0,0,0,19,4,2026-05-01 22:53:00.725148,2026-05-01 22:53:00.725148,31,28
5601,268,96,8,2,2,1,1,1,4,1,3,7,2,1,0,12,0,2026-05-01 22:53:00.725148,2026-05-01 22:53:00.725148,18,28
5602,268,589,0,1,0,0,0,1,0,0,0,2,0,0,0,7,0,2026-05-01 22:53:00.725148,2026-05-01 22:53:00.725148,-7,28
5603,268,288,4,1,0,1,1,2,0,0,2,3,0,0,1,10,1,2026-05-01 22:53:00.725148,2026-05-01 22:53:00.725148,-1,28
5604,268,97,2,6,0,1,0,3,1,0,1,2,0,0,0,10,0,2026-05-01 22:53:00.725148,2026-05-01 22:53:00.725148,-1,28
5605,268,102,0,0,0,0,0,0,1,0,0,1,0,0,0,3,0,2026-05-01 22:53:00.725148,2026-05-01 22:53:00.725148,6,28
5606,268,426,12,1,2,0,0,0,5,1,4,9,3,3,0,24,1,2026-05-01 22:53:00.725148,2026-05-01 22:53:00.725148,-17,22
5607,268,419,9,4,1,0,0,3,5,0,3,14,4,3,5,29,2,2026-05-01 22:53:00.725148,2026-05-01 22:53:00.725148,-30,22
5608,268,424,4,3,1,0,0,1,1,0,1,2,2,2,1,25,3,2026-05-01 22:53:00.725148,2026-05-01 22:53:00.725148,-23,22
5609,268,420,17,1,2,0,0,2,4,2,5,10,6,5,3,26,1,2026-05-01 22:53:00.725148,2026-05-01 22:53:00.725148,-25,22
5610,268,433,13,4,0,1,1,5,6,2,5,11,1,1,5,25,2,2026-05-01 22:53:00.725148,2026-05-01 22:53:00.725148,-16,22
5611,268,193,7,1,0,2,0,3,5,1,3,8,0,0,2,24,3,2026-05-01 22:53:00.725148,2026-05-01 22:53:00.725148,-32,22
5612,268,427,9,0,0,0,0,0,3,1,4,8,0,0,1,19,1,2026-05-01 22:53:00.725148,2026-05-01 22:53:00.725148,-21,22
5613,268,421,6,1,3,0,0,0,0,0,2,5,3,2,2,10,3,2026-05-01 22:53:00.725148,2026-05-01 22:53:00.725148,-22,22
5614,268,423,0,1,0,0,0,0,2,0,0,3,0,0,6,8,1,2026-05-01 22:53:00.725148,2026-05-01 22:53:00.725148,-32,22
5615,268,430,3,3,0,1,0,2,3,1,1,3,0,0,2,14,2,2026-05-01 22:53:00.725148,2026-05-01 22:53:00.725148,-13,22
5616,268,431,0,4,0,0,0,3,2,0,0,3,0,0,0,18,1,2026-05-01 22:53:00.725148,2026-05-01 22:53:00.725148,-22,22
5617,268,435,7,4,0,0,0,1,2,1,3,6,0,0,0,12,0,2026-05-01 22:53:00.725148,2026-05-01 22:53:00.725148,-7,22
5618,269,25,8,1,1,2,0,3,3,2,2,3,2,2,3,22,1,2026-05-01 22:53:00.725148,2026-05-01 22:53:00.725148,4,3
5619,269,19,15,7,0,2,2,1,6,3,5,11,4,2,1,20,1,2026-05-01 22:53:00.725148,2026-05-01 22:53:00.725148,14,3
5620,269,18,10,6,1,0,1,3,1,0,4,8,3,2,0,23,2,2026-05-01 22:53:00.725148,2026-05-01 22:53:00.725148,2,3
5621,269,28,16,2,0,1,0,2,6,4,6,8,0,0,0,28,1,2026-05-01 22:53:00.725148,2026-05-01 22:53:00.725148,6,3
5622,269,32,17,3,0,1,0,6,9,2,6,13,5,3,4,29,4,2026-05-01 22:53:00.725148,2026-05-01 22:53:00.725148,10,3
5623,269,29,8,4,4,0,0,6,0,0,3,10,2,2,5,25,3,2026-05-01 22:53:00.725148,2026-05-01 22:53:00.725148,6,3
5624,269,577,7,1,2,1,0,1,1,1,3,5,0,0,1,15,0,2026-05-01 22:53:00.725148,2026-05-01 22:53:00.725148,9,3
5625,269,21,9,0,0,2,0,4,5,3,3,5,0,0,0,20,1,2026-05-01 22:53:00.725148,2026-05-01 22:53:00.725148,-2,3
5626,269,24,4,2,2,0,1,2,3,0,2,7,0,0,1,21,6,2026-05-01 22:53:00.725148,2026-05-01 22:53:00.725148,13,3
5627,269,87,18,1,0,0,0,0,6,2,6,11,4,4,0,25,1,2026-05-01 22:53:00.725148,2026-05-01 22:53:00.725148,20,3
5628,269,23,4,1,2,1,0,2,1,0,2,4,0,0,0,8,1,2026-05-01 22:53:00.725148,2026-05-01 22:53:00.725148,3,3
5629,269,360,2,2,0,1,0,3,7,0,1,8,0,0,1,25,5,2026-05-01 22:53:00.725148,2026-05-01 22:53:00.725148,-16,26
5630,269,349,16,4,4,1,0,1,1,0,7,14,7,2,3,34,2,2026-05-01 22:53:00.725148,2026-05-01 22:53:00.725148,-20,26
5631,269,361,13,6,2,1,0,2,0,0,4,10,8,5,1,31,5,2026-05-01 22:53:00.725148,2026-05-01 22:53:00.725148,-7,26
5632,269,352,17,6,1,0,0,2,4,1,8,14,0,0,4,37,3,2026-05-01 22:53:00.725148,2026-05-01 22:53:00.725148,-15,26
5633,269,351,20,6,2,1,0,5,5,3,6,12,5,5,2,28,1,2026-05-01 22:53:00.725148,2026-05-01 22:53:00.725148,-11,26
5634,269,591,14,1,1,2,0,0,6,2,4,9,4,4,0,26,5,2026-05-01 22:53:00.725148,2026-05-01 22:53:00.725148,-6,26
5635,269,357,12,3,0,0,0,0,8,4,4,8,0,0,1,23,0,2026-05-01 22:53:00.725148,2026-05-01 22:53:00.725148,-2,26
5636,269,558,1,2,0,1,1,7,1,0,0,5,1,1,3,18,1,2026-05-01 22:53:00.725148,2026-05-01 22:53:00.725148,-5,26
5637,269,350,4,1,2,0,2,1,0,0,2,4,0,0,0,14,1,2026-05-01 22:53:00.725148,2026-05-01 22:53:00.725148,-3,26
5638,270,156,20,6,1,2,0,5,3,1,8,16,6,3,4,27,1,2026-05-01 22:53:00.725148,2026-05-01 22:53:00.725148,22,25
5639,270,157,23,6,1,3,0,1,9,4,8,14,4,3,1,28,2,2026-05-01 22:53:00.725148,2026-05-01 22:53:00.725148,35,25
5640,270,159,6,3,2,0,5,1,2,0,3,6,0,0,0,20,2,2026-05-01 22:53:00.725148,2026-05-01 22:53:00.725148,27,25
5641,270,164,11,1,0,0,0,2,5,3,3,6,2,2,1,21,1,2026-05-01 22:53:00.725148,2026-05-01 22:53:00.725148,19,25
5642,270,163,21,3,0,0,0,7,3,1,6,11,9,8,2,24,4,2026-05-01 22:53:00.725148,2026-05-01 22:53:00.725148,26,25
5643,270,173,4,5,1,1,2,1,0,0,2,3,0,0,0,14,2,2026-05-01 22:53:00.725148,2026-05-01 22:53:00.725148,9,25
5644,270,167,9,0,2,0,0,2,5,1,4,8,0,0,1,30,3,2026-05-01 22:53:00.725148,2026-05-01 22:53:00.725148,16,25
5645,270,171,10,5,0,0,1,2,3,2,4,6,0,0,1,19,2,2026-05-01 22:53:00.725148,2026-05-01 22:53:00.725148,23,25
5646,270,579,5,2,0,1,1,0,1,0,2,3,1,1,0,12,1,2026-05-01 22:53:00.725148,2026-05-01 22:53:00.725148,-1,25
5647,270,158,1,2,2,1,0,3,1,0,0,1,2,1,1,18,2,2026-05-01 22:53:00.725148,2026-05-01 22:53:00.725148,-3,25
5648,270,172,7,2,1,0,0,0,2,0,3,7,4,1,1,10,1,2026-05-01 22:53:00.725148,2026-05-01 22:53:00.725148,1,25
5649,270,162,6,3,1,0,1,0,2,0,1,5,4,4,2,10,3,2026-05-01 22:53:00.725148,2026-05-01 22:53:00.725148,1,25
5650,270,560,5,4,4,0,0,2,0,0,2,5,2,1,0,22,1,2026-05-01 22:53:00.725148,2026-05-01 22:53:00.725148,-11,30
5651,270,449,10,2,0,1,1,0,3,2,2,5,4,4,0,16,4,2026-05-01 22:53:00.725148,2026-05-01 22:53:00.725148,-12,30
5652,270,563,8,10,3,1,0,4,0,0,4,12,2,0,4,38,5,2026-05-01 22:53:00.725148,2026-05-01 22:53:00.725148,-28,30
5653,270,441,4,4,1,0,0,2,5,0,2,14,0,0,2,24,2,2026-05-01 22:53:00.725148,2026-05-01 22:53:00.725148,-32,30
5654,270,438,11,1,1,1,0,4,5,1,4,13,2,2,4,22,3,2026-05-01 22:53:00.725148,2026-05-01 22:53:00.725148,-25,30
5655,270,443,8,3,0,1,0,0,1,0,4,7,0,0,2,30,4,2026-05-01 22:53:00.725148,2026-05-01 22:53:00.725148,-34,30
5656,270,440,10,1,0,0,0,2,1,0,4,9,2,2,2,19,1,2026-05-01 22:53:00.725148,2026-05-01 22:53:00.725148,-11,30
5657,270,447,14,1,0,2,0,1,3,1,4,9,5,5,0,25,2,2026-05-01 22:53:00.725148,2026-05-01 22:53:00.725148,-10,30
5658,270,439,10,2,0,0,1,1,2,1,4,8,1,1,0,24,2,2026-05-01 22:53:00.725148,2026-05-01 22:53:00.725148,-11,30
5659,270,450,8,2,0,1,0,0,2,0,2,5,4,4,1,16,4,2026-05-01 22:53:00.725148,2026-05-01 22:53:00.725148,-1,30
5660,271,509,18,6,1,0,1,1,6,4,7,13,0,0,1,31,1,2026-05-01 22:53:00.725148,2026-05-01 22:53:00.725148,-7,19
5661,271,524,18,3,1,0,0,3,0,0,6,8,8,6,1,25,3,2026-05-01 22:53:00.725148,2026-05-01 22:53:00.725148,-11,19
5662,271,518,8,4,1,0,4,1,0,0,2,4,8,4,0,31,3,2026-05-01 22:53:00.725148,2026-05-01 22:53:00.725148,-5,19
5663,271,513,10,3,0,0,0,2,6,2,3,10,2,2,2,29,4,2026-05-01 22:53:00.725148,2026-05-01 22:53:00.725148,-5,19
5664,271,520,19,4,0,1,1,6,3,1,8,14,2,2,1,28,1,2026-05-01 22:53:00.725148,2026-05-01 22:53:00.725148,-3,19
5665,271,511,12,1,1,2,1,5,4,1,4,14,4,3,2,22,3,2026-05-01 22:53:00.725148,2026-05-01 22:53:00.725148,-26,19
5666,271,516,2,3,0,0,1,0,3,0,1,4,0,0,1,16,1,2026-05-01 22:53:00.725148,2026-05-01 22:53:00.725148,-25,19
5667,271,523,13,1,2,0,1,1,3,1,5,12,4,2,2,23,1,2026-05-01 22:53:00.725148,2026-05-01 22:53:00.725148,-35,19
5668,271,522,0,0,0,0,0,0,2,0,0,2,0,0,0,6,0,2026-05-01 22:53:00.725148,2026-05-01 22:53:00.725148,-16,19
5669,271,521,0,1,0,1,0,0,1,0,0,1,0,0,0,16,1,2026-05-01 22:53:00.725148,2026-05-01 22:53:00.725148,-18,19
5670,271,515,0,2,2,0,0,0,0,0,0,2,0,0,0,3,0,2026-05-01 22:53:00.725148,2026-05-01 22:53:00.725148,-5,19
5671,271,512,2,0,0,0,0,0,1,0,1,2,0,0,0,5,0,2026-05-01 22:53:00.725148,2026-05-01 22:53:00.725148,-4,19
5672,271,475,20,4,0,1,0,6,7,1,7,16,5,5,2,28,1,2026-05-01 22:53:00.725148,2026-05-01 22:53:00.725148,1,11
5673,271,484,20,2,2,0,2,3,9,4,7,15,2,2,0,33,3,2026-05-01 22:53:00.725148,2026-05-01 22:53:00.725148,16,11
5674,271,482,36,6,7,3,3,7,7,5,12,23,8,7,0,31,2,2026-05-01 22:53:00.725148,2026-05-01 22:53:00.725148,26,11
5675,271,486,14,6,2,3,0,5,1,0,5,10,6,4,0,34,0,2026-05-01 22:53:00.725148,2026-05-01 22:53:00.725148,32,11
5676,271,483,6,2,0,0,1,2,5,2,2,6,0,0,1,21,2,2026-05-01 22:53:00.725148,2026-05-01 22:53:00.725148,-10,11
5677,271,476,15,5,3,1,0,1,5,3,6,12,0,0,0,22,1,2026-05-01 22:53:00.725148,2026-05-01 22:53:00.725148,15,11
5678,271,472,6,8,6,0,2,3,0,0,3,6,0,0,1,16,4,2026-05-01 22:53:00.725148,2026-05-01 22:53:00.725148,6,11
5679,271,479,9,2,1,0,0,2,7,3,3,8,0,0,1,25,1,2026-05-01 22:53:00.725148,2026-05-01 22:53:00.725148,41,11
5680,271,485,4,1,1,0,0,0,1,0,2,3,0,0,0,13,2,2026-05-01 22:53:00.725148,2026-05-01 22:53:00.725148,27,11
5681,271,481,2,1,0,1,0,3,1,0,1,3,0,0,0,5,1,2026-05-01 22:53:00.725148,2026-05-01 22:53:00.725148,4,11
5682,271,478,2,0,0,0,0,1,0,0,1,1,0,0,0,3,0,2026-05-01 22:53:00.725148,2026-05-01 22:53:00.725148,1,11
5683,271,473,0,0,0,0,0,0,1,0,0,2,0,0,1,3,0,2026-05-01 22:53:00.725148,2026-05-01 22:53:00.725148,1,11
5684,272,152,22,0,1,1,0,2,1,1,7,11,7,7,2,28,1,2026-05-01 22:53:00.725148,2026-05-01 22:53:00.725148,-3,21
5685,272,145,16,7,2,1,0,2,3,0,5,10,7,6,1,32,3,2026-05-01 22:53:00.725148,2026-05-01 22:53:00.725148,16,21
5686,272,144,6,8,5,1,0,1,0,0,3,6,0,0,2,24,2,2026-05-01 22:53:00.725148,2026-05-01 22:53:00.725148,6,21
5687,272,142,12,0,2,2,0,1,5,2,4,7,2,2,0,27,1,2026-05-01 22:53:00.725148,2026-05-01 22:53:00.725148,13,21
5688,272,143,30,2,1,1,0,4,3,1,8,18,16,13,4,36,2,2026-05-01 22:53:00.725148,2026-05-01 22:53:00.725148,13,21
5689,272,83,0,1,1,0,0,0,2,0,0,3,0,0,1,11,2,2026-05-01 22:53:00.725148,2026-05-01 22:53:00.725148,4,21
5690,272,150,5,1,0,1,0,1,1,0,2,4,2,1,0,15,3,2026-05-01 22:53:00.725148,2026-05-01 22:53:00.725148,4,21
5691,272,153,3,1,0,1,0,3,3,1,1,3,0,0,1,12,1,2026-05-01 22:53:00.725148,2026-05-01 22:53:00.725148,-5,21
5692,272,147,8,4,0,0,0,5,2,2,2,4,4,2,0,24,2,2026-05-01 22:53:00.725148,2026-05-01 22:53:00.725148,4,21
5693,272,140,6,2,0,1,0,2,4,2,2,5,0,0,1,18,3,2026-05-01 22:53:00.725148,2026-05-01 22:53:00.725148,7,21
5694,272,146,3,1,0,1,0,0,4,1,1,4,0,0,1,10,2,2026-05-01 22:53:00.725148,2026-05-01 22:53:00.725148,-4,21
5695,272,53,10,0,0,1,0,3,7,2,2,9,4,4,1,32,4,2026-05-01 22:53:00.725148,2026-05-01 22:53:00.725148,-17,20
5696,272,59,15,5,1,2,0,3,7,5,5,9,0,0,1,33,3,2026-05-01 22:53:00.725148,2026-05-01 22:53:00.725148,-12,20
5697,272,67,15,11,7,1,0,2,1,0,5,9,5,5,4,34,3,2026-05-01 22:53:00.725148,2026-05-01 22:53:00.725148,-10,20
5698,272,54,15,0,1,4,0,1,5,2,6,11,2,1,2,34,6,2026-05-01 22:53:00.725148,2026-05-01 22:53:00.725148,-15,20
5699,272,55,32,4,1,0,0,5,7,4,13,22,4,2,4,36,3,2026-05-01 22:53:00.725148,2026-05-01 22:53:00.725148,-13,20
5700,272,63,0,1,0,0,1,1,3,0,0,3,0,0,1,10,1,2026-05-01 22:53:00.725148,2026-05-01 22:53:00.725148,-1,20
5701,272,65,3,2,2,0,2,0,0,0,1,3,2,1,1,17,1,2026-05-01 22:53:00.725148,2026-05-01 22:53:00.725148,2,20
5702,272,56,2,1,2,0,0,0,1,0,1,6,0,0,0,21,1,2026-05-01 22:53:00.725148,2026-05-01 22:53:00.725148,5,20
5703,272,508,8,2,1,0,0,4,4,2,3,10,0,0,4,16,3,2026-05-01 22:53:00.725148,2026-05-01 22:53:00.725148,6,20
5704,272,58,0,0,0,0,0,0,0,0,0,0,0,0,0,2,0,2026-05-01 22:53:00.725148,2026-05-01 22:53:00.725148,0,20
5705,273,110,6,1,0,1,1,3,4,2,2,5,0,0,0,19,0,2026-05-01 22:53:00.725148,2026-05-01 22:53:00.725148,13,8
5706,273,120,10,4,2,0,1,5,5,2,3,11,2,2,2,22,5,2026-05-01 22:53:00.725148,2026-05-01 22:53:00.725148,11,8
5707,273,111,25,12,3,1,0,8,8,4,10,20,1,1,2,36,3,2026-05-01 22:53:00.725148,2026-05-01 22:53:00.725148,16,8
5708,273,105,12,3,0,0,0,0,3,0,5,8,2,2,0,32,1,2026-05-01 22:53:00.725148,2026-05-01 22:53:00.725148,17,8
5709,273,114,20,6,0,2,1,7,4,2,7,12,5,4,4,34,1,2026-05-01 22:53:00.725148,2026-05-01 22:53:00.725148,13,8
5710,273,108,16,2,1,2,0,2,8,4,5,10,2,2,0,26,0,2026-05-01 22:53:00.725148,2026-05-01 22:53:00.725148,12,8
5711,273,113,0,0,0,1,1,1,0,0,0,0,0,0,1,5,1,2026-05-01 22:53:00.725148,2026-05-01 22:53:00.725148,-3,8
5712,273,106,15,1,0,2,0,0,4,3,6,11,0,0,1,24,5,2026-05-01 22:53:00.725148,2026-05-01 22:53:00.725148,7,8
5713,273,115,0,2,0,0,0,0,0,0,0,0,0,0,0,7,1,2026-05-01 22:53:00.725148,2026-05-01 22:53:00.725148,12,8
5714,273,117,7,2,0,0,0,2,3,1,3,7,0,0,1,17,1,2026-05-01 22:53:00.725148,2026-05-01 22:53:00.725148,7,8
5715,273,119,0,1,0,0,0,1,0,0,0,0,0,0,0,5,0,2026-05-01 22:53:00.725148,2026-05-01 22:53:00.725148,2,8
5716,273,112,0,0,0,1,0,1,0,0,0,0,0,0,0,1,0,2026-05-01 22:53:00.725148,2026-05-01 22:53:00.725148,2,8
5717,273,429,0,0,0,1,0,1,0,0,0,0,0,0,0,1,0,2026-05-01 22:53:00.725148,2026-05-01 22:53:00.725148,2,8
5718,273,109,5,0,0,0,0,0,1,1,2,2,0,0,0,1,0,2026-05-01 22:53:00.725148,2026-05-01 22:53:00.725148,2,8
5719,273,116,0,0,0,0,0,0,0,0,0,0,0,0,0,1,0,2026-05-01 22:53:00.725148,2026-05-01 22:53:00.725148,2,8
5720,273,297,9,8,2,1,0,3,4,1,3,9,2,2,4,32,4,2026-05-01 22:53:00.725148,2026-05-01 22:53:00.725148,-12,10
5721,273,285,13,4,0,1,0,8,7,2,5,11,1,1,2,29,2,2026-05-01 22:53:00.725148,2026-05-01 22:53:00.725148,-14,10
5722,273,381,23,3,0,1,0,2,5,5,8,14,2,2,2,28,1,2026-05-01 22:53:00.725148,2026-05-01 22:53:00.725148,-15,10
5723,273,291,0,1,0,2,0,3,3,0,0,5,0,0,2,25,0,2026-05-01 22:53:00.725148,2026-05-01 22:53:00.725148,-29,10
5724,273,294,23,5,0,2,1,2,8,5,8,14,2,2,0,31,1,2026-05-01 22:53:00.725148,2026-05-01 22:53:00.725148,-8,10
5725,273,293,16,4,1,0,0,1,2,1,7,8,1,1,0,20,5,2026-05-01 22:53:00.725148,2026-05-01 22:53:00.725148,-2,10
5726,273,282,0,0,0,0,0,2,6,0,0,6,0,0,1,16,1,2026-05-01 22:53:00.725148,2026-05-01 22:53:00.725148,-15,10
5727,273,298,7,2,3,2,0,8,4,0,3,9,3,1,0,24,2,2026-05-01 22:53:00.725148,2026-05-01 22:53:00.725148,0,10
5728,273,562,0,2,1,0,0,0,2,0,0,3,0,0,1,11,1,2026-05-01 22:53:00.725148,2026-05-01 22:53:00.725148,-3,10
5729,273,283,0,1,0,0,0,0,1,0,0,1,0,0,0,7,1,2026-05-01 22:53:00.725148,2026-05-01 22:53:00.725148,-8,10
5730,273,295,0,1,1,0,1,0,0,0,0,1,0,0,0,4,0,2026-05-01 22:53:00.725148,2026-05-01 22:53:00.725148,1,10
5731,273,578,0,1,1,0,0,0,0,0,0,1,0,0,1,3,0,2026-05-01 22:53:00.725148,2026-05-01 22:53:00.725148,-5,10
5732,273,290,2,0,0,0,0,0,0,0,1,1,0,0,0,3,0,2026-05-01 22:53:00.725148,2026-05-01 22:53:00.725148,-5,10
5733,274,141,12,6,0,4,0,5,4,1,5,14,1,1,4,35,1,2026-05-01 22:53:00.725148,2026-05-01 22:53:00.725148,-16,17
5734,274,273,5,4,1,0,0,3,2,1,2,3,0,0,0,30,3,2026-05-01 22:53:00.725148,2026-05-01 22:53:00.725148,-22,17
5735,274,280,15,5,1,1,2,1,9,4,5,12,2,1,0,27,4,2026-05-01 22:53:00.725148,2026-05-01 22:53:00.725148,-28,17
5736,274,279,18,0,1,2,0,2,4,2,8,11,0,0,2,26,2,2026-05-01 22:53:00.725148,2026-05-01 22:53:00.725148,-9,17
5737,274,277,12,1,0,1,1,4,7,0,5,15,2,2,5,25,1,2026-05-01 22:53:00.725148,2026-05-01 22:53:00.725148,-18,17
5738,274,278,10,5,5,0,0,2,0,0,5,7,0,0,2,21,1,2026-05-01 22:53:00.725148,2026-05-01 22:53:00.725148,-5,17
5739,274,269,7,3,0,0,2,3,6,2,2,6,1,1,0,26,1,2026-05-01 22:53:00.725148,2026-05-01 22:53:00.725148,-18,17
5740,274,276,5,3,0,0,0,2,6,1,2,8,0,0,2,25,3,2026-05-01 22:53:00.725148,2026-05-01 22:53:00.725148,-29,17
5741,274,271,11,1,0,0,0,0,7,3,4,9,0,0,2,13,0,2026-05-01 22:53:00.725148,2026-05-01 22:53:00.725148,-16,17
5742,274,583,0,0,1,1,0,0,1,0,0,2,0,0,1,7,2,2026-05-01 22:53:00.725148,2026-05-01 22:53:00.725148,1,17
5743,274,540,16,2,2,3,1,1,7,4,6,11,0,0,0,24,3,2026-05-01 22:53:00.725148,2026-05-01 22:53:00.725148,4,27
5744,274,529,11,3,1,2,0,0,7,3,4,8,0,0,0,22,0,2026-05-01 22:53:00.725148,2026-05-01 22:53:00.725148,17,27
5745,274,542,23,11,4,2,1,6,3,0,7,21,10,9,3,30,1,2026-05-01 22:53:00.725148,2026-05-01 22:53:00.725148,14,27
5746,274,528,22,8,2,0,0,10,4,2,9,13,3,2,3,29,2,2026-05-01 22:53:00.725148,2026-05-01 22:53:00.725148,19,27
5747,274,530,12,2,0,1,0,6,3,0,6,9,1,0,1,20,0,2026-05-01 22:53:00.725148,2026-05-01 22:53:00.725148,22,27
5748,274,535,2,1,0,1,0,0,0,0,1,2,0,0,1,21,0,2026-05-01 22:53:00.725148,2026-05-01 22:53:00.725148,19,27
5749,274,531,14,1,0,1,0,2,3,2,6,8,0,0,2,21,0,2026-05-01 22:53:00.725148,2026-05-01 22:53:00.725148,19,27
5750,274,533,16,0,0,1,0,5,2,2,6,8,2,2,0,23,0,2026-05-01 22:53:00.725148,2026-05-01 22:53:00.725148,26,27
5751,274,525,3,1,0,0,0,1,3,1,1,3,0,0,0,18,0,2026-05-01 22:53:00.725148,2026-05-01 22:53:00.725148,30,27
5752,274,527,4,1,0,0,0,2,0,0,2,2,0,0,0,10,0,2026-05-01 22:53:00.725148,2026-05-01 22:53:00.725148,-1,27
5753,274,541,1,0,0,0,0,0,3,0,0,3,2,1,0,6,0,2026-05-01 22:53:00.725148,2026-05-01 22:53:00.725148,-3,27
5754,274,536,2,0,0,1,0,0,0,0,1,1,0,0,1,5,0,2026-05-01 22:53:00.725148,2026-05-01 22:53:00.725148,-3,27
5755,274,537,1,2,0,1,0,2,0,0,0,0,2,1,0,5,0,2026-05-01 22:53:00.725148,2026-05-01 22:53:00.725148,-3,27
5756,275,136,8,2,1,0,0,3,2,1,2,5,5,3,0,25,2,2026-05-01 22:53:00.725148,2026-05-01 22:53:00.725148,0,18
5757,275,134,11,5,3,0,1,4,3,0,2,13,7,7,4,30,2,2026-05-01 22:53:00.725148,2026-05-01 22:53:00.725148,-13,18
5758,275,128,14,7,5,0,1,0,0,0,6,9,4,2,2,31,3,2026-05-01 22:53:01.938099,2026-05-01 22:53:01.938099,-11,18
5759,275,124,22,3,0,0,2,2,14,5,7,18,4,3,1,33,0,2026-05-01 22:53:01.938099,2026-05-01 22:53:01.938099,-8,18
5760,275,123,3,1,0,1,0,6,5,1,1,5,0,0,0,21,3,2026-05-01 22:53:01.938099,2026-05-01 22:53:01.938099,-8,18
5761,275,129,6,1,0,2,0,0,9,2,2,10,0,0,2,25,1,2026-05-01 22:53:01.938099,2026-05-01 22:53:01.938099,-17,18
5762,275,135,8,3,1,2,0,1,7,0,3,15,3,2,3,24,1,2026-05-01 22:53:01.938099,2026-05-01 22:53:01.938099,-22,18
5763,275,174,2,2,0,2,0,1,0,0,1,2,0,0,1,15,0,2026-05-01 22:53:01.938099,2026-05-01 22:53:01.938099,-9,18
5764,275,122,9,1,3,0,0,0,2,0,2,6,6,5,1,17,1,2026-05-01 22:53:01.938099,2026-05-01 22:53:01.938099,-16,18
5765,275,205,0,0,0,0,0,1,1,0,0,1,0,0,0,5,0,2026-05-01 22:53:01.938099,2026-05-01 22:53:01.938099,-4,18
5766,275,130,0,0,0,0,0,0,0,0,0,0,0,0,0,3,0,2026-05-01 22:53:01.938099,2026-05-01 22:53:01.938099,-1,18
5767,275,121,4,0,0,1,0,0,0,0,1,1,4,2,0,3,0,2026-05-01 22:53:01.938099,2026-05-01 22:53:01.938099,-1,18
5768,275,245,6,3,3,4,0,0,0,0,3,6,0,0,1,24,3,2026-05-01 22:53:01.938099,2026-05-01 22:53:01.938099,10,9
5769,275,231,18,4,0,1,3,4,4,2,7,10,3,2,2,28,1,2026-05-01 22:53:01.938099,2026-05-01 22:53:01.938099,10,9
5770,275,229,10,11,2,0,1,5,0,0,4,7,2,2,3,29,5,2026-05-01 22:53:01.938099,2026-05-01 22:53:01.938099,8,9
5771,275,241,10,2,0,0,0,2,4,2,3,6,3,2,0,24,2,2026-05-01 22:53:01.938099,2026-05-01 22:53:01.938099,12,9
5772,275,234,13,6,2,0,0,4,4,1,6,16,0,0,3,27,4,2026-05-01 22:53:01.938099,2026-05-01 22:53:01.938099,3,9
5773,275,240,12,5,2,1,1,3,0,0,4,7,4,4,1,16,0,2026-05-01 22:53:01.938099,2026-05-01 22:53:01.938099,13,9
5774,275,238,8,2,0,1,2,4,2,0,4,7,0,0,2,20,3,2026-05-01 22:53:01.938099,2026-05-01 22:53:01.938099,13,9
5775,275,199,11,2,0,1,0,1,4,1,5,11,0,0,2,21,1,2026-05-01 22:53:01.938099,2026-05-01 22:53:01.938099,9,9
5776,275,242,0,1,0,0,0,4,0,0,0,0,0,0,1,10,1,2026-05-01 22:53:01.938099,2026-05-01 22:53:01.938099,11,9
5777,275,232,13,1,1,2,2,0,4,2,4,7,5,3,4,19,1,2026-05-01 22:53:01.938099,2026-05-01 22:53:01.938099,12,9
5778,275,230,6,5,0,1,0,1,4,2,2,4,0,0,0,13,1,2026-05-01 22:53:01.938099,2026-05-01 22:53:01.938099,7,9
5779,275,237,2,0,0,0,0,0,0,0,1,1,0,0,0,2,0,2026-05-01 22:53:01.938099,2026-05-01 22:53:01.938099,1,9
5780,275,243,0,0,0,0,0,0,0,0,0,0,0,0,0,2,2,2026-05-01 22:53:01.938099,2026-05-01 22:53:01.938099,1,9
5781,276,392,11,10,1,0,0,2,10,3,3,14,2,2,2,36,0,2026-05-01 22:53:01.938099,2026-05-01 22:53:01.938099,-4,4
5782,276,385,11,5,1,0,0,1,3,1,4,9,2,2,0,29,2,2026-05-01 22:53:01.938099,2026-05-01 22:53:01.938099,-16,4
5783,276,387,10,4,7,1,0,2,0,0,4,7,3,2,1,24,4,2026-05-01 22:53:01.938099,2026-05-01 22:53:01.938099,-7,4
5784,276,395,29,6,2,0,0,0,11,5,8,17,10,8,0,34,4,2026-05-01 22:53:01.938099,2026-05-01 22:53:01.938099,8,4
5785,276,384,20,2,1,1,0,8,18,5,7,26,1,1,2,37,4,2026-05-01 22:53:01.938099,2026-05-01 22:53:01.938099,-7,4
5786,276,391,4,0,1,0,1,0,0,0,1,1,2,2,0,17,4,2026-05-01 22:53:01.938099,2026-05-01 22:53:01.938099,10,4
5787,276,388,2,0,0,1,0,1,2,0,1,3,0,0,2,10,0,2026-05-01 22:53:01.938099,2026-05-01 22:53:01.938099,5,4
5788,276,401,9,3,5,0,0,0,4,2,2,5,6,3,2,25,3,2026-05-01 22:53:01.938099,2026-05-01 22:53:01.938099,5,4
5789,276,209,16,2,2,1,0,2,4,1,6,11,4,3,0,18,1,2026-05-01 22:53:01.938099,2026-05-01 22:53:01.938099,-14,4
5790,276,390,2,0,1,0,0,2,3,0,0,3,2,2,0,6,0,2026-05-01 22:53:01.938099,2026-05-01 22:53:01.938099,0,4
5791,276,78,26,12,1,4,1,2,11,4,9,19,5,4,3,36,5,2026-05-01 22:53:01.938099,2026-05-01 22:53:01.938099,-5,23
5792,276,70,3,1,1,0,0,0,0,0,1,1,2,1,0,15,4,2026-05-01 22:53:01.938099,2026-05-01 22:53:01.938099,-16,23
5793,276,77,29,6,0,0,2,2,6,3,8,19,13,10,0,35,0,2026-05-01 22:53:01.938099,2026-05-01 22:53:01.938099,5,23
5794,276,75,13,2,3,0,0,3,4,3,5,11,0,0,1,30,4,2026-05-01 22:53:01.938099,2026-05-01 22:53:01.938099,3,23
5795,276,82,26,7,0,1,1,8,6,3,10,18,4,3,3,43,2,2026-05-01 22:53:01.938099,2026-05-01 22:53:01.938099,13,23
5796,276,84,9,4,1,1,0,0,3,1,3,5,3,2,1,27,3,2026-05-01 22:53:01.938099,2026-05-01 22:53:01.938099,-1,23
5797,276,80,8,1,0,1,0,3,3,2,2,5,2,2,1,28,3,2026-05-01 22:53:01.938099,2026-05-01 22:53:01.938099,13,23
5798,276,555,0,0,0,0,0,0,0,0,0,0,0,0,0,2,1,2026-05-01 22:53:01.938099,2026-05-01 22:53:01.938099,-4,23
5799,276,72,2,0,0,0,0,0,0,0,1,1,0,0,0,5,1,2026-05-01 22:53:01.938099,2026-05-01 22:53:01.938099,-4,23
5800,276,76,2,0,0,0,0,0,1,0,1,2,0,0,0,7,0,2026-05-01 22:53:01.938099,2026-05-01 22:53:01.938099,13,23
5801,276,74,0,1,1,0,1,1,0,0,0,1,0,0,0,6,2,2026-05-01 22:53:01.938099,2026-05-01 22:53:01.938099,3,23
5802,277,374,26,5,0,1,0,10,11,4,11,21,0,0,4,36,0,2026-05-01 22:53:01.938099,2026-05-01 22:53:01.938099,25,1
5803,277,372,10,4,3,0,0,2,3,2,4,8,0,0,0,31,3,2026-05-01 22:53:01.938099,2026-05-01 22:53:01.938099,21,1
5804,277,498,19,7,6,0,2,4,3,2,7,11,5,3,1,34,4,2026-05-01 22:53:01.938099,2026-05-01 22:53:01.938099,25,1
5805,277,367,27,4,1,4,0,8,9,4,7,14,9,9,2,36,1,2026-05-01 22:53:01.938099,2026-05-01 22:53:01.938099,25,1
5806,277,378,22,2,2,1,0,5,7,2,9,17,4,2,1,30,1,2026-05-01 22:53:01.938099,2026-05-01 22:53:01.938099,1,1
5807,277,331,2,3,0,2,0,3,1,0,1,3,0,0,3,25,1,2026-05-01 22:53:01.938099,2026-05-01 22:53:01.938099,-8,1
5808,277,382,13,1,1,0,0,0,4,2,4,7,4,3,0,19,1,2026-05-01 22:53:01.938099,2026-05-01 22:53:01.938099,-11,1
5809,277,496,0,0,0,1,1,2,0,0,0,2,0,0,0,11,0,2026-05-01 22:53:01.938099,2026-05-01 22:53:01.938099,-15,1
5810,277,376,4,1,0,1,0,0,3,0,2,6,0,0,2,15,1,2026-05-01 22:53:01.938099,2026-05-01 22:53:01.938099,-13,1
5811,277,353,22,2,2,0,0,3,2,1,9,18,3,3,3,30,2,2026-05-01 22:53:01.938099,2026-05-01 22:53:01.938099,-7,26
5812,277,349,16,1,5,2,0,2,1,0,8,11,0,0,1,20,1,2026-05-01 22:53:01.938099,2026-05-01 22:53:01.938099,-1,26
5813,277,361,18,7,3,1,0,0,2,2,5,8,8,6,1,30,1,2026-05-01 22:53:01.938099,2026-05-01 22:53:01.938099,-21,26
5814,277,351,2,2,0,0,0,1,2,0,1,4,0,0,2,17,1,2026-05-01 22:53:01.938099,2026-05-01 22:53:01.938099,0,26
5815,277,358,10,2,0,1,0,7,3,0,5,11,0,0,1,27,3,2026-05-01 22:53:01.938099,2026-05-01 22:53:01.938099,-14,26
5816,277,352,3,4,0,0,1,5,6,1,1,11,0,0,2,23,0,2026-05-01 22:53:01.938099,2026-05-01 22:53:01.938099,-10,26
5817,277,350,3,4,3,1,0,4,0,0,1,4,1,1,1,18,3,2026-05-01 22:53:01.938099,2026-05-01 22:53:01.938099,-6,26
5818,277,558,10,1,0,1,0,4,5,2,4,8,0,0,2,17,2,2026-05-01 22:53:01.938099,2026-05-01 22:53:01.938099,7,26
5819,277,360,14,2,1,1,0,0,8,4,5,9,0,0,2,28,5,2026-05-01 22:53:01.938099,2026-05-01 22:53:01.938099,-6,26
5820,277,591,15,1,2,0,0,1,3,2,6,9,1,1,0,26,0,2026-05-01 22:53:01.938099,2026-05-01 22:53:01.938099,8,26
5821,278,169,14,3,1,2,0,2,3,2,6,10,0,0,0,30,6,2026-05-01 22:53:01.938099,2026-05-01 22:53:01.938099,6,15
5822,278,493,10,3,1,0,0,3,4,0,3,14,4,4,2,21,1,2026-05-01 22:53:01.938099,2026-05-01 22:53:01.938099,18,15
5823,278,502,12,3,1,1,0,1,3,1,5,8,1,1,1,15,3,2026-05-01 22:53:01.938099,2026-05-01 22:53:01.938099,4,15
5824,278,491,24,6,3,4,0,4,6,2,10,19,3,2,3,24,2,2026-05-01 22:53:01.938099,2026-05-01 22:53:01.938099,13,15
5825,278,503,6,1,1,3,0,4,3,2,2,5,0,0,0,15,4,2026-05-01 22:53:01.938099,2026-05-01 22:53:01.938099,4,15
5826,278,176,7,2,1,2,0,6,6,1,3,9,0,0,5,29,2,2026-05-01 22:53:01.938099,2026-05-01 22:53:01.938099,1,15
5827,278,499,17,1,1,1,0,2,1,0,8,12,1,1,2,29,2,2026-05-01 22:53:01.938099,2026-05-01 22:53:01.938099,1,15
5828,278,572,18,5,0,1,1,3,7,3,7,15,3,1,0,26,3,2026-05-01 22:53:01.938099,2026-05-01 22:53:01.938099,-16,15
5829,278,573,14,1,1,1,2,3,0,0,5,7,5,4,1,19,4,2026-05-01 22:53:01.938099,2026-05-01 22:53:01.938099,-19,15
5830,278,585,3,2,0,2,0,3,5,1,1,8,0,0,0,27,5,2026-05-01 22:53:01.938099,2026-05-01 22:53:01.938099,-7,15
5831,278,203,7,3,1,0,3,1,3,0,3,7,2,1,2,29,4,2026-05-01 22:53:01.938099,2026-05-01 22:53:01.938099,-6,5
5832,278,192,29,9,1,1,3,3,10,3,10,21,7,6,4,38,3,2026-05-01 22:53:01.938099,2026-05-01 22:53:01.938099,14,5
5833,278,133,5,3,1,1,0,0,1,0,1,2,4,3,0,16,1,2026-05-01 22:53:01.938099,2026-05-01 22:53:01.938099,-1,5
5834,278,200,19,8,1,2,0,6,4,1,8,15,4,2,4,29,2,2026-05-01 22:53:01.938099,2026-05-01 22:53:01.938099,3,5
5835,278,198,18,12,1,2,3,10,3,1,6,11,5,5,5,34,2,2026-05-01 22:53:01.938099,2026-05-01 22:53:01.938099,-15,5
5836,278,399,26,1,0,2,0,2,6,3,6,14,13,11,2,30,2,2026-05-01 22:53:01.938099,2026-05-01 22:53:01.938099,4,5
5837,278,210,4,2,1,0,1,0,3,0,2,5,0,0,0,22,0,2026-05-01 22:53:01.938099,2026-05-01 22:53:01.938099,5,5
5838,278,125,8,1,1,0,0,2,3,2,3,5,0,0,5,15,3,2026-05-01 22:53:01.938099,2026-05-01 22:53:01.938099,-5,5
5839,278,204,8,4,3,0,1,2,0,0,2,2,8,4,1,22,3,2026-05-01 22:53:01.938099,2026-05-01 22:53:01.938099,-4,5
5840,279,341,31,5,1,0,0,3,11,5,13,22,0,0,0,22,1,2026-05-01 22:53:01.938099,2026-05-01 22:53:01.938099,9,24
5841,279,346,6,1,2,0,0,2,6,2,2,7,0,0,0,21,1,2026-05-01 22:53:01.938099,2026-05-01 22:53:01.938099,15,24
5842,279,343,13,4,4,0,1,2,0,0,6,6,4,1,4,28,2,2026-05-01 22:53:01.938099,2026-05-01 22:53:01.938099,19,24
5843,279,333,26,2,1,1,1,8,5,1,8,14,10,9,1,26,1,2026-05-01 22:53:01.938099,2026-05-01 22:53:01.938099,21,24
5844,279,339,0,3,0,1,1,7,8,0,0,8,0,0,1,27,1,2026-05-01 22:53:01.938099,2026-05-01 22:53:01.938099,15,24
5845,279,345,12,6,3,0,2,0,0,0,5,7,4,2,0,19,1,2026-05-01 22:53:01.938099,2026-05-01 22:53:01.938099,6,24
5846,279,340,8,3,6,2,0,1,3,2,3,7,0,0,1,23,2,2026-05-01 22:53:01.938099,2026-05-01 22:53:01.938099,13,24
5847,279,332,19,3,0,2,0,3,11,4,7,16,1,1,2,20,1,2026-05-01 22:53:01.938099,2026-05-01 22:53:01.938099,14,24
5848,279,338,7,5,1,0,1,0,4,1,3,7,0,0,1,18,2,2026-05-01 22:53:01.938099,2026-05-01 22:53:01.938099,14,24
5849,279,337,9,6,2,2,0,2,3,1,4,7,2,0,2,20,3,2026-05-01 22:53:01.938099,2026-05-01 22:53:01.938099,5,24
5850,279,334,0,1,1,0,0,0,0,0,0,1,0,0,0,6,0,2026-05-01 22:53:01.938099,2026-05-01 22:53:01.938099,-3,24
5851,279,335,3,0,0,0,0,1,2,1,1,2,0,0,0,5,2,2026-05-01 22:53:01.938099,2026-05-01 22:53:01.938099,-3,24
5852,279,175,13,5,1,0,3,2,3,1,5,15,3,2,4,34,1,2026-05-01 22:53:01.938099,2026-05-01 22:53:01.938099,-19,29
5853,279,191,0,2,0,1,1,2,2,0,0,9,0,0,3,28,2,2026-05-01 22:53:01.938099,2026-05-01 22:53:01.938099,-31,29
5854,279,178,26,6,3,2,0,3,2,2,10,14,4,4,1,29,3,2026-05-01 22:53:01.938099,2026-05-01 22:53:01.938099,-12,29
5855,279,188,26,2,0,0,0,2,5,2,11,21,3,2,1,33,2,2026-05-01 22:53:01.938099,2026-05-01 22:53:01.938099,-25,29
5856,279,180,4,3,2,0,0,5,3,0,1,6,2,2,0,26,2,2026-05-01 22:53:01.938099,2026-05-01 22:53:01.938099,-24,29
5857,279,497,3,2,1,1,0,5,2,1,1,3,0,0,0,21,1,2026-05-01 22:53:01.938099,2026-05-01 22:53:01.938099,-24,29
5858,279,190,7,5,2,2,0,1,0,0,3,6,4,1,0,16,1,2026-05-01 22:53:01.938099,2026-05-01 22:53:01.938099,-9,29
5859,279,586,11,3,0,0,0,8,1,0,5,9,1,1,4,23,4,2026-05-01 22:53:01.938099,2026-05-01 22:53:01.938099,-2,29
5860,279,185,14,1,1,1,0,1,5,4,5,7,0,0,0,9,0,2026-05-01 22:53:01.938099,2026-05-01 22:53:01.938099,13,29
5861,279,576,5,2,1,1,0,1,0,0,2,2,2,1,1,16,2,2026-05-01 22:53:01.938099,2026-05-01 22:53:01.938099,8,29
5862,280,263,5,1,0,0,0,1,1,1,2,3,0,0,0,4,0,2026-05-01 22:53:01.938099,2026-05-01 22:53:01.938099,6,12
5863,280,260,11,6,0,1,0,3,3,0,4,16,4,3,5,32,3,2026-05-01 22:53:01.938099,2026-05-01 22:53:01.938099,-6,12
5864,280,249,3,3,0,0,1,4,3,1,1,4,2,0,2,20,1,2026-05-01 22:53:01.938099,2026-05-01 22:53:01.938099,-6,12
5865,280,256,26,6,1,1,0,2,5,4,10,14,2,2,5,35,5,2026-05-01 22:53:01.938099,2026-05-01 22:53:01.938099,-11,12
5866,280,255,13,0,1,1,1,10,7,2,4,13,3,3,2,32,5,2026-05-01 22:53:01.938099,2026-05-01 22:53:01.938099,8,12
5867,280,251,7,1,1,0,0,3,1,1,3,5,0,0,2,13,1,2026-05-01 22:53:01.938099,2026-05-01 22:53:01.938099,4,12
5868,280,302,11,2,2,2,1,3,4,1,4,8,2,2,1,26,1,2026-05-01 22:53:01.938099,2026-05-01 22:53:01.938099,5,12
5869,280,262,20,5,3,0,0,4,7,4,8,11,0,0,1,22,3,2026-05-01 22:53:01.938099,2026-05-01 22:53:01.938099,6,12
5870,280,258,13,5,2,0,1,0,3,2,5,8,2,1,1,15,2,2026-05-01 22:53:01.938099,2026-05-01 22:53:01.938099,6,12
5871,280,254,2,3,0,0,0,3,0,0,1,1,0,0,0,13,0,2026-05-01 22:53:01.938099,2026-05-01 22:53:01.938099,-2,12
5872,280,259,2,3,0,0,0,0,2,0,1,3,0,0,1,18,3,2026-05-01 22:53:01.938099,2026-05-01 22:53:01.938099,-13,12
5873,280,569,0,0,0,1,0,1,0,0,0,1,0,0,0,4,0,2026-05-01 22:53:01.938099,2026-05-01 22:53:01.938099,-2,12
5874,280,308,28,6,2,3,0,4,6,1,13,26,2,1,0,34,2,2026-05-01 22:53:01.938099,2026-05-01 22:53:01.938099,17,13
5875,280,304,5,3,3,2,0,1,1,1,2,6,0,0,0,19,2,2026-05-01 22:53:01.938099,2026-05-01 22:53:01.938099,-7,13
5876,280,309,16,7,2,0,2,4,6,3,6,11,1,1,1,33,3,2026-05-01 22:53:01.938099,2026-05-01 22:53:01.938099,10,13
5877,280,307,4,1,2,1,1,3,1,0,2,7,0,0,1,25,4,2026-05-01 22:53:01.938099,2026-05-01 22:53:01.938099,-5,13
5878,280,214,30,0,0,0,0,5,11,6,10,19,4,4,4,34,1,2026-05-01 22:53:01.938099,2026-05-01 22:53:01.938099,2,13
5879,280,253,17,5,2,1,0,1,3,1,2,8,15,12,2,29,1,2026-05-01 22:53:01.938099,2026-05-01 22:53:01.938099,2,13
5880,280,305,2,2,1,2,0,1,2,0,1,6,0,0,0,20,1,2026-05-01 22:53:01.938099,2026-05-01 22:53:01.938099,-3,13
5881,280,310,5,0,1,1,1,1,0,0,2,6,3,1,1,13,2,2026-05-01 22:53:01.938099,2026-05-01 22:53:01.938099,-2,13
5882,280,250,4,1,3,0,0,0,0,0,2,2,2,0,2,14,3,2026-05-01 22:53:01.938099,2026-05-01 22:53:01.938099,-6,13
5883,280,299,3,5,0,2,0,0,4,1,1,5,0,0,0,14,0,2026-05-01 22:53:01.938099,2026-05-01 22:53:01.938099,-3,13
5884,281,41,10,2,1,0,0,2,5,2,4,7,0,0,1,29,2,2026-05-01 22:53:01.938099,2026-05-01 22:53:01.938099,-3,2
5885,281,48,26,12,0,0,0,5,8,2,8,24,10,8,2,36,1,2026-05-01 22:53:01.938099,2026-05-01 22:53:01.938099,1,2
5886,281,44,5,11,0,0,1,5,0,0,2,2,2,1,3,27,3,2026-05-01 22:53:01.938099,2026-05-01 22:53:01.938099,5,2
5887,281,45,3,3,3,0,0,2,3,1,1,3,0,0,1,28,2,2026-05-01 22:53:01.938099,2026-05-01 22:53:01.938099,-13,2
5888,281,51,10,2,2,0,0,5,4,0,3,13,5,4,3,34,5,2026-05-01 22:53:01.938099,2026-05-01 22:53:01.938099,-4,2
5889,281,50,5,1,2,0,3,1,1,1,2,3,0,0,0,27,2,2026-05-01 22:53:01.938099,2026-05-01 22:53:01.938099,3,2
5890,281,39,3,2,0,0,0,0,1,1,1,1,0,0,0,7,1,2026-05-01 22:53:01.938099,2026-05-01 22:53:01.938099,10,2
5891,281,43,36,4,3,0,0,4,11,6,13,23,4,4,5,34,2,2026-05-01 22:53:01.938099,2026-05-01 22:53:01.938099,26,2
5892,281,38,11,2,2,0,0,2,2,1,4,5,2,2,0,15,2,2026-05-01 22:53:01.938099,2026-05-01 22:53:01.938099,10,2
5893,281,368,6,4,2,2,1,5,1,0,3,8,0,0,1,32,2,2026-05-01 22:53:01.938099,2026-05-01 22:53:01.938099,11,1
5894,281,374,29,6,0,1,1,6,11,5,9,21,6,6,2,36,0,2026-05-01 22:53:01.938099,2026-05-01 22:53:01.938099,6,1
5895,281,380,8,5,4,0,0,2,2,1,3,7,3,1,1,37,5,2026-05-01 22:53:01.938099,2026-05-01 22:53:01.938099,5,1
5896,281,367,20,4,0,2,0,5,5,2,6,13,7,6,0,38,4,2026-05-01 22:53:01.938099,2026-05-01 22:53:01.938099,-8,1
5897,281,378,21,4,1,0,0,2,10,3,8,20,3,2,0,33,3,2026-05-01 22:53:01.938099,2026-05-01 22:53:01.938099,-2,1
5898,281,331,3,0,0,0,0,1,4,1,1,4,0,0,0,12,1,2026-05-01 22:53:01.938099,2026-05-01 22:53:01.938099,0,1
5899,281,289,3,1,1,0,1,2,2,0,0,5,4,3,0,18,1,2026-05-01 22:53:01.938099,2026-05-01 22:53:01.938099,-12,1
5900,281,372,3,0,1,1,1,0,2,1,1,3,0,0,0,10,1,2026-05-01 22:53:01.938099,2026-05-01 22:53:01.938099,-12,1
5901,281,382,6,1,1,0,0,0,3,1,2,4,1,1,0,13,3,2026-05-01 22:53:01.938099,2026-05-01 22:53:01.938099,-17,1
5902,281,376,3,0,0,0,0,0,2,1,1,2,0,0,0,6,1,2026-05-01 22:53:01.938099,2026-05-01 22:53:01.938099,-6,1
5915,283,142,3,1,1,0,1,1,3,1,1,4,0,0,0,18,1,2026-05-01 22:53:01.938099,2026-05-01 22:53:01.938099,-2,21
5916,283,152,18,3,3,1,0,8,2,0,8,16,4,2,2,26,3,2026-05-01 22:53:01.938099,2026-05-01 22:53:01.938099,12,21
5917,283,144,6,11,5,2,0,3,0,0,2,5,3,2,3,24,2,2026-05-01 22:53:01.938099,2026-05-01 22:53:01.938099,13,21
5918,283,150,21,4,1,3,1,2,7,5,8,11,0,0,1,30,1,2026-05-01 22:53:01.938099,2026-05-01 22:53:01.938099,21,21
5919,283,143,25,2,0,0,3,5,10,0,8,24,12,9,1,29,1,2026-05-01 22:53:01.938099,2026-05-01 22:53:01.938099,10,21
5920,283,153,12,10,0,2,2,0,4,2,4,6,2,2,0,18,1,2026-05-01 22:53:01.938099,2026-05-01 22:53:01.938099,6,21
5921,283,140,6,5,0,0,0,2,1,0,2,3,3,2,0,15,1,2026-05-01 22:53:01.938099,2026-05-01 22:53:01.938099,8,21
5922,283,83,0,0,1,0,0,1,2,0,0,4,0,0,0,12,0,2026-05-01 22:53:01.938099,2026-05-01 22:53:01.938099,10,21
5923,283,147,15,2,1,0,2,5,3,1,6,10,2,2,2,25,5,2026-05-01 22:53:01.938099,2026-05-01 22:53:01.938099,14,21
5924,283,146,15,2,1,1,0,1,9,4,5,11,1,1,0,18,1,2026-05-01 22:53:01.938099,2026-05-01 22:53:01.938099,9,21
5925,283,151,9,1,1,0,0,0,2,1,3,4,2,2,0,11,0,2026-05-01 22:53:01.938099,2026-05-01 22:53:01.938099,-2,21
5926,283,154,0,0,1,0,0,1,0,0,0,1,0,0,0,4,1,2026-05-01 22:53:01.938099,2026-05-01 22:53:01.938099,-4,21
5927,283,139,0,1,0,0,0,0,0,0,0,0,0,0,0,2,0,2026-05-01 22:53:01.938099,2026-05-01 22:53:01.938099,-4,21
5928,283,581,1,1,0,0,0,0,2,0,0,2,2,1,0,2,2,2026-05-01 22:53:01.938099,2026-05-01 22:53:01.938099,-1,21
5929,283,203,20,1,3,0,1,0,5,3,7,13,3,3,0,31,3,2026-05-01 22:53:01.938099,2026-05-01 22:53:01.938099,-14,5
5930,283,192,15,9,0,0,1,0,7,1,6,13,2,2,1,34,2,2026-05-01 22:53:01.938099,2026-05-01 22:53:01.938099,-9,5
5931,283,68,6,3,1,1,1,1,5,2,2,6,0,0,0,22,4,2026-05-01 22:53:01.938099,2026-05-01 22:53:01.938099,-16,5
5932,283,200,21,7,0,1,1,9,3,1,8,12,4,4,2,26,1,2026-05-01 22:53:01.938099,2026-05-01 22:53:01.938099,-13,5
5933,283,198,5,6,1,0,0,11,8,0,1,11,4,3,5,32,1,2026-05-01 22:53:01.938099,2026-05-01 22:53:01.938099,-20,5
5934,283,133,15,5,2,1,0,0,7,2,6,17,2,1,3,25,3,2026-05-01 22:53:01.938099,2026-05-01 22:53:01.938099,-2,5
5935,283,399,22,3,0,0,1,3,7,5,8,14,2,1,0,29,3,2026-05-01 22:53:01.938099,2026-05-01 22:53:01.938099,0,5
5936,283,210,4,3,2,0,0,1,4,1,1,8,2,1,0,18,0,2026-05-01 22:53:01.938099,2026-05-01 22:53:01.938099,-12,5
5937,283,125,2,0,0,1,0,0,1,0,1,3,0,0,1,16,4,2026-05-01 22:53:01.938099,2026-05-01 22:53:01.938099,-8,5
5938,283,204,3,0,1,0,0,0,0,0,1,1,2,1,0,2,0,2026-05-01 22:53:01.938099,2026-05-01 22:53:01.938099,4,5
5939,284,217,10,3,0,0,0,4,7,2,3,9,2,2,0,26,2,2026-05-01 22:53:01.938099,2026-05-01 22:53:01.938099,25,6
5940,284,219,23,10,0,1,0,3,2,1,10,15,2,2,0,29,2,2026-05-01 22:53:01.938099,2026-05-01 22:53:01.938099,15,6
5941,284,211,18,8,2,0,1,0,0,0,8,10,2,2,0,18,1,2026-05-01 22:53:01.938099,2026-05-01 22:53:01.938099,18,6
5942,284,218,6,3,1,4,0,6,3,0,1,10,4,4,2,30,2,2026-05-01 22:53:01.938099,2026-05-01 22:53:01.938099,14,6
5943,284,306,17,5,0,2,0,14,6,2,4,11,7,7,1,29,3,2026-05-01 22:53:01.938099,2026-05-01 22:53:01.938099,25,6
5944,284,354,10,0,0,1,0,2,3,2,4,5,1,0,0,24,5,2026-05-01 22:53:01.938099,2026-05-01 22:53:01.938099,9,6
5945,284,223,29,7,1,0,0,1,11,8,10,14,2,1,1,22,2,2026-05-01 22:53:01.938099,2026-05-01 22:53:01.938099,22,6
5946,284,364,8,0,0,1,0,5,1,0,3,7,3,2,0,19,1,2026-05-01 22:53:01.938099,2026-05-01 22:53:01.938099,3,6
5947,284,213,11,1,3,0,0,0,4,1,5,10,0,0,2,14,2,2026-05-01 22:53:01.938099,2026-05-01 22:53:01.938099,0,6
5948,284,224,0,0,0,0,0,1,0,0,0,0,0,0,0,5,1,2026-05-01 22:53:01.938099,2026-05-01 22:53:01.938099,-3,6
5949,284,222,6,1,0,0,0,0,1,0,1,2,4,4,1,5,2,2026-05-01 22:53:01.938099,2026-05-01 22:53:01.938099,-3,6
5950,284,566,6,0,0,0,0,1,2,2,2,3,0,0,1,4,1,2026-05-01 22:53:01.938099,2026-05-01 22:53:01.938099,-6,6
5951,284,592,1,0,0,0,0,0,0,0,0,0,2,1,0,4,2,2026-05-01 22:53:01.938099,2026-05-01 22:53:01.938099,-7,6
5952,284,220,4,1,0,0,0,1,1,1,1,1,2,1,1,4,0,2026-05-01 22:53:01.938099,2026-05-01 22:53:01.938099,-7,6
5953,284,413,15,3,0,0,1,2,5,2,5,10,3,3,0,25,3,2026-05-01 22:53:01.938099,2026-05-01 22:53:01.938099,-12,16
5954,284,417,12,1,0,0,1,0,3,3,3,5,4,3,0,19,2,2026-05-01 22:53:01.938099,2026-05-01 22:53:01.938099,-15,16
5955,284,402,14,15,1,1,1,3,8,1,3,14,8,7,2,30,0,2026-05-01 22:53:01.938099,2026-05-01 22:53:01.938099,-18,16
5956,284,406,11,2,1,0,0,5,4,1,4,13,2,2,1,31,3,2026-05-01 22:53:01.938099,2026-05-01 22:53:01.938099,-23,16
5957,284,412,2,3,1,0,0,4,4,0,1,6,0,0,4,24,2,2026-05-01 22:53:01.938099,2026-05-01 22:53:01.938099,-22,16
5958,284,411,10,1,2,1,0,5,2,0,2,4,6,6,3,25,1,2026-05-01 22:53:01.938099,2026-05-01 22:53:01.938099,-10,16
5959,284,416,14,5,3,1,0,1,4,2,5,10,2,2,0,20,1,2026-05-01 22:53:01.938099,2026-05-01 22:53:01.938099,-6,16
5960,284,408,20,2,0,0,1,3,5,2,9,13,1,0,3,21,4,2026-05-01 22:53:01.938099,2026-05-01 22:53:01.938099,-7,16
5961,284,407,14,1,2,0,0,1,5,2,3,6,6,6,0,19,3,2026-05-01 22:53:01.938099,2026-05-01 22:53:01.938099,7,16
5962,284,403,12,1,1,1,0,0,4,2,4,7,2,2,0,9,0,2026-05-01 22:53:01.938099,2026-05-01 22:53:01.938099,-6,16
5963,284,404,3,0,0,1,0,1,2,0,1,3,2,1,0,6,3,2026-05-01 22:53:01.938099,2026-05-01 22:53:01.938099,1,16
5964,284,409,1,0,0,0,0,0,0,0,0,0,2,1,0,4,0,2026-05-01 22:53:01.938099,2026-05-01 22:53:01.938099,6,16
5965,285,493,14,2,2,0,1,0,7,2,5,14,2,2,3,30,1,2026-05-01 22:53:01.938099,2026-05-01 22:53:01.938099,0,15
5966,285,502,31,5,2,2,0,2,5,4,12,15,3,3,0,28,2,2026-05-01 22:53:01.938099,2026-05-01 22:53:01.938099,-4,15
5967,285,181,5,5,2,2,0,1,5,0,2,11,2,1,2,29,1,2026-05-01 22:53:01.938099,2026-05-01 22:53:01.938099,-1,15
5968,285,491,10,3,1,1,0,2,2,1,4,7,1,1,0,25,1,2026-05-01 22:53:01.938099,2026-05-01 22:53:01.938099,7,15
5969,285,503,14,2,1,1,0,5,3,2,6,9,0,0,2,25,3,2026-05-01 22:53:01.938099,2026-05-01 22:53:01.938099,1,15
5970,285,504,11,3,0,3,1,10,4,3,4,7,0,0,1,28,0,2026-05-01 22:53:01.938099,2026-05-01 22:53:01.938099,-16,15
5971,285,572,5,1,1,1,0,1,7,1,2,10,0,0,0,25,3,2026-05-01 22:53:01.938099,2026-05-01 22:53:01.938099,-14,15
5972,285,573,4,2,4,0,0,3,2,0,2,8,0,0,1,15,4,2026-05-01 22:53:01.938099,2026-05-01 22:53:01.938099,-13,15
5973,285,176,7,1,1,0,1,1,2,0,1,8,6,5,1,22,2,2026-05-01 22:53:01.938099,2026-05-01 22:53:01.938099,-11,15
5974,285,574,8,1,0,1,0,3,0,0,2,2,4,4,1,8,3,2026-05-01 22:53:01.938099,2026-05-01 22:53:01.938099,1,15
5975,285,475,25,6,0,1,0,10,7,3,8,14,7,6,3,34,0,2026-05-01 22:53:01.938099,2026-05-01 22:53:01.938099,8,11
5976,285,484,21,11,5,0,1,4,7,2,7,16,8,5,5,37,2,2026-05-01 22:53:01.938099,2026-05-01 22:53:01.938099,8,11
5977,285,482,14,4,4,1,2,7,0,0,6,13,4,2,1,32,4,2026-05-01 22:53:01.938099,2026-05-01 22:53:01.938099,-1,11
5978,285,486,18,3,5,2,1,3,2,1,7,15,3,3,2,39,2,2026-05-01 22:53:01.938099,2026-05-01 22:53:01.938099,3,11
5979,285,483,15,2,3,4,1,5,7,3,6,15,0,0,1,28,1,2026-05-01 22:53:01.938099,2026-05-01 22:53:01.938099,5,11
5980,285,479,6,1,0,0,0,0,3,2,2,3,0,0,0,14,1,2026-05-01 22:53:01.938099,2026-05-01 22:53:01.938099,4,11
5981,285,476,16,4,3,1,0,1,6,1,6,14,4,3,0,29,3,2026-05-01 22:53:01.938099,2026-05-01 22:53:01.938099,11,11
5982,285,472,2,4,1,0,2,0,0,0,1,1,0,0,1,14,1,2026-05-01 22:53:01.938099,2026-05-01 22:53:01.938099,9,11
5983,285,485,2,1,0,0,0,0,1,0,1,2,0,0,1,9,0,2026-05-01 22:53:01.938099,2026-05-01 22:53:01.938099,3,11
5984,286,93,13,6,0,1,1,2,3,1,5,13,3,2,1,30,1,2026-05-01 22:53:01.938099,2026-05-01 22:53:01.938099,10,28
5985,286,88,23,5,1,2,3,12,0,0,10,14,3,3,4,36,3,2026-05-01 22:53:01.938099,2026-05-01 22:53:01.938099,16,28
5986,286,99,18,7,4,1,1,3,0,0,9,11,0,0,1,29,4,2026-05-01 22:53:01.938099,2026-05-01 22:53:01.938099,15,28
5987,286,89,18,3,3,0,0,4,6,2,7,14,2,2,2,31,5,2026-05-01 22:53:01.938099,2026-05-01 22:53:01.938099,26,28
5988,286,103,18,1,0,0,0,4,10,4,6,14,4,2,1,33,2,2026-05-01 22:53:01.938099,2026-05-01 22:53:01.938099,22,28
5989,286,101,0,0,0,2,0,8,3,0,0,4,0,0,1,24,2,2026-05-01 22:53:01.938099,2026-05-01 22:53:01.938099,13,28
5990,286,98,9,1,1,0,1,0,0,0,3,5,4,3,0,12,1,2026-05-01 22:53:01.938099,2026-05-01 22:53:01.938099,2,28
5991,286,95,18,7,2,1,1,2,5,3,7,14,2,1,0,21,1,2026-05-01 22:53:01.938099,2026-05-01 22:53:01.938099,9,28
5992,286,90,0,1,0,1,1,0,0,0,0,0,0,0,0,4,3,2026-05-01 22:53:01.938099,2026-05-01 22:53:01.938099,-9,28
5993,286,94,0,2,0,0,0,0,0,0,0,0,0,0,0,5,0,2026-05-01 22:53:01.938099,2026-05-01 22:53:01.938099,-8,28
5994,286,97,0,0,1,0,0,1,0,0,0,1,0,0,0,3,1,2026-05-01 22:53:01.938099,2026-05-01 22:53:01.938099,-10,28
5995,286,589,2,0,0,0,0,0,0,0,1,2,0,0,1,2,1,2026-05-01 22:53:01.938099,2026-05-01 22:53:01.938099,-7,28
5996,286,96,0,0,1,0,0,0,0,0,0,0,0,0,1,2,0,2026-05-01 22:53:01.938099,2026-05-01 22:53:01.938099,-7,28
5997,286,91,0,0,0,0,0,0,1,0,0,1,0,0,1,2,0,2026-05-01 22:53:01.938099,2026-05-01 22:53:01.938099,-7,28
5998,286,509,19,1,2,0,1,2,6,3,6,12,4,4,2,30,1,2026-05-01 22:53:01.938099,2026-05-01 22:53:01.938099,-9,19
5999,286,524,22,6,1,0,0,4,0,0,9,13,4,4,2,30,2,2026-05-01 22:53:01.938099,2026-05-01 22:53:01.938099,-7,19
6000,286,518,7,1,1,0,1,1,0,0,3,5,2,1,1,18,1,2026-05-01 22:53:01.938099,2026-05-01 22:53:01.938099,-6,19
6001,286,513,2,1,1,3,2,2,4,0,1,8,0,0,1,27,2,2026-05-01 22:53:01.938099,2026-05-01 22:53:01.938099,-8,19
6002,286,511,10,3,1,0,1,3,5,1,3,12,4,3,1,27,3,2026-05-01 22:53:01.938099,2026-05-01 22:53:01.938099,-6,19
6003,286,512,5,1,0,1,0,3,4,1,2,8,0,0,0,21,1,2026-05-01 22:53:01.938099,2026-05-01 22:53:01.938099,-2,19
6004,286,514,8,3,4,0,1,0,0,0,3,5,2,2,0,19,1,2026-05-01 22:53:01.938099,2026-05-01 22:53:01.938099,-4,19
6005,286,522,12,2,0,0,0,6,8,2,3,12,4,4,2,23,3,2026-05-01 22:53:01.938099,2026-05-01 22:53:01.938099,-15,19
6006,286,523,13,6,2,1,1,0,0,0,5,11,5,3,2,22,3,2026-05-01 22:53:01.938099,2026-05-01 22:53:01.938099,-6,19
6007,286,516,4,4,2,0,1,0,1,0,2,4,0,0,2,16,1,2026-05-01 22:53:01.938099,2026-05-01 22:53:01.938099,-9,19
6008,286,521,4,0,1,2,0,0,0,0,2,3,0,0,0,2,0,2026-05-01 22:53:01.938099,2026-05-01 22:53:01.938099,7,19
6009,287,110,12,3,1,1,0,0,11,4,4,11,0,0,1,26,3,2026-05-01 22:53:01.938099,2026-05-01 22:53:01.938099,-3,8
6010,287,107,17,5,2,1,1,1,4,0,6,12,6,5,1,30,2,2026-05-01 22:53:01.938099,2026-05-01 22:53:01.938099,15,8
6011,287,111,33,11,4,1,0,12,2,2,13,16,8,5,7,38,0,2026-05-01 22:53:01.938099,2026-05-01 22:53:01.938099,13,8
6012,287,105,7,0,2,0,1,0,3,1,3,8,0,0,0,21,1,2026-05-01 22:53:01.938099,2026-05-01 22:53:01.938099,-9,8
6013,287,114,31,6,0,0,0,14,10,5,9,18,8,8,1,39,1,2026-05-01 22:53:01.938099,2026-05-01 22:53:01.938099,8,8
6014,287,108,21,0,0,1,0,0,12,5,5,12,7,6,0,28,2,2026-05-01 22:53:01.938099,2026-05-01 22:53:01.938099,25,8
6015,287,120,7,4,1,0,2,4,2,1,2,10,3,2,4,20,4,2026-05-01 22:53:01.938099,2026-05-01 22:53:01.938099,-2,8
6016,287,106,7,2,1,0,0,1,2,1,3,5,0,0,0,15,0,2026-05-01 22:53:01.938099,2026-05-01 22:53:01.938099,-5,8
6017,287,113,0,3,3,1,0,0,1,0,0,1,0,0,0,13,3,2026-05-01 22:53:01.938099,2026-05-01 22:53:01.938099,-8,8
6018,287,117,0,1,1,0,0,2,1,0,0,2,0,0,0,5,1,2026-05-01 22:53:01.938099,2026-05-01 22:53:01.938099,-4,8
6019,287,175,15,6,1,0,0,1,7,1,7,14,0,0,2,27,5,2026-05-01 22:53:01.938099,2026-05-01 22:53:01.938099,-12,29
6020,287,191,24,0,0,2,0,7,0,0,9,14,7,6,1,30,3,2026-05-01 22:53:01.938099,2026-05-01 22:53:01.938099,-1,29
6021,287,178,25,8,0,0,0,5,6,1,11,17,4,2,1,24,3,2026-05-01 22:53:01.938099,2026-05-01 22:53:01.938099,15,29
6022,287,188,13,4,0,2,0,6,6,3,4,8,2,2,3,25,2,2026-05-01 22:53:01.938099,2026-05-01 22:53:01.938099,6,29
6023,287,180,11,4,0,2,2,2,9,2,4,16,1,1,1,41,3,2026-05-01 22:53:01.938099,2026-05-01 22:53:01.938099,-9,29
6024,287,497,16,5,3,1,2,2,1,0,8,10,0,0,0,30,0,2026-05-01 22:53:01.938099,2026-05-01 22:53:01.938099,-4,29
6025,287,190,9,5,4,0,0,3,0,0,3,4,3,3,1,12,2,2026-05-01 22:53:01.938099,2026-05-01 22:53:01.938099,1,29
6026,287,586,16,1,0,1,0,7,4,2,7,10,2,0,1,29,2,2026-05-01 22:53:01.938099,2026-05-01 22:53:01.938099,-10,29
6027,287,576,0,1,1,2,0,1,0,0,0,2,0,0,0,18,4,2026-05-01 22:53:01.938099,2026-05-01 22:53:01.938099,-16,29
6028,288,285,6,4,0,1,2,10,3,1,2,4,2,1,3,32,2,2026-05-01 22:53:01.938099,2026-05-01 22:53:01.938099,4,10
6029,288,297,27,2,2,0,0,4,5,3,8,12,9,8,1,33,2,2026-05-01 22:53:01.938099,2026-05-01 22:53:01.938099,5,10
6030,288,381,28,6,2,0,0,3,11,5,9,17,7,5,0,28,0,2026-05-01 22:53:01.938099,2026-05-01 22:53:01.938099,5,10
6031,288,296,8,0,2,0,0,2,4,2,3,5,0,0,0,24,1,2026-05-01 22:53:01.938099,2026-05-01 22:53:01.938099,-10,10
6032,288,294,22,9,1,2,0,7,8,3,6,13,8,7,3,33,1,2026-05-01 22:53:01.938099,2026-05-01 22:53:01.938099,7,10
6033,288,282,12,2,0,0,0,2,10,4,4,13,0,0,0,27,1,2026-05-01 22:53:01.938099,2026-05-01 22:53:01.938099,11,10
6034,288,293,15,4,1,1,1,2,1,0,7,11,3,1,2,24,3,2026-05-01 22:53:01.938099,2026-05-01 22:53:01.938099,4,10
6035,288,298,13,4,1,1,0,2,2,1,5,9,2,2,2,24,2,2026-05-01 22:53:01.938099,2026-05-01 22:53:01.938099,3,10
6036,288,578,0,3,0,0,0,0,0,0,0,0,0,0,1,7,2,2026-05-01 22:53:01.938099,2026-05-01 22:53:01.938099,-4,10
6037,288,290,0,0,0,0,0,0,0,0,0,1,0,0,0,2,0,2026-05-01 22:53:01.938099,2026-05-01 22:53:01.938099,0,10
6038,288,441,21,5,1,0,1,2,9,4,8,16,2,1,0,19,0,2026-05-01 22:53:01.938099,2026-05-01 22:53:01.938099,-7,30
6039,288,560,4,6,2,1,0,4,3,0,2,9,0,0,0,42,3,2026-05-01 22:53:01.938099,2026-05-01 22:53:01.938099,-8,30
6040,288,448,8,7,2,0,1,3,4,1,3,10,2,1,1,22,6,2026-05-01 22:53:01.938099,2026-05-01 22:53:01.938099,-8,30
6041,288,445,11,1,0,0,0,0,5,1,5,11,0,0,1,22,2,2026-05-01 22:53:01.938099,2026-05-01 22:53:01.938099,-11,30
6042,288,438,16,2,0,0,0,5,5,4,6,10,0,0,3,25,2,2026-05-01 22:53:01.938099,2026-05-01 22:53:01.938099,-5,30
6043,288,447,22,5,0,2,0,5,5,3,8,12,3,3,1,29,4,2026-05-01 22:53:01.938099,2026-05-01 22:53:01.938099,6,30
6044,288,440,7,1,0,0,0,4,0,0,3,4,1,1,1,10,1,2026-05-01 22:53:01.938099,2026-05-01 22:53:01.938099,8,30
6045,288,439,6,2,0,0,0,3,4,0,3,8,0,0,2,25,3,2026-05-01 22:53:01.938099,2026-05-01 22:53:01.938099,6,30
6046,288,443,14,1,0,2,1,3,1,0,7,9,0,0,1,24,0,2026-05-01 22:53:01.938099,2026-05-01 22:53:01.938099,0,30
6047,288,450,3,3,0,0,0,0,1,1,1,1,0,0,0,6,0,2026-05-01 22:53:01.938099,2026-05-01 22:53:01.938099,1,30
6048,288,459,14,0,0,0,0,0,5,4,4,5,2,2,1,12,2,2026-05-01 22:53:01.938099,2026-05-01 22:53:01.938099,-7,30
6049,289,161,19,1,3,1,2,0,4,2,4,8,12,9,1,29,2,2026-05-01 22:53:01.938099,2026-05-01 22:53:01.938099,-4,25
6050,289,157,8,4,1,1,1,3,6,2,3,9,0,0,1,38,5,2026-05-01 22:53:01.938099,2026-05-01 22:53:01.938099,-2,25
6051,289,159,6,11,6,0,1,0,1,0,2,9,4,2,5,31,4,2026-05-01 22:53:01.938099,2026-05-01 22:53:01.938099,-4,25
6052,289,164,23,3,1,1,0,3,9,3,8,19,4,4,4,35,0,2026-05-01 22:53:01.938099,2026-05-01 22:53:01.938099,5,25
6053,289,156,20,9,0,1,2,6,3,0,8,15,9,4,5,37,2,2026-05-01 22:53:01.938099,2026-05-01 22:53:01.938099,-8,25
6054,289,163,9,2,0,3,0,3,5,1,3,11,2,2,3,22,2,2026-05-01 22:53:01.938099,2026-05-01 22:53:01.938099,-12,25
6055,289,173,4,3,2,0,1,0,0,0,2,3,0,0,0,10,2,2026-05-01 22:53:01.938099,2026-05-01 22:53:01.938099,-2,25
6056,289,171,4,0,0,1,0,1,1,0,1,3,2,2,2,15,0,2026-05-01 22:53:01.938099,2026-05-01 22:53:01.938099,0,25
6057,289,167,0,0,0,0,0,0,0,0,0,0,0,0,2,11,3,2026-05-01 22:53:01.938099,2026-05-01 22:53:01.938099,-3,25
6058,289,158,0,1,1,0,0,0,1,0,0,2,0,0,1,7,3,2026-05-01 22:53:01.938099,2026-05-01 22:53:01.938099,-5,25
6059,289,457,24,2,1,4,0,2,1,0,9,17,6,6,3,37,0,2026-05-01 22:53:01.938099,2026-05-01 22:53:01.938099,3,7
6060,289,469,5,4,1,0,0,0,2,1,2,6,0,0,1,27,1,2026-05-01 22:53:01.938099,2026-05-01 22:53:01.938099,-7,7
6061,289,466,4,4,1,1,0,3,0,0,2,3,2,0,3,20,3,2026-05-01 22:53:01.938099,2026-05-01 22:53:01.938099,1,7
6062,289,453,5,3,0,1,2,2,5,1,1,8,2,2,2,25,2,2026-05-01 22:53:01.938099,2026-05-01 22:53:01.938099,-4,7
6063,289,463,19,3,0,5,0,3,2,0,7,14,7,5,1,32,3,2026-05-01 22:53:01.938099,2026-05-01 22:53:01.938099,7,7
6064,289,436,26,6,3,1,1,3,5,3,11,14,4,1,1,27,5,2026-05-01 22:53:01.938099,2026-05-01 22:53:01.938099,6,7
6065,289,470,10,1,0,0,1,5,1,0,2,6,8,6,2,20,5,2026-05-01 22:53:01.938099,2026-05-01 22:53:01.938099,7,7
6066,289,575,0,2,1,0,0,0,0,0,0,0,0,0,1,8,1,2026-05-01 22:53:01.938099,2026-05-01 22:53:01.938099,3,7
6067,289,468,7,2,0,0,1,3,8,2,2,10,1,1,1,18,1,2026-05-01 22:53:01.938099,2026-05-01 22:53:01.938099,12,7
6068,289,444,0,0,0,0,0,1,0,0,0,2,0,0,0,9,0,2026-05-01 22:53:01.938099,2026-05-01 22:53:01.938099,-1,7
6069,289,465,0,3,0,0,0,2,0,0,0,1,0,0,2,11,1,2026-05-01 22:53:01.938099,2026-05-01 22:53:01.938099,8,7
6070,290,320,14,6,0,1,0,8,1,0,5,11,7,4,1,37,0,2026-05-01 22:53:01.938099,2026-05-01 22:53:01.938099,19,14
6071,290,323,0,1,1,1,0,0,2,0,0,2,0,0,2,17,4,2026-05-01 22:53:01.938099,2026-05-01 22:53:01.938099,2,14
6072,290,315,9,6,1,1,3,0,0,0,3,3,4,3,2,21,2,2026-05-01 22:53:01.938099,2026-05-01 22:53:01.938099,5,14
6073,290,325,26,8,0,1,0,5,7,4,7,13,11,8,2,40,2,2026-05-01 22:53:01.938099,2026-05-01 22:53:01.938099,26,14
6074,290,316,41,6,2,3,1,3,10,5,15,25,6,6,5,38,5,2026-05-01 22:53:01.938099,2026-05-01 22:53:01.938099,19,14
6075,290,317,8,3,0,1,0,0,2,0,3,6,4,2,0,26,0,2026-05-01 22:53:01.938099,2026-05-01 22:53:01.938099,7,14
6076,290,375,5,4,0,1,0,1,2,1,2,4,0,0,0,17,1,2026-05-01 22:53:01.938099,2026-05-01 22:53:01.938099,-6,14
6077,290,318,10,6,2,0,5,1,0,0,2,3,10,6,1,26,2,2026-05-01 22:53:01.938099,2026-05-01 22:53:01.938099,12,14
6078,290,319,3,0,0,0,0,0,1,1,1,2,0,0,0,4,0,2026-05-01 22:53:01.938099,2026-05-01 22:53:01.938099,-5,14
6079,290,330,0,2,0,0,0,0,0,0,0,1,0,0,0,10,0,2026-05-01 22:53:01.938099,2026-05-01 22:53:01.938099,6,14
6080,290,33,16,1,1,3,0,2,4,1,6,14,6,3,1,25,4,2026-05-01 22:53:01.938099,2026-05-01 22:53:01.938099,-2,3
6081,290,19,5,3,0,1,0,2,5,1,2,6,0,0,1,23,3,2026-05-01 22:53:01.938099,2026-05-01 22:53:01.938099,-6,3
6082,290,18,16,4,3,0,1,3,0,0,8,10,0,0,0,23,0,2026-05-01 22:53:01.938099,2026-05-01 22:53:01.938099,-4,3
6083,290,28,7,0,0,0,0,1,3,1,2,5,2,2,1,21,0,2026-05-01 22:53:01.938099,2026-05-01 22:53:01.938099,-12,3
6084,290,32,9,1,0,4,0,7,4,1,4,14,0,0,6,25,4,2026-05-01 22:53:01.938099,2026-05-01 22:53:01.938099,-11,3
6085,290,42,18,4,2,1,0,0,9,4,6,12,4,2,1,25,3,2026-05-01 22:53:01.938099,2026-05-01 22:53:01.938099,-6,3
6086,290,34,9,4,2,0,0,2,6,1,3,11,3,2,2,14,2,2026-05-01 22:53:01.938099,2026-05-01 22:53:01.938099,-8,3
6087,290,87,2,3,2,0,0,1,4,0,1,6,0,0,0,21,2,2026-05-01 22:53:01.938099,2026-05-01 22:53:01.938099,-1,3
6088,290,29,10,2,1,1,0,2,1,0,5,12,0,0,1,22,4,2026-05-01 22:53:01.938099,2026-05-01 22:53:01.938099,-6,3
6089,290,25,5,4,0,1,1,2,2,1,2,4,0,0,0,21,4,2026-05-01 22:53:01.938099,2026-05-01 22:53:01.938099,-16,3
6090,290,23,2,1,1,0,0,2,1,0,1,2,0,0,1,14,2,2026-05-01 22:53:01.938099,2026-05-01 22:53:01.938099,-13,3
6091,291,245,11,4,0,3,2,0,0,0,4,4,4,3,1,28,1,2026-05-01 22:53:01.938099,2026-05-01 22:53:01.938099,10,9
6092,291,231,12,8,1,0,1,7,3,1,5,12,1,1,0,25,1,2026-05-01 22:53:01.938099,2026-05-01 22:53:01.938099,9,9
6093,291,229,30,7,3,2,2,7,0,0,10,12,12,10,3,31,0,2026-05-01 22:53:01.938099,2026-05-01 22:53:01.938099,5,9
6094,291,199,22,3,0,1,0,2,7,4,9,14,0,0,3,33,0,2026-05-01 22:53:01.938099,2026-05-01 22:53:01.938099,21,9
6095,291,234,19,2,0,1,0,9,7,5,6,12,2,2,3,33,4,2026-05-01 22:53:01.938099,2026-05-01 22:53:01.938099,21,9
6096,291,242,7,2,0,0,0,1,4,1,3,11,0,0,2,16,1,2026-05-01 22:53:01.938099,2026-05-01 22:53:01.938099,-6,9
6097,291,232,2,6,1,0,0,4,0,0,1,6,0,0,2,19,2,2026-05-01 22:53:01.938099,2026-05-01 22:53:01.938099,9,9
6098,291,230,8,1,0,1,0,1,3,2,3,4,0,0,1,19,3,2026-05-01 22:53:01.938099,2026-05-01 22:53:01.938099,12,9
6099,291,240,8,1,2,1,0,1,0,0,3,3,3,2,1,14,6,2026-05-01 22:53:01.938099,2026-05-01 22:53:01.938099,16,9
6100,291,237,6,1,0,0,0,1,4,2,2,4,1,0,0,10,0,2026-05-01 22:53:01.938099,2026-05-01 22:53:01.938099,8,9
6101,291,236,2,1,0,0,0,0,0,0,1,1,0,0,0,2,0,2026-05-01 22:53:01.938099,2026-05-01 22:53:01.938099,0,9
6102,291,235,0,1,0,0,1,0,0,0,0,1,0,0,0,2,0,2026-05-01 22:53:01.938099,2026-05-01 22:53:01.938099,0,9
6103,291,243,2,0,1,0,0,1,0,0,1,1,0,0,1,2,0,2026-05-01 22:53:01.938099,2026-05-01 22:53:01.938099,0,9
6104,291,509,17,0,1,3,0,3,5,3,7,15,2,0,2,30,2,2026-05-01 22:53:01.938099,2026-05-01 22:53:01.938099,-10,19
6105,291,524,21,2,4,2,1,2,0,0,8,13,9,5,2,30,1,2026-05-01 22:53:01.938099,2026-05-01 22:53:01.938099,-7,19
6106,291,514,4,4,1,1,1,3,0,0,2,4,0,0,0,16,1,2026-05-01 22:53:01.938099,2026-05-01 22:53:01.938099,1,19
6107,291,513,11,0,0,0,1,4,6,3,4,10,0,0,0,27,3,2026-05-01 22:53:01.938099,2026-05-01 22:53:01.938099,-8,19
6108,291,520,12,7,0,3,0,4,3,0,5,15,2,2,5,29,3,2026-05-01 22:53:01.938099,2026-05-01 22:53:01.938099,-15,19
6109,291,512,9,3,0,0,1,0,3,3,3,3,0,0,1,22,2,2026-05-01 22:53:01.938099,2026-05-01 22:53:01.938099,-15,19
6110,291,518,2,2,2,0,2,1,0,0,1,3,0,0,0,16,3,2026-05-01 22:53:01.938099,2026-05-01 22:53:01.938099,-15,19
6111,291,523,11,7,4,1,0,2,2,0,5,13,3,1,3,20,2,2026-05-01 22:53:01.938099,2026-05-01 22:53:01.938099,-13,19
6112,291,511,13,1,1,1,0,6,3,0,5,10,6,3,2,27,1,2026-05-01 22:53:01.938099,2026-05-01 22:53:01.938099,-13,19
6113,291,516,8,0,3,1,1,1,3,0,4,8,2,0,0,15,2,2026-05-01 22:53:01.938099,2026-05-01 22:53:01.938099,-9,19
6114,291,521,0,0,0,0,0,0,0,0,0,1,0,0,0,3,0,2026-05-01 22:53:01.938099,2026-05-01 22:53:01.938099,-1,19
6115,292,426,18,2,0,0,0,2,4,3,5,7,6,5,2,32,1,2026-05-01 22:53:01.938099,2026-05-01 22:53:01.938099,-2,22
6116,292,419,30,5,4,0,0,7,4,1,11,22,8,7,1,37,2,2026-05-01 22:53:01.938099,2026-05-01 22:53:01.938099,5,22
6117,292,424,10,10,1,1,1,0,2,0,3,8,6,4,2,35,1,2026-05-01 22:53:01.938099,2026-05-01 22:53:01.938099,0,22
6118,292,420,23,0,0,0,0,6,6,3,6,11,8,8,2,34,1,2026-05-01 22:53:01.938099,2026-05-01 22:53:01.938099,8,22
6119,292,433,8,3,1,0,1,4,5,2,3,8,0,0,2,34,1,2026-05-01 22:53:01.938099,2026-05-01 22:53:01.938099,-2,22
6120,292,427,3,1,0,0,0,1,2,1,1,2,0,0,0,7,2,2026-05-01 22:53:01.938099,2026-05-01 22:53:01.938099,-2,22
6121,292,193,7,0,0,0,0,0,1,1,3,4,0,0,1,13,0,2026-05-01 22:53:01.938099,2026-05-01 22:53:01.938099,6,22
6122,292,421,6,2,0,1,0,0,0,0,2,3,2,2,2,12,3,2026-05-01 22:53:01.938099,2026-05-01 22:53:01.938099,4,22
6123,292,423,11,4,1,0,0,2,1,1,5,6,0,0,0,21,2,2026-05-01 22:53:01.938099,2026-05-01 22:53:01.938099,4,22
6124,292,431,5,1,0,0,0,0,1,1,1,1,2,2,0,5,1,2026-05-01 22:53:01.938099,2026-05-01 22:53:01.938099,4,22
6125,292,435,0,1,0,0,0,0,1,0,0,2,0,0,0,4,0,2026-05-01 22:53:01.938099,2026-05-01 22:53:01.938099,-5,22
6126,292,353,33,6,0,0,0,11,1,0,12,24,10,9,0,38,3,2026-05-01 22:53:01.938099,2026-05-01 22:53:01.938099,-5,26
6127,292,349,14,5,4,2,2,2,1,0,7,12,0,0,2,33,1,2026-05-01 22:53:01.938099,2026-05-01 22:53:01.938099,2,26
6128,292,361,10,5,2,3,0,3,1,0,4,9,2,2,1,38,2,2026-05-01 22:53:01.938099,2026-05-01 22:53:01.938099,-2,26
6129,292,351,14,3,0,1,0,4,7,3,5,12,2,1,5,24,2,2026-05-01 22:53:01.938099,2026-05-01 22:53:01.938099,-5,26
6130,292,358,13,1,1,1,1,5,9,3,5,12,0,0,0,32,3,2026-05-01 22:53:01.938099,2026-05-01 22:53:01.938099,0,26
6131,292,360,23,2,1,0,0,0,10,6,8,12,2,1,0,34,5,2026-05-01 22:53:01.938099,2026-05-01 22:53:01.938099,-3,26
6132,292,357,6,0,0,0,0,2,4,2,2,5,0,0,0,12,0,2026-05-01 22:53:01.938099,2026-05-01 22:53:01.938099,-2,26
6133,292,350,2,4,1,0,0,2,0,0,1,1,0,0,1,15,3,2026-05-01 22:53:01.938099,2026-05-01 22:53:01.938099,-3,26
6134,292,558,0,0,0,0,0,1,0,0,0,0,0,0,0,1,1,2026-05-01 22:53:01.938099,2026-05-01 22:53:01.938099,-1,26
6135,292,591,2,0,0,0,0,0,0,0,1,1,0,0,0,7,4,2026-05-01 22:53:01.938099,2026-05-01 22:53:01.938099,-1,26
6136,293,392,26,8,3,0,0,8,10,6,9,14,4,2,2,36,0,2026-05-01 22:53:01.938099,2026-05-01 22:53:01.938099,15,4
6137,293,385,17,4,1,0,0,3,6,0,8,17,1,1,1,31,1,2026-05-01 22:53:01.938099,2026-05-01 22:53:01.938099,12,4
6138,293,387,2,3,2,4,1,3,0,0,1,2,2,0,1,30,1,2026-05-01 22:53:01.938099,2026-05-01 22:53:01.938099,15,4
6139,293,395,21,6,2,0,0,3,8,4,7,12,3,3,4,32,4,2026-05-01 22:53:01.938099,2026-05-01 22:53:01.938099,11,4
6140,293,384,22,5,0,0,0,6,9,4,7,14,4,4,1,35,2,2026-05-01 22:53:01.938099,2026-05-01 22:53:01.938099,3,4
6141,293,401,5,1,0,0,1,1,2,1,1,2,2,2,2,14,2,2026-05-01 22:53:01.938099,2026-05-01 22:53:01.938099,-1,4
6142,293,390,0,0,1,1,0,1,1,0,0,2,0,0,0,14,3,2026-05-01 22:53:01.938099,2026-05-01 22:53:01.938099,-4,4
6143,293,391,4,3,1,0,2,1,0,0,2,2,0,0,2,17,3,2026-05-01 22:53:01.938099,2026-05-01 22:53:01.938099,-4,4
6144,293,209,17,1,2,0,0,2,5,1,6,13,4,4,3,23,2,2026-05-01 22:53:01.938099,2026-05-01 22:53:01.938099,7,4
6145,293,388,0,0,0,0,0,0,0,0,0,0,0,0,0,2,1,2026-05-01 22:53:01.938099,2026-05-01 22:53:01.938099,1,4
6146,293,53,17,2,1,0,1,2,9,5,6,10,0,0,2,39,2,2026-05-01 22:53:01.938099,2026-05-01 22:53:01.938099,-1,20
6147,293,59,16,7,0,5,0,4,4,2,7,11,0,0,1,39,1,2026-05-01 22:53:01.938099,2026-05-01 22:53:01.938099,-15,20
6148,293,67,13,3,0,0,0,2,1,1,5,8,2,2,1,21,3,2026-05-01 22:53:01.938099,2026-05-01 22:53:01.938099,-18,20
6149,293,54,14,0,0,0,0,2,5,2,6,12,0,0,1,32,1,2026-05-01 22:53:01.938099,2026-05-01 22:53:01.938099,-6,20
6150,293,55,26,2,0,1,0,13,6,0,10,23,6,6,2,39,5,2026-05-01 22:53:01.938099,2026-05-01 22:53:01.938099,-6,20
6151,293,56,8,0,1,1,0,1,0,0,4,8,0,0,0,18,4,2026-05-01 22:53:01.938099,2026-05-01 22:53:01.938099,-1,20
6152,293,65,4,4,2,1,1,1,0,0,2,2,0,0,1,26,3,2026-05-01 22:53:01.938099,2026-05-01 22:53:01.938099,8,20
6153,293,58,5,0,1,0,0,1,4,1,2,6,1,0,0,12,0,2026-05-01 22:53:01.938099,2026-05-01 22:53:01.938099,-2,20
6154,293,508,0,0,0,0,0,0,0,0,0,2,0,0,2,5,1,2026-05-01 22:53:01.938099,2026-05-01 22:53:01.938099,-4,20
6155,293,62,0,1,0,0,0,0,0,0,0,0,0,0,0,5,1,2026-05-01 22:53:01.938099,2026-05-01 22:53:01.938099,-10,20
6156,294,245,18,3,1,4,1,5,0,0,9,11,0,0,1,37,5,2026-05-01 22:53:01.938099,2026-05-01 22:53:01.938099,10,9
6157,294,231,22,3,0,1,0,3,5,2,9,17,2,2,1,35,3,2026-05-01 22:53:01.938099,2026-05-01 22:53:01.938099,1,9
6158,294,229,26,7,7,0,2,3,0,0,9,15,9,8,4,42,1,2026-05-01 22:53:01.938099,2026-05-01 22:53:01.938099,14,9
6159,294,241,17,6,1,0,0,4,10,5,6,12,0,0,0,31,1,2026-05-01 22:53:01.938099,2026-05-01 22:53:01.938099,6,9
6160,294,234,19,1,2,1,0,10,6,1,6,13,8,6,6,44,3,2026-05-01 22:53:01.938099,2026-05-01 22:53:01.938099,1,9
6161,294,238,4,4,1,1,1,2,3,0,2,7,0,0,1,15,0,2026-05-01 22:53:01.938099,2026-05-01 22:53:01.938099,-15,9
6162,294,240,6,0,0,1,1,1,1,0,3,7,0,0,0,10,4,2026-05-01 22:53:01.938099,2026-05-01 22:53:01.938099,-15,9
6163,294,199,8,1,1,2,0,2,2,0,4,9,0,0,1,20,2,2026-05-01 22:53:01.938099,2026-05-01 22:53:01.938099,-5,9
6164,294,232,2,2,0,1,0,1,1,0,1,3,0,0,0,12,0,2026-05-01 22:53:01.938099,2026-05-01 22:53:01.938099,-6,9
6165,294,230,7,2,1,1,0,2,5,1,3,8,0,0,0,15,1,2026-05-01 22:53:01.938099,2026-05-01 22:53:01.938099,4,9
6166,294,368,16,5,8,2,1,4,1,0,8,14,0,0,4,43,3,2026-05-01 22:53:01.938099,2026-05-01 22:53:01.938099,-11,1
6167,294,374,27,5,3,0,0,12,6,2,9,18,8,7,5,41,1,2026-05-01 22:53:01.938099,2026-05-01 22:53:01.938099,2,1
6168,294,380,11,1,0,2,0,2,5,3,4,6,0,0,2,24,6,2026-05-01 22:53:01.938099,2026-05-01 22:53:01.938099,-5,1
6169,294,367,21,2,2,0,0,3,10,3,9,18,0,0,1,40,1,2026-05-01 22:53:01.938099,2026-05-01 22:53:01.938099,0,1
6170,294,378,27,0,1,1,0,5,12,5,10,21,2,2,4,34,4,2026-05-01 22:53:01.938099,2026-05-01 22:53:01.938099,-16,1
6171,294,331,8,1,0,2,0,0,4,2,3,6,0,0,0,11,0,2026-05-01 22:53:01.938099,2026-05-01 22:53:01.938099,12,1
6172,294,382,2,3,0,0,0,0,2,0,1,3,0,0,0,9,2,2026-05-01 22:53:01.938099,2026-05-01 22:53:01.938099,9,1
6173,294,498,5,8,2,0,0,2,4,1,2,5,0,0,1,28,2,2026-05-01 22:53:01.938099,2026-05-01 22:53:01.938099,1,1
6174,294,289,8,4,1,1,0,1,4,1,3,9,3,1,2,19,0,2026-05-01 22:53:01.938099,2026-05-01 22:53:01.938099,3,1
6175,294,376,5,3,1,0,0,2,4,1,1,5,4,2,1,11,0,2026-05-01 22:53:01.938099,2026-05-01 22:53:01.938099,5,1
6176,294,372,0,0,0,0,0,0,0,0,0,0,0,0,0,0,0,2026-05-01 22:53:01.938099,2026-05-01 22:53:01.938099,5,1
6177,295,78,28,4,2,4,1,4,13,6,11,22,0,0,0,26,2,2026-05-01 22:53:01.938099,2026-05-01 22:53:01.938099,14,23
6178,295,70,9,3,2,0,2,5,0,0,3,5,4,3,0,25,3,2026-05-01 22:53:01.938099,2026-05-01 22:53:01.938099,27,23
6179,295,77,35,6,0,0,1,7,3,3,12,17,9,8,3,28,2,2026-05-01 22:53:01.938099,2026-05-01 22:53:01.938099,33,23
6180,295,80,13,5,1,3,3,5,3,1,5,10,2,2,1,30,3,2026-05-01 22:53:01.938099,2026-05-01 22:53:01.938099,16,23
6181,295,75,22,6,0,1,0,6,5,4,7,9,5,4,1,29,1,2026-05-01 22:53:01.938099,2026-05-01 22:53:01.938099,32,23
6182,295,76,12,0,0,0,0,1,3,1,5,7,2,1,0,14,3,2026-05-01 22:53:01.938099,2026-05-01 22:53:01.938099,20,23
6183,295,555,15,4,0,0,0,3,8,5,5,8,0,0,0,24,2,2026-05-01 22:53:01.938099,2026-05-01 22:53:01.938099,16,23
6184,295,72,4,5,3,0,2,0,0,0,1,2,2,2,2,14,2,2026-05-01 22:53:01.938099,2026-05-01 22:53:01.938099,-2,23
6185,295,86,4,1,1,0,0,1,1,0,2,7,0,0,0,15,3,2026-05-01 22:53:01.938099,2026-05-01 22:53:01.938099,7,23
6186,295,71,2,0,0,0,1,0,3,0,1,4,2,0,0,7,0,2026-05-01 22:53:01.938099,2026-05-01 22:53:01.938099,-14,23
6187,295,85,3,0,0,0,0,0,1,1,1,1,0,0,0,7,2,2026-05-01 22:53:01.938099,2026-05-01 22:53:01.938099,-14,23
6188,295,207,7,0,0,1,0,2,1,0,3,4,2,1,0,6,1,2026-05-01 22:53:01.938099,2026-05-01 22:53:01.938099,-13,23
6189,295,74,0,2,0,0,0,0,2,0,0,3,0,0,1,5,0,2026-05-01 22:53:01.938099,2026-05-01 22:53:01.938099,-11,23
6190,295,81,3,0,0,0,0,0,4,1,1,4,0,0,0,5,0,2026-05-01 22:53:01.938099,2026-05-01 22:53:01.938099,-11,23
6191,295,192,18,5,3,0,1,2,10,4,6,15,2,2,3,29,4,2026-05-01 22:53:01.938099,2026-05-01 22:53:01.938099,-15,5
6192,295,206,0,1,0,0,1,0,1,0,0,1,0,0,0,6,0,2026-05-01 22:53:01.938099,2026-05-01 22:53:01.938099,-5,5
6193,295,347,2,5,0,0,0,0,0,0,1,3,0,0,2,8,0,2026-05-01 22:53:01.938099,2026-05-01 22:53:01.938099,-9,5
6194,295,200,15,4,0,0,0,7,2,0,4,9,8,7,1,27,1,2026-05-01 22:53:01.938099,2026-05-01 22:53:01.938099,-8,5
6195,295,198,23,6,3,0,1,12,6,3,8,13,4,4,4,32,2,2026-05-01 22:53:01.938099,2026-05-01 22:53:01.938099,-15,5
6196,295,399,16,0,1,1,0,4,4,1,5,9,6,5,1,19,2,2026-05-01 22:53:01.938099,2026-05-01 22:53:01.938099,-29,5
6197,295,203,13,1,1,1,0,1,6,3,5,10,0,0,0,23,2,2026-05-01 22:53:01.938099,2026-05-01 22:53:01.938099,-22,5
6198,295,68,11,4,0,0,0,0,5,2,3,8,3,3,0,22,2,2026-05-01 22:53:01.938099,2026-05-01 22:53:01.938099,-7,5
6199,295,133,15,6,1,0,0,2,5,1,6,12,2,2,1,20,3,2026-05-01 22:53:01.938099,2026-05-01 22:53:01.938099,5,5
6200,295,125,12,2,0,0,0,1,4,0,5,10,2,2,1,22,4,2026-05-01 22:53:01.938099,2026-05-01 22:53:01.938099,6,5
6201,295,210,10,2,1,1,0,1,3,1,4,6,4,1,0,20,1,2026-05-01 22:53:01.938099,2026-05-01 22:53:01.938099,-14,5
6202,295,204,2,2,0,0,0,0,1,0,1,2,0,0,0,6,0,2026-05-01 22:53:01.938099,2026-05-01 22:53:01.938099,13,5
6203,296,263,15,6,0,0,0,4,8,4,5,9,2,1,3,29,3,2026-05-01 22:53:01.938099,2026-05-01 22:53:01.938099,-9,12
6204,296,260,20,6,2,1,0,1,2,1,7,15,7,5,4,29,6,2026-05-01 22:53:01.938099,2026-05-01 22:53:01.938099,-20,12
6205,296,249,18,5,1,0,1,1,5,2,7,10,2,2,1,31,1,2026-05-01 22:53:01.938099,2026-05-01 22:53:01.938099,6,12
6206,296,256,14,3,0,1,0,1,8,2,6,13,2,0,3,32,5,2026-05-01 22:53:01.938099,2026-05-01 22:53:01.938099,11,12
6207,296,255,14,2,0,0,0,19,6,2,3,9,6,6,2,33,4,2026-05-01 22:53:01.938099,2026-05-01 22:53:01.938099,4,12
6208,296,262,15,3,0,3,0,2,3,1,7,10,0,0,3,19,0,2026-05-01 22:53:01.938099,2026-05-01 22:53:01.938099,6,12
6209,296,258,4,2,0,0,0,0,0,0,1,1,2,2,0,16,2,2026-05-01 22:53:01.938099,2026-05-01 22:53:01.938099,-12,12
6210,296,259,13,0,2,1,0,2,5,4,4,6,1,1,0,17,3,2026-05-01 22:53:01.938099,2026-05-01 22:53:01.938099,5,12
6211,296,254,17,2,0,1,1,3,0,0,8,10,1,1,0,14,0,2026-05-01 22:53:01.938099,2026-05-01 22:53:01.938099,-11,12
6212,296,251,0,0,0,0,0,1,0,0,0,1,0,0,0,7,0,2026-05-01 22:53:01.938099,2026-05-01 22:53:01.938099,-14,12
6213,296,302,0,0,0,0,0,1,2,0,0,2,0,0,2,8,1,2026-05-01 22:53:01.938099,2026-05-01 22:53:01.938099,-1,12
6214,296,323,6,4,1,4,1,1,0,0,3,3,0,0,3,28,3,2026-05-01 22:53:01.938099,2026-05-01 22:53:01.938099,-1,14
6215,296,320,23,8,1,1,0,9,1,0,9,17,5,5,1,34,1,2026-05-01 22:53:01.938099,2026-05-01 22:53:01.938099,24,14
6216,296,318,21,8,2,2,2,1,0,0,9,11,6,3,0,36,1,2026-05-01 22:53:01.938099,2026-05-01 22:53:01.938099,2,14
6217,296,325,25,1,0,2,0,8,7,2,7,16,9,9,2,37,3,2026-05-01 22:53:01.938099,2026-05-01 22:53:01.938099,14,14
6218,296,316,43,5,1,1,0,7,11,4,15,30,10,9,5,37,5,2026-05-01 22:53:01.938099,2026-05-01 22:53:01.938099,6,14
6219,296,375,8,1,1,0,0,2,2,2,2,4,2,2,1,27,3,2026-05-01 22:53:01.938099,2026-05-01 22:53:01.938099,-9,14
6220,296,330,5,1,0,1,0,0,1,1,2,2,0,0,0,12,1,2026-05-01 22:53:01.938099,2026-05-01 22:53:01.938099,-9,14
6221,296,321,2,3,1,2,0,1,0,0,1,2,2,0,1,11,2,2026-05-01 22:53:01.938099,2026-05-01 22:53:01.938099,4,14
6222,296,319,4,1,0,2,1,1,1,0,2,4,0,0,0,13,3,2026-05-01 22:53:01.938099,2026-05-01 22:53:01.938099,4,14
6223,297,41,9,4,1,0,0,0,8,3,3,9,0,0,0,28,2,2026-05-01 22:53:01.938099,2026-05-01 22:53:01.938099,4,2
6224,297,48,19,12,0,3,1,7,6,3,5,12,6,6,5,35,2,2026-05-01 22:53:01.938099,2026-05-01 22:53:01.938099,2,2
6225,297,44,13,4,1,0,2,2,0,0,5,7,4,3,0,29,5,2026-05-01 22:53:01.938099,2026-05-01 22:53:01.938099,3,2
6226,297,37,31,6,2,2,0,8,3,1,9,17,14,12,5,38,4,2026-05-01 22:53:01.938099,2026-05-01 22:53:01.938099,7,2
6227,297,51,12,2,0,0,0,6,7,2,3,11,4,4,1,33,2,2026-05-01 22:53:01.938099,2026-05-01 22:53:01.938099,6,2
6228,297,43,14,2,0,0,1,1,6,4,5,11,0,0,1,32,2,2026-05-01 22:53:01.938099,2026-05-01 22:53:01.938099,11,2
6229,297,39,3,1,1,0,0,0,2,1,1,2,0,0,0,9,1,2026-05-01 22:53:01.938099,2026-05-01 22:53:01.938099,-3,2
6230,297,45,11,4,1,0,0,1,7,3,4,8,0,0,0,19,0,2026-05-01 22:53:01.938099,2026-05-01 22:53:01.938099,11,2
6231,297,38,7,1,1,0,0,0,2,1,3,4,1,0,1,11,3,2026-05-01 22:53:01.938099,2026-05-01 22:53:01.938099,9,2
6232,297,152,7,3,0,0,0,3,3,0,2,9,4,3,0,23,0,2026-05-01 22:53:01.938099,2026-05-01 22:53:01.938099,-5,21
6233,297,145,10,4,1,0,0,0,2,1,3,7,4,3,1,25,1,2026-05-01 22:53:01.938099,2026-05-01 22:53:01.938099,-5,21
6234,297,144,6,5,0,3,0,2,0,0,3,6,0,0,0,22,2,2026-05-01 22:53:01.938099,2026-05-01 22:53:01.938099,-1,21
6235,297,142,14,3,2,0,1,0,6,4,5,9,0,0,3,21,3,2026-05-01 22:53:01.938099,2026-05-01 22:53:01.938099,-1,21
6236,297,143,33,2,0,2,0,8,4,3,10,12,12,10,2,36,3,2026-05-01 22:53:01.938099,2026-05-01 22:53:01.938099,1,21
6237,297,140,9,4,0,1,0,2,8,1,3,11,2,2,0,21,2,2026-05-01 22:53:01.938099,2026-05-01 22:53:01.938099,-12,21
6238,297,150,7,3,1,1,1,0,4,1,2,5,2,2,0,24,3,2026-05-01 22:53:01.938099,2026-05-01 22:53:01.938099,-1,21
6239,297,153,4,3,0,0,0,0,2,1,1,2,2,1,0,13,1,2026-05-01 22:53:01.938099,2026-05-01 22:53:01.938099,-5,21
6240,297,147,8,3,0,0,1,2,3,0,4,9,0,0,1,25,4,2026-05-01 22:53:01.938099,2026-05-01 22:53:01.938099,3,21
6241,297,146,5,0,0,0,0,0,3,1,2,4,0,0,0,12,3,2026-05-01 22:53:01.938099,2026-05-01 22:53:01.938099,-7,21
6242,297,83,6,1,0,0,0,0,2,0,3,6,0,0,0,12,0,2026-05-01 22:53:01.938099,2026-05-01 22:53:01.938099,-17,21
6243,298,217,18,2,0,0,0,4,10,4,6,13,2,2,3,28,1,2026-05-01 22:53:01.938099,2026-05-01 22:53:01.938099,-22,6
6244,298,354,17,1,1,2,0,1,7,1,5,12,6,6,0,36,2,2026-05-01 22:53:01.938099,2026-05-01 22:53:01.938099,-13,6
6245,298,219,8,4,1,0,0,4,0,0,3,8,5,2,2,30,2,2026-05-01 22:53:01.938099,2026-05-01 22:53:01.938099,-5,6
6246,298,218,28,5,1,0,0,4,9,4,12,22,0,0,3,33,6,2026-05-01 22:53:01.938099,2026-05-01 22:53:01.938099,-21,6
6247,298,306,18,8,1,0,1,7,9,3,4,10,7,7,5,42,1,2026-05-01 22:53:01.938099,2026-05-01 22:53:01.938099,-6,6
6248,298,364,4,6,0,0,0,6,1,0,1,5,2,2,0,27,2,2026-05-01 22:53:01.938099,2026-05-01 22:53:01.938099,-5,6
6249,298,224,6,2,2,0,0,0,0,0,2,3,2,2,0,17,4,2026-05-01 22:53:01.938099,2026-05-01 22:53:01.938099,-2,6
6250,298,213,4,4,1,0,0,0,1,0,2,7,0,0,1,16,2,2026-05-01 22:53:01.938099,2026-05-01 22:53:01.938099,-13,6
6251,298,222,0,0,1,2,0,0,0,0,0,1,0,0,0,6,1,2026-05-01 22:53:01.938099,2026-05-01 22:53:01.938099,2,6
6252,298,413,19,4,0,2,0,2,7,3,7,12,2,2,1,33,2,2026-05-01 22:53:01.938099,2026-05-01 22:53:01.938099,-6,16
6253,298,417,12,3,0,2,0,2,5,2,5,9,0,0,0,23,5,2026-05-01 22:53:01.938099,2026-05-01 22:53:01.938099,2,16
6254,298,402,17,9,1,2,0,7,9,1,6,19,5,4,1,33,1,2026-05-01 22:53:01.938099,2026-05-01 22:53:01.938099,-1,16
6255,298,406,18,2,0,3,0,4,8,4,6,11,2,2,2,30,1,2026-05-01 22:53:01.938099,2026-05-01 22:53:01.938099,21,16
6256,298,412,11,1,1,1,1,3,4,2,4,6,2,1,2,31,2,2026-05-01 22:53:01.938099,2026-05-01 22:53:01.938099,5,16
6257,298,411,14,2,3,1,1,2,2,1,3,5,7,7,5,34,1,2026-05-01 22:53:01.938099,2026-05-01 22:53:01.938099,14,16
6258,298,408,14,2,0,0,0,5,5,2,6,12,1,0,1,19,1,2026-05-01 22:53:01.938099,2026-05-01 22:53:01.938099,6,16
6259,298,416,13,11,0,0,1,4,3,3,5,5,1,0,0,20,2,2026-05-01 22:53:01.938099,2026-05-01 22:53:01.938099,32,16
6260,298,407,2,1,0,0,0,2,2,0,0,2,2,2,0,13,2,2026-05-01 22:53:01.938099,2026-05-01 22:53:01.938099,12,16
6261,299,493,20,6,1,2,1,2,7,3,7,15,4,3,0,29,1,2026-05-01 22:53:01.938099,2026-05-01 22:53:01.938099,-18,15
6262,299,502,17,5,0,0,0,0,7,3,6,10,3,2,1,25,3,2026-05-01 22:53:01.938099,2026-05-01 22:53:01.938099,-20,15
6263,299,181,2,8,0,0,0,0,4,0,1,7,0,0,2,27,3,2026-05-01 22:53:01.938099,2026-05-01 22:53:01.938099,-33,15
6264,299,491,12,1,0,0,0,4,6,2,5,10,0,0,0,26,1,2026-05-01 22:53:01.938099,2026-05-01 22:53:01.938099,-11,15
6265,299,503,8,2,1,1,0,5,3,1,2,4,4,3,3,30,1,2026-05-01 22:53:01.938099,2026-05-01 22:53:01.938099,-15,15
6266,299,572,6,2,0,2,1,1,5,2,2,7,0,0,1,23,6,2026-05-01 22:53:01.938099,2026-05-01 22:53:01.938099,-13,15
6267,299,504,1,1,1,0,0,7,2,0,0,6,1,1,1,29,0,2026-05-01 22:53:01.938099,2026-05-01 22:53:01.938099,-12,15
6268,299,573,15,2,0,3,0,1,11,2,5,15,4,3,2,14,1,2026-05-01 22:53:01.938099,2026-05-01 22:53:01.938099,-6,15
6269,299,176,10,2,0,0,1,6,4,2,3,8,4,2,2,21,1,2026-05-01 22:53:01.938099,2026-05-01 22:53:01.938099,-5,15
6270,299,574,7,1,0,0,0,0,1,1,3,4,0,0,0,10,1,2026-05-01 22:53:01.938099,2026-05-01 22:53:01.938099,8,15
6271,299,529,13,8,0,1,1,2,8,3,4,10,2,2,1,25,1,2026-05-01 22:53:01.938099,2026-05-01 22:53:01.938099,28,27
6272,299,540,19,5,2,1,0,4,6,4,7,10,2,1,0,26,0,2026-05-01 22:53:01.938099,2026-05-01 22:53:01.938099,38,27
6273,299,542,19,9,6,3,7,3,3,1,8,15,3,2,2,26,1,2026-05-01 22:53:01.938099,2026-05-01 22:53:01.938099,34,27
6274,299,528,15,3,0,0,0,9,2,0,5,7,9,5,5,25,1,2026-05-01 22:53:01.938099,2026-05-01 22:53:01.938099,34,27
6275,299,531,10,4,1,0,1,6,5,2,4,8,0,0,1,22,1,2026-05-01 22:53:01.938099,2026-05-01 22:53:01.938099,18,27
6276,299,533,15,5,2,0,0,3,6,1,7,16,0,0,1,22,3,2026-05-01 22:53:01.938099,2026-05-01 22:53:01.938099,9,27
6277,299,396,2,2,2,1,0,2,0,0,1,1,0,0,2,10,2,2026-05-01 22:53:01.938099,2026-05-01 22:53:01.938099,5,27
6278,299,525,11,2,0,0,0,2,6,3,4,7,0,0,0,21,0,2026-05-01 22:53:01.938099,2026-05-01 22:53:01.938099,7,27
6279,299,527,5,1,0,1,0,0,1,0,2,3,2,1,0,15,3,2026-05-01 22:53:01.938099,2026-05-01 22:53:01.938099,-11,27
6280,299,536,2,1,0,0,0,1,2,0,1,3,0,0,0,15,1,2026-05-01 22:53:01.938099,2026-05-01 22:53:01.938099,-13,27
6281,299,537,9,1,0,0,0,3,1,1,2,2,4,4,1,8,0,2026-05-01 22:53:01.938099,2026-05-01 22:53:01.938099,-8,27
6282,299,526,0,4,0,0,0,0,0,0,0,1,0,0,0,8,2,2026-05-01 22:53:01.938099,2026-05-01 22:53:01.938099,-8,27
6283,299,541,3,1,0,0,0,1,6,1,1,6,0,0,1,8,2,2026-05-01 22:53:01.938099,2026-05-01 22:53:01.938099,-8,27
6284,300,497,8,12,2,1,3,5,3,0,4,9,0,0,0,38,4,2026-05-01 22:53:01.938099,2026-05-01 22:53:01.938099,-25,29
6285,300,175,15,4,1,2,2,3,6,1,7,19,0,0,1,28,3,2026-05-01 22:53:01.938099,2026-05-01 22:53:01.938099,-8,29
6286,300,191,24,3,1,2,1,1,3,0,11,20,4,2,4,37,1,2026-05-01 22:53:01.938099,2026-05-01 22:53:01.938099,-18,29
6287,300,180,10,2,1,2,0,6,4,1,4,12,2,1,2,29,3,2026-05-01 22:53:01.938099,2026-05-01 22:53:01.938099,-18,29
6288,300,576,11,4,1,3,1,6,2,0,5,10,3,1,1,43,4,2026-05-01 22:53:01.938099,2026-05-01 22:53:01.938099,-28,29
6289,300,190,7,3,5,0,0,4,0,0,2,4,4,3,4,16,0,2026-05-01 22:53:01.938099,2026-05-01 22:53:01.938099,-17,29
6290,300,586,14,1,0,1,0,8,6,1,6,14,6,1,2,33,1,2026-05-01 22:53:01.938099,2026-05-01 22:53:01.938099,-16,29
6291,300,554,21,0,0,0,1,1,5,4,6,8,6,5,0,11,1,2026-05-01 22:53:01.938099,2026-05-01 22:53:01.938099,15,29
6292,300,560,11,7,0,3,3,3,4,3,4,6,0,0,1,40,4,2026-05-01 22:53:01.938099,2026-05-01 22:53:01.938099,20,30
6293,300,441,11,2,0,3,0,3,1,0,4,9,4,3,2,18,1,2026-05-01 22:53:01.938099,2026-05-01 22:53:01.938099,16,30
6294,300,563,26,12,5,1,1,0,0,0,12,16,4,2,3,30,4,2026-05-01 22:53:01.938099,2026-05-01 22:53:01.938099,7,30
6295,300,447,19,8,2,0,0,5,4,1,6,14,8,6,1,22,0,2026-05-01 22:53:01.938099,2026-05-01 22:53:01.938099,19,30
6296,300,438,12,1,1,0,0,3,3,2,4,7,2,2,0,24,3,2026-05-01 22:53:01.938099,2026-05-01 22:53:01.938099,22,30
6297,300,443,8,4,2,0,0,5,1,0,4,5,0,0,2,22,2,2026-05-01 22:53:01.938099,2026-05-01 22:53:01.938099,18,30
6298,300,450,8,4,2,3,0,2,3,1,3,7,2,1,3,29,3,2026-05-01 22:53:01.938099,2026-05-01 22:53:01.938099,9,30
6299,300,459,21,2,0,0,0,0,13,5,8,18,2,0,3,27,5,2026-05-01 22:53:01.938099,2026-05-01 22:53:01.938099,4,30
6300,300,440,17,3,1,2,0,6,3,1,7,12,2,2,3,25,4,2026-05-01 22:53:01.938099,2026-05-01 22:53:01.938099,0,30
6301,301,132,25,2,0,2,2,0,4,3,10,17,3,2,1,36,3,2026-05-01 22:53:01.938099,2026-05-01 22:53:01.938099,-6,18
6302,301,134,24,5,1,2,0,6,4,0,11,27,4,2,5,42,3,2026-05-01 22:53:01.938099,2026-05-01 22:53:01.938099,7,18
6303,301,128,14,7,7,1,5,1,0,0,7,13,0,0,1,28,6,2026-05-01 22:53:01.938099,2026-05-01 22:53:01.938099,0,18
6304,301,124,17,2,1,2,0,2,12,5,6,15,0,0,2,36,3,2026-05-01 22:53:01.938099,2026-05-01 22:53:01.938099,3,18
6305,301,123,5,4,1,1,1,6,5,1,2,6,0,0,1,28,2,2026-05-01 22:53:01.938099,2026-05-01 22:53:01.938099,2,18
6306,301,135,14,10,3,2,2,1,5,2,5,13,2,2,3,30,5,2026-05-01 22:53:01.938099,2026-05-01 22:53:01.938099,-8,18
6307,301,129,8,0,0,0,1,8,7,2,3,11,0,0,1,29,0,2026-05-01 22:53:01.938099,2026-05-01 22:53:01.938099,-1,18
6308,301,174,3,2,3,1,1,3,0,0,1,6,1,1,1,30,1,2026-05-01 22:53:01.938099,2026-05-01 22:53:01.938099,4,18
6309,301,136,0,1,0,0,0,0,0,0,0,0,0,0,0,2,0,2026-05-01 22:53:01.938099,2026-05-01 22:53:01.938099,9,18
6310,301,475,30,3,0,2,1,8,5,2,9,22,12,10,6,43,1,2026-05-01 22:53:01.938099,2026-05-01 22:53:01.938099,5,11
6311,301,484,16,10,2,1,1,1,6,2,7,15,0,0,3,47,2,2026-05-01 22:53:01.938099,2026-05-01 22:53:01.938099,-3,11
6312,301,482,30,5,1,0,4,3,2,0,12,22,6,6,1,42,5,2026-05-01 22:53:01.938099,2026-05-01 22:53:01.938099,-2,11
6313,301,486,11,3,6,0,2,10,0,0,4,8,3,3,2,45,4,2026-05-01 22:53:01.938099,2026-05-01 22:53:01.938099,-3,11
6314,301,483,10,8,0,2,0,3,10,2,3,13,2,2,2,27,0,2026-05-01 22:53:01.938099,2026-05-01 22:53:01.938099,5,11
6315,301,476,3,3,5,1,0,0,2,1,1,7,0,0,1,20,2,2026-05-01 22:53:01.938099,2026-05-01 22:53:01.938099,3,11
6316,301,472,0,2,2,0,2,0,0,0,0,1,0,0,1,9,0,2026-05-01 22:53:01.938099,2026-05-01 22:53:01.938099,0,11
6317,301,485,5,1,0,0,0,0,2,1,1,2,2,2,0,8,0,2026-05-01 22:53:01.938099,2026-05-01 22:53:01.938099,-5,11
6318,301,477,0,0,1,0,0,0,0,0,0,0,0,0,1,6,0,2026-05-01 22:53:01.938099,2026-05-01 22:53:01.938099,-5,11
6319,301,479,3,2,0,0,0,1,2,1,1,3,0,0,3,12,1,2026-05-01 22:53:01.938099,2026-05-01 22:53:01.938099,-2,11
6320,301,481,0,0,0,0,0,0,0,0,0,0,0,0,0,0,0,2026-05-01 22:53:01.938099,2026-05-01 22:53:01.938099,-3,11
6321,302,110,12,1,0,0,1,3,4,2,5,8,0,0,1,29,3,2026-05-01 22:53:01.938099,2026-05-01 22:53:01.938099,7,8
6322,302,113,4,2,0,0,0,0,1,0,1,2,4,2,0,20,4,2026-05-01 22:53:01.938099,2026-05-01 22:53:01.938099,-8,8
6323,302,111,23,19,2,1,0,19,5,1,8,19,6,6,1,37,5,2026-05-01 22:53:01.938099,2026-05-01 22:53:01.938099,10,8
6324,302,105,11,2,1,0,0,4,3,1,4,8,3,2,2,25,6,2026-05-01 22:53:01.938099,2026-05-01 22:53:01.938099,9,8
6325,302,114,53,4,2,0,0,4,14,9,19,28,6,6,4,41,2,2026-05-01 22:53:01.938099,2026-05-01 22:53:01.938099,10,8
6326,302,120,21,4,0,0,0,3,3,2,7,10,6,5,0,23,2,2026-05-01 22:53:01.938099,2026-05-01 22:53:01.938099,3,8
6327,302,108,4,1,0,0,0,2,2,1,1,3,2,1,1,26,1,2026-05-01 22:53:01.938099,2026-05-01 22:53:01.938099,15,8
6328,302,106,6,2,0,0,0,1,2,1,2,4,2,1,0,19,4,2026-05-01 22:53:01.938099,2026-05-01 22:53:01.938099,-9,8
6329,302,117,8,5,0,0,0,0,4,2,3,7,0,0,0,15,0,2026-05-01 22:53:01.938099,2026-05-01 22:53:01.938099,-2,8
6330,302,457,26,7,1,2,1,7,4,1,10,18,6,5,0,35,1,2026-05-01 22:53:01.938099,2026-05-01 22:53:01.938099,-6,7
6331,302,469,19,11,4,0,1,1,5,1,8,15,2,2,0,31,6,2026-05-01 22:53:01.938099,2026-05-01 22:53:01.938099,-3,7
6332,302,466,7,3,1,1,1,0,0,0,1,2,7,5,0,16,3,2026-05-01 22:53:01.938099,2026-05-01 22:53:01.938099,-5,7
6333,302,453,9,1,0,0,0,2,4,3,3,5,0,0,1,31,0,2026-05-01 22:53:01.938099,2026-05-01 22:53:01.938099,-6,7
6334,302,463,22,4,0,0,0,3,6,1,7,17,8,7,1,29,2,2026-05-01 22:53:01.938099,2026-05-01 22:53:01.938099,-7,7
6335,302,436,7,1,2,0,0,3,2,0,3,8,2,1,0,17,3,2026-05-01 22:53:01.938099,2026-05-01 22:53:01.938099,0,7
6336,302,468,8,0,0,0,0,0,2,2,3,6,0,0,0,10,1,2026-05-01 22:53:01.938099,2026-05-01 22:53:01.938099,-4,7
6337,302,470,11,1,1,0,0,6,2,0,3,6,7,5,1,19,4,2026-05-01 22:53:01.938099,2026-05-01 22:53:01.938099,-1,7
6338,302,446,11,2,1,0,0,5,2,1,4,8,2,2,1,17,1,2026-05-01 22:53:01.938099,2026-05-01 22:53:01.938099,-11,7
6339,302,575,8,1,0,0,0,0,4,2,3,5,0,0,0,7,0,2026-05-01 22:53:01.938099,2026-05-01 22:53:01.938099,3,7
6340,302,465,4,0,0,0,0,4,0,0,2,3,0,0,0,12,1,2026-05-01 22:53:01.938099,2026-05-01 22:53:01.938099,0,7
6341,302,567,3,1,0,0,0,0,4,1,1,4,0,0,0,9,0,2026-05-01 22:53:01.938099,2026-05-01 22:53:01.938099,5,7
6342,303,297,31,3,0,2,1,1,6,4,11,16,8,5,5,34,1,2026-05-01 22:53:01.938099,2026-05-01 22:53:01.938099,-6,10
6343,303,285,7,5,0,2,1,3,3,1,2,4,4,2,3,33,4,2026-05-01 22:53:01.938099,2026-05-01 22:53:01.938099,11,10
6344,303,381,17,4,1,0,0,2,2,0,4,9,10,9,6,27,4,2026-05-01 22:53:01.938099,2026-05-01 22:53:01.938099,11,10
6345,303,291,14,7,2,4,0,3,5,1,5,12,4,3,4,27,1,2026-05-01 22:53:01.938099,2026-05-01 22:53:01.938099,16,10
6346,303,294,22,6,0,0,0,5,4,2,6,11,8,8,3,35,3,2026-05-01 22:53:01.938099,2026-05-01 22:53:01.938099,19,10
6347,303,293,10,5,2,1,0,2,0,0,5,5,0,0,0,24,3,2026-05-01 22:53:01.938099,2026-05-01 22:53:01.938099,-2,10
6348,303,282,0,2,0,0,0,2,3,0,0,4,0,0,2,15,2,2026-05-01 22:53:01.938099,2026-05-01 22:53:01.938099,-8,10
6349,303,578,1,0,1,0,0,0,0,0,0,1,2,1,0,7,0,2026-05-01 22:53:01.938099,2026-05-01 22:53:01.938099,-4,10
6350,303,298,4,1,2,1,0,3,3,0,2,5,0,0,2,15,1,2026-05-01 22:53:01.938099,2026-05-01 22:53:01.938099,-9,10
6351,303,296,3,2,0,1,1,0,1,1,1,1,0,0,1,19,3,2026-05-01 22:53:01.938099,2026-05-01 22:53:01.938099,-13,10
6352,303,25,4,5,0,2,0,1,3,0,2,7,0,0,0,23,3,2026-05-01 22:53:01.938099,2026-05-01 22:53:01.938099,4,3
6353,303,33,19,1,0,6,0,2,2,1,6,11,7,6,3,23,3,2026-05-01 22:53:01.938099,2026-05-01 22:53:01.938099,6,3
6354,303,18,8,2,2,1,1,2,0,0,3,6,2,2,3,20,4,2026-05-01 22:53:01.938099,2026-05-01 22:53:01.938099,1,3
6355,303,29,14,4,0,2,0,7,3,2,5,9,4,2,4,31,2,2026-05-01 22:53:01.938099,2026-05-01 22:53:01.938099,-9,3
6356,303,28,10,2,0,2,0,0,7,2,4,10,0,0,0,33,1,2026-05-01 22:53:01.938099,2026-05-01 22:53:01.938099,-8,3
6357,303,23,11,0,1,1,0,3,3,1,5,8,0,0,1,18,6,2026-05-01 22:53:01.938099,2026-05-01 22:53:01.938099,-2,3
6358,303,42,8,1,1,2,1,3,4,2,3,5,0,0,5,22,4,2026-05-01 22:53:01.938099,2026-05-01 22:53:01.938099,-5,3
6359,303,21,5,1,0,1,0,3,3,1,2,6,0,0,0,16,2,2026-05-01 22:53:01.938099,2026-05-01 22:53:01.938099,8,3
6360,303,577,12,3,0,0,0,1,4,2,5,8,0,0,0,18,0,2026-05-01 22:53:01.938099,2026-05-01 22:53:01.938099,0,3
6361,303,34,15,3,0,0,0,2,3,1,4,9,8,6,1,23,2,2026-05-01 22:53:01.938099,2026-05-01 22:53:01.938099,-9,3
6362,303,24,0,0,1,0,0,0,1,0,0,2,0,0,0,8,3,2026-05-01 22:53:01.938099,2026-05-01 22:53:01.938099,-1,3
6363,304,157,10,3,0,2,1,1,4,2,3,6,2,2,2,24,1,2026-05-01 22:53:01.938099,2026-05-01 22:53:01.938099,1,25
6364,304,161,18,1,1,0,1,0,10,4,7,16,0,0,3,24,1,2026-05-01 22:53:01.938099,2026-05-01 22:53:01.938099,20,25
6365,304,159,14,9,6,4,2,3,2,1,6,8,2,1,2,25,2,2026-05-01 22:53:01.938099,2026-05-01 22:53:01.938099,26,25
6366,304,164,13,3,2,1,0,8,5,4,4,7,1,1,3,25,1,2026-05-01 22:53:01.938099,2026-05-01 22:53:01.938099,28,25
6367,304,156,18,4,0,0,1,7,5,1,4,8,11,9,4,24,0,2026-05-01 22:53:01.938099,2026-05-01 22:53:01.938099,6,25
6368,304,163,23,2,1,1,0,4,7,3,6,13,8,8,0,24,1,2026-05-01 22:53:01.938099,2026-05-01 22:53:01.938099,18,25
6369,304,173,6,3,3,0,2,0,0,0,2,4,4,2,1,13,2,2026-05-01 22:53:01.938099,2026-05-01 22:53:01.938099,4,25
6370,304,171,14,8,0,3,1,0,5,3,5,7,1,1,2,23,2,2026-05-01 22:53:01.938099,2026-05-01 22:53:01.938099,23,25
6371,304,167,5,2,1,0,0,2,1,1,2,2,0,0,1,21,0,2026-05-01 22:53:01.938099,2026-05-01 22:53:01.938099,22,25
6372,304,158,2,3,1,0,1,3,0,0,1,1,0,0,2,15,2,2026-05-01 22:53:01.938099,2026-05-01 22:53:01.938099,7,25
6373,304,172,7,1,0,0,2,1,1,0,2,5,4,3,0,9,0,2026-05-01 22:53:01.938099,2026-05-01 22:53:01.938099,1,25
6374,304,166,0,0,0,0,0,1,1,0,0,3,0,0,0,8,1,2026-05-01 22:53:01.938099,2026-05-01 22:53:01.938099,-1,25
6375,304,141,16,2,2,0,1,4,6,2,7,17,0,0,4,32,3,2026-05-01 22:53:01.938099,2026-05-01 22:53:01.938099,-28,17
6376,304,273,6,3,1,0,1,2,5,1,2,6,2,1,1,31,4,2026-05-01 22:53:01.938099,2026-05-01 22:53:01.938099,-19,17
6377,304,278,12,1,5,2,0,2,0,0,5,5,4,2,1,28,5,2026-05-01 22:53:01.938099,2026-05-01 22:53:01.938099,-21,17
6378,304,269,5,3,1,1,0,5,5,1,2,8,0,0,1,33,2,2026-05-01 22:53:01.938099,2026-05-01 22:53:01.938099,-30,17
6379,304,277,36,3,1,2,0,4,12,6,13,26,4,4,5,31,4,2026-05-01 22:53:01.938099,2026-05-01 22:53:01.938099,-6,17
6380,304,276,13,5,1,1,0,2,8,3,4,11,2,2,0,29,1,2026-05-01 22:53:01.938099,2026-05-01 22:53:01.938099,-1,17
6381,304,271,8,1,2,4,0,1,3,1,2,5,6,3,2,21,2,2026-05-01 22:53:01.938099,2026-05-01 22:53:01.938099,-10,17
6382,304,279,0,0,0,1,0,0,4,0,0,7,0,0,0,18,3,2026-05-01 22:53:01.938099,2026-05-01 22:53:01.938099,-21,17
6383,304,266,1,3,0,1,0,2,0,0,0,1,2,1,2,8,1,2026-05-01 22:53:01.938099,2026-05-01 22:53:01.938099,-11,17
6384,304,583,2,0,0,0,1,0,2,0,1,3,0,0,0,4,0,2026-05-01 22:53:01.938099,2026-05-01 22:53:01.938099,-8,17
6385,305,308,27,5,1,0,1,2,6,2,9,19,8,7,3,30,1,2026-05-01 22:53:01.938099,2026-05-01 22:53:01.938099,14,13
6386,305,304,0,4,1,1,0,0,1,0,0,2,0,0,1,22,2,2026-05-01 22:53:01.938099,2026-05-01 22:53:01.938099,4,13
6387,305,309,14,5,0,2,5,0,6,3,5,10,1,1,1,25,2,2026-05-01 22:53:01.938099,2026-05-01 22:53:01.938099,10,13
6388,305,307,2,6,1,0,0,0,1,0,1,4,0,0,1,28,0,2026-05-01 22:53:01.938099,2026-05-01 22:53:01.938099,15,13
6389,305,214,24,3,1,1,1,6,9,5,9,16,2,1,3,30,2,2026-05-01 22:53:01.938099,2026-05-01 22:53:01.938099,12,13
6390,305,305,0,3,2,2,1,4,1,0,0,1,0,0,1,24,2,2026-05-01 22:53:01.938099,2026-05-01 22:53:01.938099,20,13
6391,305,253,23,3,1,0,1,6,3,1,7,14,11,8,0,27,1,2026-05-01 22:53:01.938099,2026-05-01 22:53:01.938099,21,13
6392,305,299,9,1,1,0,1,1,4,3,3,4,0,0,0,14,1,2026-05-01 22:53:01.938099,2026-05-01 22:53:01.938099,3,13
6393,305,250,12,5,1,1,2,3,0,0,6,6,0,0,0,22,1,2026-05-01 22:53:01.938099,2026-05-01 22:53:01.938099,15,13
6394,305,312,6,0,0,0,0,0,3,2,2,4,0,0,0,7,1,2026-05-01 22:53:01.938099,2026-05-01 22:53:01.938099,5,13
6395,305,571,0,1,0,0,0,1,1,0,0,2,0,0,0,3,1,2026-05-01 22:53:01.938099,2026-05-01 22:53:01.938099,3,13
6396,305,303,2,3,1,0,0,1,0,0,0,0,2,2,0,3,0,2026-05-01 22:53:01.938099,2026-05-01 22:53:01.938099,3,13
6397,305,93,18,5,1,1,1,4,3,2,8,18,0,0,3,35,1,2026-05-01 22:53:01.938099,2026-05-01 22:53:01.938099,-15,28
6398,305,88,9,5,3,2,1,12,2,1,4,11,1,0,1,30,2,2026-05-01 22:53:01.938099,2026-05-01 22:53:01.938099,-7,28
6399,305,99,10,4,2,1,0,1,0,0,5,9,2,0,1,21,3,2026-05-01 22:53:01.938099,2026-05-01 22:53:01.938099,-11,28
6400,305,89,12,5,1,1,0,4,7,0,5,19,5,2,1,31,5,2026-05-01 22:53:01.938099,2026-05-01 22:53:01.938099,-23,28
6401,305,101,8,0,0,2,1,4,5,2,3,9,0,0,2,31,1,2026-05-01 22:53:01.938099,2026-05-01 22:53:01.938099,-9,28
6402,305,98,10,3,2,1,1,0,0,0,5,7,0,0,2,23,3,2026-05-01 22:53:01.938099,2026-05-01 22:53:01.938099,-23,28
6403,305,103,5,1,0,0,0,0,2,1,2,3,0,0,0,15,4,2026-05-01 22:53:01.938099,2026-05-01 22:53:01.938099,-17,28
6404,305,589,0,0,0,0,0,2,0,0,0,1,0,0,0,8,0,2026-05-01 22:53:01.938099,2026-05-01 22:53:01.938099,-7,28
6405,305,95,13,4,3,0,0,0,5,3,5,7,1,0,1,15,0,2026-05-01 22:53:01.938099,2026-05-01 22:53:01.938099,-8,28
6406,305,90,3,3,2,0,0,0,3,1,1,4,0,0,0,10,0,2026-05-01 22:53:01.938099,2026-05-01 22:53:01.938099,7,28
6407,305,91,0,0,0,0,0,0,1,0,0,4,0,0,0,3,0,2026-05-01 22:53:01.938099,2026-05-01 22:53:01.938099,-3,28
6408,305,97,4,0,1,0,0,1,0,0,1,1,2,2,0,3,1,2026-05-01 22:53:01.938099,2026-05-01 22:53:01.938099,-3,28
6409,305,102,0,1,0,0,0,0,1,0,0,1,0,0,0,3,0,2026-05-01 22:53:01.938099,2026-05-01 22:53:01.938099,-3,28
6410,305,288,2,0,0,0,0,0,0,0,1,2,0,0,0,3,0,2026-05-01 22:53:01.938099,2026-05-01 22:53:01.938099,-3,28
6411,306,392,14,4,0,0,0,3,7,4,5,12,0,0,1,20,1,2026-05-01 22:53:01.938099,2026-05-01 22:53:01.938099,28,4
6412,306,385,9,7,1,0,0,4,3,0,4,8,2,1,2,24,2,2026-05-01 22:53:01.938099,2026-05-01 22:53:01.938099,28,4
6413,306,387,17,6,5,1,2,2,0,0,6,7,7,5,1,24,0,2026-05-01 22:53:01.938099,2026-05-01 22:53:01.938099,26,4
6414,306,395,13,2,1,1,0,6,10,3,5,15,0,0,2,27,4,2026-05-01 22:53:01.938099,2026-05-01 22:53:01.938099,30,4
6415,306,384,20,5,1,2,0,8,13,6,7,16,0,0,0,23,2,2026-05-01 22:53:01.938099,2026-05-01 22:53:01.938099,32,4
6416,306,388,6,0,0,1,0,1,4,2,2,4,0,0,1,17,0,2026-05-01 22:53:01.938099,2026-05-01 22:53:01.938099,13,4
6417,306,209,27,5,0,0,0,1,8,6,9,12,3,3,0,18,0,2026-05-01 22:53:01.938099,2026-05-01 22:53:01.938099,26,4
6418,306,391,6,2,2,0,2,1,1,0,3,4,0,0,2,22,2,2026-05-01 22:53:01.938099,2026-05-01 22:53:01.938099,22,4
6419,306,401,0,3,0,0,1,2,1,0,0,1,0,0,0,16,1,2026-05-01 22:53:01.938099,2026-05-01 22:53:01.938099,9,4
6420,306,390,8,4,0,1,0,1,4,2,3,7,0,0,1,21,3,2026-05-01 22:53:01.938099,2026-05-01 22:53:01.938099,8,4
6421,306,394,7,6,0,0,0,0,1,1,2,3,2,2,1,10,0,2026-05-01 22:53:01.938099,2026-05-01 22:53:01.938099,2,4
6422,306,393,6,0,0,0,0,0,3,2,2,4,0,0,1,7,0,2026-05-01 22:53:01.938099,2026-05-01 22:53:01.938099,-2,4
6423,306,49,1,1,2,1,0,3,0,0,0,1,2,1,1,7,1,2026-05-01 22:53:01.938099,2026-05-01 22:53:01.938099,-2,4
6424,306,353,7,3,1,0,0,5,2,0,3,10,3,1,2,28,0,2026-05-01 22:53:01.938099,2026-05-01 22:53:01.938099,-29,26
6425,306,544,5,2,2,1,1,1,3,1,2,6,0,0,2,27,1,2026-05-01 22:53:01.938099,2026-05-01 22:53:01.938099,-28,26
6426,306,361,16,7,0,0,0,0,3,1,6,14,4,3,2,29,1,2026-05-01 22:53:01.938099,2026-05-01 22:53:01.938099,-42,26
6427,306,351,18,3,0,1,0,3,5,3,7,15,1,1,1,34,1,2026-05-01 22:53:01.938099,2026-05-01 22:53:01.938099,-36,26
6428,306,358,7,3,0,1,0,14,3,0,3,13,2,1,0,29,3,2026-05-01 22:53:01.938099,2026-05-01 22:53:01.938099,-39,26
6429,306,357,9,1,0,0,1,2,4,1,4,8,0,0,0,29,1,2026-05-01 22:53:01.938099,2026-05-01 22:53:01.938099,-10,26
6430,306,350,6,4,7,0,1,1,0,0,3,8,0,0,3,23,5,2026-05-01 22:53:01.938099,2026-05-01 22:53:01.938099,-11,26
6431,306,360,22,2,0,1,0,1,8,3,9,17,1,1,2,36,3,2026-05-01 22:53:01.938099,2026-05-01 22:53:01.938099,-25,26
6432,307,53,21,4,0,3,1,4,13,5,7,16,2,2,0,39,4,2026-05-01 22:53:01.938099,2026-05-01 22:53:01.938099,17,20
6433,307,59,10,8,0,0,0,3,0,0,3,8,5,4,1,37,4,2026-05-01 22:53:01.938099,2026-05-01 22:53:01.938099,-14,20
6434,307,67,21,11,3,0,0,1,6,2,8,17,3,3,2,24,3,2026-05-01 22:53:01.938099,2026-05-01 22:53:01.938099,-11,20
6435,307,54,14,2,0,0,1,7,10,4,5,12,0,0,1,37,1,2026-05-01 22:53:01.938099,2026-05-01 22:53:01.938099,-9,20
6436,307,55,32,1,0,0,0,7,4,2,11,19,9,8,2,38,1,2026-05-01 22:53:01.938099,2026-05-01 22:53:01.938099,16,20
6437,307,56,10,2,1,1,0,5,0,0,4,6,2,2,0,20,1,2026-05-01 22:53:01.938099,2026-05-01 22:53:01.938099,11,20
6438,307,65,11,4,4,1,2,0,0,0,5,5,1,1,1,20,2,2026-05-01 22:53:01.938099,2026-05-01 22:53:01.938099,11,20
6439,307,58,2,0,0,0,0,1,0,0,1,2,0,0,1,11,0,2026-05-01 22:53:01.938099,2026-05-01 22:53:01.938099,15,20
6440,307,508,0,0,1,0,0,1,0,0,0,0,0,0,1,9,2,2026-05-01 22:53:01.938099,2026-05-01 22:53:01.938099,-11,20
6441,307,509,18,2,2,0,0,2,6,4,6,13,2,2,2,27,4,2026-05-01 22:53:01.938099,2026-05-01 22:53:01.938099,1,19
6442,307,524,22,4,0,1,1,2,0,0,8,10,8,6,1,33,3,2026-05-01 22:53:01.938099,2026-05-01 22:53:01.938099,15,19
6443,307,513,13,1,1,0,1,6,2,1,6,8,0,0,1,37,5,2026-05-01 22:53:01.938099,2026-05-01 22:53:01.938099,2,19
6444,307,519,16,6,0,1,0,2,12,4,6,15,0,0,0,35,2,2026-05-01 22:53:01.938099,2026-05-01 22:53:01.938099,-13,19
6445,307,520,7,5,0,1,0,12,4,1,2,12,2,2,1,28,3,2026-05-01 22:53:01.938099,2026-05-01 22:53:01.938099,0,19
6446,307,518,2,1,3,0,0,2,0,0,1,4,0,0,0,16,0,2026-05-01 22:53:01.938099,2026-05-01 22:53:01.938099,-19,19
6447,307,511,21,1,0,2,0,3,5,3,9,12,0,0,2,19,0,2026-05-01 22:53:01.938099,2026-05-01 22:53:01.938099,-5,19
6448,307,523,5,5,0,0,1,3,3,0,2,8,1,1,0,18,1,2026-05-01 22:53:01.938099,2026-05-01 22:53:01.938099,-7,19
6449,307,516,12,3,0,0,0,1,2,2,5,6,0,0,0,22,1,2026-05-01 22:53:01.938099,2026-05-01 22:53:01.938099,1,19
6450,308,217,19,4,0,2,0,1,6,2,6,11,6,5,0,32,2,2026-05-01 22:53:01.938099,2026-05-01 22:53:01.938099,4,6
6451,308,227,2,1,0,0,0,1,2,0,1,4,0,0,0,20,0,2026-05-01 22:53:01.938099,2026-05-01 22:53:01.938099,-4,6
6452,308,219,19,6,3,0,1,6,0,0,8,8,4,3,3,32,4,2026-05-01 22:53:01.938099,2026-05-01 22:53:01.938099,-4,6
6453,308,218,42,2,0,0,0,3,7,3,14,22,11,11,2,34,4,2026-05-01 22:53:01.938099,2026-05-01 22:53:01.938099,2,6
6454,308,306,26,3,0,1,1,7,6,4,8,16,7,6,2,37,4,2026-05-01 22:53:01.938099,2026-05-01 22:53:01.938099,-2,6
6455,308,223,11,2,1,1,0,3,8,3,4,10,0,0,0,26,3,2026-05-01 22:53:01.938099,2026-05-01 22:53:01.938099,13,6
6456,308,354,2,2,1,1,1,0,0,0,1,1,0,0,0,19,2,2026-05-01 22:53:01.938099,2026-05-01 22:53:01.938099,2,6
6457,308,213,9,5,1,2,0,1,0,0,4,4,1,1,1,13,2,2026-05-01 22:53:01.938099,2026-05-01 22:53:01.938099,13,6
6458,308,364,6,1,0,0,0,2,1,0,3,5,0,0,0,15,1,2026-05-01 22:53:01.938099,2026-05-01 22:53:01.938099,-2,6
6459,308,224,0,1,0,0,1,0,0,0,0,0,0,0,0,6,0,2026-05-01 22:53:01.938099,2026-05-01 22:53:01.938099,3,6
6460,308,423,17,1,5,0,0,3,3,1,5,11,6,6,0,31,1,2026-05-01 22:53:01.938099,2026-05-01 22:53:01.938099,8,22
6461,308,419,36,5,1,1,1,5,7,3,10,19,15,13,5,39,4,2026-05-01 22:53:01.938099,2026-05-01 22:53:01.938099,-3,22
6462,308,424,15,3,2,1,1,2,5,2,4,7,6,5,0,29,6,2026-05-01 22:53:01.938099,2026-05-01 22:53:01.938099,-3,22
6463,308,426,18,5,1,0,0,3,7,3,5,11,5,5,1,35,0,2026-05-01 22:53:01.938099,2026-05-01 22:53:01.938099,5,22
6464,308,420,17,5,2,2,0,3,3,1,5,13,6,6,2,36,4,2026-05-01 22:53:01.938099,2026-05-01 22:53:01.938099,-5,22
6465,308,193,15,4,0,1,0,4,9,3,6,12,0,0,0,27,0,2026-05-01 22:53:01.938099,2026-05-01 22:53:01.938099,-10,22
6466,308,427,5,0,1,0,0,2,3,1,2,4,0,0,0,16,2,2026-05-01 22:53:01.938099,2026-05-01 22:53:01.938099,-13,22
6467,308,421,4,1,1,1,0,3,0,0,2,3,0,0,0,13,3,2026-05-01 22:53:01.938099,2026-05-01 22:53:01.938099,-4,22
6468,308,430,0,0,0,0,0,2,1,0,0,1,0,0,1,4,3,2026-05-01 22:53:01.938099,2026-05-01 22:53:01.938099,-4,22
6469,308,435,4,2,0,0,0,0,1,0,2,3,0,0,0,4,0,2026-05-01 22:53:01.938099,2026-05-01 22:53:01.938099,4,22
6470,309,341,21,6,0,0,0,6,6,3,6,13,8,6,2,29,2,2026-05-01 22:53:01.938099,2026-05-01 22:53:01.938099,9,24
6471,309,346,17,3,2,1,3,3,8,5,5,8,2,2,0,28,4,2026-05-01 22:53:01.938099,2026-05-01 22:53:01.938099,10,24
6472,309,343,15,4,2,1,0,1,0,0,6,7,7,3,0,33,4,2026-05-01 22:53:01.938099,2026-05-01 22:53:01.938099,-7,24
6473,309,333,22,2,1,0,0,8,4,1,5,14,13,11,0,34,3,2026-05-01 22:53:01.938099,2026-05-01 22:53:01.938099,1,24
6474,309,339,11,2,1,1,0,1,7,2,4,11,1,1,0,27,0,2026-05-01 22:53:01.938099,2026-05-01 22:53:01.938099,-1,24
6475,309,345,6,1,0,0,2,0,1,0,2,3,2,2,0,10,2,2026-05-01 22:53:01.938099,2026-05-01 22:53:01.938099,5,24
6476,309,340,7,6,2,2,0,2,5,1,3,8,0,0,1,26,3,2026-05-01 22:53:01.938099,2026-05-01 22:53:01.938099,1,24
6477,309,338,3,3,1,0,0,0,4,0,0,6,4,3,0,23,2,2026-05-01 22:53:01.938099,2026-05-01 22:53:01.938099,-12,24
6478,309,332,21,4,1,1,0,3,12,5,8,19,0,0,0,23,0,2026-05-01 22:53:01.938099,2026-05-01 22:53:01.938099,-16,24
6479,309,334,0,0,0,0,0,0,0,0,0,0,0,0,0,3,0,2026-05-01 22:53:01.938099,2026-05-01 22:53:01.938099,0,24
6480,309,110,14,3,0,1,1,2,7,2,4,9,4,4,0,32,5,2026-05-01 22:53:01.938099,2026-05-01 22:53:01.938099,-12,8
6481,309,107,16,1,5,0,0,3,1,1,5,9,10,5,2,26,4,2026-05-01 22:53:01.938099,2026-05-01 22:53:01.938099,-6,8
6482,309,111,23,14,3,0,0,17,1,0,9,16,7,5,2,35,3,2026-05-01 22:53:01.938099,2026-05-01 22:53:01.938099,-5,8
6483,309,105,13,3,0,0,0,1,3,1,6,10,0,0,0,32,3,2026-05-01 22:53:01.938099,2026-05-01 22:53:01.938099,1,8
6484,309,114,21,1,0,0,1,6,9,3,7,18,4,4,2,37,1,2026-05-01 22:53:01.938099,2026-05-01 22:53:01.938099,3,8
6485,309,108,18,3,0,0,0,2,8,4,6,12,3,2,0,22,1,2026-05-01 22:53:01.938099,2026-05-01 22:53:01.938099,3,8
6486,309,113,4,4,3,0,0,0,0,0,2,4,0,0,1,21,5,2026-05-01 22:53:01.938099,2026-05-01 22:53:01.938099,8,8
6487,309,106,9,7,2,1,0,3,2,1,4,7,0,0,2,22,4,2026-05-01 22:53:01.938099,2026-05-01 22:53:01.938099,6,8
6488,309,117,7,0,1,0,0,1,1,1,2,3,2,2,0,8,1,2026-05-01 22:53:01.938099,2026-05-01 22:53:01.938099,1,8
6489,310,245,6,1,4,1,1,3,0,0,3,11,1,0,1,35,4,2026-05-01 22:53:01.938099,2026-05-01 22:53:01.938099,1,9
6490,310,231,14,7,0,1,2,5,5,2,5,14,3,2,1,31,2,2026-05-01 22:53:01.938099,2026-05-01 22:53:01.938099,0,9
6491,310,229,20,7,4,0,0,3,0,0,5,9,10,10,3,33,3,2026-05-01 22:53:01.938099,2026-05-01 22:53:01.938099,6,9
6492,310,241,12,0,0,0,0,2,9,4,4,10,0,0,2,27,2,2026-05-01 22:53:01.938099,2026-05-01 22:53:01.938099,-1,9
6493,310,234,30,2,2,0,0,8,5,4,11,18,4,4,2,39,2,2026-05-01 22:53:01.938099,2026-05-01 22:53:01.938099,-5,9
6494,310,238,8,3,0,0,0,4,2,0,3,7,2,2,2,16,2,2026-05-01 22:53:01.938099,2026-05-01 22:53:01.938099,-2,9
6495,310,240,8,3,1,1,0,1,0,0,4,7,0,0,0,14,2,2026-05-01 22:53:01.938099,2026-05-01 22:53:01.938099,-3,9
6496,310,232,2,0,0,0,0,1,2,0,1,5,0,0,0,5,3,2026-05-01 22:53:01.938099,2026-05-01 22:53:01.938099,-6,9
6497,310,199,7,1,0,2,0,3,3,1,3,6,0,0,0,20,2,2026-05-01 22:53:01.938099,2026-05-01 22:53:01.938099,11,9
6498,310,230,6,2,0,1,1,1,0,0,1,1,4,4,0,14,1,2026-05-01 22:53:01.938099,2026-05-01 22:53:01.938099,14,9
6499,310,323,7,1,0,0,0,1,2,1,3,4,0,0,0,28,4,2026-05-01 22:53:01.938099,2026-05-01 22:53:01.938099,-5,14
6500,310,320,12,8,1,0,1,10,2,1,4,10,3,3,4,38,2,2026-05-01 22:53:01.938099,2026-05-01 22:53:01.938099,-8,14
6501,310,315,13,6,4,1,0,0,0,0,5,6,4,3,1,26,2,2026-05-01 22:53:01.938099,2026-05-01 22:53:01.938099,-6,14
6502,310,325,24,2,0,0,1,5,6,2,7,15,9,8,3,39,2,2026-05-01 22:53:01.938099,2026-05-01 22:53:01.938099,-5,14
6503,310,316,32,6,1,3,0,6,13,3,11,29,8,7,3,38,1,2026-05-01 22:53:01.938099,2026-05-01 22:53:01.938099,7,14
6504,310,375,6,3,0,0,0,2,5,1,1,5,3,3,0,28,0,2026-05-01 22:53:01.938099,2026-05-01 22:53:01.938099,7,14
6505,310,330,4,3,1,0,0,2,1,0,2,4,0,0,0,15,3,2026-05-01 22:53:01.938099,2026-05-01 22:53:01.938099,-2,14
6506,310,318,11,1,2,2,4,1,0,0,5,5,2,1,1,20,3,2026-05-01 22:53:01.938099,2026-05-01 22:53:01.938099,1,14
6507,310,328,1,0,0,0,0,0,0,0,0,1,2,1,0,2,1,2026-05-01 22:53:01.938099,2026-05-01 22:53:01.938099,-4,14
6508,310,321,0,0,0,0,0,0,0,0,0,0,0,0,0,0,0,2026-05-01 22:53:01.938099,2026-05-01 22:53:01.938099,0,14
6509,311,426,21,3,0,2,0,5,8,3,9,16,0,0,0,34,2,2026-05-01 22:53:01.938099,2026-05-01 22:53:01.938099,2,22
6510,311,419,39,4,0,1,0,6,9,4,13,27,12,9,5,36,0,2026-05-01 22:53:01.938099,2026-05-01 22:53:01.938099,-4,22
6511,311,424,17,3,2,1,0,2,2,0,7,11,3,3,2,28,4,2026-05-01 22:53:01.938099,2026-05-01 22:53:01.938099,-6,22
6512,311,420,17,5,1,0,0,7,5,1,7,15,3,2,0,32,3,2026-05-01 22:53:01.938099,2026-05-01 22:53:01.938099,-4,22
6513,311,193,2,2,0,1,0,0,2,0,1,5,0,0,0,23,3,2026-05-01 22:53:01.938099,2026-05-01 22:53:01.938099,-17,22
6514,311,423,5,3,2,0,0,1,3,1,2,5,0,0,1,22,2,2026-05-01 22:53:01.938099,2026-05-01 22:53:01.938099,8,22
6515,311,427,10,2,0,0,0,0,2,2,4,5,0,0,1,15,1,2026-05-01 22:53:01.938099,2026-05-01 22:53:01.938099,0,22
6516,311,421,6,4,3,0,0,4,0,0,1,3,6,4,2,19,3,2026-05-01 22:53:01.938099,2026-05-01 22:53:01.938099,4,22
6517,311,431,9,0,1,0,0,3,2,1,4,5,0,0,0,18,0,2026-05-01 22:53:01.938099,2026-05-01 22:53:01.938099,5,22
6518,311,430,0,1,0,0,1,1,1,0,0,2,0,0,0,7,0,2026-05-01 22:53:01.938099,2026-05-01 22:53:01.938099,2,22
6519,311,263,20,5,0,0,0,2,5,2,7,13,5,4,1,33,1,2026-05-01 22:53:01.938099,2026-05-01 22:53:01.938099,-2,12
6520,311,260,37,5,1,2,2,1,5,2,13,26,9,9,2,33,3,2026-05-01 22:53:01.938099,2026-05-01 22:53:01.938099,-1,12
6521,311,249,7,5,1,1,0,0,3,1,2,4,2,2,0,27,5,2026-05-01 22:53:01.938099,2026-05-01 22:53:01.938099,11,12
6522,311,256,19,2,0,0,1,2,8,5,6,11,2,2,1,35,2,2026-05-01 22:53:01.938099,2026-05-01 22:53:01.938099,6,12
6523,311,255,13,6,1,0,0,14,3,1,5,9,2,2,2,34,5,2026-05-01 22:53:01.938099,2026-05-01 22:53:01.938099,4,12
6524,311,262,8,2,0,0,1,4,4,2,3,5,0,0,1,16,2,2026-05-01 22:53:01.938099,2026-05-01 22:53:01.938099,2,12
6525,311,258,6,2,2,0,0,3,3,1,1,4,4,3,0,20,2,2026-05-01 22:53:01.938099,2026-05-01 22:53:01.938099,-9,12
6526,311,254,13,0,0,2,0,6,1,1,6,6,0,0,0,19,0,2026-05-01 22:53:01.938099,2026-05-01 22:53:01.938099,-1,12
6527,311,259,5,2,1,0,0,0,3,1,2,4,0,0,0,18,1,2026-05-01 22:53:01.938099,2026-05-01 22:53:01.938099,0,12
6528,312,76,8,1,0,1,0,2,4,2,3,7,0,0,3,24,1,2026-05-01 22:53:01.938099,2026-05-01 22:53:01.938099,-18,23
6529,312,70,0,6,1,1,1,4,0,0,0,2,0,0,0,19,1,2026-05-01 22:53:01.938099,2026-05-01 22:53:01.938099,-14,23
6530,312,72,3,2,3,1,2,3,0,0,1,2,4,1,1,25,1,2026-05-01 22:53:01.938099,2026-05-01 22:53:01.938099,-12,23
6531,312,71,13,3,3,2,0,2,11,3,5,18,0,0,5,31,0,2026-05-01 22:53:01.938099,2026-05-01 22:53:01.938099,-19,23
6532,312,75,35,6,0,1,0,4,15,7,14,28,0,0,1,39,2,2026-05-01 22:53:01.938099,2026-05-01 22:53:01.938099,-17,23
6533,312,74,6,3,1,0,0,2,2,2,2,3,0,0,1,18,0,2026-05-01 22:53:01.938099,2026-05-01 22:53:01.938099,-7,23
6534,312,86,15,5,1,0,0,4,2,0,6,10,4,3,3,22,1,2026-05-01 22:53:01.938099,2026-05-01 22:53:01.938099,-8,23
6535,312,555,10,2,0,2,0,6,7,2,4,11,0,0,1,25,3,2026-05-01 22:53:01.938099,2026-05-01 22:53:01.938099,-9,23
6536,312,207,7,1,1,2,0,1,3,1,3,7,0,0,1,18,2,2026-05-01 22:53:01.938099,2026-05-01 22:53:01.938099,4,23
6537,312,85,4,2,2,0,0,1,2,0,2,5,1,0,0,10,1,2026-05-01 22:53:01.938099,2026-05-01 22:53:01.938099,1,23
6538,312,26,2,1,0,0,0,0,0,0,1,1,0,0,0,3,0,2026-05-01 22:53:01.938099,2026-05-01 22:53:01.938099,-1,23
6539,312,152,18,2,2,0,0,6,3,1,8,14,2,1,3,20,3,2026-05-01 22:53:01.938099,2026-05-01 22:53:01.938099,9,21
6540,312,145,17,8,1,0,5,4,4,3,6,11,2,2,1,29,0,2026-05-01 22:53:01.938099,2026-05-01 22:53:01.938099,10,21
6541,312,144,10,7,5,1,1,5,1,0,5,7,0,0,3,21,1,2026-05-01 22:53:01.938099,2026-05-01 22:53:01.938099,-5,21
6542,312,142,2,1,1,0,0,1,3,0,1,5,0,0,0,22,1,2026-05-01 22:53:01.938099,2026-05-01 22:53:01.938099,10,21
6543,312,143,22,5,0,1,2,5,4,1,9,13,3,3,5,29,2,2026-05-01 22:53:01.938099,2026-05-01 22:53:01.938099,13,21
6544,312,140,4,2,0,0,0,2,1,0,1,2,2,2,0,15,1,2026-05-01 22:53:01.938099,2026-05-01 22:53:01.938099,12,21
6545,312,83,13,1,0,0,0,2,7,3,5,11,0,0,0,25,1,2026-05-01 22:53:01.938099,2026-05-01 22:53:01.938099,19,21
6546,312,153,18,8,0,0,1,4,7,5,6,8,1,1,1,18,2,2026-05-01 22:53:01.938099,2026-05-01 22:53:01.938099,15,21
6547,312,150,5,0,1,1,1,3,2,1,2,5,0,0,1,22,1,2026-05-01 22:53:01.938099,2026-05-01 22:53:01.938099,4,21
6548,312,146,9,1,1,2,0,1,6,3,3,7,0,0,0,18,2,2026-05-01 22:53:01.938099,2026-05-01 22:53:01.938099,7,21
6549,312,151,5,1,0,1,0,0,1,1,2,4,0,0,1,10,0,2026-05-01 22:53:01.938099,2026-05-01 22:53:01.938099,6,21
6550,312,154,0,0,0,0,0,0,1,0,0,2,0,0,0,1,0,2026-05-01 22:53:01.938099,2026-05-01 22:53:01.938099,0,21
6551,312,139,0,1,0,0,0,0,1,0,0,1,0,0,0,1,1,2026-05-01 22:53:01.938099,2026-05-01 22:53:01.938099,0,21
6552,312,138,0,0,0,0,0,0,0,0,0,0,0,0,0,1,0,2026-05-01 22:53:01.938099,2026-05-01 22:53:01.938099,0,21
6553,313,411,7,0,1,2,0,3,1,0,2,6,3,3,2,22,2,2026-05-01 22:53:01.938099,2026-05-01 22:53:01.938099,-23,16
6554,313,417,9,2,1,2,1,1,3,1,4,7,0,0,0,19,4,2026-05-01 22:53:01.938099,2026-05-01 22:53:01.938099,-18,16
6555,313,402,18,3,0,1,0,4,10,2,5,17,6,6,0,28,0,2026-05-01 22:53:01.938099,2026-05-01 22:53:01.938099,-26,16
6556,313,406,18,5,0,0,1,2,6,2,6,11,4,4,2,26,0,2026-05-01 22:53:01.938099,2026-05-01 22:53:01.938099,-19,16
6557,313,412,2,2,0,2,0,3,2,0,1,4,0,0,1,22,3,2026-05-01 22:53:01.938099,2026-05-01 22:53:01.938099,-10,16
6558,313,408,8,2,0,0,1,6,4,2,3,8,0,0,1,19,1,2026-05-01 22:53:01.938099,2026-05-01 22:53:01.938099,-13,16
6559,313,413,21,4,0,0,0,2,11,4,7,18,4,3,4,29,4,2026-05-01 22:53:01.938099,2026-05-01 22:53:01.938099,-17,16
6560,313,416,7,7,0,0,2,1,6,1,3,10,0,0,1,22,1,2026-05-01 22:53:01.938099,2026-05-01 22:53:01.938099,-3,16
6561,313,407,8,3,3,2,1,5,3,2,3,6,0,0,0,22,1,2026-05-01 22:53:01.938099,2026-05-01 22:53:01.938099,-3,16
6562,313,404,9,2,0,1,2,0,6,2,3,7,1,1,0,18,3,2026-05-01 22:53:01.938099,2026-05-01 22:53:01.938099,3,16
6563,313,403,0,1,1,1,0,1,0,0,0,0,0,0,1,5,0,2026-05-01 22:53:01.938099,2026-05-01 22:53:01.938099,-1,16
6564,313,409,4,0,1,0,0,1,0,0,1,1,2,2,0,2,0,2026-05-01 22:53:01.938099,2026-05-01 22:53:01.938099,5,16
6565,313,540,6,2,0,1,0,4,4,1,2,6,1,1,0,21,0,2026-05-01 22:53:01.938099,2026-05-01 22:53:01.938099,12,5
6566,313,529,3,4,1,0,0,0,3,0,1,4,1,1,0,21,1,2026-05-01 22:53:01.938099,2026-05-01 22:53:01.938099,22,5
6567,313,542,26,12,3,0,5,4,7,1,11,22,3,3,2,26,3,2026-05-01 22:53:01.938099,2026-05-01 22:53:01.938099,19,5
6568,313,528,19,4,3,2,0,6,4,2,4,9,10,9,4,22,3,2026-05-01 22:53:01.938099,2026-05-01 22:53:01.938099,20,5
6569,313,530,14,2,1,1,0,6,4,1,5,13,3,3,3,28,2,2026-05-01 22:53:01.938099,2026-05-01 22:53:01.938099,24,5
6570,313,533,21,3,3,0,0,1,6,3,7,14,4,4,1,23,2,2026-05-01 22:53:01.938099,2026-05-01 22:53:01.938099,12,5
6571,313,531,21,2,2,0,2,6,5,3,9,14,0,0,1,24,2,2026-05-01 22:53:01.938099,2026-05-01 22:53:01.938099,8,5
6572,313,535,5,5,3,0,1,1,0,0,1,4,4,3,0,19,1,2026-05-01 22:53:01.938099,2026-05-01 22:53:01.938099,12,5
6573,313,525,13,2,1,2,0,1,7,4,4,8,2,1,0,21,0,2026-05-01 22:53:01.938099,2026-05-01 22:53:01.938099,12,5
6574,313,527,6,8,0,0,1,3,3,0,3,6,0,0,3,18,4,2026-05-01 22:53:01.938099,2026-05-01 22:53:01.938099,4,5
6575,313,537,2,1,0,0,0,0,0,0,1,1,0,0,1,2,0,2026-05-01 22:53:01.938099,2026-05-01 22:53:01.938099,-5,5
6576,313,536,0,0,0,1,0,1,0,0,0,0,0,0,0,2,0,2026-05-01 22:53:01.938099,2026-05-01 22:53:01.938099,-5,5
6577,313,541,0,0,0,0,0,0,0,0,0,0,0,0,0,2,0,2026-05-01 22:53:01.938099,2026-05-01 22:53:01.938099,-5,5
6578,313,526,0,0,0,0,0,0,0,0,0,0,0,0,0,2,0,2026-05-01 22:53:01.938099,2026-05-01 22:53:01.938099,-5,5
6579,314,368,12,4,1,1,1,4,3,2,5,8,0,0,1,24,2,2026-05-01 22:53:01.938099,2026-05-01 22:53:01.938099,27,1
6580,314,372,3,4,0,2,0,3,4,1,1,4,0,0,1,22,1,2026-05-01 22:53:01.938099,2026-05-01 22:53:01.938099,12,1
6581,314,380,16,3,2,2,1,2,2,0,5,7,8,6,1,20,2,2026-05-01 22:53:01.938099,2026-05-01 22:53:01.938099,23,1
6582,314,367,26,1,1,1,0,6,6,4,8,11,6,6,0,25,3,2026-05-01 22:53:01.938099,2026-05-01 22:53:01.938099,29,1
6583,314,378,15,1,3,1,0,9,5,3,5,11,2,2,2,22,1,2026-05-01 22:53:01.938099,2026-05-01 22:53:01.938099,31,1
6584,314,331,5,2,0,1,0,2,3,1,1,4,2,2,3,15,1,2026-05-01 22:53:01.938099,2026-05-01 22:53:01.938099,4,1
6585,314,382,11,6,2,2,2,0,3,1,4,8,2,2,0,26,3,2026-05-01 22:53:01.938099,2026-05-01 22:53:01.938099,18,1
6586,314,498,11,3,1,0,2,2,4,1,5,10,0,0,2,20,1,2026-05-01 22:53:01.938099,2026-05-01 22:53:01.938099,14,1
6587,314,289,16,4,1,1,0,3,6,4,5,7,2,2,0,19,0,2026-05-01 22:53:01.938099,2026-05-01 22:53:01.938099,21,1
6588,314,376,11,1,0,0,0,1,6,3,4,9,0,0,0,15,0,2026-05-01 22:53:01.938099,2026-05-01 22:53:01.938099,6,1
6589,314,383,9,1,0,0,0,2,4,3,3,4,0,0,1,8,2,2026-05-01 22:53:01.938099,2026-05-01 22:53:01.938099,-2,1
6590,314,496,2,1,0,0,0,1,2,0,1,3,0,0,0,6,1,2026-05-01 22:53:01.938099,2026-05-01 22:53:01.938099,4,1
6591,314,373,6,0,0,1,0,1,5,2,2,5,0,0,0,6,1,2026-05-01 22:53:01.938099,2026-05-01 22:53:01.938099,4,1
6592,314,286,3,1,1,0,0,1,1,0,0,1,3,3,0,6,1,2026-05-01 22:53:01.938099,2026-05-01 22:53:01.938099,4,1
6593,314,169,0,5,0,0,0,2,1,0,0,3,0,0,3,30,4,2026-05-01 22:53:01.938099,2026-05-01 22:53:01.938099,-26,15
6594,314,493,26,3,0,0,0,0,5,2,9,14,6,6,4,30,1,2026-05-01 22:53:01.938099,2026-05-01 22:53:01.938099,-8,15
6595,314,502,8,0,3,4,0,1,1,0,2,7,6,4,2,25,3,2026-05-01 22:53:01.938099,2026-05-01 22:53:01.938099,-14,15
6596,314,505,4,2,0,0,0,2,1,0,2,4,0,0,0,20,2,2026-05-01 22:53:01.938099,2026-05-01 22:53:01.938099,-20,15
6597,314,495,17,1,0,2,1,4,7,3,6,15,2,2,2,23,3,2026-05-01 22:53:01.938099,2026-05-01 22:53:01.938099,-13,15
6598,314,181,9,3,1,0,2,0,9,3,3,9,0,0,2,26,2,2026-05-01 22:53:01.938099,2026-05-01 22:53:01.938099,-29,15
6599,314,176,16,1,0,1,1,6,12,4,4,13,5,4,4,28,1,2026-05-01 22:53:01.938099,2026-05-01 22:53:01.938099,-37,15
6600,314,572,20,6,2,1,0,1,4,1,6,11,7,7,1,28,0,2026-05-01 22:53:01.938099,2026-05-01 22:53:01.938099,-17,15
6601,314,573,7,6,0,1,0,4,3,1,3,6,0,0,3,21,4,2026-05-01 22:53:01.938099,2026-05-01 22:53:01.938099,-19,15
6602,314,574,0,1,0,0,0,0,0,0,0,1,0,0,0,5,0,2026-05-01 22:53:01.938099,2026-05-01 22:53:01.938099,-12,15
6603,315,192,23,3,1,0,0,1,9,5,8,16,2,2,3,34,4,2026-05-01 22:53:01.938099,2026-05-01 22:53:01.938099,7,5
6604,315,206,15,5,1,0,2,2,5,3,6,8,0,0,3,25,4,2026-05-01 22:53:01.938099,2026-05-01 22:53:01.938099,17,5
6605,315,347,11,7,1,0,1,0,2,1,3,7,6,4,0,26,4,2026-05-01 22:53:01.938099,2026-05-01 22:53:01.938099,2,5
6606,315,200,15,5,0,2,0,6,1,0,6,11,4,3,1,28,2,2026-05-01 22:53:01.938099,2026-05-01 22:53:01.938099,13,5
6607,315,198,15,7,0,2,1,13,8,3,4,14,4,4,2,38,2,2026-05-01 22:53:01.938099,2026-05-01 22:53:01.938099,7,5
6608,315,399,25,2,2,3,0,2,7,4,6,14,10,9,2,25,1,2026-05-01 22:53:01.938099,2026-05-01 22:53:01.938099,2,5
6609,315,133,17,7,2,0,0,3,3,2,7,11,2,1,1,23,1,2026-05-01 22:53:01.938099,2026-05-01 22:53:01.938099,4,5
6610,315,210,2,1,0,0,0,0,1,0,1,2,0,0,1,18,2,2026-05-01 22:53:01.938099,2026-05-01 22:53:01.938099,-4,5
6611,315,125,9,1,0,1,0,3,2,1,4,7,0,0,1,18,1,2026-05-01 22:53:01.938099,2026-05-01 22:53:01.938099,-8,5
6612,315,484,6,5,0,0,0,1,7,1,2,10,1,1,2,34,3,2026-05-01 22:53:01.938099,2026-05-01 22:53:01.938099,0,11
6613,315,475,40,6,1,0,0,5,10,5,15,23,8,5,4,39,1,2026-05-01 22:53:01.938099,2026-05-01 22:53:01.938099,-18,11
6614,315,482,33,11,2,2,2,10,2,1,16,19,3,0,2,37,4,2026-05-01 22:53:01.938099,2026-05-01 22:53:01.938099,-6,11
6615,315,486,23,2,1,2,2,1,1,0,8,12,9,7,2,39,5,2026-05-01 22:53:01.938099,2026-05-01 22:53:01.938099,-12,11
6616,315,483,13,5,0,2,2,6,14,3,5,17,0,0,4,36,3,2026-05-01 22:53:01.938099,2026-05-01 22:53:01.938099,-17,11
6617,315,476,4,1,2,0,1,1,2,0,1,5,3,2,0,14,1,2026-05-01 22:53:01.938099,2026-05-01 22:53:01.938099,1,11
6618,315,472,2,0,1,0,0,0,0,0,1,1,0,0,0,4,1,2026-05-01 22:53:01.938099,2026-05-01 22:53:01.938099,-8,11
6619,315,477,0,2,0,0,0,0,1,0,0,1,0,0,0,7,0,2026-05-01 22:53:01.938099,2026-05-01 22:53:01.938099,-1,11
6620,315,479,3,0,1,2,0,3,3,1,1,3,0,0,2,21,0,2026-05-01 22:53:01.938099,2026-05-01 22:53:01.938099,22,11
6621,315,485,0,0,0,0,0,0,0,0,0,0,0,0,1,3,0,2026-05-01 22:53:01.938099,2026-05-01 22:53:01.938099,0,11
6622,315,481,0,1,0,0,0,0,1,0,0,1,0,0,0,2,0,2026-05-01 22:53:01.938099,2026-05-01 22:53:01.938099,-1,11
6623,316,497,19,2,1,0,1,1,4,3,4,5,8,8,1,23,1,2026-05-01 22:53:01.938099,2026-05-01 22:53:01.938099,-13,29
6624,316,175,37,5,1,0,2,3,10,7,11,21,8,8,0,35,3,2026-05-01 22:53:01.938099,2026-05-01 22:53:01.938099,-8,29
6625,316,178,6,7,1,1,1,4,6,1,2,10,2,1,4,29,3,2026-05-01 22:53:01.938099,2026-05-01 22:53:01.938099,6,29
6626,316,180,9,1,1,2,0,4,4,0,2,7,8,5,1,32,1,2026-05-01 22:53:01.938099,2026-05-01 22:53:01.938099,-1,29
6627,316,576,3,2,1,1,0,1,1,0,1,3,2,1,0,30,2,2026-05-01 22:53:01.938099,2026-05-01 22:53:01.938099,-34,29
6628,316,190,16,4,3,1,2,2,0,0,6,8,6,4,1,28,3,2026-05-01 22:53:01.938099,2026-05-01 22:53:01.938099,-4,29
6629,316,586,13,5,0,3,0,9,2,1,4,10,4,4,2,29,3,2026-05-01 22:53:01.938099,2026-05-01 22:53:01.938099,-20,29
6630,316,188,24,4,1,1,0,1,9,1,9,19,5,5,6,31,3,2026-05-01 22:53:01.938099,2026-05-01 22:53:01.938099,-6,29
6631,316,103,21,3,2,1,1,2,8,6,7,10,1,1,1,28,5,2026-05-01 22:53:01.938099,2026-05-01 22:53:01.938099,27,28
6632,316,88,20,6,1,1,1,10,2,1,8,10,3,3,4,27,4,2026-05-01 22:53:01.938099,2026-05-01 22:53:01.938099,16,28
6633,316,95,23,4,0,5,1,2,6,3,9,14,4,2,0,32,2,2026-05-01 22:53:01.938099,2026-05-01 22:53:01.938099,25,28
6634,316,89,27,1,1,0,0,6,5,4,10,15,7,3,0,24,1,2026-05-01 22:53:01.938099,2026-05-01 22:53:01.938099,18,28
6635,316,101,7,1,0,0,0,14,4,1,2,6,2,2,2,28,5,2026-05-01 22:53:01.938099,2026-05-01 22:53:01.938099,29,28
6636,316,98,9,3,1,1,5,1,0,0,3,5,5,3,2,17,5,2026-05-01 22:53:01.938099,2026-05-01 22:53:01.938099,9,28
6637,316,91,13,3,0,1,1,6,5,1,6,12,0,0,0,27,2,2026-05-01 22:53:01.938099,2026-05-01 22:53:01.938099,-3,28
6638,316,90,17,4,0,0,0,2,7,4,6,9,2,1,2,22,2,2026-05-01 22:53:01.938099,2026-05-01 22:53:01.938099,-3,28
6639,316,589,2,0,0,2,0,5,0,0,1,5,0,0,3,15,1,2026-05-01 22:53:01.938099,2026-05-01 22:53:01.938099,-15,28
6640,316,97,4,4,0,1,0,1,0,0,2,2,0,0,0,8,1,2026-05-01 22:53:01.938099,2026-05-01 22:53:01.938099,-8,28
6641,316,288,0,0,1,0,1,0,0,0,0,0,4,0,1,6,2,2026-05-01 22:53:01.938099,2026-05-01 22:53:01.938099,-15,28
6642,317,457,32,3,1,2,0,9,4,2,12,19,6,6,7,41,4,2026-05-01 22:53:01.938099,2026-05-01 22:53:01.938099,3,7
6643,317,469,9,3,0,3,0,2,2,0,4,8,3,1,0,34,1,2026-05-01 22:53:01.938099,2026-05-01 22:53:01.938099,2,7
6644,317,458,20,5,2,1,1,5,0,0,8,8,8,4,0,31,3,2026-05-01 22:53:01.938099,2026-05-01 22:53:01.938099,-5,7
6645,317,453,15,2,0,2,1,1,5,3,6,8,0,0,1,33,1,2026-05-01 22:53:01.938099,2026-05-01 22:53:01.938099,7,7
6646,317,463,16,5,1,1,0,7,6,2,7,15,0,0,8,35,2,2026-05-01 22:53:01.938099,2026-05-01 22:53:01.938099,3,7
6647,317,465,4,1,0,2,0,5,1,0,2,7,0,0,2,16,2,2026-05-01 22:53:01.938099,2026-05-01 22:53:01.938099,-11,7
6648,317,468,15,1,0,1,1,1,9,5,5,10,0,0,1,27,2,2026-05-01 22:53:01.938099,2026-05-01 22:53:01.938099,-13,7
6649,317,446,2,1,1,0,0,3,2,0,1,3,0,0,1,12,2,2026-05-01 22:53:01.938099,2026-05-01 22:53:01.938099,-13,7
6650,317,436,9,0,0,0,0,3,2,1,3,4,3,2,1,14,2,2026-05-01 22:53:01.938099,2026-05-01 22:53:01.938099,-1,7
6651,317,575,0,0,0,0,0,0,0,0,0,0,0,0,0,6,1,2026-05-01 22:53:01.938099,2026-05-01 22:53:01.938099,-6,7
6652,317,567,9,0,0,1,0,1,5,3,3,5,0,0,0,11,3,2026-05-01 22:53:01.938099,2026-05-01 22:53:01.938099,4,7
6653,317,292,23,2,1,3,2,3,11,4,8,20,4,3,2,34,4,2026-05-01 22:53:01.938099,2026-05-01 22:53:01.938099,7,10
6654,317,285,11,5,2,3,0,6,5,0,5,11,2,1,6,38,3,2026-05-01 22:53:01.938099,2026-05-01 22:53:01.938099,-4,10
6655,317,381,22,5,2,1,0,5,6,2,7,17,7,6,2,29,3,2026-05-01 22:53:01.938099,2026-05-01 22:53:01.938099,3,10
6656,317,291,0,4,2,3,0,5,3,0,0,6,0,0,7,22,3,2026-05-01 22:53:01.938099,2026-05-01 22:53:01.938099,-1,10
6657,317,294,20,5,5,1,1,6,6,2,8,15,2,2,3,40,1,2026-05-01 22:53:01.938099,2026-05-01 22:53:01.938099,3,10
6658,317,282,14,3,1,0,0,1,6,4,5,7,0,0,0,19,3,2026-05-01 22:53:01.938099,2026-05-01 22:53:01.938099,7,10
6659,317,296,12,0,0,1,0,1,4,4,4,5,0,0,0,12,2,2026-05-01 22:53:01.938099,2026-05-01 22:53:01.938099,-4,10
6660,317,297,16,3,3,2,1,5,5,0,5,10,8,6,3,35,3,2026-05-01 22:53:01.938099,2026-05-01 22:53:01.938099,7,10
6661,317,293,17,3,1,2,0,3,1,1,8,8,1,0,0,21,3,2026-05-01 22:53:01.938099,2026-05-01 22:53:01.938099,7,10
6662,317,298,2,2,0,0,0,4,0,0,1,2,0,0,1,12,0,2026-05-01 22:53:01.938099,2026-05-01 22:53:01.938099,5,10
6663,318,158,5,2,0,0,1,4,2,0,2,5,2,1,2,27,6,2026-05-01 22:53:01.938099,2026-05-01 22:53:01.938099,28,25
6664,318,157,35,2,1,2,0,3,11,9,10,12,7,6,2,28,2,2026-05-01 22:53:01.938099,2026-05-01 22:53:01.938099,24,25
6665,318,159,7,12,3,0,7,0,2,0,3,10,2,1,2,24,3,2026-05-01 22:53:01.938099,2026-05-01 22:53:01.938099,9,25
6666,318,164,11,6,1,0,0,4,5,1,5,10,0,0,6,27,1,2026-05-01 22:53:01.938099,2026-05-01 22:53:01.938099,21,25
6667,318,156,18,2,3,1,0,2,3,0,4,10,12,10,3,20,5,2026-05-01 22:53:01.938099,2026-05-01 22:53:01.938099,7,25
6668,318,163,13,3,0,4,0,4,5,3,4,9,4,2,2,23,1,2026-05-01 22:53:01.938099,2026-05-01 22:53:01.938099,28,25
6669,318,171,10,0,0,3,0,0,3,1,3,5,6,3,3,19,2,2026-05-01 22:53:01.938099,2026-05-01 22:53:01.938099,8,25
6670,318,167,16,5,0,0,0,5,4,2,6,9,2,2,0,30,1,2026-05-01 22:53:01.938099,2026-05-01 22:53:01.938099,38,25
6671,318,172,9,2,0,0,0,5,0,0,3,5,4,3,2,20,2,2026-05-01 22:53:01.938099,2026-05-01 22:53:01.938099,8,25
6672,318,162,4,3,0,0,0,0,0,0,2,2,1,0,0,9,0,2026-05-01 22:53:01.938099,2026-05-01 22:53:01.938099,2,25
6673,318,155,6,0,0,0,0,1,3,2,2,3,0,0,0,9,1,2026-05-01 22:53:01.938099,2026-05-01 22:53:01.938099,2,25
6674,318,33,16,4,0,2,0,1,1,1,4,7,7,7,2,23,4,2026-05-01 22:53:01.938099,2026-05-01 22:53:01.938099,-13,3
6675,318,42,15,5,0,2,0,1,4,2,5,9,4,3,2,32,5,2026-05-01 22:53:01.938099,2026-05-01 22:53:01.938099,-17,3
6676,318,18,10,1,3,1,1,2,0,0,4,10,2,2,1,21,4,2026-05-01 22:53:01.938099,2026-05-01 22:53:01.938099,-7,3
6677,318,34,11,3,1,1,0,1,3,0,4,9,5,3,0,31,4,2026-05-01 22:53:01.938099,2026-05-01 22:53:01.938099,-13,3
6678,318,32,0,3,0,1,1,5,4,0,0,9,0,0,2,16,2,2026-05-01 22:53:01.938099,2026-05-01 22:53:01.938099,-14,3
6679,318,29,10,2,1,2,0,2,2,0,2,8,6,6,3,18,4,2026-05-01 22:53:01.938099,2026-05-01 22:53:01.938099,-9,3
6680,318,23,12,4,1,0,0,3,1,0,5,8,2,2,5,26,4,2026-05-01 22:53:01.938099,2026-05-01 22:53:01.938099,-28,3
6681,318,24,2,1,0,0,0,0,4,0,1,5,0,0,1,14,1,2026-05-01 22:53:01.938099,2026-05-01 22:53:01.938099,-17,3
6682,318,577,5,2,0,1,1,3,2,1,2,4,0,0,3,24,1,2026-05-01 22:53:01.938099,2026-05-01 22:53:01.938099,-20,3
6683,318,21,18,1,0,1,0,4,7,4,6,10,2,2,2,24,4,2026-05-01 22:53:01.938099,2026-05-01 22:53:01.938099,-22,3
6684,318,87,0,0,0,0,0,0,1,0,0,1,1,0,1,6,0,2026-05-01 22:53:01.938099,2026-05-01 22:53:01.938099,-15,3
6685,319,308,28,5,0,3,1,3,10,3,8,18,9,9,2,24,1,2026-05-01 22:52:59.386229,2026-05-01 22:52:59.386229,32,13
6686,319,299,3,4,0,2,0,0,4,1,1,4,0,0,1,21,1,2026-05-01 22:52:59.386229,2026-05-01 22:52:59.386229,28,13
6687,319,309,19,3,0,1,2,3,6,5,7,9,0,0,1,21,4,2026-05-01 22:52:59.386229,2026-05-01 22:52:59.386229,28,13
6688,319,307,7,3,2,0,1,1,2,0,3,5,1,1,0,23,1,2026-05-01 22:52:59.386229,2026-05-01 22:52:59.386229,28,13
6689,319,214,15,2,0,1,0,6,4,3,5,7,2,2,3,18,1,2026-05-01 22:52:59.386229,2026-05-01 22:52:59.386229,25,13
6690,319,305,7,1,0,2,0,3,2,1,2,3,2,2,0,21,1,2026-05-01 22:52:59.386229,2026-05-01 22:52:59.386229,27,13
6691,319,310,10,3,1,0,0,4,0,0,4,7,2,2,2,21,1,2026-05-01 22:52:59.386229,2026-05-01 22:52:59.386229,18,13
6692,319,250,6,3,1,1,1,1,0,0,3,3,0,0,1,17,2,2026-05-01 22:52:59.386229,2026-05-01 22:52:59.386229,17,13
6693,319,312,19,3,0,1,1,4,5,3,8,10,0,0,2,25,4,2026-05-01 22:52:59.386229,2026-05-01 22:52:59.386229,5,13
6694,319,303,8,1,0,2,0,1,1,0,3,4,2,2,0,15,0,2026-05-01 22:52:59.386229,2026-05-01 22:52:59.386229,-9,13
6695,319,313,2,1,0,0,0,3,1,0,1,4,0,0,0,13,0,2026-05-01 22:52:59.386229,2026-05-01 22:52:59.386229,-12,13
6696,319,571,5,0,0,0,0,0,2,1,2,4,0,0,0,8,2,2026-05-01 22:52:59.386229,2026-05-01 22:52:59.386229,-12,13
6697,319,301,0,1,0,0,0,1,1,0,0,3,0,0,0,7,0,2026-05-01 22:52:59.386229,2026-05-01 22:52:59.386229,-10,13
6698,319,278,4,2,1,1,0,1,0,0,2,2,0,0,3,19,2,2026-05-01 22:52:59.386229,2026-05-01 22:52:59.386229,-22,17
6699,319,276,5,5,1,0,0,0,5,1,2,7,0,0,2,19,3,2026-05-01 22:52:59.386229,2026-05-01 22:52:59.386229,-22,17
6700,319,280,7,0,0,1,1,0,5,1,2,7,3,2,2,20,3,2026-05-01 22:52:59.386229,2026-05-01 22:52:59.386229,-22,17
6701,319,141,7,4,1,0,0,7,4,1,3,8,0,0,4,26,1,2026-05-01 22:52:59.386229,2026-05-01 22:52:59.386229,-37,17
6702,319,277,13,4,0,2,0,7,5,1,6,16,0,0,5,27,0,2026-05-01 22:52:59.386229,2026-05-01 22:52:59.386229,-37,17
6703,319,279,20,1,0,0,0,1,10,6,7,13,0,0,1,31,1,2026-05-01 22:52:59.386229,2026-05-01 22:52:59.386229,-12,17
6704,319,275,11,3,3,1,0,1,2,0,5,12,2,1,0,19,1,2026-05-01 22:52:59.386229,2026-05-01 22:52:59.386229,-24,17
6705,319,273,11,3,3,0,1,2,4,1,5,12,0,0,0,31,2,2026-05-01 22:52:59.386229,2026-05-01 22:52:59.386229,-14,17
6706,319,269,15,0,1,0,0,2,5,4,4,5,4,3,2,20,0,2026-05-01 22:52:59.386229,2026-05-01 22:52:59.386229,4,17
6707,319,271,3,3,1,1,0,6,1,1,1,1,0,0,2,16,2,2026-05-01 22:52:59.386229,2026-05-01 22:52:59.386229,11,17
6708,319,266,0,2,0,0,0,2,0,0,0,1,0,0,1,7,2,2026-05-01 22:52:59.386229,2026-05-01 22:52:59.386229,10,17
6709,320,245,7,8,1,2,3,9,0,0,3,6,2,1,1,30,2,2026-05-01 22:52:59.386229,2026-05-01 22:52:59.386229,15,9
6710,320,231,2,0,0,0,0,1,0,0,1,1,0,0,0,6,1,2026-05-01 22:53:00.725148,2026-05-01 22:53:00.725148,3,9
6711,320,229,22,9,5,1,2,4,0,0,8,15,10,6,5,35,3,2026-05-01 22:53:00.725148,2026-05-01 22:53:00.725148,6,9
6712,320,241,15,3,1,1,0,3,7,3,5,11,2,2,2,28,5,2026-05-01 22:53:00.725148,2026-05-01 22:53:00.725148,10,9
6713,320,234,26,4,1,0,0,8,2,2,9,19,7,6,1,36,0,2026-05-01 22:53:00.725148,2026-05-01 22:53:00.725148,13,9
6714,320,230,8,5,1,1,0,0,5,2,2,7,2,2,1,26,2,2026-05-01 22:53:00.725148,2026-05-01 22:53:00.725148,3,9
6715,320,238,7,2,0,0,1,0,3,1,3,7,2,0,1,13,1,2026-05-01 22:53:00.725148,2026-05-01 22:53:00.725148,-11,9
6716,320,199,12,4,0,0,0,2,3,2,4,6,2,2,0,21,1,2026-05-01 22:53:00.725148,2026-05-01 22:53:00.725148,-7,9
6717,320,240,4,4,0,1,1,1,0,0,2,4,0,0,1,16,2,2026-05-01 22:53:00.725148,2026-05-01 22:53:00.725148,-4,9
6718,320,232,8,0,0,1,0,0,2,0,4,7,0,0,0,15,2,2026-05-01 22:53:00.725148,2026-05-01 22:53:00.725148,1,9
6719,320,242,2,0,0,0,0,1,1,0,0,3,2,2,0,8,0,2026-05-01 22:53:00.725148,2026-05-01 22:53:00.725148,-4,9
6720,320,134,27,5,1,1,0,6,5,2,9,15,10,7,3,34,2,2026-05-01 22:53:00.725148,2026-05-01 22:53:00.725148,2,18
6721,320,195,19,5,0,2,1,4,7,2,7,15,3,3,4,32,1,2026-05-01 22:53:00.725148,2026-05-01 22:53:00.725148,-11,18
6722,320,128,6,5,2,0,1,1,0,0,2,3,4,2,1,27,4,2026-05-01 22:53:00.725148,2026-05-01 22:53:00.725148,-10,18
6723,320,124,5,1,0,0,1,1,7,1,2,8,0,0,1,29,3,2026-05-01 22:53:00.725148,2026-05-01 22:53:00.725148,-8,18
6724,320,123,14,2,0,2,0,2,7,4,4,8,2,2,1,22,4,2026-05-01 22:53:00.725148,2026-05-01 22:53:00.725148,-12,18
6725,320,129,6,3,0,0,0,2,6,0,3,12,0,0,1,19,2,2026-05-01 22:53:00.725148,2026-05-01 22:53:00.725148,9,18
6726,320,135,19,6,0,0,2,3,9,4,6,16,4,3,1,30,2,2026-05-01 22:53:00.725148,2026-05-01 22:53:00.725148,5,18
6727,320,174,2,5,2,2,3,2,0,0,1,2,0,0,2,25,0,2026-05-01 22:53:00.725148,2026-05-01 22:53:00.725148,-3,18
6728,320,136,10,3,0,1,0,1,1,0,4,7,2,2,0,18,2,2026-05-01 22:53:00.725148,2026-05-01 22:53:00.725148,3,18
6729,321,392,20,3,0,0,0,2,9,4,7,14,2,2,1,32,1,2026-05-01 22:53:00.725148,2026-05-01 22:53:00.725148,5,4
6730,321,385,25,4,0,1,0,2,8,4,10,16,2,1,2,26,0,2026-05-01 22:53:00.725148,2026-05-01 22:53:00.725148,12,4
6731,321,387,4,7,3,1,0,1,0,0,2,2,0,0,1,24,3,2026-05-01 22:53:00.725148,2026-05-01 22:53:00.725148,10,4
6732,321,395,17,4,0,0,0,4,8,3,7,14,0,0,1,30,4,2026-05-01 22:53:00.725148,2026-05-01 22:53:00.725148,16,4
6733,321,384,15,2,0,1,0,11,6,2,6,13,1,1,0,25,3,2026-05-01 22:53:00.725148,2026-05-01 22:53:00.725148,13,4
6734,321,390,7,3,2,3,0,1,3,0,3,7,1,1,0,23,3,2026-05-01 22:53:00.725148,2026-05-01 22:53:00.725148,16,4
6735,321,401,10,3,4,0,0,2,8,2,3,10,2,2,1,21,0,2026-05-01 22:53:00.725148,2026-05-01 22:53:00.725148,8,4
6736,321,391,8,6,1,1,4,1,0,0,3,3,2,2,0,23,1,2026-05-01 22:53:00.725148,2026-05-01 22:53:00.725148,10,4
6737,321,209,19,3,1,0,0,3,7,3,6,13,5,4,3,20,3,2026-05-01 22:53:00.725148,2026-05-01 22:53:00.725148,5,4
6738,321,388,0,0,0,0,0,0,0,0,0,0,0,0,1,6,1,2026-05-01 22:53:00.725148,2026-05-01 22:53:00.725148,2,4
6739,321,393,2,0,0,0,0,0,0,0,1,1,0,0,0,2,0,2026-05-01 22:53:00.725148,2026-05-01 22:53:00.725148,1,4
6740,321,386,0,1,0,0,0,0,0,0,0,0,0,0,0,2,0,2026-05-01 22:53:00.725148,2026-05-01 22:53:00.725148,2,4
6741,321,341,25,3,1,2,1,7,6,3,10,19,2,2,3,34,1,2026-05-01 22:53:00.725148,2026-05-01 22:53:00.725148,-11,24
6742,321,336,13,1,0,0,0,3,5,3,5,12,0,0,1,28,2,2026-05-01 22:53:00.725148,2026-05-01 22:53:00.725148,-14,24
6743,321,343,6,5,4,0,0,1,0,0,3,6,0,0,0,25,2,2026-05-01 22:53:00.725148,2026-05-01 22:53:00.725148,-7,24
6744,321,333,22,5,0,1,0,6,8,3,9,22,1,1,2,35,4,2026-05-01 22:53:00.725148,2026-05-01 22:53:00.725148,-13,24
6745,321,339,6,2,1,0,0,3,7,2,2,7,0,0,1,23,3,2026-05-01 22:53:00.725148,2026-05-01 22:53:00.725148,-7,24
6746,321,348,12,2,2,1,3,1,0,0,6,7,0,0,1,20,1,2026-05-01 22:53:00.725148,2026-05-01 22:53:00.725148,-12,24
6747,321,332,13,2,0,0,0,1,6,2,4,10,5,3,0,24,4,2026-05-01 22:53:00.725148,2026-05-01 22:53:00.725148,-16,24
6748,321,346,3,1,0,0,0,0,2,1,1,2,0,0,1,16,1,2026-05-01 22:53:00.725148,2026-05-01 22:53:00.725148,-5,24
6749,321,340,3,1,0,0,1,0,2,1,1,2,0,0,1,12,3,2026-05-01 22:53:00.725148,2026-05-01 22:53:00.725148,-8,24
6750,321,338,3,0,0,0,0,0,1,1,1,1,0,0,1,7,0,2026-05-01 22:53:00.725148,2026-05-01 22:53:00.725148,-3,24
6751,321,337,0,0,0,0,0,0,0,0,0,0,0,0,0,2,0,2026-05-01 22:53:00.725148,2026-05-01 22:53:00.725148,-1,24
6752,321,345,1,0,0,0,0,0,1,0,0,1,2,1,0,2,0,2026-05-01 22:53:00.725148,2026-05-01 22:53:00.725148,-1,24
6753,321,334,0,0,1,0,0,0,0,0,0,1,0,0,0,2,0,2026-05-01 22:53:00.725148,2026-05-01 22:53:00.725148,-1,24
6754,321,335,0,0,0,0,0,0,1,0,0,1,0,0,1,2,0,2026-05-01 22:53:00.725148,2026-05-01 22:53:00.725148,-1,24
6755,322,152,10,7,2,2,0,8,1,0,4,10,2,2,2,23,1,2026-05-01 22:53:00.725148,2026-05-01 22:53:00.725148,31,21
6756,322,145,7,3,1,2,1,0,4,1,3,7,0,0,1,17,3,2026-05-01 22:53:00.725148,2026-05-01 22:53:00.725148,13,21
6757,322,144,7,2,4,2,2,2,0,0,3,4,2,1,0,20,0,2026-05-01 22:53:00.725148,2026-05-01 22:53:00.725148,33,21
6758,322,142,14,0,0,2,0,1,6,4,5,8,0,0,1,21,1,2026-05-01 22:53:00.725148,2026-05-01 22:53:00.725148,15,21
6759,322,143,28,5,2,0,0,7,4,1,12,25,3,3,1,29,2,2026-05-01 22:53:00.725148,2026-05-01 22:53:00.725148,35,21
6760,322,150,8,4,1,1,0,2,5,2,3,7,0,0,0,21,1,2026-05-01 22:53:00.725148,2026-05-01 22:53:00.725148,28,21
6761,322,153,7,6,0,0,0,2,1,1,1,3,5,4,0,13,2,2026-05-01 22:53:00.725148,2026-05-01 22:53:00.725148,15,21
6762,322,146,20,0,0,1,0,0,8,6,7,9,0,0,0,12,0,2026-05-01 22:53:00.725148,2026-05-01 22:53:00.725148,19,21
6763,322,147,10,1,2,0,0,1,4,2,4,7,0,0,0,16,3,2026-05-01 22:53:00.725148,2026-05-01 22:53:00.725148,25,21
6764,322,83,8,2,0,1,0,2,2,0,4,6,0,0,1,11,1,2026-05-01 22:53:00.725148,2026-05-01 22:53:00.725148,6,21
6765,322,151,7,0,0,0,0,1,4,1,3,6,0,0,1,12,0,2026-05-01 22:53:00.725148,2026-05-01 22:53:00.725148,-2,21
6766,322,139,4,4,0,0,2,1,0,0,2,3,1,0,2,12,2,2026-05-01 22:53:00.725148,2026-05-01 22:53:00.725148,-2,21
6767,322,149,2,2,0,0,0,2,1,0,1,2,0,0,0,12,1,2026-05-01 22:53:00.725148,2026-05-01 22:53:00.725148,-2,21
6768,322,154,7,1,1,0,0,2,2,1,3,4,0,0,1,10,1,2026-05-01 22:53:00.725148,2026-05-01 22:53:00.725148,2,21
6769,322,138,0,0,0,1,0,1,0,0,0,1,0,0,0,5,0,2026-05-01 22:53:00.725148,2026-05-01 22:53:00.725148,-1,21
6770,322,323,6,4,4,0,2,2,2,0,3,10,0,0,1,32,3,2026-05-01 22:53:00.725148,2026-05-01 22:53:00.725148,-15,14
6771,322,320,13,6,0,1,1,2,4,1,3,7,8,6,2,25,1,2026-05-01 22:53:00.725148,2026-05-01 22:53:00.725148,-37,14
6772,322,315,8,1,0,1,0,0,0,0,4,7,0,0,0,19,0,2026-05-01 22:53:00.725148,2026-05-01 22:53:00.725148,-23,14
6773,322,325,15,4,0,0,0,1,3,2,5,9,3,3,4,26,1,2026-05-01 22:53:00.725148,2026-05-01 22:53:00.725148,-23,14
6774,322,316,12,4,0,1,0,7,7,1,3,10,6,5,6,25,0,2026-05-01 22:53:00.725148,2026-05-01 22:53:00.725148,-25,14
6775,322,317,4,0,1,1,1,0,3,0,2,9,0,0,0,18,0,2026-05-01 22:53:00.725148,2026-05-01 22:53:00.725148,-39,14
6776,322,375,7,4,0,0,0,3,4,1,3,8,0,0,1,32,1,2026-05-01 22:53:00.725148,2026-05-01 22:53:00.725148,-28,14
6777,322,318,12,1,0,0,0,1,0,0,3,3,8,6,1,20,3,2026-05-01 22:53:00.725148,2026-05-01 22:53:00.725148,-17,14
6778,322,319,10,0,0,0,1,1,4,2,4,8,0,0,3,17,0,2026-05-01 22:53:00.725148,2026-05-01 22:53:00.725148,-8,14
6779,322,330,9,5,0,3,0,3,2,0,4,7,2,1,0,12,0,2026-05-01 22:53:00.725148,2026-05-01 22:53:00.725148,2,14
6780,322,321,0,1,3,1,0,0,1,0,0,1,0,0,0,8,1,2026-05-01 22:53:00.725148,2026-05-01 22:53:00.725148,-2,14
6781,323,156,26,7,1,2,1,7,7,2,7,20,13,10,3,37,4,2026-05-01 22:53:00.725148,2026-05-01 22:53:00.725148,10,25
6782,323,157,23,2,2,3,0,1,12,6,8,15,1,1,1,39,2,2026-05-01 22:53:00.725148,2026-05-01 22:53:00.725148,22,25
6783,323,159,4,6,3,1,0,2,2,0,2,4,0,0,1,22,5,2026-05-01 22:53:00.725148,2026-05-01 22:53:00.725148,1,25
6784,323,164,27,5,0,1,0,9,15,7,10,22,0,0,4,37,0,2026-05-01 22:53:00.725148,2026-05-01 22:53:00.725148,14,25
6785,323,163,14,0,1,1,0,3,4,2,6,12,0,0,0,20,2,2026-05-01 22:53:00.725148,2026-05-01 22:53:00.725148,-14,25
6786,323,171,13,3,2,2,0,2,8,3,4,9,2,2,1,30,1,2026-05-01 22:53:00.725148,2026-05-01 22:53:00.725148,21,25
6787,323,167,3,2,1,1,3,1,1,0,1,2,2,1,2,20,2,2026-05-01 22:53:00.725148,2026-05-01 22:53:00.725148,3,25
6788,323,173,6,5,4,0,3,1,0,0,3,5,0,0,0,23,1,2026-05-01 22:53:00.725148,2026-05-01 22:53:00.725148,11,25
6789,323,158,2,1,0,0,0,1,2,0,1,3,0,0,1,9,0,2026-05-01 22:53:00.725148,2026-05-01 22:53:00.725148,-8,25
6790,323,509,15,3,3,1,0,1,5,3,6,14,2,0,1,34,2,2026-05-01 22:53:00.725148,2026-05-01 22:53:00.725148,-22,19
6791,323,524,15,1,0,0,1,3,0,0,4,7,8,7,2,29,4,2026-05-01 22:53:00.725148,2026-05-01 22:53:00.725148,-11,19
6792,323,513,9,3,1,0,0,3,5,2,3,9,2,1,4,25,3,2026-05-01 22:53:00.725148,2026-05-01 22:53:00.725148,-9,19
6793,323,519,19,8,0,1,0,2,6,1,7,17,4,4,1,36,2,2026-05-01 22:53:00.725148,2026-05-01 22:53:00.725148,-17,19
6794,323,520,9,7,1,2,0,5,2,0,4,10,1,1,5,28,1,2026-05-01 22:53:00.725148,2026-05-01 22:53:00.725148,-24,19
6795,323,518,6,2,5,0,1,0,0,0,3,6,0,0,1,19,0,2026-05-01 22:53:00.725148,2026-05-01 22:53:00.725148,-3,19
6796,323,523,12,5,1,2,1,7,1,0,4,10,4,4,3,27,4,2026-05-01 22:53:00.725148,2026-05-01 22:53:00.725148,2,19
6797,323,511,21,2,0,2,2,1,4,3,7,10,5,4,2,25,3,2026-05-01 22:53:00.725148,2026-05-01 22:53:00.725148,12,19
6798,323,521,0,1,1,1,0,3,0,0,0,1,0,0,0,12,2,2026-05-01 22:53:00.725148,2026-05-01 22:53:00.725148,12,19
6799,324,297,25,3,1,2,0,4,6,2,9,14,6,5,3,31,5,2026-05-01 22:53:00.725148,2026-05-01 22:53:00.725148,5,10
6800,324,285,8,7,2,1,3,9,8,2,3,11,0,0,2,35,4,2026-05-01 22:53:00.725148,2026-05-01 22:53:00.725148,6,10
6801,324,381,16,5,2,0,1,1,5,0,6,13,4,4,2,27,5,2026-05-01 22:53:00.725148,2026-05-01 22:53:00.725148,-16,10
6802,324,291,5,3,3,3,0,3,5,1,2,12,0,0,2,25,2,2026-05-01 22:53:00.725148,2026-05-01 22:53:00.725148,-15,10
6803,324,294,25,4,0,2,0,4,5,2,9,15,6,5,1,35,2,2026-05-01 22:53:00.725148,2026-05-01 22:53:00.725148,-11,10
6804,324,293,8,9,3,2,1,2,2,0,4,9,0,0,1,27,0,2026-05-01 22:53:00.725148,2026-05-01 22:53:00.725148,8,10
6805,324,282,12,1,0,0,0,0,7,3,3,9,4,3,0,24,1,2026-05-01 22:53:00.725148,2026-05-01 22:53:00.725148,-1,10
6806,324,296,0,2,0,1,0,0,2,0,0,3,0,0,0,16,1,2026-05-01 22:53:00.725148,2026-05-01 22:53:00.725148,-8,10
6807,324,298,12,0,1,0,0,2,4,2,5,8,0,0,1,15,0,2026-05-01 22:53:00.725148,2026-05-01 22:53:00.725148,-3,10
6808,324,223,24,5,0,0,0,2,10,6,9,14,0,0,2,27,3,2026-05-01 22:53:00.725148,2026-05-01 22:53:00.725148,17,6
6809,324,219,12,8,2,1,0,5,2,0,6,11,2,0,0,32,0,2026-05-01 22:53:00.725148,2026-05-01 22:53:00.725148,3,6
6810,324,211,16,10,3,1,0,0,0,0,5,10,12,6,0,23,0,2026-05-01 22:53:00.725148,2026-05-01 22:53:00.725148,12,6
6811,324,218,25,5,1,2,1,3,7,4,7,14,7,7,5,34,2,2026-05-01 22:53:00.725148,2026-05-01 22:53:00.725148,1,6
6812,324,306,19,2,0,0,0,5,6,3,7,11,2,2,4,36,1,2026-05-01 22:53:00.725148,2026-05-01 22:53:00.725148,1,6
6813,324,217,3,1,1,1,0,5,6,1,1,6,0,0,2,28,1,2026-05-01 22:53:00.725148,2026-05-01 22:53:00.725148,12,6
6814,324,364,12,1,1,1,0,6,2,1,4,7,3,3,2,20,3,2026-05-01 22:53:00.725148,2026-05-01 22:53:00.725148,-8,6
6815,324,213,3,3,0,0,0,0,1,1,1,2,0,0,0,14,2,2026-05-01 22:53:01.938099,2026-05-01 22:53:01.938099,3,6
6816,324,354,4,1,2,1,0,2,2,0,2,7,0,0,0,22,2,2026-05-01 22:53:01.938099,2026-05-01 22:53:01.938099,-6,6
6817,325,308,24,5,1,2,0,5,5,4,10,16,0,0,0,31,0,2026-05-01 22:53:01.938099,2026-05-01 22:53:01.938099,-3,13
6818,325,304,15,4,2,0,0,0,0,0,6,8,3,3,1,24,1,2026-05-01 22:53:01.938099,2026-05-01 22:53:01.938099,6,13
6819,325,309,6,5,1,0,1,3,4,0,3,12,0,0,0,24,4,2026-05-01 22:53:01.938099,2026-05-01 22:53:01.938099,-12,13
6820,325,307,4,4,0,0,0,1,2,0,2,6,0,0,0,23,0,2026-05-01 22:53:01.938099,2026-05-01 22:53:01.938099,0,13
6821,325,214,11,2,0,1,1,3,8,1,5,17,2,0,1,29,3,2026-05-01 22:53:01.938099,2026-05-01 22:53:01.938099,-19,13
6822,325,253,18,3,4,2,0,2,1,0,5,10,8,8,3,26,3,2026-05-01 22:53:01.938099,2026-05-01 22:53:01.938099,-19,13
6823,325,305,3,1,0,2,1,4,2,0,1,4,1,1,1,20,3,2026-05-01 22:53:01.938099,2026-05-01 22:53:01.938099,-21,13
6824,325,310,12,0,0,1,0,0,2,0,6,11,0,0,1,25,1,2026-05-01 22:53:01.938099,2026-05-01 22:53:01.938099,-20,13
6825,325,299,0,1,1,0,0,1,0,0,0,0,0,0,1,5,0,2026-05-01 22:53:01.938099,2026-05-01 22:53:01.938099,-16,13
6826,325,312,6,0,1,0,0,1,3,0,2,6,4,2,1,13,2,2026-05-01 22:53:01.938099,2026-05-01 22:53:01.938099,3,13
6827,325,303,0,2,0,0,0,0,0,0,0,2,0,0,1,6,0,2026-05-01 22:53:01.938099,2026-05-01 22:53:01.938099,4,13
6828,325,313,0,1,0,0,0,0,0,0,0,1,0,0,0,4,1,2026-05-01 22:53:01.938099,2026-05-01 22:53:01.938099,2,13
6829,325,571,0,0,0,0,0,0,0,0,0,0,0,0,0,3,0,2026-05-01 22:53:01.938099,2026-05-01 22:53:01.938099,0,13
6830,325,540,14,8,2,0,0,2,8,3,5,12,1,1,0,28,1,2026-05-01 22:53:01.938099,2026-05-01 22:53:01.938099,4,27
6831,325,529,13,6,2,2,0,4,6,1,5,13,3,2,1,27,1,2026-05-01 22:53:01.938099,2026-05-01 22:53:01.938099,17,27
6832,325,535,8,4,2,0,0,5,0,0,2,3,4,4,0,25,1,2026-05-01 22:53:01.938099,2026-05-01 22:53:01.938099,14,27
6833,325,528,20,4,0,0,0,5,5,3,8,15,1,1,5,33,4,2026-05-01 22:53:01.938099,2026-05-01 22:53:01.938099,5,27
6834,325,530,22,8,0,3,0,5,4,1,9,13,4,3,3,29,4,2026-05-01 22:53:01.938099,2026-05-01 22:53:01.938099,24,27
6835,325,531,19,1,1,1,0,5,3,2,8,12,1,1,2,25,4,2026-05-01 22:53:01.938099,2026-05-01 22:53:01.938099,11,27
6836,325,533,13,4,2,0,0,1,2,1,6,11,0,0,1,26,3,2026-05-01 22:53:01.938099,2026-05-01 22:53:01.938099,18,27
6837,325,527,2,0,1,0,0,0,1,0,1,3,0,0,1,10,2,2026-05-01 22:53:01.938099,2026-05-01 22:53:01.938099,-7,27
6838,325,525,3,0,0,0,1,2,1,1,1,2,0,0,0,20,0,2026-05-01 22:53:01.938099,2026-05-01 22:53:01.938099,11,27
6839,325,536,2,0,0,1,0,1,0,0,1,2,0,0,0,3,0,2026-05-01 22:53:01.938099,2026-05-01 22:53:01.938099,-2,27
6840,325,537,0,2,0,0,0,0,1,0,0,1,0,0,0,3,0,2026-05-01 22:52:59.386229,2026-05-01 22:52:59.386229,0,27
6841,325,526,0,1,0,0,1,0,0,0,0,0,0,0,0,3,1,2026-05-01 22:53:00.725148,2026-05-01 22:53:00.725148,0,27
6842,325,532,2,0,0,0,0,0,0,0,1,1,0,0,1,3,0,2026-05-01 22:53:00.725148,2026-05-01 22:53:00.725148,0,27
6843,326,392,20,4,0,2,0,4,7,3,7,12,3,3,2,30,1,2026-05-01 22:53:00.725148,2026-05-01 22:53:00.725148,20,4
6844,326,385,19,5,1,0,1,1,5,3,7,16,2,2,1,25,5,2026-05-01 22:53:00.725148,2026-05-01 22:53:00.725148,4,4
6845,326,391,7,3,5,0,3,2,0,0,3,7,1,1,1,24,1,2026-05-01 22:53:00.725148,2026-05-01 22:53:00.725148,-1,4
6846,326,395,22,5,1,1,1,3,8,4,9,17,0,0,0,29,2,2026-05-01 22:53:00.725148,2026-05-01 22:53:00.725148,10,4
6847,326,384,18,5,1,2,0,9,12,5,6,15,2,1,3,30,2,2026-05-01 22:53:00.725148,2026-05-01 22:53:00.725148,17,4
6848,326,390,13,5,1,1,0,3,8,4,4,9,1,1,0,22,1,2026-05-01 22:53:00.725148,2026-05-01 22:53:00.725148,26,4
6849,326,49,2,2,1,0,2,2,0,0,1,2,0,0,0,17,2,2026-05-01 22:53:00.725148,2026-05-01 22:53:00.725148,22,4
6850,326,388,6,1,1,1,0,2,4,2,2,5,0,0,0,24,2,2026-05-01 22:53:00.725148,2026-05-01 22:53:00.725148,8,4
6851,326,209,11,3,0,0,0,4,2,1,3,7,4,4,1,14,1,2026-05-01 22:53:00.725148,2026-05-01 22:53:00.725148,5,4
6852,326,386,7,2,1,1,0,1,3,2,2,4,2,1,1,17,1,2026-05-01 22:53:00.725148,2026-05-01 22:53:00.725148,-7,4
6853,326,393,4,1,0,0,0,0,0,0,2,2,0,0,0,3,0,2026-05-01 22:53:00.725148,2026-05-01 22:53:00.725148,1,4
6854,326,302,12,5,4,0,0,4,2,1,5,10,2,1,2,28,1,2026-05-01 22:53:00.725148,2026-05-01 22:53:00.725148,-16,12
6855,326,260,30,5,2,2,0,2,4,2,13,24,3,2,2,33,1,2026-05-01 22:53:00.725148,2026-05-01 22:53:00.725148,-11,12
6856,326,249,12,3,3,1,1,4,10,2,5,18,0,0,2,24,3,2026-05-01 22:53:00.725148,2026-05-01 22:53:00.725148,-7,12
6857,326,259,7,3,0,0,0,2,3,1,2,7,2,2,0,24,0,2026-05-01 22:53:00.725148,2026-05-01 22:53:00.725148,-10,12
6858,326,251,16,2,1,1,0,5,3,2,6,8,3,2,1,25,2,2026-05-01 22:53:00.725148,2026-05-01 22:53:00.725148,-12,12
6859,326,262,11,4,0,0,0,1,6,3,4,9,0,0,1,20,0,2026-05-01 22:53:00.725148,2026-05-01 22:53:00.725148,-5,12
6860,326,258,4,1,1,0,0,0,2,0,2,5,0,0,1,13,3,2026-05-01 22:53:00.725148,2026-05-01 22:53:00.725148,-18,12
6861,326,261,3,3,0,0,0,0,2,1,1,2,0,0,1,30,4,2026-05-01 22:53:00.725148,2026-05-01 22:53:00.725148,-11,12
6862,326,252,7,6,0,1,0,10,2,1,3,5,0,0,1,22,1,2026-05-01 22:53:00.725148,2026-05-01 22:53:00.725148,-9,12
6863,326,257,6,2,0,0,0,1,2,2,2,5,0,0,0,18,3,2026-05-01 22:53:00.725148,2026-05-01 22:53:00.725148,-6,12
6864,327,78,23,5,1,4,1,6,7,3,6,15,10,8,6,38,2,2026-05-01 22:53:01.938099,2026-05-01 22:53:01.938099,0,23
6865,327,70,7,7,3,0,3,1,1,0,3,5,2,1,0,25,2,2026-05-01 22:53:01.938099,2026-05-01 22:53:01.938099,9,23
6866,327,77,19,11,2,0,3,7,6,1,6,17,7,6,1,34,3,2026-05-01 22:53:01.938099,2026-05-01 22:53:01.938099,15,23
6867,327,75,8,2,0,2,0,3,2,0,4,9,0,0,3,36,3,2026-05-01 22:53:01.938099,2026-05-01 22:53:01.938099,1,23
6868,327,82,21,6,0,0,2,8,3,1,7,13,6,6,3,34,1,2026-05-01 22:53:01.938099,2026-05-01 22:53:01.938099,14,23
6869,327,84,21,5,0,0,0,1,6,4,8,12,1,1,0,30,1,2026-05-01 22:53:01.938099,2026-05-01 22:53:01.938099,6,23
6870,327,80,10,4,0,0,2,1,1,0,5,8,0,0,0,24,2,2026-05-01 22:53:01.938099,2026-05-01 22:53:01.938099,9,23
6871,327,72,2,0,1,0,0,0,0,0,1,2,0,0,1,6,1,2026-05-01 22:53:01.938099,2026-05-01 22:53:01.938099,-5,23
6872,327,74,4,4,2,1,1,0,0,0,1,1,2,2,1,9,1,2026-05-01 22:53:00.725148,2026-05-01 22:53:00.725148,11,23
6873,327,195,19,4,1,1,1,3,6,4,6,16,3,3,1,36,3,2026-05-01 22:53:00.725148,2026-05-01 22:53:00.725148,0,18
6874,327,134,21,4,3,2,0,3,2,1,9,15,6,2,4,36,4,2026-05-01 22:53:00.725148,2026-05-01 22:53:00.725148,-12,18
6875,327,128,5,9,7,0,0,1,1,0,2,8,1,1,1,29,2,2026-05-01 22:53:00.725148,2026-05-01 22:53:00.725148,-1,18
6876,327,124,11,0,0,0,0,1,9,3,3,11,3,2,0,28,2,2026-05-01 22:53:00.725148,2026-05-01 22:53:00.725148,-18,18
6877,327,126,8,2,0,2,1,3,7,0,3,15,3,2,2,26,3,2026-05-01 22:53:00.725148,2026-05-01 22:53:00.725148,-14,18
6878,327,135,12,6,1,1,2,1,6,1,5,14,1,1,3,28,3,2026-05-01 22:53:00.725148,2026-05-01 22:53:00.725148,-8,18
6879,327,129,21,5,0,2,0,3,9,5,7,14,3,2,1,30,0,2026-05-01 22:53:00.725148,2026-05-01 22:53:00.725148,-2,18
6880,327,174,6,0,1,0,0,5,1,0,3,6,0,0,0,14,4,2026-05-01 22:53:00.725148,2026-05-01 22:53:00.725148,0,18
6881,327,136,0,0,0,0,0,1,2,0,0,2,0,0,0,9,0,2026-05-01 22:53:00.725148,2026-05-01 22:53:00.725148,-5,18
6892,329,25,8,1,1,0,0,1,3,2,3,5,0,0,2,22,3,2026-05-01 22:53:01.938099,2026-05-01 22:53:01.938099,-14,3
6893,329,19,12,4,0,1,1,1,2,0,4,7,4,4,4,20,3,2026-05-01 22:53:01.938099,2026-05-01 22:53:01.938099,-17,3
6894,329,18,16,5,0,0,0,2,1,0,7,10,2,2,3,24,2,2026-05-01 22:53:01.938099,2026-05-01 22:53:01.938099,-19,3
6895,329,28,6,2,0,2,1,4,2,0,2,7,2,2,1,28,3,2026-05-01 22:53:01.938099,2026-05-01 22:53:01.938099,-25,3
6896,329,32,13,2,0,3,1,4,6,2,5,11,2,1,2,29,4,2026-05-01 22:53:01.938099,2026-05-01 22:53:01.938099,-23,3
6897,329,29,2,2,0,0,0,4,0,0,1,4,0,0,2,24,2,2026-05-01 22:53:01.938099,2026-05-01 22:53:01.938099,-18,3
6898,329,33,8,3,0,1,0,3,3,1,2,10,4,3,1,21,0,2026-05-01 22:53:01.938099,2026-05-01 22:53:01.938099,-15,3
6899,329,23,11,4,2,1,1,4,0,0,5,7,2,1,3,22,3,2026-05-01 22:53:01.938099,2026-05-01 22:53:01.938099,-11,3
6900,329,577,15,2,0,1,0,0,5,4,5,8,1,1,0,16,0,2026-05-01 22:53:01.938099,2026-05-01 22:53:01.938099,-5,3
6901,329,42,10,3,0,1,0,0,5,2,3,7,2,2,0,20,0,2026-05-01 22:53:01.938099,2026-05-01 22:53:01.938099,-12,3
6902,329,593,6,2,0,0,0,1,1,1,2,3,1,1,0,7,1,2026-05-01 22:53:01.938099,2026-05-01 22:53:01.938099,-11,3
6903,329,368,11,3,1,5,0,6,2,1,5,8,0,0,2,29,0,2026-05-01 22:53:01.938099,2026-05-01 22:53:01.938099,29,1
6904,329,374,18,11,0,1,0,5,2,1,6,12,7,5,3,27,1,2026-05-01 22:53:01.938099,2026-05-01 22:53:01.938099,28,1
6905,329,380,15,5,2,0,2,4,5,2,5,11,4,3,1,26,4,2026-05-01 22:53:01.938099,2026-05-01 22:53:01.938099,37,1
6906,329,367,21,4,0,0,3,3,9,4,8,16,1,1,4,34,2,2026-05-01 22:53:01.938099,2026-05-01 22:53:01.938099,21,1
6907,329,378,25,1,1,1,0,7,7,4,8,12,6,5,0,25,1,2026-05-01 22:53:01.938099,2026-05-01 22:53:01.938099,15,1
6908,329,289,12,2,0,1,1,1,3,3,4,6,2,1,1,20,1,2026-05-01 22:53:01.938099,2026-05-01 22:53:01.938099,8,1
6909,329,331,3,0,0,1,1,4,3,1,1,3,0,0,1,9,1,2026-05-01 22:53:01.938099,2026-05-01 22:53:01.938099,6,1
6910,329,372,5,3,1,1,0,1,0,0,2,3,1,1,0,17,1,2026-05-01 22:53:01.938099,2026-05-01 22:53:01.938099,-7,1
6911,329,382,2,0,1,0,0,0,2,0,1,3,0,0,1,12,3,2026-05-01 22:53:01.938099,2026-05-01 22:53:01.938099,-6,1
6912,329,376,13,1,1,0,2,1,4,3,4,5,2,2,0,15,2,2026-05-01 22:53:01.938099,2026-05-01 22:53:01.938099,16,1
6913,329,379,5,0,1,0,0,2,2,1,2,4,0,0,0,5,1,2026-05-01 22:53:01.938099,2026-05-01 22:53:01.938099,7,1
6914,329,286,0,0,0,0,0,0,0,0,0,2,0,0,0,4,0,2026-05-01 22:53:01.938099,2026-05-01 22:53:01.938099,4,1
6915,329,496,5,1,0,0,0,0,0,0,2,2,1,1,0,4,1,2026-05-01 22:53:01.938099,2026-05-01 22:53:01.938099,4,1
6916,329,383,4,1,0,1,0,1,0,0,2,2,0,0,0,4,0,2026-05-01 22:53:01.938099,2026-05-01 22:53:01.938099,4,1
6917,329,373,2,1,0,0,0,1,0,0,1,1,0,0,0,4,0,2026-05-01 22:53:01.938099,2026-05-01 22:53:01.938099,4,1
6918,330,53,31,8,0,0,1,2,10,7,9,15,6,6,1,30,2,2026-05-01 22:53:01.938099,2026-05-01 22:53:01.938099,32,20
6919,330,59,7,10,1,0,0,4,0,0,3,5,2,1,1,28,3,2026-05-01 22:53:01.938099,2026-05-01 22:53:01.938099,30,20
6920,330,65,17,6,5,2,1,0,0,0,7,7,4,3,0,22,2,2026-05-01 22:53:01.938099,2026-05-01 22:53:01.938099,13,20
6921,330,54,12,2,0,0,0,0,5,0,4,12,4,4,0,22,1,2026-05-01 22:53:01.938099,2026-05-01 22:53:01.938099,15,20
6922,330,55,17,1,0,0,0,10,4,1,6,13,4,4,2,29,4,2026-05-01 22:53:01.938099,2026-05-01 22:53:01.938099,25,20
6923,330,63,6,1,0,2,0,1,4,2,2,4,0,0,0,12,0,2026-05-01 22:53:01.938099,2026-05-01 22:53:01.938099,14,20
6924,330,538,7,6,2,1,1,1,0,0,2,2,4,3,1,16,2,2026-05-01 22:53:01.938099,2026-05-01 22:53:01.938099,30,20
6925,330,66,8,0,1,1,0,1,4,2,3,7,0,0,0,12,0,2026-05-01 22:53:01.938099,2026-05-01 22:53:01.938099,12,20
6926,330,56,4,1,4,1,0,3,1,0,2,6,0,0,0,9,0,2026-05-01 22:53:01.938099,2026-05-01 22:53:01.938099,27,20
6927,330,58,6,1,0,0,0,2,2,0,2,4,2,2,0,12,2,2026-05-01 22:53:01.938099,2026-05-01 22:53:01.938099,4,20
6928,330,508,2,1,0,3,0,4,2,0,1,3,0,0,1,12,2,2026-05-01 22:53:01.938099,2026-05-01 22:53:01.938099,4,20
6929,330,62,8,0,0,1,0,2,3,2,3,6,0,0,2,12,1,2026-05-01 22:53:01.938099,2026-05-01 22:53:01.938099,4,20
6930,330,57,5,1,0,0,0,0,4,1,2,5,0,0,0,9,1,2026-05-01 22:53:01.938099,2026-05-01 22:53:01.938099,-7,20
6931,330,60,6,3,0,0,0,0,0,0,2,2,2,2,0,8,1,2026-05-01 22:53:01.938099,2026-05-01 22:53:01.938099,-3,20
6932,330,192,11,6,0,0,0,0,5,1,4,9,4,2,3,23,4,2026-05-01 22:53:01.938099,2026-05-01 22:53:01.938099,-19,5
6933,330,203,7,1,0,3,0,2,2,0,3,6,1,1,0,26,3,2026-05-01 22:53:01.938099,2026-05-01 22:53:01.938099,-40,5
6934,330,68,5,1,3,0,0,1,6,1,2,9,0,0,0,24,2,2026-05-01 22:53:01.938099,2026-05-01 22:53:01.938099,-27,5
6935,330,198,6,4,1,0,2,5,4,0,3,12,2,0,4,25,1,2026-05-01 22:53:01.938099,2026-05-01 22:53:01.938099,-32,5
6936,330,200,13,1,2,0,0,8,0,0,4,5,8,5,1,25,3,2026-05-01 22:53:01.938099,2026-05-01 22:53:01.938099,-12,5
6937,330,399,19,2,0,1,0,1,7,5,6,12,2,2,2,28,2,2026-05-01 22:53:01.938099,2026-05-01 22:53:01.938099,-19,5
6938,330,210,7,3,0,0,0,2,4,1,3,8,0,0,2,20,1,2026-05-01 22:53:01.938099,2026-05-01 22:53:01.938099,-19,5
6939,330,133,14,5,1,0,0,0,3,2,5,8,3,2,1,27,2,2026-05-01 22:53:01.938099,2026-05-01 22:53:01.938099,-26,5
6940,330,125,3,3,1,0,0,2,1,0,1,4,2,1,2,17,1,2026-05-01 22:53:01.938099,2026-05-01 22:53:01.938099,-7,5
6941,330,204,8,1,1,0,0,1,1,0,3,6,4,2,1,11,4,2026-05-01 22:53:01.938099,2026-05-01 22:53:01.938099,1,5
6942,330,587,0,0,0,0,0,1,1,0,0,1,0,0,0,4,0,2026-05-01 22:53:01.938099,2026-05-01 22:53:01.938099,0,5
6943,330,201,3,0,0,0,0,1,1,1,1,1,0,0,0,4,0,2026-05-01 22:53:01.938099,2026-05-01 22:53:01.938099,0,5
6944,331,475,25,5,0,0,2,6,4,2,8,12,8,7,3,30,2,2026-05-01 22:53:01.938099,2026-05-01 22:53:01.938099,24,11
6945,331,484,18,4,1,1,0,0,8,4,6,16,2,2,1,23,1,2026-05-01 22:53:01.938099,2026-05-01 22:53:01.938099,12,11
6946,331,482,19,4,0,0,0,5,2,0,8,12,6,3,3,27,3,2026-05-01 22:53:01.938099,2026-05-01 22:53:01.938099,16,11
6947,331,486,21,7,1,2,0,4,0,0,7,11,9,7,1,31,1,2026-05-01 22:53:01.938099,2026-05-01 22:53:01.938099,14,11
6948,331,483,12,2,0,1,1,7,8,4,4,10,0,0,0,28,1,2026-05-01 22:53:01.938099,2026-05-01 22:53:01.938099,26,11
6949,331,476,16,4,3,0,0,0,3,2,7,10,0,0,1,21,2,2026-05-01 22:53:01.938099,2026-05-01 22:53:01.938099,17,11
6950,331,472,2,2,2,1,2,1,0,0,1,2,0,0,0,13,0,2026-05-01 22:53:01.938099,2026-05-01 22:53:01.938099,15,11
6951,331,479,6,1,1,1,0,3,4,2,2,5,0,0,1,17,4,2026-05-01 22:53:01.938099,2026-05-01 22:53:01.938099,8,11
6952,331,481,2,0,0,2,0,0,0,0,1,1,0,0,0,9,0,2026-05-01 22:53:01.938099,2026-05-01 22:53:01.938099,20,11
6953,331,485,7,5,1,0,0,2,0,0,3,5,1,1,0,12,1,2026-05-01 22:53:01.938099,2026-05-01 22:53:01.938099,5,11
6954,331,477,7,1,1,0,0,1,2,1,3,4,0,0,0,9,0,2026-05-01 22:53:01.938099,2026-05-01 22:53:01.938099,9,11
6955,331,478,0,0,0,0,0,1,1,0,0,3,0,0,0,7,2,2026-05-01 22:53:01.938099,2026-05-01 22:53:01.938099,3,11
6956,331,474,5,1,0,0,0,0,0,0,1,1,4,3,0,6,1,2026-05-01 22:53:01.938099,2026-05-01 22:53:01.938099,1,11
6957,331,497,3,3,2,2,1,3,4,1,1,7,0,0,0,30,2,2026-05-01 22:53:01.938099,2026-05-01 22:53:01.938099,-24,29
6958,331,191,27,6,5,0,0,4,2,0,10,16,10,7,2,38,2,2026-05-01 22:53:01.938099,2026-05-01 22:53:01.938099,-29,29
6959,331,178,17,5,2,1,0,2,4,0,8,16,1,1,0,30,6,2026-05-01 22:53:01.938099,2026-05-01 22:53:01.938099,-22,29
6960,331,175,22,6,0,0,1,1,8,2,9,17,3,2,2,32,4,2026-05-01 22:53:01.938099,2026-05-01 22:53:01.938099,-17,29
6961,331,188,20,3,0,0,1,5,6,2,7,16,5,4,6,33,0,2026-05-01 22:53:01.938099,2026-05-01 22:53:01.938099,-22,29
6962,331,586,2,1,0,0,0,4,1,0,1,9,0,0,1,24,3,2026-05-01 22:53:01.938099,2026-05-01 22:53:01.938099,-20,29
6963,331,576,0,2,0,2,1,2,2,0,0,4,0,0,0,28,1,2026-05-01 22:53:01.938099,2026-05-01 22:53:01.938099,-21,29
6964,331,190,15,2,8,2,0,1,0,0,7,11,3,1,2,21,3,2026-05-01 22:53:01.938099,2026-05-01 22:53:01.938099,-15,29
6978,334,169,4,3,1,0,0,1,0,0,2,7,0,0,1,24,4,2026-05-01 22:53:01.938099,2026-05-01 22:53:01.938099,-30,15
6979,334,493,30,3,2,0,1,1,6,3,10,16,9,7,4,30,2,2026-05-01 22:53:01.938099,2026-05-01 22:53:01.938099,-8,15
6980,334,181,9,3,0,1,0,1,5,1,4,10,0,0,0,26,3,2026-05-01 22:53:01.938099,2026-05-01 22:53:01.938099,-7,15
6981,334,491,15,1,1,1,1,1,7,2,5,11,4,3,3,27,3,2026-05-01 22:53:01.938099,2026-05-01 22:53:01.938099,-24,15
6982,334,503,14,2,4,0,0,4,8,2,5,11,3,2,4,26,4,2026-05-01 22:53:01.938099,2026-05-01 22:53:01.938099,-27,15
6983,334,594,8,4,0,3,0,2,7,1,3,10,2,1,2,22,3,2026-05-01 22:53:01.938099,2026-05-01 22:53:01.938099,-7,15
6984,334,585,2,2,0,0,0,1,2,0,1,4,0,0,3,20,5,2026-05-01 22:53:01.938099,2026-05-01 22:53:01.938099,-24,15
6985,334,588,5,3,1,0,0,2,3,1,1,4,2,2,1,19,4,2026-05-01 22:53:01.938099,2026-05-01 22:53:01.938099,-6,15
6986,334,595,7,4,3,1,1,0,3,1,3,8,0,0,0,28,3,2026-05-01 22:53:01.938099,2026-05-01 22:53:01.938099,-14,15
6987,334,499,2,0,1,0,0,1,1,0,0,4,6,2,2,14,0,2026-05-01 22:53:01.938099,2026-05-01 22:53:01.938099,-13,15
6988,334,93,17,4,3,0,1,5,3,2,6,11,3,3,2,26,3,2026-05-01 22:53:01.938099,2026-05-01 22:53:01.938099,27,28
6989,334,88,10,3,0,2,0,6,1,0,4,6,2,2,5,23,1,2026-05-01 22:53:01.938099,2026-05-01 22:53:01.938099,14,28
6990,334,99,8,6,1,2,1,4,0,0,4,6,0,0,0,22,4,2026-05-01 22:53:01.938099,2026-05-01 22:53:01.938099,14,28
6991,334,89,25,3,0,0,1,4,6,4,9,17,4,3,2,29,1,2026-05-01 22:53:01.938099,2026-05-01 22:53:01.938099,26,28
6992,334,103,7,4,4,2,0,1,3,0,2,9,3,3,0,27,2,2026-05-01 22:53:01.938099,2026-05-01 22:53:01.938099,39,28
6993,334,101,11,1,0,2,0,6,2,1,2,3,7,6,2,23,1,2026-05-01 22:53:01.938099,2026-05-01 22:53:01.938099,20,28
6994,334,98,19,2,2,0,0,1,0,0,7,10,8,5,0,23,2,2026-05-01 22:53:01.938099,2026-05-01 22:53:01.938099,22,28
6995,334,95,10,4,2,0,0,2,4,1,2,5,6,5,1,20,2,2026-05-01 22:53:01.938099,2026-05-01 22:53:01.938099,0,28
6996,334,94,8,3,0,2,1,0,2,1,3,6,2,1,1,12,4,2026-05-01 22:53:01.938099,2026-05-01 22:53:01.938099,-7,28
6997,334,96,0,1,0,0,0,1,1,0,0,2,0,0,0,8,0,2026-05-01 22:53:01.938099,2026-05-01 22:53:01.938099,0,28
6998,334,91,7,1,3,0,0,0,2,0,3,7,2,1,0,6,1,2026-05-01 22:53:01.938099,2026-05-01 22:53:01.938099,2,28
6999,334,97,0,1,0,0,2,1,0,0,0,0,0,0,1,5,0,2026-05-01 22:53:01.938099,2026-05-01 22:53:01.938099,1,28
7000,334,288,4,0,2,0,0,0,0,0,1,1,4,2,0,5,0,2026-05-01 22:53:01.938099,2026-05-01 22:53:01.938099,1,28
7001,334,90,2,1,0,0,0,0,0,0,1,1,0,0,0,4,0,2026-05-01 22:53:01.938099,2026-05-01 22:53:01.938099,1,28
7002,335,272,14,5,2,0,0,3,5,2,6,14,0,0,2,24,3,2026-05-01 22:53:01.938099,2026-05-01 22:53:01.938099,-31,17
7003,335,273,14,9,1,0,0,1,9,4,5,11,0,0,0,33,3,2026-05-01 22:53:01.938099,2026-05-01 22:53:01.938099,-19,17
7004,335,280,4,0,1,0,2,0,3,1,1,4,2,1,1,18,3,2026-05-01 22:53:01.938099,2026-05-01 22:53:01.938099,-32,17
7005,335,141,9,3,0,0,0,1,4,1,4,15,0,0,1,23,2,2026-05-01 22:53:01.938099,2026-05-01 22:53:01.938099,-32,17
7006,335,269,15,1,0,1,0,5,9,5,5,9,0,0,3,30,0,2026-05-01 22:53:01.938099,2026-05-01 22:53:01.938099,-23,17
7007,335,583,11,1,0,0,1,2,4,2,2,7,5,5,2,32,2,2026-05-01 22:53:01.938099,2026-05-01 22:53:01.938099,-19,17
7008,335,278,3,2,2,0,0,6,0,0,0,0,4,3,1,16,4,2026-05-01 22:53:01.938099,2026-05-01 22:53:01.938099,3,17
7009,335,276,18,0,0,1,1,2,5,4,7,8,0,0,1,24,0,2026-05-01 22:53:01.938099,2026-05-01 22:53:01.938099,0,17
7010,335,270,5,0,1,1,0,3,2,1,2,4,0,0,1,14,2,2026-05-01 22:53:01.938099,2026-05-01 22:53:01.938099,-2,17
7011,335,271,7,0,0,1,0,1,3,1,3,8,0,0,0,9,1,2026-05-01 22:53:01.938099,2026-05-01 22:53:01.938099,-3,17
7012,335,266,0,1,0,1,0,0,1,0,0,1,0,0,1,5,1,2026-05-01 22:53:01.938099,2026-05-01 22:53:01.938099,-2,17
7013,335,264,1,0,1,0,0,0,2,0,0,2,2,1,0,4,0,2026-05-01 22:53:01.938099,2026-05-01 22:53:01.938099,0,17
7014,335,41,13,5,1,0,0,2,4,3,5,6,0,0,0,26,2,2026-05-01 22:53:01.938099,2026-05-01 22:53:01.938099,25,2
7015,335,48,23,11,0,3,0,9,8,4,8,16,4,3,2,31,1,2026-05-01 22:53:01.938099,2026-05-01 22:53:01.938099,30,2
7016,335,44,19,6,4,0,4,2,0,0,8,11,4,3,0,28,2,2026-05-01 22:53:01.938099,2026-05-01 22:53:01.938099,33,2
7017,335,37,26,3,0,2,0,4,4,2,7,17,11,10,2,30,3,2026-05-01 22:53:01.938099,2026-05-01 22:53:01.938099,27,2
7018,335,51,17,3,0,0,0,5,9,5,6,11,0,0,1,31,0,2026-05-01 22:53:01.938099,2026-05-01 22:53:01.938099,34,2
7019,335,43,16,2,1,0,0,6,6,2,7,12,0,0,1,26,0,2026-05-01 22:53:01.938099,2026-05-01 22:53:01.938099,2,2
7020,335,45,2,2,0,1,0,3,2,0,1,3,0,0,1,22,1,2026-05-01 22:53:01.938099,2026-05-01 22:53:01.938099,4,2
7021,335,38,2,2,2,0,0,1,0,0,1,2,0,0,0,12,1,2026-05-01 22:53:01.938099,2026-05-01 22:53:01.938099,0,2
7022,335,50,7,1,1,0,0,0,3,1,3,5,0,0,0,12,0,2026-05-01 22:53:01.938099,2026-05-01 22:53:01.938099,1,2
7023,335,580,6,0,1,0,0,0,0,0,3,3,0,0,0,6,2,2026-05-01 22:53:01.938099,2026-05-01 22:53:01.938099,1,2
7024,335,39,2,2,0,0,0,0,0,0,1,1,0,0,1,6,1,2026-05-01 22:53:01.938099,2026-05-01 22:53:01.938099,1,2
7025,335,40,0,1,0,1,0,1,1,0,0,2,0,0,0,5,0,2026-05-01 22:53:01.938099,2026-05-01 22:53:01.938099,2,2
7026,336,457,51,3,3,3,1,3,9,6,19,30,7,7,1,33,3,2026-05-01 22:53:01.938099,2026-05-01 22:53:01.938099,-2,7
7027,336,463,9,3,1,1,0,2,3,1,3,12,2,2,0,23,2,2026-05-01 22:53:01.938099,2026-05-01 22:53:01.938099,-16,7
7028,336,458,7,3,0,2,2,1,0,0,2,3,6,3,0,19,5,2026-05-01 22:53:01.938099,2026-05-01 22:53:01.938099,3,7
7029,336,453,14,5,0,0,0,3,6,3,4,7,3,3,1,28,0,2026-05-01 22:53:01.938099,2026-05-01 22:53:01.938099,8,7
7030,336,465,2,5,2,0,1,5,4,0,1,6,0,0,3,22,3,2026-05-01 22:53:01.938099,2026-05-01 22:53:01.938099,0,7
7031,336,466,0,2,3,1,1,1,0,0,0,0,0,0,2,24,4,2026-05-01 22:53:01.938099,2026-05-01 22:53:01.938099,-11,7
7032,336,470,23,1,1,2,0,5,3,0,7,15,11,9,3,25,0,2026-05-01 22:53:01.938099,2026-05-01 22:53:01.938099,-11,7
7033,336,468,18,1,0,0,0,2,10,4,7,13,0,0,1,22,0,2026-05-01 22:53:01.938099,2026-05-01 22:53:01.938099,-11,7
7034,336,446,0,1,0,0,0,1,3,0,0,4,0,0,2,12,3,2026-05-01 22:53:01.938099,2026-05-01 22:53:01.938099,-10,7
7035,336,567,0,4,0,0,0,2,2,0,0,2,0,0,0,19,3,2026-05-01 22:53:01.938099,2026-05-01 22:53:01.938099,-4,7
7036,336,575,1,2,0,0,0,0,2,0,0,2,2,1,0,5,1,2026-05-01 22:53:01.938099,2026-05-01 22:53:01.938099,-2,7
7037,336,444,2,0,1,0,0,0,0,0,1,1,0,0,0,2,0,2026-05-01 22:53:01.938099,2026-05-01 22:53:01.938099,1,7
7038,336,434,18,4,0,1,0,1,3,0,8,12,2,2,3,17,0,2026-05-01 22:53:01.938099,2026-05-01 22:53:01.938099,18,22
7039,336,419,10,7,0,0,0,5,1,1,4,10,5,1,3,31,5,2026-05-01 22:53:01.938099,2026-05-01 22:53:01.938099,-9,22
7040,336,424,28,4,2,0,0,3,3,2,8,16,10,10,2,35,4,2026-05-01 22:53:01.938099,2026-05-01 22:53:01.938099,6,22
7041,336,420,27,7,0,3,0,5,5,3,8,13,9,8,1,33,3,2026-05-01 22:53:01.938099,2026-05-01 22:53:01.938099,27,22
7042,336,433,19,4,0,3,0,9,6,3,8,12,0,0,3,31,5,2026-05-01 22:53:01.938099,2026-05-01 22:53:01.938099,0,22
7043,336,426,19,2,3,1,1,1,4,3,6,11,6,4,4,28,2,2026-05-01 22:53:01.938099,2026-05-01 22:53:01.938099,-6,22
7044,336,423,8,4,0,1,0,4,2,1,2,3,3,3,0,21,4,2026-05-01 22:53:01.938099,2026-05-01 22:53:01.938099,7,22
7045,336,427,2,0,0,0,0,0,0,0,1,1,0,0,0,5,0,2026-05-01 22:53:01.938099,2026-05-01 22:53:01.938099,3,22
7046,336,421,2,2,2,0,0,2,0,0,0,1,2,2,0,12,0,2026-05-01 22:53:01.938099,2026-05-01 22:53:01.938099,5,22
7047,336,193,5,1,0,1,0,4,2,1,2,4,0,0,0,19,1,2026-05-01 22:53:01.938099,2026-05-01 22:53:01.938099,6,22
7048,336,431,0,0,0,0,0,0,0,0,0,1,0,0,0,2,0,2026-05-01 22:53:01.938099,2026-05-01 22:53:01.938099,-1,22
7049,336,430,0,1,0,0,0,1,0,0,0,0,0,0,0,2,1,2026-05-01 22:53:01.938099,2026-05-01 22:53:01.938099,-1,22
7050,337,353,14,2,0,2,0,5,0,0,7,11,0,0,0,23,2,2026-05-01 22:53:01.938099,2026-05-01 22:53:01.938099,1,26
7051,337,349,12,4,3,2,0,2,2,0,6,10,1,0,3,24,2,2026-05-01 22:53:01.938099,2026-05-01 22:53:01.938099,7,26
7052,337,361,28,7,2,0,0,4,1,0,11,14,7,6,1,29,2,2026-05-01 22:53:01.938099,2026-05-01 22:53:01.938099,1,26
7053,337,352,23,5,0,1,0,6,6,4,9,16,2,1,4,38,0,2026-05-01 22:53:01.938099,2026-05-01 22:53:01.938099,7,26
7054,337,351,9,6,0,1,1,3,6,2,3,10,3,1,2,31,2,2026-05-01 22:53:01.938099,2026-05-01 22:53:01.938099,5,26
7055,337,558,5,2,1,0,0,5,5,1,1,8,2,2,1,19,1,2026-05-01 22:53:01.938099,2026-05-01 22:53:01.938099,-5,26
7056,337,360,17,3,0,1,0,1,8,2,5,12,5,5,1,30,0,2026-05-01 22:53:01.938099,2026-05-01 22:53:01.938099,1,26
7057,337,350,6,4,4,0,5,1,0,0,3,3,0,0,2,23,5,2026-05-01 22:53:01.938099,2026-05-01 22:53:01.938099,4,26
7058,337,357,3,1,2,0,0,2,5,1,1,6,0,0,0,18,2,2026-05-01 22:53:01.938099,2026-05-01 22:53:01.938099,-1,26
7059,337,509,20,1,0,1,0,3,6,1,7,15,5,5,0,29,2,2026-05-01 22:53:01.938099,2026-05-01 22:53:01.938099,-7,19
7060,337,524,13,5,1,1,0,3,0,0,5,11,4,3,4,28,0,2026-05-01 22:53:01.938099,2026-05-01 22:53:01.938099,-4,19
7061,337,518,6,5,2,0,0,2,0,0,2,5,3,2,0,20,3,2026-05-01 22:53:01.938099,2026-05-01 22:53:01.938099,3,19
7062,337,519,13,4,0,0,2,4,5,1,5,9,2,2,3,31,2,2026-05-01 22:53:01.938099,2026-05-01 22:53:01.938099,-3,19
7063,337,513,3,1,0,1,0,1,2,1,1,3,0,0,1,12,3,2026-05-01 22:53:01.938099,2026-05-01 22:53:01.938099,0,19
7064,337,521,8,3,0,4,0,3,3,2,2,5,2,2,0,31,3,2026-05-01 22:53:01.938099,2026-05-01 22:53:01.938099,5,19
7065,337,511,28,8,0,0,0,6,11,5,10,19,3,3,1,36,1,2026-05-01 22:53:01.938099,2026-05-01 22:53:01.938099,-4,19
7066,337,523,8,2,4,5,1,2,2,0,3,10,2,2,2,27,4,2026-05-01 22:53:01.938099,2026-05-01 22:53:01.938099,-7,19
7067,337,512,14,0,0,0,0,0,5,4,5,7,0,0,2,20,0,2026-05-01 22:53:01.938099,2026-05-01 22:53:01.938099,-3,19
7068,338,417,21,0,2,1,1,3,5,4,7,11,4,3,1,26,3,2026-05-01 22:53:01.938099,2026-05-01 22:53:01.938099,24,16
7069,338,411,16,6,1,0,1,4,2,0,6,10,6,4,3,23,1,2026-05-01 22:53:01.938099,2026-05-01 22:53:01.938099,27,16
7070,338,402,14,9,0,1,0,7,4,2,3,6,7,6,2,24,1,2026-05-01 22:53:01.938099,2026-05-01 22:53:01.938099,25,16
7071,338,403,8,1,0,1,0,4,3,2,3,4,0,0,1,18,3,2026-05-01 22:53:01.938099,2026-05-01 22:53:01.938099,12,16
7072,338,412,12,3,1,0,0,6,5,2,5,9,0,0,1,25,1,2026-05-01 22:53:01.938099,2026-05-01 22:53:01.938099,19,16
7073,338,408,32,3,0,1,0,4,2,1,12,18,7,7,2,32,0,2026-05-01 22:53:01.938099,2026-05-01 22:53:01.938099,1,16
7074,338,416,24,14,5,0,7,2,6,3,10,15,2,1,1,35,4,2026-05-01 22:53:01.938099,2026-05-01 22:53:01.938099,7,16
7075,338,407,14,3,0,0,2,9,5,2,4,9,6,4,3,27,3,2026-05-01 22:53:01.938099,2026-05-01 22:53:01.938099,-2,16
7076,338,410,5,0,0,0,0,2,4,1,2,6,0,0,0,12,1,2026-05-01 22:53:01.938099,2026-05-01 22:53:01.938099,-19,16
7077,338,415,6,0,0,2,0,1,3,0,2,5,2,2,0,12,0,2026-05-01 22:53:01.938099,2026-05-01 22:53:01.938099,-15,16
7078,338,409,0,0,1,0,0,0,0,0,0,0,0,0,0,0,0,2026-05-01 22:53:01.938099,2026-05-01 22:53:01.938099,1,16
7079,338,441,12,2,1,2,3,2,2,0,5,13,4,2,0,25,1,2026-05-01 22:53:01.938099,2026-05-01 22:53:01.938099,-20,30
7080,338,443,6,2,3,0,0,3,0,0,2,5,2,2,0,21,3,2026-05-01 22:53:01.938099,2026-05-01 22:53:01.938099,-23,30
7081,338,447,31,4,1,5,0,0,4,2,12,17,6,5,0,36,1,2026-05-01 22:53:01.938099,2026-05-01 22:53:01.938099,-3,30
7082,338,445,11,3,0,0,0,4,5,1,5,13,0,0,2,25,4,2026-05-01 22:53:01.938099,2026-05-01 22:53:01.938099,-17,30
7083,338,438,11,2,0,2,0,5,8,3,4,13,1,0,2,26,2,2026-05-01 22:53:01.938099,2026-05-01 22:53:01.938099,-25,30
7084,338,440,20,1,1,0,0,7,5,3,6,10,6,5,3,25,2,2026-05-01 22:53:01.938099,2026-05-01 22:53:01.938099,6,30
7085,338,439,12,4,6,1,0,2,2,1,4,9,3,3,0,20,2,2026-05-01 22:53:01.938099,2026-05-01 22:53:01.938099,-12,30
7086,338,459,19,2,0,1,1,2,10,5,7,15,0,0,2,24,3,2026-05-01 22:53:01.938099,2026-05-01 22:53:01.938099,3,30
7087,338,560,0,0,0,0,0,0,0,0,0,1,0,0,0,4,1,2026-05-01 22:53:01.938099,2026-05-01 22:53:01.938099,-7,30
7088,338,563,0,5,4,0,0,2,0,0,0,2,0,0,0,10,0,2026-05-01 22:53:01.938099,2026-05-01 22:53:01.938099,5,30
7089,338,450,14,2,1,1,1,1,4,2,5,8,2,2,0,18,6,2026-05-01 22:53:01.938099,2026-05-01 22:53:01.938099,13,30
7090,339,110,17,6,1,2,2,1,8,4,6,11,1,1,1,39,0,2026-05-01 22:53:01.938099,2026-05-01 22:53:01.938099,7,8
7091,339,107,15,5,1,0,0,3,4,1,7,12,0,0,2,41,4,2026-05-01 22:53:01.938099,2026-05-01 22:53:01.938099,-1,8
7092,339,111,40,7,1,0,3,13,5,1,13,25,15,13,0,43,4,2026-05-01 22:53:01.938099,2026-05-01 22:53:01.938099,12,8
7093,339,105,21,6,2,0,1,4,11,5,7,16,2,2,0,39,2,2026-05-01 22:53:01.938099,2026-05-01 22:53:01.938099,10,8
7094,339,114,15,4,0,1,0,10,7,3,6,13,0,0,2,45,5,2026-05-01 22:53:01.938099,2026-05-01 22:53:01.938099,5,8
7095,339,108,10,5,0,1,0,0,4,2,3,6,2,2,0,26,1,2026-05-01 22:53:01.938099,2026-05-01 22:53:01.938099,-4,8
7096,339,106,5,1,1,1,0,1,3,1,2,7,0,0,1,11,3,2026-05-01 22:53:01.938099,2026-05-01 22:53:01.938099,-12,8
7097,339,117,6,1,0,0,0,2,4,2,2,5,0,0,0,11,1,2026-05-01 22:53:01.938099,2026-05-01 22:53:01.938099,-8,8
7098,339,119,7,1,2,0,0,0,0,0,3,6,2,1,0,5,2,2026-05-01 22:53:01.938099,2026-05-01 22:53:01.938099,-3,8
7099,339,429,0,0,0,0,0,0,0,0,0,0,0,0,0,2,0,2026-05-01 22:53:01.938099,2026-05-01 22:53:01.938099,4,8
7100,339,540,18,5,0,0,1,2,8,3,6,14,3,3,0,39,0,2026-05-01 22:53:01.938099,2026-05-01 22:53:01.938099,-10,27
7101,339,529,18,4,1,0,0,2,9,6,6,12,0,0,0,33,1,2026-05-01 22:53:01.938099,2026-05-01 22:53:01.938099,2,27
7102,339,542,34,16,2,1,5,7,6,2,8,17,17,16,1,39,3,2026-05-01 22:53:01.938099,2026-05-01 22:53:01.938099,4,27
7103,339,528,20,1,4,0,0,9,4,0,9,17,2,2,4,40,6,2026-05-01 22:53:01.938099,2026-05-01 22:53:01.938099,-10,27
7104,339,530,14,4,0,1,0,4,6,0,7,19,0,0,2,40,4,2026-05-01 22:53:01.938099,2026-05-01 22:53:01.938099,7,27
7105,339,531,12,2,1,0,0,3,3,2,5,7,1,0,2,20,3,2026-05-01 22:53:01.938099,2026-05-01 22:53:01.938099,-1,27
7106,339,535,0,3,2,1,0,1,0,0,0,1,0,0,0,13,1,2026-05-01 22:53:01.938099,2026-05-01 22:53:01.938099,-6,27
7107,339,533,10,1,1,0,0,0,6,0,3,10,4,4,0,17,2,2026-05-01 22:53:01.938099,2026-05-01 22:53:01.938099,-3,27
7108,339,525,8,0,1,1,0,1,3,2,3,4,0,0,1,16,1,2026-05-01 22:53:01.938099,2026-05-01 22:53:01.938099,2,27
7109,339,527,0,2,0,1,0,0,0,0,0,0,0,0,0,4,1,2026-05-01 22:53:01.938099,2026-05-01 22:53:01.938099,5,27
7110,340,84,3,4,0,1,0,1,3,1,1,4,0,0,1,24,3,2026-05-01 22:53:01.938099,2026-05-01 22:53:01.938099,-28,23
7111,340,78,20,4,1,2,0,4,5,3,7,14,4,3,3,28,3,2026-05-01 22:53:01.938099,2026-05-01 22:53:01.938099,-9,23
7112,340,74,4,1,2,1,0,2,2,0,2,5,0,0,1,18,1,2026-05-01 22:53:01.938099,2026-05-01 22:53:01.938099,-15,23
7113,340,75,19,3,3,2,1,1,8,2,7,18,4,3,3,35,1,2026-05-01 22:53:01.938099,2026-05-01 22:53:01.938099,-9,23
7114,340,82,23,0,1,1,0,1,5,2,8,17,7,5,2,33,2,2026-05-01 22:53:01.938099,2026-05-01 22:53:01.938099,-27,23
7115,340,80,0,3,0,0,0,1,2,0,0,4,0,0,1,17,2,2026-05-01 22:53:01.938099,2026-05-01 22:53:01.938099,-8,23
7116,340,72,10,1,3,0,0,2,0,0,5,5,0,0,1,23,0,2026-05-01 22:53:01.938099,2026-05-01 22:53:01.938099,-2,23
7117,340,70,8,2,0,0,1,2,1,0,3,6,2,2,2,29,4,2026-05-01 22:53:01.938099,2026-05-01 22:53:01.938099,-3,23
7118,340,555,2,3,0,0,0,1,2,0,1,3,0,0,0,8,0,2026-05-01 22:53:01.938099,2026-05-01 22:53:01.938099,6,23
7119,340,76,0,0,0,1,0,0,1,0,0,2,0,0,0,9,1,2026-05-01 22:53:01.938099,2026-05-01 22:53:01.938099,-13,23
7120,340,86,4,1,0,0,0,2,0,0,1,1,2,2,1,4,0,2026-05-01 22:53:01.938099,2026-05-01 22:53:01.938099,-4,23
7121,340,85,0,1,0,0,0,0,0,0,0,0,0,0,0,4,0,2026-05-01 22:53:01.938099,2026-05-01 22:53:01.938099,-4,23
7122,340,71,0,0,0,0,0,0,0,0,0,0,0,0,0,3,0,2026-05-01 22:53:01.938099,2026-05-01 22:53:01.938099,1,23
7123,340,245,14,0,5,3,1,2,0,0,7,11,0,0,4,24,2,2026-05-01 22:53:01.938099,2026-05-01 22:53:01.938099,27,9
7124,340,231,19,4,0,4,0,2,3,1,7,13,4,4,1,26,1,2026-05-01 22:53:01.938099,2026-05-01 22:53:01.938099,26,9
7125,340,229,16,5,2,0,0,3,0,0,5,8,7,6,1,30,1,2026-05-01 22:53:01.938099,2026-05-01 22:53:01.938099,15,9
7126,340,241,11,2,0,0,0,2,6,3,4,7,0,0,0,23,2,2026-05-01 22:53:01.938099,2026-05-01 22:53:01.938099,27,9
7127,340,234,16,1,3,1,1,14,5,2,4,11,7,6,1,31,0,2026-05-01 22:53:01.938099,2026-05-01 22:53:01.938099,25,9
7128,340,199,5,4,1,0,0,6,6,1,2,9,0,0,2,25,3,2026-05-01 22:53:01.938099,2026-05-01 22:53:01.938099,-4,9
7129,340,238,7,1,1,1,0,3,2,1,3,6,0,0,1,21,1,2026-05-01 22:53:01.938099,2026-05-01 22:53:01.938099,-3,9
7130,340,232,11,5,1,1,1,0,3,2,4,10,2,1,0,19,1,2026-05-01 22:53:01.938099,2026-05-01 22:53:01.938099,-1,9
7131,340,240,10,5,2,2,1,0,1,0,4,5,4,2,1,17,4,2026-05-01 22:53:01.938099,2026-05-01 22:53:01.938099,8,9
7132,340,242,5,1,1,0,0,1,1,1,2,4,0,0,0,11,0,2026-05-01 22:53:01.938099,2026-05-01 22:53:01.938099,5,9
7133,340,230,2,1,0,0,0,0,0,0,1,2,0,0,0,6,0,2026-05-01 22:53:01.938099,2026-05-01 22:53:01.938099,-9,9
7134,340,237,0,0,0,0,0,0,1,0,0,1,0,0,0,2,0,2026-05-01 22:53:01.938099,2026-05-01 22:53:01.938099,-1,9
7141,344,227,8,3,2,0,0,0,4,2,3,6,0,0,0,,1,2026-05-10 04:48:11.382497,2026-05-10 04:48:11.382497,-4,6
7142,344,219,9,1,0,3,3,4,4,1,4,10,0,0,2,,3,2026-05-10 04:48:11.382497,2026-05-10 04:48:11.382497,-6,6
7143,344,211,22,4,3,1,1,3,0,0,7,9,10,8,1,,5,2026-05-10 04:48:11.382497,2026-05-10 04:48:11.382497,-6,6
7144,344,218,31,5,1,2,0,3,9,2,11,24,9,7,2,,2,2026-05-10 04:48:11.382497,2026-05-10 04:48:11.382497,-2,6
7145,344,306,10,6,0,1,0,3,4,0,3,13,4,4,4,,3,2026-05-10 04:48:11.382497,2026-05-10 04:48:11.382497,-15,6
7146,344,226,7,3,2,0,0,1,2,0,3,7,2,1,0,,1,2026-05-10 04:48:11.382497,2026-05-10 04:48:11.382497,-3,6
7147,344,364,4,2,1,0,0,5,2,0,1,5,2,2,2,,2,2026-05-10 04:48:11.382497,2026-05-10 04:48:11.382497,-4,6
7148,344,223,3,3,0,0,2,1,6,1,1,6,0,0,0,,2,2026-05-10 04:48:11.382497,2026-05-10 04:48:11.382497,-9,6
7149,344,354,3,0,0,0,0,0,1,1,1,1,0,0,0,,0,2026-05-10 04:48:11.382497,2026-05-10 04:48:11.382497,-1,6
7150,344,245,10,4,3,2,0,2,0,0,5,8,2,0,0,,5,2026-05-10 04:48:11.382497,2026-05-10 04:48:11.382497,4,9
7151,344,231,21,6,1,2,2,0,3,2,9,16,2,1,1,,2,2026-05-10 04:48:11.382497,2026-05-10 04:48:11.382497,8,9
7152,344,229,8,8,2,0,0,1,0,0,2,7,6,4,2,,3,2026-05-10 04:48:11.382497,2026-05-10 04:48:11.382497,6,9
7153,344,241,17,3,0,3,0,3,9,5,6,12,0,0,1,,1,2026-05-10 04:48:11.382497,2026-05-10 04:48:11.382497,5,9
7154,344,228,25,3,0,1,2,10,6,3,7,14,8,8,5,,3,2026-05-10 04:48:11.382497,2026-05-10 04:48:11.382497,13,9
7155,344,234,14,4,2,0,0,4,5,2,6,14,0,0,1,,1,2026-05-10 04:48:11.382497,2026-05-10 04:48:11.382497,9,9
7156,344,244,2,0,2,0,0,0,0,0,1,1,0,0,0,,5,2026-05-10 04:48:11.382497,2026-05-10 04:48:11.382497,4,9
7157,344,232,2,1,1,1,1,0,2,0,0,3,2,2,0,,2,2026-05-10 04:48:11.382497,2026-05-10 04:48:11.382497,2,9
7158,344,238,8,1,1,0,0,1,3,2,3,5,0,0,0,,0,2026-05-10 04:48:11.382497,2026-05-10 04:48:11.382497,-1,9
7159,344,230,0,0,0,0,0,0,0,0,0,0,0,0,0,,0,2026-05-10 04:48:11.382497,2026-05-10 04:48:11.382497,0,9
7160,346,88,10,5,1,3,0,8,3,0,5,14,0,0,4,,2,2026-05-11 19:34:57.037521,2026-05-11 19:34:57.037521,-15,2
7161,346,93,15,2,1,0,1,4,1,0,6,13,3,3,2,,1,2026-05-11 19:34:57.037521,2026-05-11 19:34:57.037521,-13,2
7162,346,99,14,1,1,0,0,0,0,0,7,9,0,0,3,,4,2026-05-11 19:34:57.037521,2026-05-11 19:34:57.037521,-16,2
7163,346,89,15,4,1,0,1,4,4,1,6,17,2,2,3,,2,2026-05-11 19:34:57.037521,2026-05-11 19:34:57.037521,-15,2
7164,346,103,16,2,0,2,1,1,5,4,6,9,3,0,0,,2,2026-05-11 19:34:57.037521,2026-05-11 19:34:57.037521,-5,2
7165,346,101,7,0,1,0,0,5,3,1,2,8,2,2,2,,1,2026-05-11 19:34:57.037521,2026-05-11 19:34:57.037521,-7,2
7166,346,98,12,4,1,1,1,5,0,0,5,8,4,2,1,,2,2026-05-11 19:34:57.037521,2026-05-11 19:34:57.037521,-1,2
7167,346,95,10,6,0,0,0,4,3,2,2,4,4,4,0,,2,2026-05-11 19:34:57.037521,2026-05-11 19:34:57.037521,-8,2
7168,346,94,0,1,0,0,0,0,1,0,0,1,0,0,0,,0,2026-05-11 19:34:57.037521,2026-05-11 19:34:57.037521,0,2
7169,346,90,2,0,0,0,0,0,0,0,1,1,0,0,0,,0,2026-05-11 19:34:57.037521,2026-05-11 19:34:57.037521,2,2
7170,346,288,0,0,0,0,0,0,0,0,0,0,0,0,0,,0,2026-05-11 19:34:57.037521,2026-05-11 19:34:57.037521,2,2
7171,346,96,0,0,0,0,0,0,0,0,0,0,0,0,0,,0,2026-05-11 19:34:57.037521,2026-05-11 19:34:57.037521,2,2
7172,346,97,0,0,0,0,0,0,0,0,0,0,0,0,0,,0,2026-05-11 19:34:57.037521,2026-05-11 19:34:57.037521,2,2
7173,346,91,0,0,0,0,0,0,0,0,0,0,0,0,0,,0,2026-05-11 19:34:57.037521,2026-05-11 19:34:57.037521,2,2
7174,346,41,8,2,0,0,0,1,4,1,3,7,1,1,1,,1,2026-05-11 19:34:57.037521,2026-05-11 19:34:57.037521,9,28
7175,346,48,23,13,0,3,0,7,6,2,7,15,8,7,5,,3,2026-05-11 19:34:57.037521,2026-05-11 19:34:57.037521,13,28
7176,346,44,18,2,5,0,3,4,0,0,9,10,0,0,0,,4,2026-05-11 19:34:57.037521,2026-05-11 19:34:57.037521,30,28
7177,346,37,26,3,3,2,0,3,3,1,11,20,5,3,5,,2,2026-05-11 19:34:57.037521,2026-05-11 19:34:57.037521,13,28
7178,346,51,10,5,1,1,0,6,3,2,4,7,0,0,1,,1,2026-05-11 19:34:57.037521,2026-05-11 19:34:57.037521,20,28
7179,346,45,5,4,1,0,0,0,5,1,2,8,0,0,0,,2,2026-05-11 19:34:57.037521,2026-05-11 19:34:57.037521,0,28
7180,346,50,4,0,0,1,0,0,2,0,2,4,0,0,0,,0,2026-05-11 19:34:57.037521,2026-05-11 19:34:57.037521,-6,28
7181,346,43,17,1,0,3,0,3,3,1,7,12,2,2,1,,2,2026-05-11 19:34:57.037521,2026-05-11 19:34:57.037521,9,28
7182,346,208,4,2,2,0,0,1,2,0,2,5,0,0,2,,4,2026-05-11 19:34:57.037521,2026-05-11 19:34:57.037521,-14,28
7183,346,40,0,0,0,0,0,0,0,0,0,0,0,0,0,,0,2026-05-11 19:34:57.037521,2026-05-11 19:34:57.037521,-2,28
7184,346,39,0,0,0,0,0,0,0,0,0,0,0,0,0,,0,2026-05-11 19:34:57.037521,2026-05-11 19:34:57.037521,-2,28
7185,347,203,10,2,2,2,1,5,5,0,5,10,0,0,3,,4,2026-05-11 19:35:22.080277,2026-05-11 19:35:22.080277,-3,5
7186,347,133,17,6,4,0,0,2,5,2,7,14,1,1,3,,2,2026-05-11 19:35:22.080277,2026-05-11 19:35:22.080277,-10,5
7187,347,68,8,7,2,0,0,1,6,2,3,9,0,0,2,,0,2026-05-11 19:35:22.080277,2026-05-11 19:35:22.080277,-12,5
7188,347,399,18,5,4,3,0,1,6,3,5,15,6,5,5,,5,2026-05-11 19:35:22.080277,2026-05-11 19:35:22.080277,-10,5
7189,347,200,29,3,0,2,0,6,4,1,12,20,4,4,2,,3,2026-05-11 19:35:22.080277,2026-05-11 19:35:22.080277,-1,5
7190,347,125,10,4,0,0,0,2,4,1,4,8,2,1,2,,1,2026-05-11 19:35:22.080277,2026-05-11 19:35:22.080277,-4,5
7191,347,204,1,3,2,1,0,3,0,0,0,1,2,1,0,,3,2026-05-11 19:35:22.080277,2026-05-11 19:35:22.080277,2,5
7192,347,210,5,1,0,1,1,3,5,0,2,8,1,1,1,,3,2026-05-11 19:35:22.080277,2026-05-11 19:35:22.080277,-11,5
7193,347,201,3,1,0,0,0,2,2,1,1,2,0,0,0,,1,2026-05-11 19:35:22.080277,2026-05-11 19:35:22.080277,-1,5
7194,347,587,9,0,0,1,0,1,2,0,2,4,7,5,0,,1,2026-05-11 19:35:22.080277,2026-05-11 19:35:22.080277,0,5
7195,347,340,12,4,3,0,0,1,2,2,5,5,0,0,1,,1,2026-05-11 19:35:22.080277,2026-05-11 19:35:22.080277,0,24
7196,347,336,15,4,0,2,1,3,4,1,6,15,2,2,2,,2,2026-05-11 19:35:22.080277,2026-05-11 19:35:22.080277,10,24
7197,347,348,14,5,3,0,1,1,0,0,6,8,2,2,2,,1,2026-05-11 19:35:22.080277,2026-05-11 19:35:22.080277,7,24
7198,347,341,25,4,0,1,0,4,7,2,11,21,2,1,6,,4,2026-05-11 19:35:22.080277,2026-05-11 19:35:22.080277,8,24
7199,347,333,30,3,0,1,0,4,7,3,9,22,10,9,1,,5,2026-05-11 19:35:22.080277,2026-05-11 19:35:22.080277,3,24
7200,347,332,6,2,3,3,0,2,2,1,1,2,4,3,1,,5,2026-05-11 19:35:22.080277,2026-05-11 19:35:22.080277,1,24
7201,347,343,6,4,0,2,3,2,0,0,3,3,2,0,0,,2,2026-05-11 19:35:22.080277,2026-05-11 19:35:22.080277,3,24
7202,347,339,9,2,1,1,1,3,8,3,3,11,0,0,0,,0,2026-05-11 19:35:22.080277,2026-05-11 19:35:22.080277,13,24
7203,347,346,3,2,1,0,0,2,2,1,1,2,0,0,2,,2,2026-05-11 19:35:22.080277,2026-05-11 19:35:22.080277,5,24
7204,348,34,19,4,1,1,0,4,4,2,6,9,6,5,1,,4,2026-05-11 19:37:10.494626,2026-05-11 19:37:10.494626,10,3
7205,348,24,15,3,2,0,2,2,2,2,5,7,4,3,3,,4,2026-05-11 19:37:10.494626,2026-05-11 19:37:10.494626,8,3
7206,348,23,9,3,2,1,2,1,1,1,3,5,2,2,1,,1,2026-05-11 19:37:10.494626,2026-05-11 19:37:10.494626,7,3
7207,348,28,13,1,0,3,0,2,3,1,5,10,2,2,0,,2,2026-05-11 19:37:10.494626,2026-05-11 19:37:10.494626,13,3
7208,348,32,23,2,0,0,0,7,11,5,7,18,4,4,3,,0,2026-05-11 19:37:10.494626,2026-05-11 19:37:10.494626,6,3
7209,348,21,9,0,0,1,0,4,4,1,3,6,2,2,1,,3,2026-05-11 19:37:10.494626,2026-05-11 19:37:10.494626,0,3
7210,348,593,4,5,3,1,2,3,2,0,2,5,0,0,0,,2,2026-05-11 19:37:10.494626,2026-05-11 19:37:10.494626,3,3
7211,348,577,2,4,0,1,0,3,4,0,1,6,0,0,1,,1,2026-05-11 19:37:10.494626,2026-05-11 19:37:10.494626,-13,3
7212,348,42,15,0,1,2,3,1,5,1,6,11,3,2,1,,1,2026-05-11 19:37:10.494626,2026-05-11 19:37:10.494626,-2,3
7213,348,87,12,3,1,1,0,2,4,2,5,11,0,0,0,,1,2026-05-11 19:37:10.494626,2026-05-11 19:37:10.494626,-2,3
7214,348,450,20,8,0,0,2,2,5,2,7,11,6,4,4,,4,2026-05-11 19:37:10.494626,2026-05-11 19:37:10.494626,-5,30
7215,348,443,17,2,3,0,1,3,1,0,8,10,1,1,0,,3,2026-05-11 19:37:10.494626,2026-05-11 19:37:10.494626,-5,30
7216,348,563,17,9,7,3,0,1,0,0,8,16,5,1,4,,2,2026-05-11 19:37:10.494626,2026-05-11 19:37:10.494626,-12,30
7217,348,560,8,5,0,5,0,1,6,2,3,9,0,0,2,,2,2026-05-11 19:37:10.494626,2026-05-11 19:37:10.494626,-11,30
7218,348,438,13,3,0,0,0,3,2,1,6,8,0,0,4,,1,2026-05-11 19:37:10.494626,2026-05-11 19:37:10.494626,6,30
7219,348,447,30,3,1,0,0,6,7,3,9,16,12,9,4,,4,2026-05-11 19:37:10.494626,2026-05-11 19:37:10.494626,-7,30
7220,348,440,2,0,0,1,0,1,0,0,1,1,0,0,0,,0,2026-05-11 19:37:10.494626,2026-05-11 19:37:10.494626,1,30
7221,348,459,8,0,0,0,0,3,4,1,2,8,4,3,2,,2,2026-05-11 19:37:10.494626,2026-05-11 19:37:10.494626,3,30
7222,349,141,17,7,2,0,0,6,4,1,6,15,7,4,2,,0,2026-05-11 19:37:40.445811,2026-05-11 19:37:40.445811,8,17
7223,349,272,4,3,1,1,2,6,0,0,2,3,0,0,4,,2,2026-05-11 19:37:40.445811,2026-05-11 19:37:40.445811,-4,17
7224,349,280,19,7,4,2,2,0,4,1,6,13,7,6,0,,3,2026-05-11 19:37:40.445811,2026-05-11 19:37:40.445811,-3,17
7225,349,269,6,1,0,0,1,1,7,2,2,7,0,0,4,,2,2026-05-11 19:37:40.445811,2026-05-11 19:37:40.445811,0,17
7226,349,277,24,3,1,1,0,3,7,4,10,16,0,0,2,,1,2026-05-11 19:37:40.445811,2026-05-11 19:37:40.445811,0,17
7227,349,278,12,2,2,0,0,3,0,0,6,7,2,0,2,,5,2026-05-11 19:37:40.445811,2026-05-11 19:37:40.445811,19,17
7228,349,276,19,3,0,1,0,3,5,5,7,8,0,0,3,,2,2026-05-11 19:37:40.445811,2026-05-11 19:37:40.445811,20,17
7229,349,583,21,3,1,5,0,3,4,3,7,8,4,4,2,,1,2026-05-11 19:37:40.445811,2026-05-11 19:37:40.445811,19,17
7230,349,273,5,4,0,0,0,4,1,0,2,4,2,1,1,,3,2026-05-11 19:37:40.445811,2026-05-11 19:37:40.445811,23,17
7231,349,266,2,0,0,1,0,0,0,0,1,1,2,0,0,,0,2026-05-11 19:37:40.445811,2026-05-11 19:37:40.445811,0,17
7232,349,264,2,0,0,0,0,1,0,0,1,1,0,0,0,,0,2026-05-11 19:37:40.445811,2026-05-11 19:37:40.445811,-2,17
7233,349,169,33,5,5,4,1,10,6,2,9,19,16,13,4,,3,2026-05-11 19:37:40.445811,2026-05-11 19:37:40.445811,-8,15
7234,349,502,13,2,1,0,0,2,5,1,5,10,3,2,1,,2,2026-05-11 19:37:40.445811,2026-05-11 19:37:40.445811,-7,15
7235,349,181,11,3,1,4,0,0,4,3,3,4,2,2,0,,2,2026-05-11 19:37:40.445811,2026-05-11 19:37:40.445811,-4,15
7236,349,595,9,1,2,1,0,0,4,1,4,12,2,0,1,,4,2026-05-11 19:37:40.445811,2026-05-11 19:37:40.445811,-11,15
7237,349,176,20,1,2,0,0,4,6,4,6,11,4,4,3,,0,2026-05-11 19:37:40.445811,2026-05-11 19:37:40.445811,-15,15
7238,349,585,8,2,0,2,0,2,4,2,3,7,0,0,1,,6,2026-05-11 19:37:40.445811,2026-05-11 19:37:40.445811,-18,15
7239,349,594,16,3,0,1,0,2,10,3,6,19,1,1,1,,1,2026-05-11 19:37:40.445811,2026-05-11 19:37:40.445811,-9,15
7240,349,588,5,2,2,1,0,4,6,1,2,9,0,0,3,,3,2026-05-11 19:37:40.445811,2026-05-11 19:37:40.445811,-12,15
7241,349,574,0,4,2,0,0,1,1,0,0,1,0,0,0,,0,2026-05-11 19:37:40.445811,2026-05-11 19:37:40.445811,4,15
7242,350,223,4,7,0,0,0,5,9,1,1,10,2,1,0,,3,2026-05-11 19:42:06.757295,2026-05-11 19:42:06.757295,-8,6
7243,350,354,13,4,1,1,0,0,7,3,5,9,0,0,0,,2,2026-05-11 19:42:06.757295,2026-05-11 19:42:06.757295,8,6
7244,350,213,14,8,2,0,1,2,4,2,6,9,0,0,0,,2,2026-05-11 19:42:06.757295,2026-05-11 19:42:06.757295,4,6
7245,350,218,38,5,1,1,0,6,7,2,16,27,5,4,3,,3,2026-05-11 19:42:06.757295,2026-05-11 19:42:06.757295,8,6
7246,350,306,28,4,0,3,1,7,11,5,8,17,8,7,2,,3,2026-05-11 19:42:06.757295,2026-05-11 19:42:06.757295,12,6
7247,350,221,5,4,0,0,2,1,2,1,2,4,0,0,0,,1,2026-05-11 19:42:06.757295,2026-05-11 19:42:06.757295,10,6
7248,350,220,6,2,1,3,1,1,3,1,2,6,2,1,2,,1,2026-05-11 19:42:06.757295,2026-05-11 19:42:06.757295,5,6
7249,350,364,6,0,2,0,0,3,1,0,2,6,2,2,1,,1,2026-05-11 19:42:06.757295,2026-05-11 19:42:06.757295,12,6
7250,350,222,0,0,1,0,0,1,1,0,0,2,0,0,0,,1,2026-05-11 19:42:06.757295,2026-05-11 19:42:06.757295,-7,6
7251,350,224,3,3,1,0,1,0,2,1,1,2,0,0,1,,3,2026-05-11 19:42:06.757295,2026-05-11 19:42:06.757295,1,6
7252,350,251,15,3,2,2,0,4,4,1,5,14,5,4,3,,1,2026-05-11 19:42:06.757295,2026-05-11 19:42:06.757295,3,12
7253,350,569,19,5,1,2,0,2,7,5,7,11,0,0,3,,2,2026-05-11 19:42:06.757295,2026-05-11 19:42:06.757295,-2,12
7254,350,258,21,9,3,0,0,4,5,3,6,10,8,6,1,,1,2026-05-11 19:42:06.757295,2026-05-11 19:42:06.757295,-8,12
7255,350,261,5,0,1,0,0,1,6,0,1,12,4,3,0,,3,2026-05-11 19:42:06.757295,2026-05-11 19:42:06.757295,1,12
7256,350,302,11,3,4,1,0,5,7,3,3,10,2,2,1,,1,2026-05-11 19:42:06.757295,2026-05-11 19:42:06.757295,-16,12
7257,350,257,8,1,0,0,0,1,3,2,3,6,0,0,0,,2,2026-05-11 19:42:06.757295,2026-05-11 19:42:06.757295,-10,12
7258,350,252,2,0,0,0,0,5,4,0,1,7,0,0,0,,1,2026-05-11 19:42:06.757295,2026-05-11 19:42:06.757295,-12,12
7259,350,262,21,7,1,1,0,4,7,3,4,10,10,10,1,,2,2026-05-11 19:42:06.757295,2026-05-11 19:42:06.757295,0,12
7260,350,249,6,3,0,1,1,2,1,0,3,6,0,0,1,,2,2026-05-11 19:42:06.757295,2026-05-11 19:42:06.757295,-1,12
7261,351,509,32,4,2,2,0,1,8,3,10,24,11,9,1,,4,2026-05-11 19:44:14.519689,2026-05-11 19:44:14.519689,6,19
7262,351,524,17,6,1,0,1,2,0,0,5,11,9,7,1,,3,2026-05-11 19:44:14.519689,2026-05-11 19:44:14.519689,-1,19
7263,351,518,18,9,4,0,4,3,0,0,8,9,4,2,3,,4,2026-05-11 19:44:14.519689,2026-05-11 19:44:14.519689,1,19
7264,351,513,5,3,0,0,0,1,3,1,2,4,0,0,0,,1,2026-05-11 19:44:14.519689,2026-05-11 19:44:14.519689,8,19
7265,351,511,19,2,1,2,1,7,7,2,4,14,11,9,3,,4,2026-05-11 19:44:14.519689,2026-05-11 19:44:14.519689,0,19
7266,351,523,2,4,0,1,0,1,1,0,1,4,0,0,1,,4,2026-05-11 19:44:14.519689,2026-05-11 19:44:14.519689,-5,19
7267,351,521,3,5,0,1,1,1,4,1,1,6,0,0,1,,3,2026-05-11 19:44:14.519689,2026-05-11 19:44:14.519689,-19,19
7268,351,510,0,1,0,0,1,0,1,0,0,1,0,0,1,,1,2026-05-11 19:44:14.519689,2026-05-11 19:44:14.519689,-8,19
7269,351,507,5,2,0,1,0,0,1,1,2,4,0,0,1,,2,2026-05-11 19:44:14.519689,2026-05-11 19:44:14.519689,-4,19
7270,351,512,7,2,1,0,0,2,6,2,2,7,1,1,3,,1,2026-05-11 19:44:14.519689,2026-05-11 19:44:14.519689,2,19
7271,351,434,11,5,0,0,1,2,1,0,4,10,4,3,0,,1,2026-05-11 19:44:14.519689,2026-05-11 19:44:14.519689,10,22
7272,351,419,23,13,3,2,1,6,3,0,6,14,15,11,5,,3,2026-05-11 19:44:14.519689,2026-05-11 19:44:14.519689,-1,22
7273,351,424,13,3,2,0,0,1,1,0,6,7,4,1,1,,5,2026-05-11 19:44:14.519689,2026-05-11 19:44:14.519689,-5,22
7274,351,420,27,4,2,1,1,4,8,3,8,19,11,8,2,,3,2026-05-11 19:44:14.519689,2026-05-11 19:44:14.519689,8,22
7275,351,433,11,2,2,1,0,8,12,3,4,19,0,0,1,,4,2026-05-11 19:44:14.519689,2026-05-11 19:44:14.519689,-1,22
7276,351,426,2,2,1,1,0,2,2,0,1,4,0,0,2,,1,2026-05-11 19:44:14.519689,2026-05-11 19:44:14.519689,-13,22
7277,351,423,8,3,2,0,0,2,3,0,3,7,2,2,0,,2,2026-05-11 19:44:14.519689,2026-05-11 19:44:14.519689,11,22
7278,351,421,6,5,3,1,2,1,0,0,3,4,0,0,2,,3,2026-05-11 19:44:14.519689,2026-05-11 19:44:14.519689,9,22
7279,351,193,11,4,1,0,0,1,3,1,5,9,0,0,0,,1,2026-05-11 19:44:14.519689,2026-05-11 19:44:14.519689,2,22
7280,352,195,12,3,1,0,0,2,2,0,4,9,4,4,1,,3,2026-05-11 19:50:01.430948,2026-05-11 19:50:01.430948,-23,18
7281,352,134,26,5,3,0,0,4,5,1,9,16,9,7,5,,2,2026-05-11 19:50:01.430948,2026-05-11 19:50:01.430948,-17,18
7282,352,128,12,6,4,1,1,2,0,0,6,9,2,0,3,,0,2026-05-11 19:50:01.430948,2026-05-11 19:50:01.430948,-13,18
7283,352,124,6,1,0,2,0,3,8,2,2,9,0,0,2,,3,2026-05-11 19:50:01.430948,2026-05-11 19:50:01.430948,-11,18
7284,352,123,11,2,0,1,1,0,5,3,3,6,2,2,2,,3,2026-05-11 19:50:01.430948,2026-05-11 19:50:01.430948,-4,18
7285,352,135,6,4,3,0,1,1,4,0,3,14,0,0,1,,3,2026-05-11 19:50:01.430948,2026-05-11 19:50:01.430948,-12,18
7286,352,129,18,4,2,2,1,6,11,5,5,11,4,3,2,,1,2026-05-11 19:50:01.430948,2026-05-11 19:50:01.430948,-1,18
7287,352,174,2,1,0,1,0,3,0,0,1,3,0,0,0,,1,2026-05-11 19:50:01.430948,2026-05-11 19:50:01.430948,-11,18
7288,352,122,9,0,0,1,0,2,3,3,3,4,0,0,0,,2,2026-05-11 19:50:01.430948,2026-05-11 19:50:01.430948,2,18
7289,352,136,0,0,0,0,0,0,0,0,0,0,0,0,0,,0,2026-05-11 19:50:01.430948,2026-05-11 19:50:01.430948,6,18
7290,352,121,4,0,0,0,0,0,0,0,1,1,2,2,0,,0,2026-05-11 19:50:01.430948,2026-05-11 19:50:01.430948,6,18
7291,352,205,2,0,0,0,0,0,0,0,1,1,0,0,0,,0,2026-05-11 19:50:01.430948,2026-05-11 19:50:01.430948,6,18
7292,352,582,0,0,0,0,0,1,0,0,0,0,0,0,1,,0,2026-05-11 19:50:01.430948,2026-05-11 19:50:01.430948,2,18
7293,352,392,11,3,1,1,0,3,4,1,4,14,3,2,3,,4,2026-05-11 19:50:01.430948,2026-05-11 19:50:01.430948,6,4
7294,352,385,25,6,2,0,0,7,4,4,10,12,1,1,2,,1,2026-05-11 19:50:01.430948,2026-05-11 19:50:01.430948,16,4
7295,352,387,8,6,3,1,1,4,0,0,3,4,2,2,1,,5,2026-05-11 19:50:01.430948,2026-05-11 19:50:01.430948,9,4
7296,352,395,7,2,4,1,0,3,9,1,3,15,0,0,1,,0,2026-05-11 19:50:01.430948,2026-05-11 19:50:01.430948,22,4
7297,352,384,35,3,0,1,0,8,14,7,13,22,2,2,4,,2,2026-05-11 19:50:01.430948,2026-05-11 19:50:01.430948,15,4
7298,352,390,5,4,1,1,0,4,5,1,2,7,0,0,1,,1,2026-05-11 19:50:01.430948,2026-05-11 19:50:01.430948,8,4
7299,352,391,2,3,2,0,0,0,0,0,1,1,0,0,0,,2,2026-05-11 19:50:01.430948,2026-05-11 19:50:01.430948,-1,4
7300,352,401,8,3,1,2,1,1,3,2,2,3,2,2,0,,2,2026-05-11 19:50:01.430948,2026-05-11 19:50:01.430948,12,4
7301,352,209,17,0,0,0,0,1,5,3,5,11,5,4,3,,3,2026-05-11 19:50:01.430948,2026-05-11 19:50:01.430948,-5,4
7302,352,386,0,0,2,0,0,0,0,0,0,0,0,0,0,,0,2026-05-11 19:50:01.430948,2026-05-11 19:50:01.430948,-6,4
7303,352,388,0,0,0,0,0,0,1,0,0,1,0,0,0,,0,2026-05-11 19:50:01.430948,2026-05-11 19:50:01.430948,-4,4
7304,352,49,4,0,0,1,0,0,0,0,2,2,0,0,0,,0,2026-05-11 19:50:01.430948,2026-05-11 19:50:01.430948,-2,4
7305,353,152,15,1,1,0,0,7,2,1,5,9,4,4,1,,0,2026-05-11 19:51:20.037926,2026-05-11 19:51:20.037926,31,21
7306,353,145,21,6,1,0,4,1,5,4,8,11,2,1,1,,1,2026-05-11 19:51:20.037926,2026-05-11 19:51:20.037926,30,21
7307,353,144,10,6,2,0,1,3,0,0,4,5,2,2,1,,0,2026-05-11 19:51:20.037926,2026-05-11 19:51:20.037926,19,21
7308,353,142,13,4,0,1,1,2,5,3,5,7,0,0,1,,1,2026-05-11 19:51:20.037926,2026-05-11 19:51:20.037926,24,21
7309,353,143,20,4,0,1,0,7,3,2,7,10,5,4,3,,0,2026-05-11 19:51:20.037926,2026-05-11 19:51:20.037926,26,21
7310,353,150,16,5,0,2,0,1,5,4,6,10,0,0,0,,0,2026-05-11 19:51:20.037926,2026-05-11 19:51:20.037926,20,21
7311,353,153,6,3,0,0,0,3,4,2,2,5,0,0,0,,3,2026-05-11 19:51:20.037926,2026-05-11 19:51:20.037926,10,21
7312,353,146,9,1,1,1,0,1,4,2,3,5,1,1,2,,2,2026-05-11 19:51:20.037926,2026-05-11 19:51:20.037926,10,21
7313,353,147,7,1,0,1,0,7,4,1,3,9,0,0,2,,1,2026-05-11 19:51:20.037926,2026-05-11 19:51:20.037926,15,21
7314,353,140,5,4,0,1,0,0,3,1,2,4,0,0,1,,1,2026-05-11 19:51:20.037926,2026-05-11 19:51:20.037926,7,21
7315,353,83,3,1,0,1,0,2,4,1,1,4,0,0,1,,1,2026-05-11 19:51:20.037926,2026-05-11 19:51:20.037926,-1,21
7316,353,151,0,0,0,0,1,1,2,0,0,3,0,0,0,,1,2026-05-11 19:51:20.037926,2026-05-11 19:51:20.037926,-4,21
7317,353,154,8,1,0,0,0,1,2,2,3,3,0,0,1,,1,2026-05-11 19:51:20.037926,2026-05-11 19:51:20.037926,-4,21
7318,353,139,11,1,1,0,1,0,2,1,5,6,0,0,0,,0,2026-05-11 19:51:20.037926,2026-05-11 19:51:20.037926,-4,21
7319,353,149,2,0,2,0,0,4,0,0,0,1,2,2,1,,1,2026-05-11 19:51:20.037926,2026-05-11 19:51:20.037926,-4,21
7320,353,191,8,4,0,3,0,5,2,0,3,11,2,2,1,,1,2026-05-11 19:51:20.037926,2026-05-11 19:51:20.037926,-27,29
7321,353,190,4,3,1,0,0,2,0,0,2,4,2,0,2,,2,2026-05-11 19:51:20.037926,2026-05-11 19:51:20.037926,-39,29
7322,353,178,20,7,7,0,1,6,5,0,10,25,1,0,2,,4,2026-05-11 19:51:20.037926,2026-05-11 19:51:20.037926,-17,29
7323,353,175,14,3,1,1,2,2,6,2,6,14,0,0,3,,2,2026-05-11 19:51:20.037926,2026-05-11 19:51:20.037926,-47,29
7324,353,188,34,4,0,1,0,5,10,6,11,19,6,6,2,,2,2026-05-11 19:51:20.037926,2026-05-11 19:51:20.037926,-26,29
7325,353,185,17,3,1,1,0,1,14,5,6,16,0,0,3,,1,2026-05-11 19:51:20.037926,2026-05-11 19:51:20.037926,-2,29
7326,353,586,5,0,0,0,0,5,1,1,2,4,0,0,1,,1,2026-05-11 19:51:20.037926,2026-05-11 19:51:20.037926,-4,29
7327,353,497,9,5,4,5,0,3,1,0,3,7,4,3,2,,0,2026-05-11 19:51:20.037926,2026-05-11 19:51:20.037926,-13,29
7328,354,457,45,8,0,2,1,9,4,2,14,27,17,15,2,,2,2026-05-11 19:52:07.43383,2026-05-11 19:52:07.43383,11,7
7329,354,469,15,6,0,0,0,0,6,3,6,10,0,0,2,,2,2026-05-11 19:52:07.43383,2026-05-11 19:52:07.43383,-2,7
7330,354,458,7,4,3,2,2,0,0,0,2,4,4,3,0,,3,2026-05-11 19:52:07.43383,2026-05-11 19:52:07.43383,19,7
7331,354,453,8,1,0,2,0,2,6,2,2,6,2,2,1,,0,2026-05-11 19:52:07.43383,2026-05-11 19:52:07.43383,2,7
7332,354,463,13,6,0,2,0,7,2,0,5,9,6,3,2,,2,2026-05-11 19:52:07.43383,2026-05-11 19:52:07.43383,-5,7
7333,354,436,9,2,2,1,1,0,1,1,4,7,0,0,0,,1,2026-05-11 19:52:07.43383,2026-05-11 19:52:07.43383,-10,7
7334,354,470,13,2,0,2,0,5,1,0,4,7,7,5,0,,2,2026-05-11 19:52:07.43383,2026-05-11 19:52:07.43383,10,7
7335,354,468,11,0,0,0,0,2,6,3,4,8,0,0,0,,0,2026-05-11 19:52:07.43383,2026-05-11 19:52:07.43383,4,7
7336,354,446,8,1,1,0,0,0,3,2,3,5,0,0,0,,4,2026-05-11 19:52:07.43383,2026-05-11 19:52:07.43383,6,7
7337,354,567,5,0,0,0,0,0,3,1,2,4,0,0,0,,2,2026-05-11 19:52:07.43383,2026-05-11 19:52:07.43383,-1,7
7338,354,466,0,0,2,0,1,2,0,0,0,1,0,0,0,,4,2026-05-11 19:52:07.43383,2026-05-11 19:52:07.43383,-4,7
7339,354,320,30,9,0,1,0,15,6,1,12,22,9,5,4,,1,2026-05-11 19:52:07.43383,2026-05-11 19:52:07.43383,1,14
7340,354,317,21,5,2,1,0,1,5,3,9,13,0,0,0,,1,2026-05-11 19:52:07.43383,2026-05-11 19:52:07.43383,5,14
7341,354,315,13,2,2,0,1,1,0,0,5,9,4,3,0,,2,2026-05-11 19:52:07.43383,2026-05-11 19:52:07.43383,0,14
7342,354,323,14,4,1,2,0,1,5,1,3,11,8,7,2,,6,2026-05-11 19:52:07.43383,2026-05-11 19:52:07.43383,-3,14
7343,354,375,15,13,3,1,0,11,5,1,5,17,4,4,3,,3,2026-05-11 19:52:07.43383,2026-05-11 19:52:07.43383,8,14
7344,354,330,5,1,0,0,0,1,1,1,2,2,0,0,0,,0,2026-05-11 19:52:07.43383,2026-05-11 19:52:07.43383,-19,14
7345,354,318,23,1,3,0,0,2,0,0,8,10,8,7,3,,4,2026-05-11 19:52:07.43383,2026-05-11 19:52:07.43383,-5,14
7346,354,319,5,0,0,0,0,1,2,1,2,3,0,0,0,,3,2026-05-11 19:52:07.43383,2026-05-11 19:52:07.43383,-6,14
7347,354,551,0,1,0,0,0,0,1,0,0,1,0,0,0,,0,2026-05-11 19:52:07.43383,2026-05-11 19:52:07.43383,-14,14
7348,354,321,2,1,0,1,0,3,1,0,1,2,0,0,0,,2,2026-05-11 19:52:07.43383,2026-05-11 19:52:07.43383,4,14
7349,354,327,0,1,0,0,0,0,1,0,0,1,0,0,0,,1,2026-05-11 19:52:07.43383,2026-05-11 19:52:07.43383,-1,14
7350,355,353,9,0,0,0,1,0,1,1,4,5,0,0,1,,0,2026-05-11 19:52:56.402721,2026-05-11 19:52:56.402721,2,26
7351,355,349,8,2,3,0,0,0,0,0,3,6,6,2,1,,3,2026-05-11 19:52:56.402721,2026-05-11 19:52:56.402721,-22,26
7352,355,361,11,11,4,1,1,2,1,0,5,12,2,1,2,,1,2026-05-11 19:52:56.402721,2026-05-11 19:52:56.402721,-11,26
7353,355,352,18,4,1,1,1,5,7,2,8,16,0,0,3,,2,2026-05-11 19:52:56.402721,2026-05-11 19:52:56.402721,-19,26
7354,355,351,21,5,0,1,1,5,5,0,8,14,9,5,3,,4,2026-05-11 19:52:56.402721,2026-05-11 19:52:56.402721,-13,26
7355,355,360,15,1,1,1,0,3,9,3,5,13,3,2,1,,4,2026-05-11 19:52:56.402721,2026-05-11 19:52:56.402721,-16,26
7356,355,358,7,0,0,1,0,1,3,1,3,5,0,0,3,,0,2026-05-11 19:52:56.402721,2026-05-11 19:52:56.402721,-19,26
7357,355,558,2,1,1,2,0,4,2,0,1,3,0,0,3,,0,2026-05-11 19:52:56.402721,2026-05-11 19:52:56.402721,-18,26
7358,355,357,3,0,0,0,0,3,3,1,1,3,0,0,0,,0,2026-05-11 19:52:56.402721,2026-05-11 19:52:56.402721,-12,26
7359,355,350,15,6,2,2,4,2,1,1,7,8,0,0,3,,5,2026-05-11 19:52:56.402721,2026-05-11 19:52:56.402721,-17,26
7360,355,307,6,1,2,1,0,1,0,0,3,4,0,0,1,,0,2026-05-11 19:52:56.402721,2026-05-11 19:52:56.402721,21,13
7361,355,308,26,5,1,0,0,3,9,3,9,18,5,5,1,,1,2026-05-11 19:52:56.402721,2026-05-11 19:52:56.402721,26,13
7362,355,309,9,2,0,0,0,0,3,1,2,5,4,4,1,,2,2026-05-11 19:52:56.402721,2026-05-11 19:52:56.402721,15,13
7363,355,214,17,4,0,1,0,6,7,2,7,14,1,1,2,,4,2026-05-11 19:52:56.402721,2026-05-11 19:52:56.402721,10,13
7364,355,305,13,4,2,3,0,4,4,3,5,6,1,0,2,,2,2026-05-11 19:52:56.402721,2026-05-11 19:52:56.402721,16,13
7365,355,304,25,0,4,2,0,2,6,4,9,20,3,3,2,,3,2026-05-11 19:52:56.402721,2026-05-11 19:52:56.402721,15,13
7366,355,253,5,6,0,3,0,5,2,1,2,4,0,0,2,,0,2026-05-11 19:52:56.402721,2026-05-11 19:52:56.402721,15,13
7367,355,310,13,2,0,1,1,6,3,3,5,6,0,0,2,,2,2026-05-11 19:52:56.402721,2026-05-11 19:52:56.402721,21,13
7368,355,312,17,0,0,4,0,1,5,3,5,8,4,4,0,,4,2026-05-11 19:52:56.402721,2026-05-11 19:52:56.402721,14,13
7369,355,303,2,1,1,0,0,1,0,0,1,4,0,0,1,,1,2026-05-11 19:52:56.402721,2026-05-11 19:52:56.402721,2,13
7370,355,313,0,1,0,0,0,0,0,0,0,0,0,0,0,,1,2026-05-11 19:52:56.402721,2026-05-11 19:52:56.402721,-1,13
7371,355,568,5,1,0,0,0,1,0,0,1,1,3,3,0,,0,2026-05-11 19:52:56.402721,2026-05-11 19:52:56.402721,-1,13
7372,355,301,0,0,0,0,0,0,2,0,0,2,0,0,0,,0,2026-05-11 19:52:56.402721,2026-05-11 19:52:56.402721,-8,13
7373,356,297,15,4,0,2,0,1,8,2,5,15,4,3,3,,3,2026-05-11 19:53:15.468778,2026-05-11 19:53:15.468778,-3,10
7374,356,285,7,5,1,1,0,12,1,1,3,4,0,0,1,,5,2026-05-11 19:53:15.468778,2026-05-11 19:53:15.468778,6,10
7375,356,381,9,6,2,0,0,3,3,0,3,9,3,3,0,,6,2026-05-11 19:53:15.468778,2026-05-11 19:53:15.468778,-10,10
7376,356,291,6,1,0,0,1,4,4,2,2,4,0,0,1,,0,2026-05-11 19:53:15.468778,2026-05-11 19:53:15.468778,-7,10
7377,356,294,18,2,0,1,0,3,6,2,7,11,2,2,2,,0,2026-05-11 19:53:15.468778,2026-05-11 19:53:15.468778,-2,10
7378,356,283,6,0,0,1,0,0,3,1,1,3,3,3,1,,0,2026-05-11 19:53:15.468778,2026-05-11 19:53:15.468778,6,10
7379,356,293,14,1,2,0,0,2,3,0,6,11,2,2,0,,3,2026-05-11 19:53:15.468778,2026-05-11 19:53:15.468778,-3,10
7380,356,296,0,0,0,0,0,1,0,0,0,0,0,0,0,,0,2026-05-11 19:53:15.468778,2026-05-11 19:53:15.468778,-12,10
7381,356,580,5,3,1,0,2,1,0,0,2,2,1,1,1,,1,2026-05-11 19:53:15.468778,2026-05-11 19:53:15.468778,-2,10
7382,356,284,29,2,0,1,0,4,10,5,11,21,3,2,1,,1,2026-05-11 19:53:15.468778,2026-05-11 19:53:15.468778,12,10
7383,356,298,7,1,0,1,0,3,2,1,2,4,2,2,0,,0,2026-05-11 19:53:15.468778,2026-05-11 19:53:15.468778,10,10
7384,356,475,31,8,0,0,3,8,6,3,10,17,9,8,3,,3,2026-05-11 19:53:15.468778,2026-05-11 19:53:15.468778,-4,11
7385,356,484,23,9,0,0,0,1,7,5,9,12,0,0,2,,4,2026-05-11 19:53:15.468778,2026-05-11 19:53:15.468778,15,11
7386,356,482,24,3,3,0,2,7,5,1,10,19,3,3,2,,3,2026-05-11 19:53:15.468778,2026-05-11 19:53:15.468778,-1,11
7387,356,486,18,3,0,1,0,7,0,0,8,11,4,2,2,,2,2026-05-11 19:53:15.468778,2026-05-11 19:53:15.468778,2,11
7388,356,483,11,0,0,2,1,2,4,2,4,8,1,1,1,,0,2026-05-11 19:53:15.468778,2026-05-11 19:53:15.468778,10,11
7389,356,476,2,3,1,1,0,0,4,0,1,9,0,0,1,,2,2026-05-11 19:53:15.468778,2026-05-11 19:53:15.468778,-4,11
7390,356,472,0,1,1,0,0,0,0,0,0,0,0,0,0,,0,2026-05-11 19:53:15.468778,2026-05-11 19:53:15.468778,0,11
7391,356,479,6,1,1,0,1,4,3,2,2,3,0,0,1,,1,2026-05-11 19:53:15.468778,2026-05-11 19:53:15.468778,-4,11
7392,356,481,2,2,0,0,0,0,0,0,0,0,2,2,1,,1,2026-05-11 19:53:15.468778,2026-05-11 19:53:15.468778,-7,11
7393,356,485,0,0,2,0,0,1,0,0,0,1,0,0,0,,0,2026-05-11 19:53:15.468778,2026-05-11 19:53:15.468778,-2,11
7394,357,368,11,6,6,2,0,3,3,1,4,11,4,2,1,,6,2026-05-11 20:12:42.26095,2026-05-11 20:12:42.26095,1,1
7395,357,374,21,9,2,1,0,5,5,3,8,19,2,2,5,,0,2026-05-11 20:12:42.26095,2026-05-11 20:12:42.26095,3,1
7396,357,380,12,4,4,0,1,1,7,2,4,13,2,2,2,,2,2026-05-11 20:12:42.26095,2026-05-11 20:12:42.26095,10,1
7397,357,367,36,1,1,0,1,3,11,7,12,19,5,5,2,,1,2026-05-11 20:12:42.26095,2026-05-11 20:12:42.26095,-4,1
7398,357,378,17,2,1,2,2,6,8,3,7,19,0,0,2,,4,2026-05-11 20:12:42.26095,2026-05-11 20:12:42.26095,-4,1
7399,357,331,0,1,1,0,0,3,1,0,0,1,0,0,0,,0,2026-05-11 20:12:42.26095,2026-05-11 20:12:42.26095,0,1
7400,357,289,5,4,1,1,0,2,4,0,2,6,2,1,1,,1,2026-05-11 20:12:42.26095,2026-05-11 20:12:42.26095,-2,1
7401,357,246,0,1,1,0,0,0,0,0,0,2,0,0,1,,1,2026-05-11 20:12:42.26095,2026-05-11 20:12:42.26095,-2,1
7402,357,382,3,0,2,1,0,0,2,0,1,4,2,1,0,,2,2026-05-11 20:12:42.26095,2026-05-11 20:12:42.26095,-6,1
7403,357,372,0,1,0,0,0,0,1,0,0,1,0,0,0,,1,2026-05-11 20:12:42.26095,2026-05-11 20:12:42.26095,-11,1
7404,357,53,22,3,2,0,2,1,10,4,7,14,4,4,3,,1,2026-05-11 20:12:42.26095,2026-05-11 20:12:42.26095,10,20
7405,357,59,2,3,2,0,0,3,2,0,1,3,0,0,2,,3,2026-05-11 20:12:42.26095,2026-05-11 20:12:42.26095,-3,20
7406,357,67,21,11,1,2,1,6,4,2,9,12,1,1,3,,2,2026-05-11 20:12:42.26095,2026-05-11 20:12:42.26095,2,20
7407,357,54,15,2,3,2,1,2,2,0,7,13,2,1,0,,2,2026-05-11 20:12:42.26095,2026-05-11 20:12:42.26095,1,20
7408,357,55,30,3,0,2,0,13,8,3,11,26,7,5,3,,1,2026-05-11 20:12:42.26095,2026-05-11 20:12:42.26095,7,20
7409,357,63,6,2,0,1,0,2,5,2,2,6,0,0,1,,2,2026-05-11 20:12:42.26095,2026-05-11 20:12:42.26095,2,20
7410,357,65,8,8,4,2,3,1,0,0,4,6,0,0,0,,1,2026-05-11 20:12:42.26095,2026-05-11 20:12:42.26095,4,20
7411,357,66,1,1,0,0,0,1,1,0,0,2,2,1,0,,0,2026-05-11 20:12:42.26095,2026-05-11 20:12:42.26095,-4,20
7412,357,56,3,2,0,0,0,0,1,0,1,2,1,1,3,,2,2026-05-11 20:12:42.26095,2026-05-11 20:12:42.26095,-4,20
7413,358,426,12,4,0,1,0,1,4,1,5,10,2,1,4,,3,2026-05-11 20:13:04.711669,2026-05-11 20:13:04.711669,27,22
7414,358,419,31,4,1,3,0,3,2,1,10,16,10,10,2,,2,2026-05-11 20:13:04.711669,2026-05-11 20:13:04.711669,23,22
7415,358,424,12,2,1,1,0,3,2,1,2,4,8,7,1,,3,2026-05-11 20:13:04.711669,2026-05-11 20:13:04.711669,26,22
7416,358,420,25,3,0,2,3,1,7,4,9,17,5,3,1,,4,2026-05-11 20:13:04.711669,2026-05-11 20:13:04.711669,14,22
7417,358,433,12,5,1,3,1,12,3,2,4,9,2,2,1,,1,2026-05-11 20:13:04.711669,2026-05-11 20:13:04.711669,30,22
7418,358,423,3,2,0,0,0,1,1,1,1,1,2,0,0,,0,2026-05-11 20:13:04.711669,2026-05-11 20:13:04.711669,-2,22
7419,358,421,9,3,1,1,3,1,0,0,4,6,2,1,2,,3,2026-05-11 20:13:04.711669,2026-05-11 20:13:04.711669,-12,22
7420,358,193,0,3,1,3,1,3,2,0,0,3,0,0,1,,2,2026-05-11 20:13:04.711669,2026-05-11 20:13:04.711669,-5,22
7421,358,422,14,0,1,2,0,2,4,1,4,11,7,5,2,,0,2026-05-11 20:13:04.711669,2026-05-11 20:13:04.711669,-14,22
7422,358,435,2,1,0,0,1,1,0,0,1,1,0,0,0,,1,2026-05-11 20:13:04.711669,2026-05-11 20:13:04.711669,2,22
7423,358,431,3,1,0,0,0,0,0,0,1,1,2,1,0,,0,2026-05-11 20:13:04.711669,2026-05-11 20:13:04.711669,-9,22
7424,358,425,0,1,0,0,0,0,0,0,0,0,0,0,0,,0,2026-05-11 20:13:04.711669,2026-05-11 20:13:04.711669,0,22
7425,358,584,0,0,0,0,0,0,0,0,0,1,0,0,0,,0,2026-05-11 20:13:04.711669,2026-05-11 20:13:04.711669,0,22
7426,358,430,0,0,0,0,0,0,1,0,0,1,0,0,0,,0,2026-05-11 20:13:04.711669,2026-05-11 20:13:04.711669,0,22
7427,358,245,8,2,1,0,3,6,0,0,4,5,0,0,1,,2,2026-05-11 20:13:04.711669,2026-05-11 20:13:04.711669,-18,9
7428,358,240,9,3,3,0,1,2,2,1,4,7,0,0,1,,4,2026-05-11 20:13:04.711669,2026-05-11 20:13:04.711669,-24,9
7429,358,229,18,8,1,1,0,4,0,0,7,9,7,4,4,,3,2026-05-11 20:13:04.711669,2026-05-11 20:13:04.711669,-18,9
7430,358,199,17,3,0,4,0,5,7,3,7,14,0,0,4,,2,2026-05-11 20:13:04.711669,2026-05-11 20:13:04.711669,-13,9
7431,358,234,18,1,1,1,0,7,3,1,6,11,5,5,5,,3,2026-05-11 20:13:04.711669,2026-05-11 20:13:04.711669,-18,9
7432,358,232,5,0,0,1,1,0,3,1,2,6,0,0,1,,3,2026-05-11 20:13:04.711669,2026-05-11 20:13:04.711669,0,9
7433,358,242,5,2,0,0,0,4,3,1,2,8,0,0,2,,1,2026-05-11 20:13:04.711669,2026-05-11 20:13:04.711669,6,9
7434,358,243,8,2,1,0,0,1,0,0,3,5,4,2,0,,3,2026-05-11 20:13:04.711669,2026-05-11 20:13:04.711669,8,9
7435,358,230,17,5,1,3,2,2,8,3,6,13,3,2,1,,2,2026-05-11 20:13:04.711669,2026-05-11 20:13:04.711669,5,9
7436,358,237,2,1,0,0,0,1,4,0,1,7,0,0,0,,1,2026-05-11 20:13:04.711669,2026-05-11 20:13:04.711669,-8,9
7437,359,540,9,3,1,1,0,4,4,1,4,9,0,0,0,,1,2026-05-11 20:14:18.386519,2026-05-11 20:14:18.386519,2,27
7438,359,529,7,7,2,0,0,2,4,1,3,6,0,0,0,,1,2026-05-11 20:14:18.386519,2026-05-11 20:14:18.386519,12,27
7439,359,542,17,5,0,0,3,1,3,1,7,11,4,2,2,,2,2026-05-11 20:14:18.386519,2026-05-11 20:14:18.386519,7,27
7440,359,528,19,10,0,2,0,13,2,1,6,13,6,6,2,,4,2026-05-11 20:14:18.386519,2026-05-11 20:14:18.386519,9,27
7441,359,530,13,0,0,2,1,4,5,1,6,12,2,0,3,,2,2026-05-11 20:14:18.386519,2026-05-11 20:14:18.386519,15,27
7442,359,531,17,3,0,0,0,4,3,3,7,11,0,0,0,,1,2026-05-11 20:14:18.386519,2026-05-11 20:14:18.386519,7,27
7443,359,533,13,5,4,2,1,1,5,1,4,14,6,4,1,,1,2026-05-11 20:14:18.386519,2026-05-11 20:14:18.386519,5,27
7444,359,535,10,2,1,0,0,1,0,0,4,6,2,2,0,,4,2026-05-11 20:14:18.386519,2026-05-11 20:14:18.386519,7,27
7445,359,527,5,2,0,0,0,1,2,1,1,2,2,2,1,,3,2026-05-11 20:14:18.386519,2026-05-11 20:14:18.386519,-5,27
7446,359,525,2,0,1,0,0,0,2,0,1,3,0,0,0,,3,2026-05-11 20:14:18.386519,2026-05-11 20:14:18.386519,4,27
7447,359,541,3,1,0,1,0,0,2,1,1,2,0,0,0,,1,2026-05-11 20:14:18.386519,2026-05-11 20:14:18.386519,2,27
7448,359,84,5,6,2,1,0,0,3,0,2,7,1,1,1,,5,2026-05-11 20:14:18.386519,2026-05-11 20:14:18.386519,-11,23
7449,359,78,16,4,0,2,0,4,5,4,5,15,4,2,1,,4,2026-05-11 20:14:18.386519,2026-05-11 20:14:18.386519,-6,23
7450,359,77,34,7,5,0,4,1,6,2,8,19,19,16,4,,3,2026-05-11 20:14:18.386519,2026-05-11 20:14:18.386519,-7,23
7451,359,75,14,6,2,1,1,3,7,2,6,15,0,0,1,,3,2026-05-11 20:14:18.386519,2026-05-11 20:14:18.386519,-8,23
7452,359,82,15,2,1,0,0,8,4,1,6,16,2,2,4,,2,2026-05-11 20:14:18.386519,2026-05-11 20:14:18.386519,-15,23
7453,359,74,5,1,2,0,0,1,1,0,2,4,1,1,0,,0,2026-05-11 20:14:18.386519,2026-05-11 20:14:18.386519,-6,23
7454,359,80,5,2,0,0,0,0,4,1,2,7,0,0,0,,3,2026-05-11 20:14:18.386519,2026-05-11 20:14:18.386519,-7,23
7455,359,70,6,3,5,2,0,0,0,0,2,3,2,2,0,,1,2026-05-11 20:14:18.386519,2026-05-11 20:14:18.386519,0,23
7456,359,76,2,0,0,1,0,0,1,0,1,2,0,0,0,,0,2026-05-11 20:14:18.386519,2026-05-11 20:14:18.386519,-5,23
7457,360,491,12,4,1,1,2,3,3,2,5,6,0,0,0,,1,2026-05-11 21:53:26.969109,2026-05-11 21:53:26.969109,19,15
7458,360,493,11,5,0,1,2,3,3,1,3,9,4,4,1,,0,2026-05-11 21:53:26.969109,2026-05-11 21:53:26.969109,0,15
7459,360,502,24,2,1,1,0,0,5,4,10,12,1,0,2,,3,2026-05-11 21:53:26.969109,2026-05-11 21:53:26.969109,4,15
7460,360,504,9,1,0,0,0,9,3,2,3,5,1,1,1,,3,2026-05-11 21:53:26.969109,2026-05-11 21:53:26.969109,1,15
7461,360,588,17,3,2,3,0,4,12,5,5,15,2,2,1,,6,2026-05-11 21:53:26.969109,2026-05-11 21:53:26.969109,-13,15
7462,360,585,20,4,2,1,0,0,11,6,7,14,0,0,0,,5,2026-05-11 21:53:26.969109,2026-05-11 21:53:26.969109,-25,15
7463,360,595,3,1,1,0,0,1,5,1,1,8,2,0,1,,5,2026-05-11 21:53:26.969109,2026-05-11 21:53:26.969109,-14,15
7464,360,594,20,3,0,0,0,1,12,6,7,15,0,0,4,,2,2026-05-11 21:53:26.969109,2026-05-11 21:53:26.969109,-33,15
7465,360,176,10,0,1,0,0,11,5,2,4,10,0,0,3,,2,2026-05-11 21:53:26.969109,2026-05-11 21:53:26.969109,-19,15
7466,360,354,19,3,0,1,0,8,5,3,7,11,3,2,0,,3,2026-05-11 21:53:26.969109,2026-05-11 21:53:26.969109,15,6
7467,360,219,24,4,2,0,0,4,2,1,9,11,8,5,3,,2,2026-05-11 21:53:26.969109,2026-05-11 21:53:26.969109,-2,6
7468,360,211,13,7,2,1,2,1,0,0,5,7,5,3,2,,0,2026-05-11 21:53:26.969109,2026-05-11 21:53:26.969109,11,6
7469,360,217,21,2,0,3,0,2,11,4,7,16,4,3,0,,0,2026-05-11 21:53:26.969109,2026-05-11 21:53:26.969109,-5,6
7470,360,364,22,4,1,0,0,11,2,1,8,12,6,5,3,,1,2026-05-11 21:53:26.969109,2026-05-11 21:53:26.969109,16,6
7471,360,221,11,5,3,2,2,6,3,1,4,7,2,2,0,,0,2026-05-11 21:53:26.969109,2026-05-11 21:53:26.969109,2,6
7472,360,220,10,2,1,1,0,1,2,0,5,8,2,0,1,,2,2026-05-11 21:53:26.969109,2026-05-11 21:53:26.969109,3,6
7473,360,222,10,2,0,3,0,1,4,1,2,8,6,5,1,,1,2026-05-11 21:53:26.969109,2026-05-11 21:53:26.969109,2,6
7474,360,224,10,5,4,1,1,2,2,1,4,7,1,1,2,,2,2026-05-11 21:53:26.969109,2026-05-11 21:53:26.969109,12,6
7475,360,547,2,1,0,0,0,0,1,0,1,2,0,0,0,,0,2026-05-11 21:53:26.969109,2026-05-11 21:53:26.969109,18,6
7476,360,592,0,0,0,0,0,0,0,0,0,0,0,0,0,,0,2026-05-11 21:53:26.969109,2026-05-11 21:53:26.969109,4,6
7477,360,566,0,0,0,0,0,0,0,0,0,0,0,0,0,,0,2026-05-11 21:53:26.969109,2026-05-11 21:53:26.969109,4,6
7478,361,110,17,4,2,0,0,7,3,1,6,9,5,4,2,,5,2026-05-11 21:53:52.60563,2026-05-11 21:53:52.60563,25,8
7479,361,107,23,7,2,0,0,5,9,4,8,14,4,3,0,,2,2026-05-11 21:53:52.60563,2026-05-11 21:53:52.60563,5,8
7480,361,111,35,7,7,5,2,13,5,1,15,31,4,4,6,,2,2026-05-11 21:53:52.60563,2026-05-11 21:53:52.60563,5,8
7481,361,105,8,5,1,3,0,1,3,0,4,7,0,0,0,,2,2026-05-11 21:53:52.60563,2026-05-11 21:53:52.60563,10,8
7482,361,114,20,1,0,0,2,7,7,3,7,15,3,3,1,,4,2026-05-11 21:53:52.60563,2026-05-11 21:53:52.60563,11,8
7483,361,108,3,0,1,1,1,1,5,1,1,7,0,0,1,,4,2026-05-11 21:53:52.60563,2026-05-11 21:53:52.60563,-24,8
7484,361,106,6,3,2,0,0,2,2,0,1,6,4,4,2,,5,2026-05-11 21:53:52.60563,2026-05-11 21:53:52.60563,-3,8
7485,361,117,11,0,0,1,0,0,2,1,4,5,2,2,0,,1,2026-05-11 21:53:52.60563,2026-05-11 21:53:52.60563,-4,8
7486,361,119,14,1,2,0,0,1,2,1,6,7,2,1,0,,1,2026-05-11 21:53:52.60563,2026-05-11 21:53:52.60563,0,8
7487,361,156,26,4,0,1,1,7,6,1,6,15,14,13,4,,3,2026-05-11 21:53:52.60563,2026-05-11 21:53:52.60563,-15,25
7488,361,157,30,4,1,1,0,0,13,8,10,16,2,2,1,,6,2026-05-11 21:53:52.60563,2026-05-11 21:53:52.60563,2,25
7489,361,159,18,6,6,0,2,0,6,3,6,13,4,3,1,,0,2026-05-11 21:53:52.60563,2026-05-11 21:53:52.60563,-5,25
7490,361,164,19,6,0,0,0,11,12,5,7,19,0,0,0,,2,2026-05-11 21:53:52.60563,2026-05-11 21:53:52.60563,-1,25
7491,361,163,18,2,1,1,1,3,8,4,6,14,2,2,1,,4,2026-05-11 21:53:52.60563,2026-05-11 21:53:52.60563,-15,25
7492,361,167,1,1,0,0,0,2,0,0,0,0,2,1,2,,4,2026-05-11 21:53:52.60563,2026-05-11 21:53:52.60563,2,25
7493,361,171,14,1,0,5,1,3,6,4,5,7,0,0,5,,1,2026-05-11 21:53:52.60563,2026-05-11 21:53:52.60563,8,25
7494,361,173,6,4,2,0,0,3,0,0,2,4,4,2,1,,3,2026-05-11 21:53:52.60563,2026-05-11 21:53:52.60563,0,25
7495,361,158,0,0,1,0,0,0,1,0,0,1,0,0,0,,1,2026-05-11 21:53:52.60563,2026-05-11 21:53:52.60563,-1,25
7496,362,560,3,5,0,1,0,0,3,1,1,4,0,0,1,,5,2026-05-11 21:57:02.671067,2026-05-11 21:57:02.671067,-31,30
7497,362,443,8,1,0,1,1,0,2,2,3,4,2,0,0,,3,2026-05-11 21:57:02.671067,2026-05-11 21:57:02.671067,-13,30
7498,362,563,17,6,5,3,2,4,0,0,8,14,4,1,4,,3,2026-05-11 21:57:02.671067,2026-05-11 21:57:02.671067,-15,30
7499,362,441,19,2,1,0,2,1,3,2,7,10,6,3,1,,1,2026-05-11 21:57:02.671067,2026-05-11 21:57:02.671067,-22,30
7500,362,438,14,4,0,0,0,7,8,2,5,12,2,2,5,,1,2026-05-11 21:57:02.671067,2026-05-11 21:57:02.671067,-20,30
7501,362,440,17,1,0,0,0,4,5,2,6,10,3,3,5,,1,2026-05-11 21:57:02.671067,2026-05-11 21:57:02.671067,-22,30
7502,362,439,5,7,1,1,2,2,5,1,2,9,0,0,1,,2,2026-05-11 21:57:02.671067,2026-05-11 21:57:02.671067,-14,30
7503,362,447,2,6,0,2,0,3,5,0,1,13,0,0,2,,2,2026-05-11 21:57:02.671067,2026-05-11 21:57:02.671067,-14,30
7504,362,450,13,6,1,0,0,1,7,1,4,10,4,4,2,,1,2026-05-11 21:57:02.671067,2026-05-11 21:57:02.671067,-4,30
7505,362,203,11,4,0,1,0,2,3,1,4,7,2,2,0,,1,2026-05-11 21:57:02.671067,2026-05-11 21:57:02.671067,15,5
7506,362,133,13,8,0,0,2,1,6,1,5,11,3,2,0,,2,2026-05-11 21:57:02.671067,2026-05-11 21:57:02.671067,20,5
7507,362,68,9,5,1,0,1,1,5,1,3,9,2,2,1,,3,2026-05-11 21:57:02.671067,2026-05-11 21:57:02.671067,14,5
7508,362,399,15,5,4,4,0,7,8,1,5,16,4,4,3,,4,2026-05-11 21:57:02.671067,2026-05-11 21:57:02.671067,21,5
7509,362,200,20,1,1,1,0,9,3,0,8,15,4,4,2,,1,2026-05-11 21:57:02.671067,2026-05-11 21:57:02.671067,15,5
7510,362,210,20,7,0,3,1,6,6,4,6,8,4,4,3,,0,2026-05-11 21:57:02.671067,2026-05-11 21:57:02.671067,25,5
7511,362,125,26,7,0,2,0,2,8,5,9,15,4,3,4,,4,2026-05-11 21:57:02.671067,2026-05-11 21:57:02.671067,24,5
7512,362,204,7,4,3,1,3,2,1,0,3,6,4,1,0,,2,2026-05-11 21:57:02.671067,2026-05-11 21:57:02.671067,17,5
7513,362,201,3,2,0,1,0,2,2,1,1,2,0,0,0,,2,2026-05-11 21:57:02.671067,2026-05-11 21:57:02.671067,6,5
7514,362,587,5,0,0,1,0,3,3,1,2,5,0,0,0,,3,2026-05-11 21:57:02.671067,2026-05-11 21:57:02.671067,-2,5
7515,363,261,17,3,1,0,0,1,3,1,4,8,10,8,2,,1,2026-05-11 21:57:30.131011,2026-05-11 21:57:30.131011,-28,12
7516,363,302,2,4,1,0,0,1,1,0,1,2,0,0,1,,2,2026-05-11 21:57:30.131011,2026-05-11 21:57:30.131011,-10,12
7517,363,249,12,4,0,0,0,3,3,2,5,9,0,0,2,,3,2026-05-11 21:57:30.131011,2026-05-11 21:57:30.131011,-20,12
7518,363,263,11,6,0,3,0,5,6,1,4,12,2,2,5,,0,2026-05-11 21:57:30.131011,2026-05-11 21:57:30.131011,-19,12
7519,363,251,9,1,0,1,0,4,1,0,2,7,6,5,1,,4,2026-05-11 21:57:30.131011,2026-05-11 21:57:30.131011,-17,12
7520,363,569,14,2,0,1,1,0,2,1,6,7,2,1,2,,2,2026-05-11 21:57:30.131011,2026-05-11 21:57:30.131011,0,12
7521,363,262,14,3,0,1,0,2,3,1,4,13,5,5,2,,1,2026-05-11 21:57:30.131011,2026-05-11 21:57:30.131011,-9,12
7522,363,258,11,3,0,1,0,2,3,1,3,5,6,4,3,,2,2026-05-11 21:57:30.131011,2026-05-11 21:57:30.131011,0,12
7523,363,252,9,1,1,1,0,4,2,1,4,7,0,0,1,,1,2026-05-11 21:57:30.131011,2026-05-11 21:57:30.131011,-3,12
7524,363,257,5,2,2,3,0,2,2,1,2,3,0,0,3,,0,2026-05-11 21:57:30.131011,2026-05-11 21:57:30.131011,6,12
7525,363,195,24,4,1,3,0,1,5,1,10,17,3,3,5,,2,2026-05-11 21:57:30.131011,2026-05-11 21:57:30.131011,22,18
7526,363,134,19,1,1,0,0,4,7,3,5,13,6,6,1,,0,2026-05-11 21:57:30.131011,2026-05-11 21:57:30.131011,19,18
7527,363,128,5,10,2,1,2,3,0,0,2,5,1,1,2,,3,2026-05-11 21:57:30.131011,2026-05-11 21:57:30.131011,7,18
7528,363,124,11,4,2,1,0,4,10,3,4,12,0,0,1,,2,2026-05-11 21:57:30.131011,2026-05-11 21:57:30.131011,15,18
7529,363,123,8,0,2,3,0,3,4,2,3,6,0,0,3,,3,2026-05-11 21:57:30.131011,2026-05-11 21:57:30.131011,15,18
7530,363,135,17,1,1,2,0,1,5,3,7,10,0,0,2,,4,2026-05-11 21:57:30.131011,2026-05-11 21:57:30.131011,19,18
7531,363,129,19,4,0,1,0,7,7,4,5,9,6,5,0,,3,2026-05-11 21:57:30.131011,2026-05-11 21:57:30.131011,15,18
7532,363,174,6,3,0,1,1,4,0,0,3,5,0,0,0,,1,2026-05-11 21:57:30.131011,2026-05-11 21:57:30.131011,10,18
7533,363,122,11,0,1,4,0,0,3,1,5,9,0,0,0,,2,2026-05-11 21:57:30.131011,2026-05-11 21:57:30.131011,3,18
7534,363,582,0,0,0,0,0,0,0,0,0,0,0,0,0,,0,2026-05-11 21:57:30.131011,2026-05-11 21:57:30.131011,-5,18
7535,363,136,2,1,0,0,0,0,0,0,1,2,0,0,1,,0,2026-05-11 21:57:30.131011,2026-05-11 21:57:30.131011,-5,18
7536,363,121,2,1,0,0,1,0,0,0,1,1,0,0,2,,0,2026-05-11 21:57:30.131011,2026-05-11 21:57:30.131011,-5,18
7537,363,127,0,0,0,0,0,0,0,0,0,0,0,0,0,,0,2026-05-11 21:57:30.131011,2026-05-11 21:57:30.131011,-5,18
7538,363,205,0,0,0,0,0,0,0,0,0,0,0,0,1,,2,2026-05-11 21:57:30.131011,2026-05-11 21:57:30.131011,-5,18
7539,364,577,11,4,1,1,0,4,1,1,4,5,2,2,1,,1,2026-05-11 21:57:51.152609,2026-05-11 21:57:51.152609,2,3
7540,364,24,21,4,0,1,0,1,3,2,7,9,5,5,0,,0,2026-05-11 21:57:51.152609,2026-05-11 21:57:51.152609,2,3
7541,364,593,8,4,1,4,1,2,3,2,3,7,0,0,2,,3,2026-05-11 21:57:51.152609,2026-05-11 21:57:51.152609,-1,3
7542,364,28,11,4,0,2,1,1,6,1,4,16,2,2,1,,1,2026-05-11 21:57:51.152609,2026-05-11 21:57:51.152609,-2,3
7543,364,29,19,5,0,2,1,2,2,0,5,13,10,9,3,,1,2026-05-11 21:57:51.152609,2026-05-11 21:57:51.152609,-7,3
7544,364,21,9,5,0,0,0,3,7,1,4,13,0,0,0,,3,2026-05-11 21:57:51.152609,2026-05-11 21:57:51.152609,1,3
7545,364,34,7,1,0,0,0,2,2,0,2,7,4,3,1,,2,2026-05-11 21:57:51.152609,2026-05-11 21:57:51.152609,6,3
7546,364,23,5,1,1,0,0,1,1,1,2,3,0,0,0,,2,2026-05-11 21:57:51.152609,2026-05-11 21:57:51.152609,16,3
7547,364,32,5,1,0,1,1,2,1,1,2,2,0,0,2,,0,2026-05-11 21:57:51.152609,2026-05-11 21:57:51.152609,13,3
7548,364,276,16,10,1,0,1,4,12,4,6,15,0,0,3,,1,2026-05-11 21:57:51.152609,2026-05-11 21:57:51.152609,1,17
7549,364,273,8,1,1,2,1,6,4,1,3,8,2,1,1,,2,2026-05-11 21:57:51.152609,2026-05-11 21:57:51.152609,-13,17
7550,364,278,12,5,3,1,1,6,0,0,6,9,0,0,2,,4,2026-05-11 21:57:51.152609,2026-05-11 21:57:51.152609,7,17
7551,364,269,20,4,2,1,0,1,12,6,6,13,2,2,1,,1,2026-05-11 21:57:51.152609,2026-05-11 21:57:51.152609,-4,17
7552,364,141,10,6,1,1,1,3,5,0,5,12,0,0,7,,2,2026-05-11 21:57:51.152609,2026-05-11 21:57:51.152609,-5,17
7553,364,271,3,2,0,1,1,2,2,0,1,3,2,1,3,,3,2026-05-11 21:57:51.152609,2026-05-11 21:57:51.152609,0,17
7554,364,583,14,5,0,0,0,2,6,3,5,12,2,1,2,,6,2026-05-11 21:57:51.152609,2026-05-11 21:57:51.152609,-5,17
7555,364,270,7,2,1,0,2,1,4,1,3,9,0,0,0,,1,2026-05-11 21:57:51.152609,2026-05-11 21:57:51.152609,-11,17
7556,365,93,23,6,0,2,0,3,5,3,9,16,2,2,3,,3,2026-05-11 21:58:40.452121,2026-05-11 21:58:40.452121,11,28
7557,365,88,25,6,2,1,1,5,2,2,10,16,4,3,1,,1,2026-05-11 21:58:40.452121,2026-05-11 21:58:40.452121,7,28
7558,365,99,17,3,3,2,1,3,0,0,8,13,3,1,1,,2,2026-05-11 21:58:40.452121,2026-05-11 21:58:40.452121,4,28
7559,365,89,16,4,4,0,1,2,3,0,7,16,3,2,2,,2,2026-05-11 21:58:40.452121,2026-05-11 21:58:40.452121,16,28
7560,365,100,3,3,1,2,0,4,2,1,1,3,0,0,0,,3,2026-05-11 21:58:40.452121,2026-05-11 21:58:40.452121,2,28
7561,365,101,3,1,0,0,0,11,3,1,1,4,0,0,3,,2,2026-05-11 21:58:40.452121,2026-05-11 21:58:40.452121,27,28
7562,365,98,6,7,1,1,2,1,0,0,3,7,0,0,0,,1,2026-05-11 21:58:40.452121,2026-05-11 21:58:40.452121,17,28
7563,365,103,9,5,2,0,0,3,8,3,3,8,0,0,0,,4,2026-05-11 21:58:40.452121,2026-05-11 21:58:40.452121,18,28
7564,365,95,11,4,1,0,0,1,4,2,4,9,2,1,1,,0,2026-05-11 21:58:40.452121,2026-05-11 21:58:40.452121,23,28
7565,365,90,4,0,0,0,0,1,1,0,2,3,0,0,0,,0,2026-05-11 21:58:40.452121,2026-05-11 21:58:40.452121,1,28
7566,365,288,0,0,0,0,0,0,0,0,0,0,0,0,0,,1,2026-05-11 21:58:40.452121,2026-05-11 21:58:40.452121,1,28
7567,365,97,0,1,0,0,0,0,0,0,0,0,0,0,0,,0,2026-05-11 21:58:40.452121,2026-05-11 21:58:40.452121,1,28
7568,365,91,4,0,1,0,0,0,0,0,1,2,2,2,1,,0,2026-05-11 21:58:40.452121,2026-05-11 21:58:40.452121,1,28
7569,365,94,0,1,0,1,0,0,0,0,0,2,0,0,0,,0,2026-05-11 21:58:40.452121,2026-05-11 21:58:40.452121,1,28
7570,365,417,24,3,2,0,0,1,7,4,8,13,5,4,3,,3,2026-05-11 21:58:40.452121,2026-05-11 21:58:40.452121,-24,16
7571,365,411,7,3,0,0,0,1,4,1,2,9,2,2,3,,4,2026-05-11 21:58:40.452121,2026-05-11 21:58:40.452121,-13,16
7572,365,402,7,8,1,1,0,3,7,1,2,13,2,2,0,,0,2026-05-11 21:58:40.452121,2026-05-11 21:58:40.452121,-13,16
7573,365,406,14,5,0,0,0,6,4,1,5,8,4,3,1,,2,2026-05-11 21:58:40.452121,2026-05-11 21:58:40.452121,-12,16
7574,365,412,9,0,1,0,0,6,5,1,4,11,0,0,1,,3,2026-05-11 21:58:40.452121,2026-05-11 21:58:40.452121,-25,16
7575,365,416,5,6,2,1,1,2,2,1,2,6,0,0,0,,0,2026-05-11 21:58:40.452121,2026-05-11 21:58:40.452121,-9,16
7576,365,408,8,4,2,0,0,3,4,0,4,12,0,0,3,,0,2026-05-11 21:58:40.452121,2026-05-11 21:58:40.452121,-12,16
7577,365,413,14,2,1,0,0,0,7,2,4,12,4,4,2,,1,2026-05-11 21:58:40.452121,2026-05-11 21:58:40.452121,-19,16
7578,365,407,0,1,0,0,0,3,2,0,0,3,0,0,0,,0,2026-05-11 21:58:40.452121,2026-05-11 21:58:40.452121,1,16
7579,365,557,0,0,0,0,0,0,1,0,0,1,0,0,0,,0,2026-05-11 21:58:40.452121,2026-05-11 21:58:40.452121,-1,16
7580,365,404,0,1,0,0,0,1,0,0,0,1,0,0,1,,2,2026-05-11 21:58:40.452121,2026-05-11 21:58:40.452121,-1,16
7581,365,405,0,0,1,0,1,0,0,0,0,0,0,0,1,,0,2026-05-11 21:58:40.452121,2026-05-11 21:58:40.452121,-1,16
7582,365,409,7,1,0,1,1,0,1,1,2,2,2,2,0,,0,2026-05-11 21:58:40.452121,2026-05-11 21:58:40.452121,-1,16
7583,366,41,5,3,2,0,0,3,5,1,2,7,0,0,0,,0,2026-05-11 21:59:03.664511,2026-05-11 21:59:03.664511,4,2
7584,366,48,23,5,0,1,0,4,7,3,8,15,5,4,2,,3,2026-05-11 21:59:03.664511,2026-05-11 21:59:03.664511,12,2
7585,366,44,12,0,5,0,1,3,0,0,6,7,0,0,0,,3,2026-05-11 21:59:03.664511,2026-05-11 21:59:03.664511,10,2
7586,366,37,35,9,0,1,1,3,10,3,13,29,7,6,5,,2,2026-05-11 21:59:03.664511,2026-05-11 21:59:03.664511,9,2
7587,366,51,12,1,1,1,0,3,5,4,4,5,0,0,1,,0,2026-05-11 21:59:03.664511,2026-05-11 21:59:03.664511,18,2
7588,366,208,2,6,1,2,0,2,5,0,1,10,0,0,1,,1,2026-05-11 21:59:03.664511,2026-05-11 21:59:03.664511,1,2
7589,366,43,12,2,2,0,0,3,7,4,4,8,0,0,2,,2,2026-05-11 21:59:03.664511,2026-05-11 21:59:03.664511,5,2
7590,366,50,9,5,1,1,0,0,1,1,4,4,0,0,1,,0,2026-05-11 21:59:03.664511,2026-05-11 21:59:03.664511,-3,2
7591,366,45,3,1,1,0,0,1,2,1,1,2,0,0,0,,2,2026-05-11 21:59:03.664511,2026-05-11 21:59:03.664511,-1,2
7592,366,392,13,2,3,0,0,5,8,3,5,16,0,0,3,,2,2026-05-11 21:59:03.664511,2026-05-11 21:59:03.664511,-18,4
7593,366,385,13,8,4,0,0,4,4,1,5,9,4,2,1,,2,2026-05-11 21:59:03.664511,2026-05-11 21:59:03.664511,-4,4
7594,366,387,2,2,3,1,0,5,0,0,1,3,0,0,2,,2,2026-05-11 21:59:03.664511,2026-05-11 21:59:03.664511,-18,4
7595,366,395,20,0,0,0,0,2,8,2,8,16,2,2,0,,2,2026-05-11 21:59:03.664511,2026-05-11 21:59:03.664511,-1,4
7596,366,384,36,4,1,1,0,6,15,6,12,24,6,6,4,,4,2026-05-11 21:59:03.664511,2026-05-11 21:59:03.664511,-1,4
7597,366,390,2,4,1,3,0,2,4,0,1,7,1,0,1,,1,2026-05-11 21:59:03.664511,2026-05-11 21:59:03.664511,-1,4
7598,366,391,4,2,1,0,1,0,0,0,2,2,0,0,0,,0,2026-05-11 21:59:03.664511,2026-05-11 21:59:03.664511,7,4
7599,366,401,9,2,0,0,2,0,7,3,3,8,0,0,1,,3,2026-05-11 21:59:03.664511,2026-05-11 21:59:03.664511,-13,4
7600,366,388,3,1,1,0,0,0,2,1,1,2,0,0,0,,0,2026-05-11 21:59:03.664511,2026-05-11 21:59:03.664511,-9,4
7601,366,386,0,1,0,0,0,0,1,0,0,1,0,0,0,,0,2026-05-11 21:59:03.664511,2026-05-11 21:59:03.664511,3,4
7607,368,521,20,3,1,2,0,2,3,2,9,13,0,0,3,,3,2026-05-11 22:01:01.845444,2026-05-11 22:01:01.845444,21,19
7608,368,523,17,11,1,3,2,7,0,0,6,9,6,5,7,,2,2026-05-11 22:01:01.845444,2026-05-11 22:01:01.845444,17,19
7609,368,515,7,10,2,2,1,6,2,1,2,4,2,2,0,,2,2026-05-11 22:01:01.845444,2026-05-11 22:01:01.845444,30,19
7610,368,522,34,2,0,1,1,4,16,7,12,23,4,3,2,,3,2026-05-11 22:01:01.845444,2026-05-11 22:01:01.845444,18,19
7611,368,511,40,3,2,3,0,6,7,1,17,29,5,5,2,,2,2026-05-11 22:01:01.845444,2026-05-11 22:01:01.845444,30,19
7612,368,596,9,3,2,0,0,1,0,0,4,7,2,1,1,,4,2026-05-11 22:01:01.845444,2026-05-11 22:01:01.845444,-1,19
7613,368,510,2,0,0,0,0,0,1,0,0,2,2,2,0,,1,2026-05-11 22:01:01.845444,2026-05-11 22:01:01.845444,-8,19
7614,368,512,25,4,2,3,1,4,5,3,11,16,0,0,1,,0,2026-05-11 22:01:01.845444,2026-05-11 22:01:01.845444,0,19
7615,368,507,2,2,0,1,0,2,0,0,0,3,2,2,0,,1,2026-05-11 22:01:01.845444,2026-05-11 22:01:01.845444,-12,19
7616,368,191,19,4,0,0,0,5,5,0,8,17,4,3,3,,2,2026-05-11 22:01:01.845444,2026-05-11 22:01:01.845444,-20,29
7617,368,190,12,5,2,2,0,0,0,0,6,10,0,0,2,,4,2026-05-11 22:01:01.845444,2026-05-11 22:01:01.845444,-5,29
7618,368,178,9,6,0,0,0,5,4,1,3,9,2,2,1,,4,2026-05-11 22:01:01.845444,2026-05-11 22:01:01.845444,-12,29
7619,368,576,26,2,1,5,0,3,4,1,12,18,2,1,2,,2,2026-05-11 22:01:01.845444,2026-05-11 22:01:01.845444,-19,29
7620,368,188,18,3,0,0,0,4,8,2,6,17,4,4,3,,4,2026-05-11 22:01:01.845444,2026-05-11 22:01:01.845444,-34,29
7621,368,586,31,5,2,2,0,8,3,2,11,18,8,7,3,,0,2026-05-11 22:01:01.845444,2026-05-11 22:01:01.845444,-19,29
7622,368,497,12,5,5,2,1,10,3,2,4,8,2,2,1,,2,2026-05-11 22:01:01.845444,2026-05-11 22:01:01.845444,0,29
7623,368,554,10,1,0,1,0,3,5,2,3,7,2,2,1,,0,2026-05-11 22:01:01.845444,2026-05-11 22:01:01.845444,14,29
7624,369,298,14,1,1,1,0,3,8,3,5,16,2,1,3,,2,2026-05-11 22:01:29.978346,2026-05-11 22:01:29.978346,-5,10
7625,369,290,2,2,3,0,2,3,0,0,1,5,0,0,3,,3,2026-05-11 22:01:29.978346,2026-05-11 22:01:29.978346,-15,10
7626,369,285,1,6,0,1,1,7,3,0,0,3,2,1,3,,3,2026-05-11 22:01:29.978346,2026-05-11 22:01:29.978346,0,10
7627,369,291,21,3,1,1,0,5,6,4,7,12,5,3,1,,0,2026-05-11 22:01:29.978346,2026-05-11 22:01:29.978346,-1,10
7628,369,294,20,1,0,1,0,3,6,4,5,11,6,6,2,,2,2026-05-11 22:01:29.978346,2026-05-11 22:01:29.978346,8,10
7629,369,580,14,8,4,2,2,0,0,0,7,12,0,0,0,,2,2026-05-11 22:01:29.978346,2026-05-11 22:01:29.978346,9,10
7630,369,283,9,0,0,0,0,1,3,2,2,4,4,3,1,,3,2026-05-11 22:01:29.978346,2026-05-11 22:01:29.978346,16,10
7631,369,293,12,1,3,3,0,3,1,0,5,7,2,2,1,,0,2026-05-11 22:01:29.978346,2026-05-11 22:01:29.978346,7,10
7632,369,284,17,4,1,1,0,2,11,4,5,12,3,3,3,,0,2026-05-11 22:01:29.978346,2026-05-11 22:01:29.978346,0,10
7633,369,360,11,0,1,0,1,1,6,3,4,7,0,0,0,,2,2026-05-11 22:01:29.978346,2026-05-11 22:01:29.978346,-12,26
7634,369,349,13,4,2,0,1,4,2,0,6,14,2,1,2,,0,2026-05-11 22:01:29.978346,2026-05-11 22:01:29.978346,3,26
7635,369,361,17,5,2,0,0,1,1,0,7,14,3,3,2,,0,2026-05-11 22:01:29.978346,2026-05-11 22:01:29.978346,-4,26
7636,369,352,12,4,2,2,0,2,4,1,4,14,4,3,2,,4,2026-05-11 22:01:29.978346,2026-05-11 22:01:29.978346,0,26
7637,369,351,6,3,0,1,0,5,0,0,3,5,2,0,1,,3,2026-05-11 22:01:29.978346,2026-05-11 22:01:29.978346,-7,26
7638,369,358,4,1,0,1,0,1,1,0,2,3,0,0,2,,1,2026-05-11 22:01:29.978346,2026-05-11 22:01:29.978346,-2,26
7639,369,558,18,4,0,4,0,4,7,3,6,13,4,3,3,,3,2026-05-11 22:01:29.978346,2026-05-11 22:01:29.978346,0,26
7640,369,350,8,4,5,0,3,2,0,0,4,4,0,0,0,,6,2026-05-11 22:01:29.978346,2026-05-11 22:01:29.978346,1,26
7641,369,357,16,3,1,1,1,2,10,4,5,13,2,2,2,,2,2026-05-11 22:01:29.978346,2026-05-11 22:01:29.978346,-4,26
7642,370,329,11,2,1,0,0,2,4,2,4,9,2,1,3,,3,2026-05-11 22:01:56.898341,2026-05-11 22:01:56.898341,-26,14
7643,370,317,15,4,1,0,1,1,1,1,7,10,3,0,2,,1,2026-05-11 22:01:56.898341,2026-05-11 22:01:56.898341,-24,14
7644,370,315,3,2,1,0,1,0,0,0,1,4,2,1,1,,2,2026-05-11 22:01:56.898341,2026-05-11 22:01:56.898341,-26,14
7645,370,323,2,6,1,2,1,1,4,0,1,7,2,0,2,,2,2026-05-11 22:01:56.898341,2026-05-11 22:01:56.898341,-19,14
7646,370,375,10,2,0,1,0,9,2,0,4,7,3,2,0,,0,2026-05-11 22:01:56.898341,2026-05-11 22:01:56.898341,-23,14
7647,370,328,10,3,1,1,0,2,2,1,2,4,10,5,2,,0,2026-05-11 22:01:56.898341,2026-05-11 22:01:56.898341,-15,14
7648,370,330,3,1,1,1,0,1,1,1,1,1,3,0,1,,1,2026-05-11 22:01:56.898341,2026-05-11 22:01:56.898341,-4,14
7649,370,319,4,1,1,1,0,2,5,0,2,9,0,0,1,,0,2026-05-11 22:01:56.898341,2026-05-11 22:01:56.898341,-25,14
7650,370,551,9,3,0,0,0,4,2,2,2,6,4,3,1,,1,2026-05-11 22:01:56.898341,2026-05-11 22:01:56.898341,0,14
7651,370,321,2,1,0,0,0,1,1,0,1,2,0,0,1,,0,2026-05-11 22:01:56.898341,2026-05-11 22:01:56.898341,-5,14
7652,370,322,5,3,1,0,0,0,2,1,2,6,0,0,3,,1,2026-05-11 22:01:56.898341,2026-05-11 22:01:56.898341,-3,14
7653,370,324,2,2,0,1,0,1,0,0,1,2,0,0,0,,0,2026-05-11 22:01:56.898341,2026-05-11 22:01:56.898341,-5,14
7654,370,327,11,0,0,0,0,2,2,1,4,6,2,2,0,,1,2026-05-11 22:01:56.898341,2026-05-11 22:01:56.898341,-5,14
7655,370,142,8,1,0,4,0,2,5,2,3,6,0,0,1,,1,2026-05-11 22:01:56.898341,2026-05-11 22:01:56.898341,28,21
7656,370,145,15,9,1,2,2,0,3,1,6,10,3,2,2,,3,2026-05-11 22:01:56.898341,2026-05-11 22:01:56.898341,30,21
7657,370,144,0,4,1,1,0,2,0,0,0,1,0,0,1,,1,2026-05-11 22:01:56.898341,2026-05-11 22:01:56.898341,-3,21
7658,370,147,9,1,2,1,0,3,3,1,3,9,2,2,0,,1,2026-05-11 22:01:56.898341,2026-05-11 22:01:56.898341,7,21
7659,370,143,25,0,1,2,0,8,2,2,10,15,3,3,3,,2,2026-05-11 22:01:56.898341,2026-05-11 22:01:56.898341,32,21
7660,370,150,5,0,2,3,0,3,2,1,1,4,2,2,0,,4,2026-05-11 22:01:56.898341,2026-05-11 22:01:56.898341,27,21
7661,370,146,18,2,0,0,0,0,9,6,6,9,0,0,1,,1,2026-05-11 22:01:56.898341,2026-05-11 22:01:56.898341,31,21
7662,370,153,0,5,0,0,0,3,0,0,0,0,0,0,0,,0,2026-05-11 22:01:56.898341,2026-05-11 22:01:56.898341,14,21
7663,370,140,6,1,0,0,0,2,3,2,2,3,0,0,2,,0,2026-05-11 22:01:56.898341,2026-05-11 22:01:56.898341,0,21
7664,370,83,15,2,0,0,0,1,4,3,5,8,2,2,1,,3,2026-05-11 22:01:56.898341,2026-05-11 22:01:56.898341,7,21
7665,370,151,10,2,0,1,0,0,4,2,4,7,0,0,1,,2,2026-05-11 22:01:56.898341,2026-05-11 22:01:56.898341,4,21
7666,370,154,2,4,1,0,0,1,3,0,1,7,0,0,0,,0,2026-05-11 22:01:56.898341,2026-05-11 22:01:56.898341,5,21
7667,370,149,0,1,0,1,0,3,1,0,0,4,0,0,0,,1,2026-05-11 22:01:56.898341,2026-05-11 22:01:56.898341,0,21
7668,370,139,8,2,0,0,0,1,2,1,3,4,2,1,0,,1,2026-05-11 22:01:56.898341,2026-05-11 22:01:56.898341,-1,21
7669,370,138,2,2,2,0,0,0,0,0,1,2,0,0,0,,1,2026-05-11 22:01:56.898341,2026-05-11 22:01:56.898341,-1,21
7670,371,308,34,3,1,1,0,3,10,6,11,19,9,6,3,,0,2026-05-11 22:02:17.590432,2026-05-11 22:02:17.590432,11,13
7671,371,307,11,5,5,0,1,2,2,1,4,10,2,2,0,,3,2026-05-11 22:02:17.590432,2026-05-11 22:02:17.590432,10,13
7672,371,309,9,8,3,0,4,3,3,1,4,8,1,0,1,,3,2026-05-11 22:02:17.590432,2026-05-11 22:02:17.590432,10,13
7673,371,305,2,7,0,2,0,3,1,0,1,4,0,0,2,,1,2026-05-11 22:02:17.590432,2026-05-11 22:02:17.590432,18,13
7674,371,214,22,1,0,1,1,4,6,2,9,18,2,2,2,,4,2026-05-11 22:02:17.590432,2026-05-11 22:02:17.590432,22,13
7675,371,253,9,6,0,1,0,3,2,0,1,8,8,7,3,,1,2026-05-11 22:02:17.590432,2026-05-11 22:02:17.590432,-1,13
7676,371,310,4,2,0,0,0,1,0,0,1,1,2,2,0,,2,2026-05-11 22:02:17.590432,2026-05-11 22:02:17.590432,-1,13
7677,371,304,12,5,2,0,2,1,5,1,5,11,4,1,3,,0,2026-05-11 22:02:17.590432,2026-05-11 22:02:17.590432,-5,13
7678,371,312,11,5,0,1,1,2,7,3,4,8,0,0,0,,2,2026-05-11 22:02:17.590432,2026-05-11 22:02:17.590432,13,13
7679,371,303,0,0,0,0,0,0,0,0,0,1,0,0,0,,0,2026-05-11 22:02:17.590432,2026-05-11 22:02:17.590432,-3,13
7680,371,568,2,0,1,0,0,0,0,0,1,2,0,0,0,,1,2026-05-11 22:02:17.590432,2026-05-11 22:02:17.590432,-3,13
7681,371,571,0,1,0,0,0,1,1,0,0,2,0,0,0,,1,2026-05-11 22:02:17.590432,2026-05-11 22:02:17.590432,-3,13
7682,371,313,0,1,0,0,0,0,0,0,0,0,0,0,0,,0,2026-05-11 22:02:17.590432,2026-05-11 22:02:17.590432,-3,13
7683,371,457,25,6,3,0,1,2,3,1,9,25,6,6,1,,2,2026-05-11 22:02:17.590432,2026-05-11 22:02:17.590432,-14,7
7684,371,446,2,1,1,0,0,3,1,0,1,5,0,0,2,,0,2026-05-11 22:02:17.590432,2026-05-11 22:02:17.590432,-18,7
7685,371,466,4,4,4,0,0,1,0,0,0,0,4,4,1,,4,2026-05-11 22:02:17.590432,2026-05-11 22:02:17.590432,-8,7
7686,371,453,12,5,0,1,0,1,5,0,1,8,10,10,1,,0,2026-05-11 22:02:17.590432,2026-05-11 22:02:17.590432,-12,7
7687,371,463,6,2,0,3,0,0,1,0,3,10,0,0,1,,3,2026-05-11 22:02:17.590432,2026-05-11 22:02:17.590432,-13,7
7688,371,468,11,2,1,0,3,2,10,1,4,17,2,2,1,,2,2026-05-11 22:02:17.590432,2026-05-11 22:02:17.590432,1,7
7689,371,436,21,5,4,1,2,1,1,1,8,11,4,4,0,,2,2026-05-11 22:02:17.590432,2026-05-11 22:02:17.590432,-8,7
7690,371,465,12,6,0,2,0,7,2,0,6,12,0,0,1,,4,2026-05-11 22:02:17.590432,2026-05-11 22:02:17.590432,5,7
7691,371,575,6,1,1,1,0,1,4,2,2,4,0,0,0,,2,2026-05-11 22:02:17.590432,2026-05-11 22:02:17.590432,-1,7
7692,371,567,3,6,0,1,1,0,5,1,1,6,0,0,0,,1,2026-05-11 22:02:17.590432,2026-05-11 22:02:17.590432,5,7
7693,371,444,1,1,1,0,0,0,1,0,0,2,2,1,0,,0,2026-05-11 22:02:17.590432,2026-05-11 22:02:17.590432,-2,7
7694,372,340,11,2,2,2,0,2,6,3,4,7,0,0,1,,2,2026-05-11 22:02:42.591635,2026-05-11 22:02:42.591635,6,24
7695,372,336,10,3,0,1,0,1,7,1,3,12,4,3,2,,3,2026-05-11 22:02:42.591635,2026-05-11 22:02:42.591635,4,24
7696,372,348,19,4,4,3,0,0,0,0,7,9,6,5,1,,4,2026-05-11 22:02:42.591635,2026-05-11 22:02:42.591635,10,24
7697,372,341,15,3,0,0,4,1,4,0,5,14,7,5,3,,3,2026-05-11 22:02:42.591635,2026-05-11 22:02:42.591635,-5,24
7698,372,333,31,4,0,0,0,8,6,2,7,16,16,15,3,,1,2026-05-11 22:02:42.591635,2026-05-11 22:02:42.591635,2,24
7699,372,332,8,2,2,1,1,2,2,0,1,4,6,6,4,,3,2026-05-11 22:02:42.591635,2026-05-11 22:02:42.591635,-18,24
7700,372,343,8,4,1,1,1,1,0,0,4,6,0,0,2,,3,2026-05-11 22:02:42.591635,2026-05-11 22:02:42.591635,-22,24
7701,372,339,0,1,0,2,0,0,2,0,0,2,0,0,2,,0,2026-05-11 22:02:42.591635,2026-05-11 22:02:42.591635,-16,24
7702,372,346,3,1,1,0,1,0,4,1,1,4,0,0,0,,1,2026-05-11 22:02:42.591635,2026-05-11 22:02:42.591635,-21,24
7703,372,345,0,0,0,0,0,0,0,0,0,0,0,0,0,,0,2026-05-11 22:02:42.591635,2026-05-11 22:02:42.591635,-2,24
7704,372,334,0,0,0,0,0,0,0,0,0,1,0,0,0,,0,2026-05-11 22:02:42.591635,2026-05-11 22:02:42.591635,-2,24
7705,372,337,0,0,0,0,0,0,0,0,0,0,0,0,0,,0,2026-05-11 22:02:42.591635,2026-05-11 22:02:42.591635,-2,24
7706,372,335,0,0,0,0,0,0,0,0,0,0,0,0,0,,0,2026-05-11 22:02:42.591635,2026-05-11 22:02:42.591635,-2,24
7707,372,338,0,0,0,0,0,0,0,0,0,0,0,0,0,,0,2026-05-11 22:02:42.591635,2026-05-11 22:02:42.591635,-2,24
7708,372,475,24,3,1,0,0,3,9,5,8,20,3,3,2,,3,2026-05-11 22:02:42.591635,2026-05-11 22:02:42.591635,-7,11
7709,372,484,20,5,1,0,1,1,13,5,6,18,3,3,0,,4,2026-05-11 22:02:42.591635,2026-05-11 22:02:42.591635,11,11
7710,372,482,12,7,7,0,0,6,1,0,5,15,2,2,6,,4,2026-05-11 22:02:42.591635,2026-05-11 22:02:42.591635,4,11
7711,372,486,22,5,6,3,1,8,1,0,10,16,2,2,4,,4,2026-05-11 22:02:42.591635,2026-05-11 22:02:42.591635,2,11
7712,372,483,12,4,1,1,0,1,6,2,5,9,0,0,1,,3,2026-05-11 22:02:42.591635,2026-05-11 22:02:42.591635,0,11
7713,372,481,1,1,2,0,0,2,2,0,0,3,2,1,0,,1,2026-05-11 22:02:42.591635,2026-05-11 22:02:42.591635,-5,11
7714,372,472,2,2,1,0,1,0,0,0,1,5,0,0,1,,3,2026-05-11 22:02:42.591635,2026-05-11 22:02:42.591635,-2,11
7715,372,476,12,3,4,3,0,2,2,0,5,7,2,2,1,,3,2026-05-11 22:02:42.591635,2026-05-11 22:02:42.591635,29,11
7716,372,479,12,0,0,1,0,0,4,2,4,6,2,2,1,,3,2026-05-11 22:02:42.591635,2026-05-11 22:02:42.591635,27,11
7717,372,485,2,1,1,0,0,3,0,0,1,1,0,0,1,,2,2026-05-11 22:02:42.591635,2026-05-11 22:02:42.591635,11,11
7718,373,434,17,0,0,0,1,2,2,1,7,13,2,2,2,,1,2026-05-11 22:12:56.174015,2026-05-11 22:12:56.174015,20,22
7719,373,419,20,8,0,1,0,6,1,1,8,11,5,3,2,,0,2026-05-11 22:12:56.174015,2026-05-11 22:12:56.174015,12,22
7720,373,424,4,4,3,0,1,1,1,0,2,5,2,0,1,,2,2026-05-11 22:12:56.174015,2026-05-11 22:12:56.174015,1,22
7721,373,420,18,3,1,1,0,6,4,1,7,13,3,3,4,,3,2026-05-11 22:12:56.174015,2026-05-11 22:12:56.174015,22,22
7722,373,433,11,0,0,2,0,4,5,3,4,6,0,0,2,,0,2026-05-11 22:12:56.174015,2026-05-11 22:12:56.174015,13,22
7723,373,426,12,0,2,0,1,2,5,2,5,9,0,0,0,,0,2026-05-11 22:12:56.174015,2026-05-11 22:12:56.174015,0,22
7724,373,423,8,1,1,0,0,1,3,1,3,8,1,1,0,,1,2026-05-11 22:12:56.174015,2026-05-11 22:12:56.174015,0,22
7725,373,421,14,7,8,1,0,6,0,0,6,11,2,2,1,,2,2026-05-11 22:12:56.174015,2026-05-11 22:12:56.174015,21,22
7726,373,422,7,4,1,0,2,2,2,0,1,4,6,5,3,,5,2026-05-11 22:12:56.174015,2026-05-11 22:12:56.174015,7,22
7727,373,193,11,0,0,0,0,2,3,3,4,4,0,0,0,,0,2026-05-11 22:12:56.174015,2026-05-11 22:12:56.174015,7,22
7728,373,430,0,0,0,0,0,0,0,0,0,1,0,0,0,,1,2026-05-11 22:12:56.174015,2026-05-11 22:12:56.174015,-8,22
7729,373,435,4,2,2,0,0,1,2,0,2,6,0,0,0,,1,2026-05-11 22:12:56.174015,2026-05-11 22:12:56.174015,-10,22
7730,373,584,6,0,0,0,0,0,0,0,2,3,2,2,1,,2,2026-05-11 22:12:56.174015,2026-05-11 22:12:56.174015,-10,22
7731,373,431,0,0,0,0,0,0,1,0,0,1,0,0,0,,0,2026-05-11 22:12:56.174015,2026-05-11 22:12:56.174015,-8,22
7732,373,425,0,0,1,0,0,0,0,0,0,0,0,0,0,,0,2026-05-11 22:12:56.174015,2026-05-11 22:12:56.174015,-7,22
7733,373,132,18,1,1,1,0,2,5,1,8,16,2,1,2,,1,2026-05-11 22:12:56.174015,2026-05-11 22:12:56.174015,-13,18
7734,373,174,8,4,3,2,2,2,1,0,3,5,2,2,1,,2,2026-05-11 22:12:56.174015,2026-05-11 22:12:56.174015,-25,18
7735,373,135,15,4,1,3,2,2,5,1,6,11,3,2,1,,1,2026-05-11 22:12:56.174015,2026-05-11 22:12:56.174015,4,18
7736,373,130,7,4,0,1,0,4,2,1,3,4,0,0,2,,0,2026-05-11 22:12:56.174015,2026-05-11 22:12:56.174015,0,18
7737,373,124,12,0,0,0,0,2,7,4,4,7,0,0,1,,3,2026-05-11 22:12:56.174015,2026-05-11 22:12:56.174015,-15,18
7738,373,129,9,1,0,1,1,0,7,3,3,8,0,0,5,,1,2026-05-11 22:12:56.174015,2026-05-11 22:12:56.174015,-6,18
7739,373,121,9,4,4,0,2,1,0,0,4,10,1,1,1,,5,2026-05-11 22:12:56.174015,2026-05-11 22:12:56.174015,-5,18
7740,373,122,3,2,0,2,0,4,4,1,1,6,0,0,0,,3,2026-05-11 22:12:56.174015,2026-05-11 22:12:56.174015,4,18
7741,373,136,33,2,0,0,0,5,7,5,11,14,6,6,2,,2,2026-05-11 22:12:56.174015,2026-05-11 22:12:56.174015,-2,18
7742,373,205,6,2,0,0,0,0,6,2,2,9,0,0,1,,2,2026-05-11 22:12:56.174015,2026-05-11 22:12:56.174015,-2,18
7743,374,227,8,2,2,1,1,2,3,2,3,4,0,0,0,,0,2026-05-11 22:13:15.890635,2026-05-11 22:13:15.890635,12,6
7744,374,219,22,15,4,0,3,3,3,0,8,15,10,6,1,,1,2026-05-11 22:13:15.890635,2026-05-11 22:13:15.890635,20,6
7745,374,211,16,6,2,2,0,0,0,0,4,9,11,8,3,,0,2026-05-11 22:13:15.890635,2026-05-11 22:13:15.890635,3,6
7746,374,218,31,6,1,0,1,4,4,1,12,19,6,6,2,,2,2026-05-11 22:13:15.890635,2026-05-11 22:13:15.890635,20,6
7747,374,306,21,4,1,2,0,4,10,4,6,23,5,5,2,,2,2026-05-11 22:13:15.890635,2026-05-11 22:13:15.890635,1,6
7748,374,217,6,0,0,1,0,3,3,2,2,3,0,0,0,,5,2026-05-11 22:13:15.890635,2026-05-11 22:13:15.890635,0,6
7749,374,223,8,2,0,0,0,2,5,2,3,7,0,0,1,,1,2026-05-11 22:13:15.890635,2026-05-11 22:13:15.890635,-2,6
7750,374,354,5,1,0,0,1,1,4,1,1,4,2,2,0,,1,2026-05-11 22:13:15.890635,2026-05-11 22:13:15.890635,-2,6
7751,374,364,5,1,0,0,0,3,1,0,2,4,1,1,2,,2,2026-05-11 22:13:15.890635,2026-05-11 22:13:15.890635,-22,6
7752,374,368,12,6,1,2,1,6,3,1,5,11,2,1,1,,6,2026-05-11 22:13:15.890635,2026-05-11 22:13:15.890635,-5,1
7753,374,374,12,9,2,1,0,6,5,0,4,16,4,4,2,,6,2026-05-11 22:13:15.890635,2026-05-11 22:13:15.890635,-10,1
7754,374,380,18,3,2,0,1,0,2,1,7,10,4,3,1,,2,2026-05-11 22:13:15.890635,2026-05-11 22:13:15.890635,-33,1
7755,374,367,25,4,0,2,0,2,9,4,10,19,1,1,4,,3,2026-05-11 22:13:15.890635,2026-05-11 22:13:15.890635,-13,1
7756,374,378,12,3,1,2,2,4,3,0,6,16,0,0,2,,2,2026-05-11 22:13:15.890635,2026-05-11 22:13:15.890635,-4,1
7757,374,331,10,0,1,0,0,1,3,3,3,3,3,1,0,,1,2026-05-11 22:13:15.890635,2026-05-11 22:13:15.890635,0,1
7758,374,372,3,3,2,1,2,1,2,1,1,3,0,0,0,,3,2026-05-11 22:13:15.890635,2026-05-11 22:13:15.890635,25,1
7759,374,289,24,5,1,0,0,3,7,2,11,20,1,0,1,,2,2026-05-11 22:13:15.890635,2026-05-11 22:13:15.890635,9,1
7760,374,376,0,0,0,0,0,0,0,0,0,0,0,0,0,,0,2026-05-11 22:13:15.890635,2026-05-11 22:13:15.890635,1,1
7761,375,245,10,3,1,2,2,4,1,0,4,6,2,2,0,,1,2026-05-11 22:13:35.410342,2026-05-11 22:13:35.410342,3,9
7762,375,231,10,2,3,1,1,3,3,2,3,8,2,2,2,,2,2026-05-11 22:13:35.410342,2026-05-11 22:13:35.410342,9,9
7763,375,229,21,3,6,0,1,3,0,0,8,9,7,5,1,,1,2026-05-11 22:13:35.410342,2026-05-11 22:13:35.410342,24,9
7764,375,241,20,1,0,1,0,3,8,4,8,13,0,0,1,,1,2026-05-11 22:13:35.410342,2026-05-11 22:13:35.410342,6,9
7765,375,228,13,5,0,1,1,10,2,1,6,11,0,0,3,,3,2026-05-11 22:13:35.410342,2026-05-11 22:13:35.410342,12,9
7766,375,234,9,5,0,0,0,6,3,1,1,6,6,6,1,,0,2026-05-11 22:13:35.410342,2026-05-11 22:13:35.410342,20,9
7767,375,238,7,3,0,1,2,4,2,1,2,4,2,2,1,,0,2026-05-11 22:13:35.410342,2026-05-11 22:13:35.410342,17,9
7768,375,232,18,2,1,2,1,2,4,3,6,10,3,3,1,,6,2026-05-11 22:13:35.410342,2026-05-11 22:13:35.410342,22,9
7769,375,244,8,1,0,0,0,0,0,0,3,3,2,2,2,,3,2026-05-11 22:13:35.410342,2026-05-11 22:13:35.410342,-1,9
7770,375,230,8,4,1,1,1,0,2,1,2,4,3,3,0,,0,2026-05-11 22:13:35.410342,2026-05-11 22:13:35.410342,19,9
7771,375,240,10,1,2,0,1,1,0,0,4,4,3,2,0,,2,2026-05-11 22:13:35.410342,2026-05-11 22:13:35.410342,4,9
7772,375,237,3,1,1,0,0,1,3,1,1,3,0,0,0,,0,2026-05-11 22:13:35.410342,2026-05-11 22:13:35.410342,-1,9
7773,375,239,0,0,0,0,0,1,0,0,0,0,0,0,0,,2,2026-05-11 22:13:35.410342,2026-05-11 22:13:35.410342,-1,9
7774,375,242,0,0,0,0,0,0,2,0,0,2,0,0,0,,0,2026-05-11 22:13:35.410342,2026-05-11 22:13:35.410342,-1,9
7775,375,243,0,0,0,0,0,0,0,0,0,1,0,0,0,,0,2026-05-11 22:13:35.410342,2026-05-11 22:13:35.410342,-2,9
7776,375,141,17,3,2,0,0,4,8,4,6,13,2,1,3,,2,2026-05-11 22:13:35.410342,2026-05-11 22:13:35.410342,-20,17
7777,375,276,15,2,0,0,1,2,8,5,5,10,0,0,1,,1,2026-05-11 22:13:35.410342,2026-05-11 22:13:35.410342,-7,17
7778,375,278,11,5,6,2,0,10,0,0,3,6,8,5,2,,4,2026-05-11 22:13:35.410342,2026-05-11 22:13:35.410342,-20,17
7779,375,269,13,3,1,0,0,2,8,4,4,9,1,1,0,,4,2026-05-11 22:13:35.410342,2026-05-11 22:13:35.410342,-18,17
7780,375,277,23,1,1,2,1,6,6,1,8,19,6,6,3,,2,2026-05-11 22:13:35.410342,2026-05-11 22:13:35.410342,-10,17
7781,375,273,0,1,1,0,0,0,3,0,0,4,0,0,0,,4,2026-05-11 22:13:35.410342,2026-05-11 22:13:35.410342,-21,17
7782,375,279,7,0,0,0,0,1,8,0,3,12,1,1,2,,3,2026-05-11 22:13:35.410342,2026-05-11 22:13:35.410342,-16,17
7783,375,270,0,0,1,1,0,1,0,0,0,0,0,0,0,,2,2026-05-11 22:13:35.410342,2026-05-11 22:13:35.410342,-12,17
7784,375,583,16,0,0,0,1,0,6,3,6,9,1,1,2,,2,2026-05-11 22:13:35.410342,2026-05-11 22:13:35.410342,-11,17
7785,375,271,4,2,0,0,0,0,1,0,1,2,2,2,0,,0,2026-05-11 22:13:35.410342,2026-05-11 22:13:35.410342,1,17
7786,375,264,5,2,1,0,1,0,1,0,0,1,7,5,0,,0,2026-05-11 22:13:35.410342,2026-05-11 22:13:35.410342,2,17
7787,375,266,0,0,0,0,0,0,1,0,0,1,0,0,0,,0,2026-05-11 22:13:35.410342,2026-05-11 22:13:35.410342,2,17
7788,376,110,18,2,1,1,0,2,4,2,8,12,0,0,1,,1,2026-05-11 22:13:58.786091,2026-05-11 22:13:58.786091,7,8
7789,376,107,6,2,0,0,1,6,2,0,2,6,2,2,0,,3,2026-05-11 22:13:58.786091,2026-05-11 22:13:58.786091,17,8
7790,376,111,14,12,4,2,0,10,1,0,5,8,5,4,2,,0,2026-05-11 22:13:58.786091,2026-05-11 22:13:58.786091,24,8
7791,376,105,14,2,0,1,0,1,2,0,7,10,1,0,1,,0,2026-05-11 22:13:58.786091,2026-05-11 22:13:58.786091,21,8
7792,376,114,26,7,0,0,0,5,10,5,8,17,5,5,3,,0,2026-05-11 22:13:58.786091,2026-05-11 22:13:58.786091,18,8
7793,376,108,13,4,0,0,0,2,8,3,5,10,0,0,0,,1,2026-05-11 22:13:58.786091,2026-05-11 22:13:58.786091,13,8
7794,376,106,13,6,1,2,1,2,1,0,5,7,5,3,1,,4,2026-05-11 22:13:58.786091,2026-05-11 22:13:58.786091,4,8
7795,376,117,10,2,0,0,1,1,3,2,4,6,0,0,0,,3,2026-05-11 22:13:58.786091,2026-05-11 22:13:58.786091,-8,8
7796,376,119,14,3,1,0,2,0,0,0,6,6,3,2,3,,5,2026-05-11 22:13:58.786091,2026-05-11 22:13:58.786091,0,8
7797,376,115,0,0,0,0,0,1,1,0,0,1,0,0,0,,2,2026-05-11 22:13:58.786091,2026-05-11 22:13:58.786091,-9,8
7798,376,116,5,0,0,0,0,1,2,1,2,3,0,0,0,,1,2026-05-11 22:13:58.786091,2026-05-11 22:13:58.786091,-2,8
7799,376,109,3,2,2,0,0,0,2,1,1,2,0,0,0,,0,2026-05-11 22:13:58.786091,2026-05-11 22:13:58.786091,0,8
7800,376,112,0,0,0,0,0,0,0,0,0,1,0,0,0,,0,2026-05-11 22:13:58.786091,2026-05-11 22:13:58.786091,0,8
7801,376,400,0,1,0,0,0,0,0,0,0,1,0,0,1,,0,2026-05-11 22:13:58.786091,2026-05-11 22:13:58.786091,0,8
7802,376,499,9,3,0,0,0,7,4,1,4,12,2,0,1,,3,2026-05-11 22:13:58.786091,2026-05-11 22:13:58.786091,-30,15
7803,376,595,15,0,0,1,0,2,7,4,5,10,4,1,0,,1,2026-05-11 22:13:58.786091,2026-05-11 22:13:58.786091,-30,15
7804,376,181,16,4,2,1,1,1,3,2,6,8,2,2,1,,3,2026-05-11 22:13:58.786091,2026-05-11 22:13:58.786091,14,15
7805,376,491,27,5,1,1,0,2,7,3,10,17,5,4,0,,2,2026-05-11 22:13:58.786091,2026-05-11 22:13:58.786091,14,15
7806,376,176,15,2,0,0,0,3,5,2,5,10,3,3,1,,0,2026-05-11 22:13:58.786091,2026-05-11 22:13:58.786091,14,15
7807,376,585,12,4,2,2,0,5,6,2,3,10,4,4,1,,1,2026-05-11 22:13:58.786091,2026-05-11 22:13:58.786091,-18,15
7808,376,594,7,6,1,0,0,3,10,2,2,10,2,1,0,,5,2026-05-11 22:13:58.786091,2026-05-11 22:13:58.786091,-30,15
7809,376,588,16,3,3,0,0,1,8,3,6,12,1,1,2,,4,2026-05-11 22:13:58.786091,2026-05-11 22:13:58.786091,-20,15
7810,376,574,2,1,1,0,0,0,0,0,1,3,0,0,0,,1,2026-05-11 22:13:58.786091,2026-05-11 22:13:58.786091,1,15
7811,377,540,14,8,0,2,0,1,7,2,5,13,3,2,1,,2,2026-05-11 22:14:19.175984,2026-05-11 22:14:19.175984,0,27
7812,377,529,2,4,0,0,2,3,3,0,1,6,0,0,0,,1,2026-05-11 22:14:19.175984,2026-05-11 22:14:19.175984,6,27
7813,377,535,10,4,1,2,1,6,0,0,5,6,0,0,0,,0,2026-05-11 22:14:19.175984,2026-05-11 22:14:19.175984,5,27
7814,377,531,13,4,2,2,2,4,2,1,6,14,0,0,4,,2,2026-05-11 22:14:19.175984,2026-05-11 22:14:19.175984,6,27
7815,377,530,25,4,1,3,0,7,6,3,10,20,3,2,4,,3,2026-05-11 22:14:19.175984,2026-05-11 22:14:19.175984,-3,27
7816,377,533,20,4,4,2,1,1,3,0,8,15,5,4,2,,1,2026-05-11 22:14:19.175984,2026-05-11 22:14:19.175984,13,27
7817,377,525,9,2,0,1,0,2,2,0,2,4,6,5,3,,2,2026-05-11 22:14:19.175984,2026-05-11 22:14:19.175984,13,27
7818,377,527,17,2,3,1,0,4,6,5,6,9,0,0,1,,3,2026-05-11 22:14:19.175984,2026-05-11 22:14:19.175984,6,27
7819,377,536,2,2,0,0,0,0,0,0,0,1,2,2,0,,0,2026-05-11 22:14:19.175984,2026-05-11 22:14:19.175984,9,27
7820,377,156,29,4,2,0,0,6,3,1,13,21,4,2,6,,3,2026-05-11 22:14:19.175984,2026-05-11 22:14:19.175984,7,25
7821,377,157,18,3,1,3,1,6,8,4,7,12,0,0,2,,2,2026-05-11 22:14:19.175984,2026-05-11 22:14:19.175984,7,25
7822,377,159,11,8,3,1,3,5,5,3,4,7,0,0,0,,2,2026-05-11 22:14:19.175984,2026-05-11 22:14:19.175984,-4,25
7823,377,164,13,8,2,0,0,6,7,1,6,17,0,0,3,,3,2026-05-11 22:14:19.175984,2026-05-11 22:14:19.175984,-9,25
7824,377,163,20,3,0,3,1,2,9,3,7,20,4,3,1,,0,2026-05-11 22:14:19.175984,2026-05-11 22:14:19.175984,-7,25
7825,377,167,2,0,0,0,0,0,1,0,1,2,0,0,0,,2,2026-05-11 22:14:19.175984,2026-05-11 22:14:19.175984,-9,25
7826,377,171,0,0,0,2,0,0,2,0,0,5,0,0,0,,1,2026-05-11 22:14:19.175984,2026-05-11 22:14:19.175984,-19,25
7827,377,173,4,4,3,0,0,1,0,0,2,3,2,0,2,,0,2026-05-11 22:14:19.175984,2026-05-11 22:14:19.175984,-11,25
7828,377,158,2,0,0,0,0,0,1,0,1,2,0,0,0,,2,2026-05-11 22:14:19.175984,2026-05-11 22:14:19.175984,-8,25
7829,377,172,2,2,0,0,0,0,1,0,1,4,0,0,1,,0,2026-05-11 22:14:19.175984,2026-05-11 22:14:19.175984,2,25
7830,377,166,0,0,0,0,0,0,0,0,0,0,0,0,1,,0,2026-05-11 22:14:19.175984,2026-05-11 22:14:19.175984,-4,25
7831,378,308,20,7,1,1,0,3,5,2,8,18,4,2,3,,2,2026-05-11 22:14:38.79941,2026-05-11 22:14:38.79941,-10,13
7832,378,304,12,4,5,3,0,3,3,1,5,11,3,1,3,,2,2026-05-11 22:14:38.79941,2026-05-11 22:14:38.79941,-16,13
7833,378,309,16,5,1,0,0,3,5,3,6,12,3,1,1,,4,2026-05-11 22:14:38.79941,2026-05-11 22:14:38.79941,-29,13
7834,378,307,11,2,3,0,1,1,5,2,4,9,2,1,1,,1,2026-05-11 22:14:38.79941,2026-05-11 22:14:38.79941,-10,13
7835,378,305,3,1,0,0,0,6,4,1,1,7,0,0,1,,2,2026-05-11 22:14:38.79941,2026-05-11 22:14:38.79941,-24,13
7836,378,253,10,2,0,1,0,2,1,0,3,8,4,4,2,,1,2026-05-11 22:14:38.79941,2026-05-11 22:14:38.79941,-5,13
7837,378,310,16,3,0,0,0,6,4,1,6,11,4,3,1,,1,2026-05-11 22:14:38.79941,2026-05-11 22:14:38.79941,-6,13
7838,378,312,17,2,0,2,1,1,4,3,5,8,4,4,1,,2,2026-05-11 22:14:38.79941,2026-05-11 22:14:38.79941,2,13
7839,378,299,3,0,0,0,0,0,1,1,1,1,0,0,0,,2,2026-05-11 22:14:38.79941,2026-05-11 22:14:38.79941,-2,13
7840,378,313,0,0,0,2,1,2,0,0,0,0,0,0,0,,1,2026-05-11 22:14:38.79941,2026-05-11 22:14:38.79941,5,13
7841,378,303,2,0,0,0,0,0,0,0,1,1,0,0,0,,0,2026-05-11 22:14:38.79941,2026-05-11 22:14:38.79941,5,13
7842,378,152,18,5,1,2,0,6,1,0,7,12,4,4,3,,3,2026-05-11 22:14:38.79941,2026-05-11 22:14:38.79941,13,21
7843,378,145,30,11,3,2,4,5,4,3,10,13,10,7,2,,3,2026-05-11 22:14:38.79941,2026-05-11 22:14:38.79941,19,21
7844,378,144,10,5,2,0,1,1,0,0,4,5,2,2,0,,5,2026-05-11 22:14:38.79941,2026-05-11 22:14:38.79941,14,21
7845,378,142,6,2,0,3,0,0,4,2,2,4,0,0,0,,3,2026-05-11 22:14:38.79941,2026-05-11 22:14:38.79941,12,21
7846,378,143,20,1,0,1,1,11,6,2,9,17,1,0,3,,1,2026-05-11 22:14:38.79941,2026-05-11 22:14:38.79941,10,21
7847,378,153,5,4,0,0,0,1,3,1,2,4,0,0,0,,1,2026-05-11 22:14:38.79941,2026-05-11 22:14:38.79941,0,21
7848,378,150,3,2,0,0,1,1,5,1,1,6,0,0,2,,1,2026-05-11 22:14:38.79941,2026-05-11 22:14:38.79941,2,21
7849,378,147,7,1,0,1,0,3,1,0,3,6,2,1,0,,1,2026-05-11 22:14:38.79941,2026-05-11 22:14:38.79941,14,21
7850,378,140,2,4,0,0,0,0,2,0,1,3,0,0,0,,2,2026-05-11 22:14:38.79941,2026-05-11 22:14:38.79941,5,21
7851,378,146,21,2,0,0,0,2,7,4,6,9,5,5,0,,2,2026-05-11 22:14:38.79941,2026-05-11 22:14:38.79941,10,21
7852,378,83,4,0,0,0,0,0,1,0,2,3,0,0,2,,0,2026-05-11 22:14:38.79941,2026-05-11 22:14:38.79941,-3,21
7853,378,151,2,1,0,0,0,0,0,0,1,1,0,0,1,,1,2026-05-11 22:14:38.79941,2026-05-11 22:14:38.79941,-3,21
7854,378,154,0,0,0,0,0,0,0,0,0,0,0,0,0,,0,2026-05-11 22:14:38.79941,2026-05-11 22:14:38.79941,-3,21
7855,379,340,9,1,2,1,0,1,4,3,3,7,0,0,0,,0,2026-05-11 22:14:56.650897,2026-05-11 22:14:56.650897,1,24
7856,379,336,28,4,1,1,0,3,5,4,11,22,4,2,0,,1,2026-05-11 22:14:56.650897,2026-05-11 22:14:56.650897,5,24
7857,379,345,4,11,3,0,3,0,1,0,2,5,0,0,0,,2,2026-05-11 22:14:56.650897,2026-05-11 22:14:56.650897,11,24
7858,379,341,0,1,0,0,0,0,1,0,0,2,0,0,0,,0,2026-05-11 22:14:56.650897,2026-05-11 22:14:56.650897,-1,24
7859,379,333,37,3,2,0,0,9,6,2,13,27,9,9,4,,2,2026-05-11 22:14:56.650897,2026-05-11 22:14:56.650897,11,24
7860,379,339,13,4,3,1,0,2,7,1,5,12,2,2,2,,3,2026-05-11 22:14:56.650897,2026-05-11 22:14:56.650897,4,24
7861,379,343,4,1,0,0,2,0,0,0,2,3,0,0,1,,5,2026-05-11 22:14:56.650897,2026-05-11 22:14:56.650897,-6,24
7862,379,346,14,3,1,0,1,1,6,4,5,7,0,0,0,,1,2026-05-11 22:14:56.650897,2026-05-11 22:14:56.650897,-3,24
7863,379,338,3,0,0,1,1,0,1,0,1,2,2,1,1,,1,2026-05-11 22:14:56.650897,2026-05-11 22:14:56.650897,0,24
7864,379,337,0,6,0,1,1,2,3,0,0,3,0,0,1,,0,2026-05-11 22:14:56.650897,2026-05-11 22:14:56.650897,10,24
7865,379,334,0,0,0,0,0,2,1,0,0,1,0,0,0,,1,2026-05-11 22:14:56.650897,2026-05-11 22:14:56.650897,-3,24
7866,379,268,0,0,0,0,0,0,0,0,0,0,0,0,1,,0,2026-05-11 22:14:56.650897,2026-05-11 22:14:56.650897,-4,24
7867,379,457,11,10,1,1,1,6,4,0,4,18,3,3,2,,0,2026-05-11 22:14:56.650897,2026-05-11 22:14:56.650897,10,7
7868,379,446,4,3,0,0,0,2,2,0,0,5,4,4,3,,1,2026-05-11 22:14:56.650897,2026-05-11 22:14:56.650897,-9,7
7869,379,436,20,4,4,0,1,2,6,3,8,11,2,1,2,,2,2026-05-11 22:14:56.650897,2026-05-11 22:14:56.650897,-6,7
7870,379,453,18,2,0,1,1,2,9,4,5,11,4,4,0,,0,2026-05-11 22:14:56.650897,2026-05-11 22:14:56.650897,4,7
7871,379,465,9,5,0,0,0,7,1,0,4,9,1,1,0,,3,2026-05-11 22:14:56.650897,2026-05-11 22:14:56.650897,3,7
7872,379,454,11,6,3,0,1,0,0,0,4,5,4,3,1,,1,2026-05-11 22:14:56.650897,2026-05-11 22:14:56.650897,1,7
7873,379,567,23,1,0,0,1,1,8,5,8,12,2,2,0,,4,2026-05-11 22:14:56.650897,2026-05-11 22:14:56.650897,8,7
7874,379,444,4,0,1,1,0,3,3,0,1,11,2,2,0,,0,2026-05-11 22:14:56.650897,2026-05-11 22:14:56.650897,-11,7
7875,379,466,4,2,1,1,0,3,1,0,2,5,0,0,0,,3,2026-05-11 22:14:56.650897,2026-05-11 22:14:56.650897,-15,7
7876,379,575,3,0,0,0,0,1,2,1,1,2,0,0,0,,0,2026-05-11 22:14:56.650897,2026-05-11 22:14:56.650897,-10,7
7877,380,417,5,1,0,0,1,2,4,1,2,6,0,0,1,,4,2026-05-11 22:23:46.169318,2026-05-11 22:23:46.169318,6,28
7878,380,411,10,4,0,0,0,2,5,2,4,10,0,0,1,,2,2026-05-11 22:23:46.169318,2026-05-11 22:23:46.169318,-21,28
7879,380,402,24,7,4,1,1,8,4,2,9,14,5,4,1,,4,2026-05-11 22:23:46.169318,2026-05-11 22:23:46.169318,-10,28
7880,380,406,15,4,0,0,0,4,5,3,6,12,0,0,1,,5,2026-05-11 22:23:46.169318,2026-05-11 22:23:46.169318,-2,28
7881,380,412,15,2,1,0,0,11,1,0,7,9,4,1,3,,2,2026-05-11 22:23:46.169318,2026-05-11 22:23:46.169318,-17,28
7882,380,416,7,4,0,0,1,1,3,1,3,7,0,0,1,,0,2026-05-11 22:23:46.169318,2026-05-11 22:23:46.169318,-19,28
7883,380,408,15,2,0,0,0,4,5,3,6,9,0,0,2,,2,2026-05-11 22:23:46.169318,2026-05-11 22:23:46.169318,-31,28
7884,380,413,7,0,0,0,0,0,3,0,2,5,5,3,2,,1,2026-05-11 22:23:46.169318,2026-05-11 22:23:46.169318,-23,28
7885,380,407,0,0,0,0,0,0,1,0,0,1,0,0,0,,2,2026-05-11 22:23:46.169318,2026-05-11 22:23:46.169318,-8,28
7886,380,409,6,2,0,0,0,1,0,0,3,3,0,0,0,,1,2026-05-11 22:23:46.169318,2026-05-11 22:23:46.169318,11,28
7887,380,405,0,1,1,0,0,1,0,0,0,0,0,0,1,,1,2026-05-11 22:23:46.169318,2026-05-11 22:23:46.169318,11,28
7888,380,557,6,0,0,0,0,0,4,2,2,4,0,0,0,,0,2026-05-11 22:23:46.169318,2026-05-11 22:23:46.169318,11,28
7889,380,418,2,0,0,0,0,1,0,0,1,1,0,0,0,,1,2026-05-11 22:23:46.169318,2026-05-11 22:23:46.169318,11,28
7890,380,404,2,1,0,0,0,0,0,0,1,1,0,0,0,,0,2026-05-11 22:23:46.169318,2026-05-11 22:23:46.169318,11,28
7891,380,93,38,5,2,1,0,7,3,2,13,23,11,10,1,,0,2026-05-11 22:23:46.169318,2026-05-11 22:23:46.169318,13,16
7892,380,88,13,4,0,0,0,2,2,2,4,6,4,3,0,,2,2026-05-11 22:23:46.169318,2026-05-11 22:23:46.169318,4,16
7893,380,99,6,1,1,0,1,1,0,0,3,4,0,0,1,,3,2026-05-11 22:23:46.169318,2026-05-11 22:23:46.169318,4,16
7894,380,89,22,5,1,2,0,3,5,1,6,15,10,9,0,,2,2026-05-11 22:23:46.169318,2026-05-11 22:23:46.169318,14,16
7895,380,100,11,2,1,1,0,4,7,3,4,10,0,0,0,,2,2026-05-11 22:23:46.169318,2026-05-11 22:23:46.169318,12,16
7896,380,103,7,3,0,1,0,2,5,2,2,5,2,1,0,,2,2026-05-11 22:23:46.169318,2026-05-11 22:23:46.169318,18,16
7897,380,101,8,1,0,0,0,3,3,2,3,6,0,0,0,,0,2026-05-11 22:23:46.169318,2026-05-11 22:23:46.169318,13,16
7898,380,95,5,3,1,2,0,1,4,1,2,6,0,0,0,,1,2026-05-11 22:23:46.169318,2026-05-11 22:23:46.169318,26,16
7899,380,98,17,5,3,2,1,1,0,0,7,7,3,3,1,,3,2026-05-11 22:23:46.169318,2026-05-11 22:23:46.169318,21,16
7900,380,90,1,0,1,0,0,0,0,0,0,1,2,1,0,,0,2026-05-11 22:23:46.169318,2026-05-11 22:23:46.169318,-11,16
7901,380,96,0,0,0,0,0,0,0,0,0,1,0,0,0,,0,2026-05-11 22:23:46.169318,2026-05-11 22:23:46.169318,-11,16
7902,380,91,0,0,0,0,0,0,0,0,0,0,0,0,0,,0,2026-05-11 22:23:46.169318,2026-05-11 22:23:46.169318,-11,16
7903,380,94,0,1,0,0,0,0,1,0,0,2,2,0,0,,0,2026-05-11 22:23:46.169318,2026-05-11 22:23:46.169318,-11,16
7904,380,97,0,0,0,0,0,0,0,0,0,0,0,0,1,,0,2026-05-11 22:23:46.169318,2026-05-11 22:23:46.169318,-11,16
7905,381,560,14,7,2,2,1,0,8,2,6,14,0,0,1,,3,2026-05-11 22:24:05.472665,2026-05-11 22:24:05.472665,-12,30
7906,381,443,14,1,2,1,1,3,2,0,3,7,10,8,0,,2,2026-05-11 22:24:05.472665,2026-05-11 22:24:05.472665,-18,30
7907,381,563,16,7,8,0,2,1,0,0,5,14,7,6,5,,4,2026-05-11 22:24:05.472665,2026-05-11 22:24:05.472665,-17,30
7908,381,447,23,7,2,3,3,7,9,1,8,22,7,6,3,,4,2026-05-11 22:24:05.472665,2026-05-11 22:24:05.472665,-18,30
7909,381,438,12,0,0,0,0,4,7,4,4,10,0,0,3,,2,2026-05-11 22:24:05.472665,2026-05-11 22:24:05.472665,-7,30
7910,381,439,11,5,3,0,0,2,4,1,5,11,0,0,1,,1,2026-05-11 22:24:05.472665,2026-05-11 22:24:05.472665,10,30
7911,381,440,9,1,1,3,1,4,1,1,4,6,0,0,2,,0,2026-05-11 22:24:05.472665,2026-05-11 22:24:05.472665,9,30
7912,381,450,9,4,2,3,0,3,7,1,3,12,3,2,2,,2,2026-05-11 22:24:05.472665,2026-05-11 22:24:05.472665,-2,30
7913,381,210,15,6,2,1,1,4,6,3,4,11,4,4,1,,0,2026-05-11 22:24:05.472665,2026-05-11 22:24:05.472665,11,5
7914,381,133,26,7,4,1,1,3,2,2,11,14,2,2,2,,4,2026-05-11 22:24:05.472665,2026-05-11 22:24:05.472665,11,5
7915,381,68,5,5,0,1,1,3,3,1,2,4,0,0,1,,1,2026-05-11 22:24:05.472665,2026-05-11 22:24:05.472665,8,5
7916,381,399,27,2,1,3,0,2,2,1,12,21,2,2,2,,4,2026-05-11 22:24:05.472665,2026-05-11 22:24:05.472665,12,5
7917,381,200,31,6,0,1,0,3,3,1,9,14,12,12,0,,2,2026-05-11 22:24:05.472665,2026-05-11 22:24:05.472665,19,5
7918,381,587,2,2,0,3,0,2,3,0,1,7,0,0,3,,1,2026-05-11 22:24:05.472665,2026-05-11 22:24:05.472665,-4,5
7919,381,204,2,2,5,1,0,1,3,0,1,6,0,0,0,,6,2026-05-11 22:24:05.472665,2026-05-11 22:24:05.472665,1,5
7920,381,125,5,4,1,1,1,4,4,1,2,10,0,0,6,,2,2026-05-11 22:24:05.472665,2026-05-11 22:24:05.472665,-3,5
7921,381,201,6,4,0,0,0,4,4,0,1,6,5,4,0,,1,2026-05-11 22:24:05.472665,2026-05-11 22:24:05.472665,0,5
7922,382,577,11,7,1,0,0,6,6,0,4,13,3,3,0,,2,2026-05-11 22:24:25.53159,2026-05-11 22:24:25.53159,-22,3
7923,382,24,26,9,1,0,0,1,6,3,10,16,4,3,1,,5,2026-05-11 22:24:25.53159,2026-05-11 22:24:25.53159,-16,3
7924,382,593,11,5,3,1,2,1,4,0,5,16,1,1,0,,1,2026-05-11 22:24:25.53159,2026-05-11 22:24:25.53159,-18,3
7925,382,21,14,4,1,0,0,4,7,3,5,17,3,1,3,,5,2026-05-11 22:24:25.53159,2026-05-11 22:24:25.53159,-34,3
7926,382,29,19,4,1,0,1,6,4,0,8,16,3,3,2,,2,2026-05-11 22:24:25.53159,2026-05-11 22:24:25.53159,-11,3
7927,382,28,2,2,0,0,2,0,4,0,1,7,2,0,1,,2,2026-05-11 22:24:25.53159,2026-05-11 22:24:25.53159,-17,3
7928,382,34,11,5,0,1,0,2,7,2,4,11,3,1,3,,4,2026-05-11 22:24:25.53159,2026-05-11 22:24:25.53159,-27,3
7929,382,569,12,7,0,1,0,5,4,1,5,10,2,1,0,,0,2026-05-11 22:24:25.53159,2026-05-11 22:24:25.53159,10,12
7930,382,263,14,7,2,2,1,8,5,1,5,15,5,3,3,,1,2026-05-11 22:24:25.53159,2026-05-11 22:24:25.53159,6,12
7931,382,258,18,9,5,0,0,2,4,1,8,15,3,1,0,,1,2026-05-11 22:24:25.53159,2026-05-11 22:24:25.53159,12,12
7932,382,261,15,7,0,0,1,6,7,3,6,12,0,0,0,,3,2026-05-11 22:24:25.53159,2026-05-11 22:24:25.53159,29,12
7933,382,251,12,6,0,0,0,7,1,0,5,11,2,2,2,,3,2026-05-11 22:24:25.53159,2026-05-11 22:24:25.53159,20,12
7934,382,262,26,7,2,0,0,3,1,0,11,14,4,4,0,,0,2026-05-11 22:24:25.53159,2026-05-11 22:24:25.53159,24,12
7935,382,257,8,3,1,1,0,3,7,2,3,8,0,0,2,,2,2026-05-11 22:24:25.53159,2026-05-11 22:24:25.53159,18,12
7936,382,249,14,5,2,0,3,3,0,0,6,6,2,2,0,,4,2026-05-11 22:24:25.53159,2026-05-11 22:24:25.53159,17,12
7937,382,252,4,2,1,0,0,6,2,0,2,7,0,0,4,,2,2026-05-11 22:24:25.53159,2026-05-11 22:24:25.53159,9,12
7938,383,53,13,4,0,2,0,1,7,3,4,10,2,2,1,,3,2026-05-11 22:25:32.237195,2026-05-11 22:25:32.237195,3,20
7939,383,59,26,1,0,1,0,3,7,5,10,15,2,1,3,,2,2026-05-11 22:25:32.237195,2026-05-11 22:25:32.237195,6,20
7940,383,67,16,10,2,2,0,4,4,1,6,12,3,3,1,,3,2026-05-11 22:25:32.237195,2026-05-11 22:25:32.237195,5,20
7941,383,54,10,2,0,0,0,6,2,2,4,4,0,0,0,,1,2026-05-11 22:25:32.237195,2026-05-11 22:25:32.237195,17,20
7942,383,55,25,1,0,0,0,10,7,2,10,19,4,3,1,,3,2026-05-11 22:25:32.237195,2026-05-11 22:25:32.237195,8,20
7943,383,66,3,0,1,0,0,1,3,1,1,4,0,0,1,,1,2026-05-11 22:25:32.237195,2026-05-11 22:25:32.237195,-9,20
7944,383,65,7,5,2,3,1,0,0,0,3,4,2,1,0,,3,2026-05-11 22:25:32.237195,2026-05-11 22:25:32.237195,-2,20
7945,383,63,4,1,0,1,1,2,4,1,1,5,2,1,0,,0,2026-05-11 22:25:32.237195,2026-05-11 22:25:32.237195,-2,20
7946,383,56,8,1,0,0,0,2,1,0,4,7,0,0,0,,1,2026-05-11 22:25:32.237195,2026-05-11 22:25:32.237195,4,20
7947,383,41,6,2,0,0,0,3,6,2,2,7,0,0,0,,0,2026-05-11 22:25:32.237195,2026-05-11 22:25:32.237195,1,2
7948,383,48,24,12,1,1,1,8,10,2,7,22,10,8,6,,1,2026-05-11 22:25:32.237195,2026-05-11 22:25:32.237195,-16,2
7949,383,44,10,4,6,2,0,2,0,0,4,6,2,2,0,,5,2026-05-11 22:25:32.237195,2026-05-11 22:25:32.237195,-7,2
7950,383,50,5,1,1,0,0,1,2,1,2,4,0,0,0,,4,2026-05-11 22:25:32.237195,2026-05-11 22:25:32.237195,-9,2
7951,383,51,8,2,1,1,0,1,6,0,2,10,4,4,0,,1,2026-05-11 22:25:32.237195,2026-05-11 22:25:32.237195,-3,2
7952,383,43,23,1,2,0,0,6,8,3,10,20,0,0,2,,1,2026-05-11 22:25:32.237195,2026-05-11 22:25:32.237195,4,2
7953,383,45,20,3,1,0,0,0,7,6,7,8,0,0,0,,2,2026-05-11 22:25:32.237195,2026-05-11 22:25:32.237195,-1,2
7954,383,208,10,4,1,0,0,2,4,2,4,7,0,0,2,,2,2026-05-11 22:25:32.237195,2026-05-11 22:25:32.237195,1,2
7955,384,475,29,5,2,0,0,5,6,3,10,18,8,6,3,,1,2026-05-11 22:25:53.077619,2026-05-11 22:25:53.077619,17,11
7956,384,484,19,5,0,0,1,0,7,1,7,15,6,4,3,,4,2026-05-11 22:25:53.077619,2026-05-11 22:25:53.077619,8,11
7957,384,482,8,10,2,1,0,4,1,0,4,14,0,0,3,,4,2026-05-11 22:25:53.077619,2026-05-11 22:25:53.077619,4,11
7958,384,481,9,5,6,1,0,2,2,1,4,8,0,0,1,,2,2026-05-11 22:25:53.077619,2026-05-11 22:25:53.077619,4,11
7959,384,486,19,2,3,3,0,4,2,0,7,14,8,5,5,,4,2026-05-11 22:25:53.077619,2026-05-11 22:25:53.077619,8,11
7960,384,476,15,6,2,2,0,2,6,3,5,10,2,2,0,,2,2026-05-11 22:25:53.077619,2026-05-11 22:25:53.077619,-4,11
7961,384,472,1,2,0,2,0,2,0,0,0,2,2,1,0,,0,2026-05-11 22:25:53.077619,2026-05-11 22:25:53.077619,11,11
7962,384,483,6,0,0,2,0,1,5,2,2,7,0,0,0,,0,2026-05-11 22:25:53.077619,2026-05-11 22:25:53.077619,1,11
7963,384,479,7,2,1,1,0,1,3,1,3,5,0,0,0,,1,2026-05-11 22:25:53.077619,2026-05-11 22:25:53.077619,6,11
7964,384,84,16,4,0,3,1,1,4,2,7,10,0,0,2,,4,2026-05-11 22:25:53.077619,2026-05-11 22:25:53.077619,-21,23
7965,384,78,7,4,0,1,0,1,5,0,2,8,4,3,4,,2,2026-05-11 22:25:53.077619,2026-05-11 22:25:53.077619,-15,23
7966,384,72,2,1,1,0,0,0,0,0,0,1,2,2,2,,2,2026-05-11 22:25:53.077619,2026-05-11 22:25:53.077619,-9,23
7967,384,75,20,3,3,2,0,8,8,3,7,17,6,3,2,,4,2026-05-11 22:25:53.077619,2026-05-11 22:25:53.077619,-6,23
7968,384,82,24,2,1,0,0,5,10,5,9,20,1,1,2,,3,2026-05-11 22:25:53.077619,2026-05-11 22:25:53.077619,-18,23
7969,384,80,20,2,0,1,0,0,4,1,7,16,6,5,1,,2,2026-05-11 22:25:53.077619,2026-05-11 22:25:53.077619,0,23
7970,384,70,2,6,2,2,4,0,0,0,1,5,0,0,0,,4,2026-05-11 22:25:53.077619,2026-05-11 22:25:53.077619,1,23
7971,384,74,5,13,2,1,1,5,0,0,2,2,4,1,3,,2,2026-05-11 22:25:53.077619,2026-05-11 22:25:53.077619,7,23
7972,384,85,2,0,1,0,0,1,0,0,1,1,0,0,0,,0,2026-05-11 22:25:53.077619,2026-05-11 22:25:53.077619,-6,23
7973,384,76,4,1,1,0,0,0,1,0,2,5,0,0,0,,1,2026-05-11 22:25:53.077619,2026-05-11 22:25:53.077619,12,23
7974,385,298,12,2,2,1,0,6,5,2,5,12,0,0,3,,0,2026-05-11 22:26:15.058513,2026-05-11 22:26:15.058513,-17,10
7975,385,562,17,1,3,0,0,3,6,3,7,13,0,0,4,,2,2026-05-11 22:26:15.058513,2026-05-11 22:26:15.058513,-16,10
7976,385,285,2,3,2,1,0,6,1,0,0,1,2,2,4,,2,2026-05-11 22:26:15.058513,2026-05-11 22:26:15.058513,-7,10
7977,385,291,2,3,0,2,0,2,3,0,1,5,0,0,2,,0,2026-05-11 22:26:15.058513,2026-05-11 22:26:15.058513,-12,10
7978,385,294,17,1,0,0,0,1,5,1,7,15,2,2,0,,0,2026-05-11 22:26:15.058513,2026-05-11 22:26:15.058513,-17,10
7979,385,580,12,9,4,0,2,1,0,0,6,8,0,0,2,,1,2026-05-11 22:26:15.058513,2026-05-11 22:26:15.058513,-8,10
7980,385,283,11,1,1,0,0,0,3,1,4,9,2,2,0,,0,2026-05-11 22:26:15.058513,2026-05-11 22:26:15.058513,-1,10
7981,385,293,10,0,1,1,0,0,0,0,4,4,2,2,0,,0,2026-05-11 22:26:15.058513,2026-05-11 22:26:15.058513,12,10
7982,385,282,8,1,0,1,0,2,5,2,3,6,0,0,2,,1,2026-05-11 22:26:15.058513,2026-05-11 22:26:15.058513,-1,10
7983,385,290,12,2,2,2,0,3,2,0,4,8,4,4,2,,0,2026-05-11 22:26:15.058513,2026-05-11 22:26:15.058513,-13,10
7984,385,320,26,8,0,2,1,11,5,3,11,17,2,1,4,,1,2026-05-11 22:26:15.058513,2026-05-11 22:26:15.058513,19,14
7985,385,317,12,2,0,3,0,2,4,2,5,12,1,0,0,,2,2026-05-11 22:26:15.058513,2026-05-11 22:26:15.058513,20,14
7986,385,315,21,2,3,0,1,1,0,0,9,11,4,3,0,,2,2026-05-11 22:26:15.058513,2026-05-11 22:26:15.058513,19,14
7987,385,323,16,4,3,3,1,4,5,4,6,7,0,0,3,,5,2026-05-11 22:26:15.058513,2026-05-11 22:26:15.058513,29,14
7988,385,375,14,2,0,4,0,8,2,1,6,11,1,1,1,,1,2026-05-11 22:26:15.058513,2026-05-11 22:26:15.058513,20,14
7989,385,319,10,1,0,2,0,3,4,2,4,7,0,0,3,,1,2026-05-11 22:26:15.058513,2026-05-11 22:26:15.058513,-5,14
7990,385,330,2,5,1,0,0,5,2,0,1,3,0,0,4,,0,2026-05-11 22:26:15.058513,2026-05-11 22:26:15.058513,15,14
7991,385,321,0,0,1,0,0,0,0,0,0,1,0,0,0,,0,2026-05-11 22:26:15.058513,2026-05-11 22:26:15.058513,-10,14
7992,385,328,0,0,0,0,0,0,0,0,0,1,0,0,0,,0,2026-05-11 22:26:15.058513,2026-05-11 22:26:15.058513,-13,14
7993,385,329,4,1,0,0,0,2,1,0,2,3,0,0,2,,0,2026-05-11 22:26:15.058513,2026-05-11 22:26:15.058513,-9,14
7994,385,327,12,0,0,0,0,0,5,4,4,5,0,0,0,,0,2026-05-11 22:26:15.058513,2026-05-11 22:26:15.058513,9,14
7995,385,551,2,0,0,0,0,1,1,0,1,2,0,0,0,,1,2026-05-11 22:26:15.058513,2026-05-11 22:26:15.058513,-7,14
7996,385,322,0,0,0,0,0,0,0,0,0,0,0,0,0,,0,2026-05-11 22:26:15.058513,2026-05-11 22:26:15.058513,-7,14
7997,386,392,10,3,1,0,0,1,8,2,4,12,0,0,3,,1,2026-05-11 22:27:59.532082,2026-05-11 22:27:59.532082,-1,4
7998,386,385,10,8,0,0,2,3,4,1,3,7,4,3,0,,0,2026-05-11 22:27:59.532082,2026-05-11 22:27:59.532082,-14,4
7999,386,387,8,4,2,0,2,2,0,0,3,4,4,2,1,,4,2026-05-11 22:27:59.532082,2026-05-11 22:27:59.532082,-7,4
8000,386,395,22,1,2,4,0,0,8,2,9,20,2,2,1,,4,2026-05-11 22:27:59.532082,2026-05-11 22:27:59.532082,-8,4
8001,386,384,27,2,3,2,1,8,16,6,7,20,7,7,4,,3,2026-05-11 22:27:59.532082,2026-05-11 22:27:59.532082,-14,4
8002,386,390,2,3,0,0,0,0,3,0,1,6,0,0,1,,1,2026-05-11 22:27:59.532082,2026-05-11 22:27:59.532082,-9,4
8003,386,391,4,1,3,0,1,1,0,0,1,1,2,2,2,,2,2026-05-11 22:27:59.532082,2026-05-11 22:27:59.532082,-12,4
8004,386,209,11,2,0,0,0,1,3,2,3,7,4,3,2,,2,2026-05-11 22:27:59.532082,2026-05-11 22:27:59.532082,-20,4
8005,386,401,2,1,3,4,1,0,3,0,1,5,0,0,0,,0,2026-05-11 22:27:59.532082,2026-05-11 22:27:59.532082,-6,4
8006,386,388,0,0,0,0,1,0,0,0,0,0,0,0,0,,0,2026-05-11 22:27:59.532082,2026-05-11 22:27:59.532082,-2,4
8007,386,49,2,2,0,0,0,0,0,0,1,1,0,0,0,,0,2026-05-11 22:27:59.532082,2026-05-11 22:27:59.532082,1,4
8008,386,393,2,0,0,0,0,0,2,0,1,4,0,0,0,,0,2026-05-11 22:27:59.532082,2026-05-11 22:27:59.532082,1,4
8009,386,386,0,0,0,0,0,0,0,0,0,1,0,0,1,,0,2026-05-11 22:27:59.532082,2026-05-11 22:27:59.532082,1,4
8010,386,245,12,4,1,3,1,6,0,0,5,8,3,2,3,,3,2026-05-11 22:27:59.532082,2026-05-11 22:27:59.532082,3,9
8011,386,231,8,5,1,0,0,0,1,1,3,5,3,1,1,,2,2026-05-11 22:27:59.532082,2026-05-11 22:27:59.532082,2,9
8012,386,229,20,6,3,0,0,4,0,0,8,11,4,4,2,,5,2026-05-11 22:27:59.532082,2026-05-11 22:27:59.532082,3,9
8013,386,241,19,3,0,1,0,1,7,3,6,11,6,4,1,,1,2026-05-11 22:27:59.532082,2026-05-11 22:27:59.532082,1,9
8014,386,228,14,0,2,1,1,7,3,0,7,13,1,0,3,,1,2026-05-11 22:27:59.532082,2026-05-11 22:27:59.532082,3,9
8015,386,234,6,1,0,2,1,3,3,0,2,9,2,2,1,,1,2026-05-11 22:27:59.532082,2026-05-11 22:27:59.532082,14,9
8016,386,238,6,0,2,2,1,3,1,0,2,7,2,2,0,,1,2026-05-11 22:27:59.532082,2026-05-11 22:27:59.532082,0,9
8017,386,199,5,3,0,1,1,3,3,1,2,5,0,0,0,,0,2026-05-11 22:27:59.532082,2026-05-11 22:27:59.532082,22,9
8018,386,244,5,1,2,1,2,0,1,0,2,4,2,1,0,,4,2026-05-11 22:27:59.532082,2026-05-11 22:27:59.532082,9,9
8019,386,232,13,4,1,1,0,1,5,3,5,10,0,0,1,,2,2026-05-11 22:27:59.532082,2026-05-11 22:27:59.532082,10,9
8020,386,230,6,1,1,1,0,0,1,1,1,1,3,3,0,,0,2026-05-11 22:27:59.532082,2026-05-11 22:27:59.532082,15,9
8021,386,240,4,4,3,0,0,0,1,0,2,4,0,0,1,,0,2026-05-11 22:27:59.532082,2026-05-11 22:27:59.532082,6,9
8022,386,237,0,0,0,0,0,0,0,0,0,0,0,0,0,,0,2026-05-11 22:27:59.532082,2026-05-11 22:27:59.532082,1,9
8023,386,242,0,1,0,0,1,1,1,0,0,1,0,0,0,,0,2026-05-11 22:27:59.532082,2026-05-11 22:27:59.532082,1,9
8024,387,560,8,2,0,2,0,3,8,2,3,11,0,0,4,,5,2026-05-11 22:28:18.349623,2026-05-11 22:28:18.349623,-11,30
8025,387,443,10,3,0,1,0,1,0,0,4,6,3,2,1,,2,2026-05-11 22:28:18.349623,2026-05-11 22:28:18.349623,-20,30
8026,387,563,10,4,2,2,1,3,0,0,5,11,0,0,0,,2,2026-05-11 22:28:18.349623,2026-05-11 22:28:18.349623,-11,30
8027,387,441,25,2,3,1,1,5,3,2,9,16,5,5,1,,0,2026-05-11 22:28:18.349623,2026-05-11 22:28:18.349623,3,30
8028,387,438,30,2,0,1,0,4,7,6,11,15,2,2,3,,3,2026-05-11 22:28:18.349623,2026-05-11 22:28:18.349623,-2,30
8029,387,450,7,4,1,2,0,1,4,1,2,9,4,2,1,,2,2026-05-11 22:28:18.349623,2026-05-11 22:28:18.349623,-25,30
8030,387,447,16,3,0,1,0,2,8,2,7,17,0,0,3,,2,2026-05-11 22:28:18.349623,2026-05-11 22:28:18.349623,-30,30
8031,387,440,11,1,0,1,0,7,1,1,5,7,0,0,0,,1,2026-05-11 22:28:18.349623,2026-05-11 22:28:18.349623,-19,30
8032,387,417,11,1,2,1,0,5,4,2,3,6,5,3,4,,2,2026-05-11 22:28:18.349623,2026-05-11 22:28:18.349623,5,16
8033,387,402,20,11,0,1,1,8,6,3,7,14,3,3,2,,0,2026-05-11 22:28:18.349623,2026-05-11 22:28:18.349623,22,16
8034,387,416,12,6,2,0,0,3,4,2,5,7,0,0,0,,1,2026-05-11 22:28:18.349623,2026-05-11 22:28:18.349623,-1,16
8035,387,407,16,4,1,2,0,4,5,3,4,7,6,5,2,,2,2026-05-11 22:28:18.349623,2026-05-11 22:28:18.349623,22,16
8036,387,403,24,3,1,1,0,2,8,6,8,10,2,2,1,,2,2026-05-11 22:28:18.349623,2026-05-11 22:28:18.349623,3,16
8037,387,408,23,3,1,0,0,8,4,3,10,14,0,0,4,,3,2026-05-11 22:28:18.349623,2026-05-11 22:28:18.349623,24,16
8038,387,411,24,0,0,1,0,6,3,1,8,14,8,7,3,,5,2026-05-11 22:28:18.349623,2026-05-11 22:28:18.349623,17,16
8039,387,409,10,2,2,2,0,0,3,0,4,9,2,2,1,,2,2026-05-11 22:28:18.349623,2026-05-11 22:28:18.349623,23,16
8040,387,404,0,1,0,0,0,0,0,0,0,0,0,0,1,,3,2026-05-11 22:28:18.349623,2026-05-11 22:28:18.349623,0,16
8041,387,418,0,0,0,0,0,1,0,0,0,1,0,0,0,,0,2026-05-11 22:28:18.349623,2026-05-11 22:28:18.349623,0,16
8042,387,405,0,0,0,0,0,0,0,0,0,0,0,0,0,,0,2026-05-11 22:28:18.349623,2026-05-11 22:28:18.349623,0,16
8043,387,557,0,0,0,0,0,0,0,0,0,0,0,0,0,,0,2026-05-11 22:28:18.349623,2026-05-11 22:28:18.349623,0,16
8044,388,368,13,5,5,2,0,12,1,0,6,10,2,1,1,,2,2026-05-11 22:28:39.200405,2026-05-11 22:28:39.200405,36,1
8045,388,374,18,8,1,0,0,2,3,2,6,12,5,4,5,,4,2026-05-11 22:28:39.200405,2026-05-11 22:28:39.200405,25,1
8046,388,380,2,4,1,1,0,1,2,0,1,5,0,0,0,,0,2026-05-11 22:28:39.200405,2026-05-11 22:28:39.200405,25,1
8047,388,367,18,0,1,2,1,1,8,3,7,13,1,1,0,,3,2026-05-11 22:28:39.200405,2026-05-11 22:28:39.200405,29,1
8048,388,378,29,3,1,2,0,4,8,6,11,16,2,1,2,,2,2026-05-11 22:28:39.200405,2026-05-11 22:28:39.200405,22,1
8049,388,331,3,0,1,0,0,0,3,1,1,3,0,0,1,,2,2026-05-11 22:28:39.200405,2026-05-11 22:28:39.200405,8,1
8050,388,289,15,4,1,2,0,1,6,0,4,12,8,7,0,,1,2026-05-11 22:28:39.200405,2026-05-11 22:28:39.200405,11,1
8051,388,382,4,3,1,1,1,1,3,0,1,7,2,2,0,,2,2026-05-11 22:28:39.200405,2026-05-11 22:28:39.200405,-13,1
8052,388,372,5,2,1,0,1,1,3,1,2,4,0,0,0,,1,2026-05-11 22:28:39.200405,2026-05-11 22:28:39.200405,11,1
8053,388,246,7,2,0,0,0,0,1,1,3,3,0,0,0,,1,2026-05-11 22:28:39.200405,2026-05-11 22:28:39.200405,-14,1
8054,388,376,8,0,0,0,0,1,4,2,2,5,5,2,0,,0,2026-05-11 22:28:39.200405,2026-05-11 22:28:39.200405,-14,1
8055,388,379,2,1,1,1,1,1,1,0,1,2,0,0,0,,0,2026-05-11 22:28:39.200405,2026-05-11 22:28:39.200405,-8,1
8056,388,383,0,0,0,1,0,2,1,0,0,1,0,0,2,,0,2026-05-11 22:28:39.200405,2026-05-11 22:28:39.200405,-8,1
8057,388,226,15,3,1,3,2,3,5,0,7,15,2,1,1,,1,2026-05-11 22:28:39.200405,2026-05-11 22:28:39.200405,-10,6
8058,388,227,3,3,0,0,0,0,1,1,1,1,0,0,0,,1,2026-05-11 22:28:39.200405,2026-05-11 22:28:39.200405,-18,6
8059,388,219,10,3,3,0,1,1,0,0,5,12,0,0,4,,1,2026-05-11 22:28:39.200405,2026-05-11 22:28:39.200405,-16,6
8060,388,223,2,3,1,0,0,0,4,0,1,9,0,0,0,,4,2026-05-11 22:28:39.200405,2026-05-11 22:28:39.200405,-30,6
8061,388,306,20,0,0,0,0,5,6,2,6,13,6,6,5,,1,2026-05-11 22:28:39.200405,2026-05-11 22:28:39.200405,-34,6
8062,388,354,2,3,0,0,0,0,2,0,1,4,0,0,1,,1,2026-05-11 22:28:39.200405,2026-05-11 22:28:39.200405,-23,6
8063,388,364,7,1,1,2,0,4,2,1,2,8,2,2,0,,2,2026-05-11 22:28:39.200405,2026-05-11 22:28:39.200405,-9,6
8064,388,220,4,1,0,0,0,0,0,0,2,2,0,0,3,,1,2026-05-11 22:28:39.200405,2026-05-11 22:28:39.200405,-17,6
8065,388,221,6,3,2,0,0,3,0,0,2,3,2,2,1,,1,2026-05-11 22:28:39.200405,2026-05-11 22:28:39.200405,0,6
8066,388,224,4,4,1,1,1,1,0,0,2,4,0,0,1,,3,2026-05-11 22:28:39.200405,2026-05-11 22:28:39.200405,10,6
8067,388,547,7,1,0,1,0,1,1,0,3,4,1,1,0,,0,2026-05-11 22:28:39.200405,2026-05-11 22:28:39.200405,9,6
8068,388,222,15,1,0,1,0,4,4,2,5,8,3,3,3,,2,2026-05-11 22:28:39.200405,2026-05-11 22:28:39.200405,9,6
8069,388,592,3,5,0,0,2,3,1,1,1,1,0,0,0,,2,2026-05-11 22:28:39.200405,2026-05-11 22:28:39.200405,11,6
8070,388,566,4,0,0,0,0,0,1,0,1,2,2,2,0,,0,2026-05-11 22:28:39.200405,2026-05-11 22:28:39.200405,8,6
8071,389,302,7,3,0,1,0,3,4,1,3,7,0,0,2,,1,2026-05-11 22:29:08.510934,2026-05-11 22:29:08.510934,-7,12
8072,389,263,17,3,1,0,1,2,7,4,6,13,2,1,1,,2,2026-05-11 22:29:08.510934,2026-05-11 22:29:08.510934,3,12
8073,389,258,13,9,1,1,1,0,6,3,5,10,0,0,3,,2,2026-05-11 22:29:08.510934,2026-05-11 22:29:08.510934,2,12
8074,389,261,15,4,0,2,0,3,5,1,4,10,6,6,3,,1,2026-05-11 22:29:08.510934,2026-05-11 22:29:08.510934,1,12
8075,389,251,16,2,2,1,0,6,8,2,6,15,3,2,2,,3,2026-05-11 22:29:08.510934,2026-05-11 22:29:08.510934,0,12
8076,389,257,9,0,1,1,0,1,3,0,3,7,3,3,1,,2,2026-05-11 22:29:08.510934,2026-05-11 22:29:08.510934,-16,12
8077,389,249,8,9,1,0,5,2,8,2,3,9,0,0,2,,1,2026-05-11 22:29:08.510934,2026-05-11 22:29:08.510934,-13,12
8078,389,252,0,2,2,0,0,3,2,0,0,5,0,0,0,,1,2026-05-11 22:29:08.510934,2026-05-11 22:29:08.510934,-11,12
8079,389,569,2,3,2,0,1,3,2,0,0,4,2,2,5,,2,2026-05-11 22:29:08.510934,2026-05-11 22:29:08.510934,-14,12
8080,389,262,7,7,0,0,0,2,5,1,3,8,0,0,2,,0,2026-05-11 22:29:08.510934,2026-05-11 22:29:08.510934,0,12
8081,389,84,15,6,1,4,1,1,4,1,7,16,0,0,0,,1,2026-05-11 22:29:08.510934,2026-05-11 22:29:08.510934,6,23
8082,389,78,21,5,0,1,0,2,9,3,9,19,1,0,1,,2,2026-05-11 22:29:08.510934,2026-05-11 22:29:08.510934,7,23
8083,389,72,3,5,1,1,0,1,0,0,1,3,2,1,1,,1,2026-05-11 22:29:08.510934,2026-05-11 22:29:08.510934,-13,23
8084,389,75,16,8,1,3,1,5,2,0,7,14,2,2,3,,1,2026-05-11 22:29:08.510934,2026-05-11 22:29:08.510934,11,23
8085,389,82,32,5,3,2,0,5,10,1,11,28,10,9,1,,3,2026-05-11 22:29:08.510934,2026-05-11 22:29:08.510934,18,23
8086,389,74,10,9,7,1,0,1,1,0,4,10,2,2,0,,3,2026-05-11 22:29:08.510934,2026-05-11 22:29:08.510934,24,23
8087,389,80,4,2,1,0,0,1,1,0,1,5,2,2,1,,2,2026-05-11 22:29:08.510934,2026-05-11 22:29:08.510934,-3,23
8088,389,70,2,2,1,1,0,0,1,0,1,5,0,0,0,,0,2026-05-11 22:29:08.510934,2026-05-11 22:29:08.510934,3,23
8089,389,76,2,0,1,0,0,1,1,0,1,4,0,0,1,,1,2026-05-11 22:29:08.510934,2026-05-11 22:29:08.510934,2,23
8090,390,53,2,5,0,0,0,3,3,0,1,4,0,0,0,,2,2026-05-11 22:29:29.69207,2026-05-11 22:29:29.69207,9,20
8091,390,59,3,4,0,2,0,2,1,0,0,2,4,3,2,,2,2026-05-11 22:29:29.69207,2026-05-11 22:29:29.69207,11,20
8092,390,67,22,8,2,0,0,5,3,1,8,12,5,5,1,,3,2026-05-11 22:29:29.69207,2026-05-11 22:29:29.69207,11,20
8093,390,54,13,1,0,3,0,3,6,2,5,10,1,1,1,,2,2026-05-11 22:29:29.69207,2026-05-11 22:29:29.69207,13,20
8094,390,55,29,3,0,2,0,2,5,2,12,18,3,3,3,,1,2026-05-11 22:29:29.69207,2026-05-11 22:29:29.69207,4,20
8095,390,56,10,0,1,0,0,4,1,0,4,8,2,2,1,,1,2026-05-11 22:29:29.69207,2026-05-11 22:29:29.69207,3,20
8096,390,66,8,1,0,1,0,1,5,2,3,7,0,0,0,,1,2026-05-11 22:29:29.69207,2026-05-11 22:29:29.69207,11,20
8097,390,538,0,0,1,1,0,0,0,0,0,0,0,0,0,,1,2026-05-11 22:29:29.69207,2026-05-11 22:29:29.69207,-3,20
8098,390,508,12,5,0,0,0,2,3,1,4,6,6,3,1,,1,2026-05-11 22:29:29.69207,2026-05-11 22:29:29.69207,14,20
8099,390,60,8,3,1,0,0,1,0,0,4,4,0,0,0,,2,2026-05-11 22:29:29.69207,2026-05-11 22:29:29.69207,8,20
8100,390,58,3,1,0,1,0,1,2,0,0,2,4,3,0,,0,2026-05-11 22:29:29.69207,2026-05-11 22:29:29.69207,3,20
8101,390,57,2,1,0,0,0,0,2,0,0,2,2,2,0,,0,2026-05-11 22:29:29.69207,2026-05-11 22:29:29.69207,0,20
8102,390,61,0,0,0,0,0,0,0,0,0,0,0,0,1,,0,2026-05-11 22:29:29.69207,2026-05-11 22:29:29.69207,1,20
8103,390,88,15,2,2,0,0,5,1,0,6,13,3,3,2,,1,2026-05-11 22:29:29.69207,2026-05-11 22:29:29.69207,-10,28
8104,390,93,16,4,0,1,0,6,2,0,8,15,4,0,1,,2,2026-05-11 22:29:29.69207,2026-05-11 22:29:29.69207,-9,28
8105,390,99,4,2,1,1,0,1,0,0,2,3,0,0,2,,3,2026-05-11 22:29:29.69207,2026-05-11 22:29:29.69207,-14,28
8106,390,101,5,0,0,0,0,2,3,1,2,7,0,0,2,,3,2026-05-11 22:29:29.69207,2026-05-11 22:29:29.69207,-9,28
8107,390,103,15,2,0,1,0,1,7,4,5,9,2,1,1,,2,2026-05-11 22:29:29.69207,2026-05-11 22:29:29.69207,-20,28
8108,390,94,5,4,2,1,0,1,4,1,1,5,2,2,0,,1,2026-05-11 22:29:29.69207,2026-05-11 22:29:29.69207,3,28
8109,390,95,17,6,2,1,0,3,6,3,5,9,6,4,4,,1,2026-05-11 22:29:29.69207,2026-05-11 22:29:29.69207,-3,28
8110,390,97,6,5,0,0,0,1,0,0,2,2,2,2,2,,4,2026-05-11 22:29:29.69207,2026-05-11 22:29:29.69207,-4,28
8111,390,90,2,0,0,0,0,1,0,0,1,1,0,0,0,,0,2026-05-11 22:29:29.69207,2026-05-11 22:29:29.69207,-10,28
8112,390,96,3,0,0,0,0,2,1,0,1,5,1,1,3,,2,2026-05-11 22:29:29.69207,2026-05-11 22:29:29.69207,-7,28
8113,390,91,7,0,0,2,0,1,1,1,3,4,0,0,0,,5,2026-05-11 22:29:29.69207,2026-05-11 22:29:29.69207,-2,28
8114,391,41,24,6,0,0,0,4,12,8,8,13,0,0,0,,4,2026-05-11 22:29:50.15226,2026-05-11 22:29:50.15226,21,2
8115,391,50,6,2,0,1,1,2,4,2,2,4,0,0,0,,2,2026-05-11 22:29:50.15226,2026-05-11 22:29:50.15226,17,2
8116,391,44,7,8,2,0,1,2,1,1,3,3,0,0,1,,1,2026-05-11 22:29:50.15226,2026-05-11 22:29:50.15226,13,2
8117,391,37,23,3,0,1,0,1,3,2,8,13,7,5,7,,4,2026-05-11 22:29:50.15226,2026-05-11 22:29:50.15226,24,2
8118,391,51,9,1,1,1,0,5,9,3,3,9,0,0,1,,0,2026-05-11 22:29:50.15226,2026-05-11 22:29:50.15226,18,2
8119,391,43,21,3,0,1,0,10,9,5,7,14,2,2,1,,3,2026-05-11 22:29:50.15226,2026-05-11 22:29:50.15226,29,2
8120,391,208,14,3,1,0,1,5,5,3,5,7,2,1,0,,1,2026-05-11 22:29:50.15226,2026-05-11 22:29:50.15226,15,2
8121,391,39,10,4,0,3,0,1,4,2,4,7,0,0,0,,4,2026-05-11 22:29:50.15226,2026-05-11 22:29:50.15226,11,2
8122,391,45,9,2,0,0,0,2,5,2,3,6,1,1,1,,2,2026-05-11 22:29:50.15226,2026-05-11 22:29:50.15226,5,2
8123,391,38,14,2,4,1,2,2,3,0,6,13,3,2,1,,4,2026-05-11 22:29:50.15226,2026-05-11 22:29:50.15226,-2,2
8124,391,40,7,0,0,1,0,1,4,1,3,7,0,0,0,,0,2026-05-11 22:29:50.15226,2026-05-11 22:29:50.15226,-8,2
8125,391,46,0,1,1,0,0,0,0,0,0,0,0,0,1,,1,2026-05-11 22:29:50.15226,2026-05-11 22:29:50.15226,-13,2
8126,391,521,2,1,1,0,0,1,3,0,1,7,0,0,0,,5,2026-05-11 22:29:50.15226,2026-05-11 22:29:50.15226,-5,19
8127,391,523,25,9,2,1,3,4,2,0,9,14,9,7,2,,1,2026-05-11 22:29:50.15226,2026-05-11 22:29:50.15226,-24,19
8128,391,515,0,4,2,1,0,3,2,0,0,2,0,0,1,,0,2026-05-11 22:29:50.15226,2026-05-11 22:29:50.15226,-29,19
8129,391,522,11,2,1,1,0,3,5,2,3,10,5,3,5,,1,2026-05-11 22:29:50.15226,2026-05-11 22:29:50.15226,-40,19
8130,391,511,36,2,1,3,0,6,10,3,13,29,11,7,1,,4,2026-05-11 22:29:50.15226,2026-05-11 22:29:50.15226,-32,19
8131,391,596,12,6,6,0,0,1,2,0,5,8,3,2,0,,4,2026-05-11 22:29:50.15226,2026-05-11 22:29:50.15226,6,19
8132,391,510,2,0,0,0,0,0,0,0,1,1,0,0,0,,0,2026-05-11 22:29:50.15226,2026-05-11 22:29:50.15226,-11,19
8133,391,507,10,2,0,0,0,1,4,2,4,10,0,0,0,,3,2026-05-11 22:29:50.15226,2026-05-11 22:29:50.15226,2,19
8134,391,512,20,4,1,0,0,3,4,2,8,15,2,2,4,,1,2026-05-11 22:29:50.15226,2026-05-11 22:29:50.15226,3,19
8144,393,192,14,8,0,1,3,3,9,0,6,17,3,2,2,,0,2026-05-11 22:32:02.641953,2026-05-11 22:32:02.641953,-18,5
8145,393,133,15,4,3,3,1,4,4,2,5,10,4,3,3,,4,2026-05-11 22:32:02.641953,2026-05-11 22:32:02.641953,-22,5
8146,393,204,6,6,3,1,1,5,3,0,3,7,4,0,2,,1,2026-05-11 22:32:02.641953,2026-05-11 22:32:02.641953,-3,5
8147,393,399,12,0,2,3,0,4,2,0,5,11,5,2,4,,2,2026-05-11 22:32:02.641953,2026-05-11 22:32:02.641953,-28,5
8148,393,200,23,3,1,0,0,4,2,2,8,12,5,5,2,,3,2026-05-11 22:32:02.641953,2026-05-11 22:32:02.641953,-5,5
8149,393,125,13,3,1,1,0,0,5,1,4,11,4,4,2,,3,2026-05-11 22:32:02.641953,2026-05-11 22:32:02.641953,-7,5
8150,393,210,8,4,0,1,0,0,6,2,3,10,0,0,0,,2,2026-05-11 22:32:02.641953,2026-05-11 22:32:02.641953,-24,5
8151,393,587,7,1,0,0,0,1,4,2,2,4,1,1,2,,2,2026-05-11 22:32:02.641953,2026-05-11 22:32:02.641953,-2,5
8152,393,201,0,0,0,0,0,2,2,0,0,2,0,0,2,,1,2026-05-11 22:32:02.641953,2026-05-11 22:32:02.641953,-9,5
8153,393,597,5,3,0,0,0,2,2,1,2,3,0,0,1,,2,2026-05-11 22:32:02.641953,2026-05-11 22:32:02.641953,-2,5
8154,393,434,25,1,1,0,0,4,5,3,8,13,9,6,3,,2,2026-05-11 22:32:02.641953,2026-05-11 22:32:02.641953,12,22
8155,393,419,14,9,0,2,0,7,4,1,5,10,6,3,4,,1,2026-05-11 22:32:02.641953,2026-05-11 22:32:02.641953,21,22
8156,393,424,11,4,2,0,1,0,1,0,4,7,4,3,0,,2,2026-05-11 22:32:02.641953,2026-05-11 22:32:02.641953,19,22
8157,393,420,2,1,0,2,0,4,0,0,1,4,0,0,1,,3,2026-05-11 22:32:02.641953,2026-05-11 22:32:02.641953,4,22
8158,393,433,12,1,0,0,0,4,9,4,4,11,0,0,2,,3,2026-05-11 22:32:02.641953,2026-05-11 22:32:02.641953,13,22
8159,393,426,2,3,0,0,0,6,3,0,1,4,0,0,0,,1,2026-05-11 22:32:02.641953,2026-05-11 22:32:02.641953,18,22
8160,393,423,20,4,4,0,2,2,4,2,9,11,1,0,2,,2,2026-05-11 22:32:02.641953,2026-05-11 22:32:02.641953,15,22
8161,393,422,8,3,0,2,1,2,7,2,3,12,0,0,0,,2,2026-05-11 22:32:02.641953,2026-05-11 22:32:02.641953,1,22
8162,393,421,15,7,4,1,2,0,0,0,6,7,3,3,0,,2,2026-05-11 22:32:02.641953,2026-05-11 22:32:02.641953,4,22
8163,393,193,7,1,0,1,0,2,1,1,3,5,0,0,1,,1,2026-05-11 22:32:02.641953,2026-05-11 22:32:02.641953,8,22
8164,393,430,0,0,0,0,0,2,2,0,0,2,0,0,0,,0,2026-05-11 22:32:02.641953,2026-05-11 22:32:02.641953,-1,22
8165,393,431,8,0,0,3,0,0,0,0,4,5,0,0,0,,1,2026-05-11 22:32:02.641953,2026-05-11 22:32:02.641953,1,22
8166,393,425,3,1,1,1,0,0,0,0,1,2,1,1,0,,1,2026-05-11 22:32:02.641953,2026-05-11 22:32:02.641953,1,22
8167,393,584,0,0,0,0,0,0,1,0,0,1,0,0,1,,1,2026-05-11 22:32:02.641953,2026-05-11 22:32:02.641953,4,22
8168,394,540,5,1,1,0,0,2,4,1,2,7,0,0,1,,1,2026-05-11 22:32:21.286347,2026-05-11 22:32:21.286347,3,27
8169,394,529,14,5,2,1,2,1,3,1,5,8,3,3,0,,2,2026-05-11 22:32:21.286347,2026-05-11 22:32:21.286347,15,27
8170,394,542,40,10,3,1,2,5,7,2,14,23,11,10,2,,0,2026-05-11 22:32:21.286347,2026-05-11 22:32:21.286347,10,27
8171,394,531,13,3,1,0,1,6,1,0,4,9,5,5,2,,3,2026-05-11 22:32:21.286347,2026-05-11 22:32:21.286347,15,27
8172,394,530,18,1,0,0,0,10,4,2,7,14,2,2,2,,1,2026-05-11 22:32:21.286347,2026-05-11 22:32:21.286347,11,27
8173,394,535,2,5,2,1,0,1,0,0,1,2,0,0,1,,2,2026-05-11 22:32:21.286347,2026-05-11 22:32:21.286347,10,27
8174,394,525,15,2,0,0,0,1,4,2,6,9,1,1,0,,2,2026-05-11 22:32:21.286347,2026-05-11 22:32:21.286347,13,27
8175,394,533,17,4,2,0,0,2,5,1,6,13,4,4,0,,1,2026-05-11 22:32:21.286347,2026-05-11 22:32:21.286347,8,27
8176,394,527,12,3,1,0,1,2,3,3,4,5,1,1,2,,3,2026-05-11 22:32:21.286347,2026-05-11 22:32:21.286347,14,27
8177,394,536,3,1,1,1,0,0,1,1,1,2,0,0,0,,0,2026-05-11 22:32:21.286347,2026-05-11 22:32:21.286347,-2,27
8178,394,532,0,0,0,0,0,0,0,0,0,0,0,0,0,,0,2026-05-11 22:32:21.286347,2026-05-11 22:32:21.286347,-2,27
8179,394,457,33,5,1,0,0,5,7,3,13,25,4,4,2,,1,2026-05-11 22:32:21.286347,2026-05-11 22:32:21.286347,-8,7
8180,394,446,14,3,0,0,0,3,3,2,5,8,2,2,0,,2,2026-05-11 22:32:21.286347,2026-05-11 22:32:21.286347,-5,7
8181,394,436,2,1,0,0,0,1,2,0,1,4,0,0,0,,1,2026-05-11 22:32:21.286347,2026-05-11 22:32:21.286347,-9,7
8182,394,453,16,1,0,1,0,2,7,4,5,12,2,2,1,,2,2026-05-11 22:32:21.286347,2026-05-11 22:32:21.286347,-8,7
8183,394,465,13,1,0,0,0,7,4,1,5,13,2,2,0,,3,2026-05-11 22:32:21.286347,2026-05-11 22:32:21.286347,-5,7
8184,394,454,7,3,5,2,3,0,0,0,3,5,5,1,0,,3,2026-05-11 22:32:21.286347,2026-05-11 22:32:21.286347,-10,7
8185,394,575,6,0,2,1,0,1,4,0,3,7,0,0,0,,0,2026-05-11 22:32:21.286347,2026-05-11 22:32:21.286347,-12,7
8186,394,567,12,1,0,1,1,0,10,4,4,11,0,0,0,,1,2026-05-11 22:32:21.286347,2026-05-11 22:32:21.286347,-19,7
8187,394,444,13,0,1,0,1,2,2,1,4,9,4,4,1,,1,2026-05-11 22:32:21.286347,2026-05-11 22:32:21.286347,-9,7
8188,394,466,4,6,5,2,1,5,1,0,2,4,0,0,3,,5,2026-05-11 22:32:21.286347,2026-05-11 22:32:21.286347,-10,7
8189,395,276,18,10,0,1,0,5,11,6,6,13,0,0,2,,1,2026-05-11 22:32:45.009082,2026-05-11 22:32:45.009082,18,17
8190,395,141,12,6,0,0,0,12,4,0,5,12,4,2,4,,3,2026-05-11 22:32:45.009082,2026-05-11 22:32:45.009082,17,17
8191,395,280,13,5,0,0,5,3,5,1,6,11,1,0,0,,2,2026-05-11 22:32:45.009082,2026-05-11 22:32:45.009082,26,17
8192,395,583,28,4,1,1,0,3,9,5,10,17,3,3,3,,4,2026-05-11 22:32:45.009082,2026-05-11 22:32:45.009082,21,17
8193,395,269,35,3,2,2,0,4,16,11,11,18,2,2,0,,1,2026-05-11 22:32:45.009082,2026-05-11 22:32:45.009082,29,17
8194,395,278,11,5,5,1,2,3,0,0,4,4,5,3,1,,3,2026-05-11 22:32:45.009082,2026-05-11 22:32:45.009082,-7,17
8195,395,272,8,1,0,0,0,5,1,1,3,4,1,1,5,,0,2026-05-11 22:32:45.009082,2026-05-11 22:32:45.009082,-8,17
8196,395,271,0,2,0,0,0,1,2,0,0,2,0,0,2,,1,2026-05-11 22:32:45.009082,2026-05-11 22:32:45.009082,-11,17
8197,395,577,19,6,2,0,0,10,7,5,7,11,0,0,0,,1,2026-05-11 22:32:45.009082,2026-05-11 22:32:45.009082,-12,3
8198,395,24,13,5,1,1,0,4,3,1,5,12,2,2,2,,2,2026-05-11 22:32:45.009082,2026-05-11 22:32:45.009082,-6,3
8199,395,593,11,3,2,1,0,2,4,1,4,11,4,2,0,,3,2026-05-11 22:32:45.009082,2026-05-11 22:32:45.009082,-21,3
8200,395,29,15,3,0,1,1,3,9,3,6,15,0,0,1,,1,2026-05-11 22:32:45.009082,2026-05-11 22:32:45.009082,-31,3
8201,395,21,23,2,2,0,0,2,12,6,6,12,5,5,1,,4,2026-05-11 22:32:45.009082,2026-05-11 22:32:45.009082,-24,3
8202,395,32,14,3,1,3,1,0,9,1,5,14,3,3,1,,0,2026-05-11 22:32:45.009082,2026-05-11 22:32:45.009082,3,3
8203,395,34,13,6,1,1,0,7,1,1,5,9,2,2,2,,2,2026-05-11 22:32:45.009082,2026-05-11 22:32:45.009082,6,3
8204,396,117,22,4,0,2,1,3,7,4,8,17,2,2,1,,1,2026-05-11 22:33:04.960551,2026-05-11 22:33:04.960551,10,8
8205,396,106,10,7,1,2,0,6,3,2,4,9,0,0,4,,1,2026-05-11 22:33:04.960551,2026-05-11 22:33:04.960551,7,8
8206,396,119,23,11,6,0,2,4,2,1,9,14,4,4,3,,1,2026-05-11 22:33:04.960551,2026-05-11 22:33:04.960551,16,8
8207,396,108,13,1,0,1,0,3,9,3,4,12,3,2,0,,1,2026-05-11 22:33:04.960551,2026-05-11 22:33:04.960551,5,8
8208,396,429,9,4,0,0,0,3,3,3,3,6,0,0,2,,1,2026-05-11 22:33:04.960551,2026-05-11 22:33:04.960551,7,8
8209,396,116,13,4,0,0,0,4,6,3,5,11,0,0,2,,0,2026-05-11 22:33:04.960551,2026-05-11 22:33:04.960551,17,8
8210,396,564,21,2,0,2,1,0,6,3,8,12,2,2,2,,2,2026-05-11 22:33:04.960551,2026-05-11 22:33:04.960551,14,8
8211,396,115,5,4,2,0,3,2,2,1,2,4,0,0,2,,2,2026-05-11 22:33:04.960551,2026-05-11 22:33:04.960551,-1,8
8212,396,112,7,1,0,2,0,3,5,1,3,7,0,0,0,,1,2026-05-11 22:33:04.960551,2026-05-11 22:33:04.960551,14,8
8213,396,400,2,1,1,0,0,0,0,0,1,1,0,0,0,,0,2026-05-11 22:33:04.960551,2026-05-11 22:33:04.960551,6,8
8214,396,109,2,0,0,1,0,0,0,0,0,0,2,2,0,,0,2026-05-11 22:33:04.960551,2026-05-11 22:33:04.960551,5,8
8215,396,142,5,3,0,0,0,1,4,1,2,7,0,0,0,,1,2026-05-11 22:33:04.960551,2026-05-11 22:33:04.960551,-8,21
8216,396,151,13,2,1,3,0,3,6,2,5,11,2,1,0,,2,2026-05-11 22:33:04.960551,2026-05-11 22:33:04.960551,-2,21
8217,396,139,23,9,3,0,1,5,10,3,8,18,4,4,0,,2,2026-05-11 22:33:04.960551,2026-05-11 22:33:04.960551,-21,21
8218,396,83,15,1,0,0,0,2,8,3,6,11,0,0,1,,0,2026-05-11 22:33:04.960551,2026-05-11 22:33:04.960551,-4,21
8219,396,149,14,0,2,4,0,11,3,2,6,12,0,0,8,,3,2026-05-11 22:33:04.960551,2026-05-11 22:33:04.960551,-17,21
8220,396,138,14,7,2,2,0,2,3,1,5,10,4,3,2,,3,2026-05-11 22:33:04.960551,2026-05-11 22:33:04.960551,-15,21
8221,396,154,15,5,7,2,0,1,6,1,7,22,0,0,2,,2,2026-05-11 22:33:04.960551,2026-05-11 22:33:04.960551,-22,21
8222,396,581,8,4,0,0,0,0,4,1,3,8,2,1,0,,2,2026-05-11 22:33:04.960551,2026-05-11 22:33:04.960551,-11,21
8223,397,191,14,3,0,0,0,5,6,2,6,16,2,0,2,,0,2026-05-11 22:33:24.318612,2026-05-11 22:33:24.318612,37,29
8224,397,554,30,2,0,2,0,2,9,4,12,19,2,2,2,,0,2026-05-11 22:33:24.318612,2026-05-11 22:33:24.318612,19,29
8225,397,190,16,18,4,1,2,3,0,0,7,11,4,2,1,,2,2026-05-11 22:33:24.318612,2026-05-11 22:33:24.318612,27,29
8226,397,175,23,8,2,3,1,2,7,3,10,19,0,0,3,,0,2026-05-11 22:33:24.318612,2026-05-11 22:33:24.318612,29,29
8227,397,586,26,5,0,2,0,10,7,4,11,20,4,0,4,,2,2026-05-11 22:33:24.318612,2026-05-11 22:33:24.318612,37,29
8228,397,576,27,7,4,3,0,11,3,1,12,19,3,2,1,,1,2026-05-11 22:33:24.318612,2026-05-11 22:33:24.318612,40,29
8229,397,497,11,9,2,5,2,10,3,1,4,6,2,2,3,,4,2026-05-11 22:33:24.318612,2026-05-11 22:33:24.318612,41,29
8230,397,595,20,0,2,0,0,2,8,2,9,22,0,0,1,,3,2026-05-11 22:33:24.318612,2026-05-11 22:33:24.318612,-44,15
8231,397,585,18,2,0,1,1,4,8,3,6,12,3,3,1,,2,2026-05-11 22:33:24.318612,2026-05-11 22:33:24.318612,-42,15
8232,397,499,13,14,1,2,0,14,2,0,6,13,2,1,10,,3,2026-05-11 22:33:24.318612,2026-05-11 22:33:24.318612,-46,15
8233,397,594,21,2,1,0,0,0,10,3,8,18,2,2,3,,0,2026-05-11 22:33:24.318612,2026-05-11 22:33:24.318612,-7,15
8234,397,588,13,10,3,4,0,3,13,2,5,19,1,1,1,,3,2026-05-11 22:33:24.318612,2026-05-11 22:33:24.318612,-46,15
8235,397,169,16,8,4,3,1,4,11,1,7,25,1,1,3,,4,2026-05-11 22:33:24.318612,2026-05-11 22:33:24.318612,-45,15
8236,398,475,33,7,0,1,2,7,1,0,13,18,9,7,3,,2,2026-05-11 22:33:46.913788,2026-05-11 22:33:46.913788,-3,11
8237,398,484,16,5,1,0,2,2,6,2,5,12,6,4,1,,1,2026-05-11 22:33:46.913788,2026-05-11 22:33:46.913788,-4,11
8238,398,482,22,3,3,0,1,8,0,0,10,13,2,2,3,,5,2026-05-11 22:33:46.913788,2026-05-11 22:33:46.913788,7,11
8239,398,481,2,1,0,0,2,2,3,0,0,3,2,2,0,,2,2026-05-11 22:33:46.913788,2026-05-11 22:33:46.913788,1,11
8240,398,486,41,6,3,2,0,7,1,0,17,22,7,7,2,,2,2026-05-11 22:33:46.913788,2026-05-11 22:33:46.913788,1,11
8241,398,476,0,1,0,1,1,0,2,0,0,3,0,0,2,,2,2026-05-11 22:33:46.913788,2026-05-11 22:33:46.913788,-3,11
8242,398,472,4,0,1,0,0,0,0,0,2,2,2,0,0,,1,2026-05-11 22:33:46.913788,2026-05-11 22:33:46.913788,-2,11
8243,398,483,12,3,0,0,0,3,6,2,5,12,0,0,1,,2,2026-05-11 22:33:46.913788,2026-05-11 22:33:46.913788,-17,11
8244,398,479,0,0,1,0,0,0,0,0,0,0,0,0,0,,0,2026-05-11 22:33:46.913788,2026-05-11 22:33:46.913788,3,11
8245,398,485,2,2,2,0,0,0,0,0,1,2,0,0,0,,1,2026-05-11 22:33:46.913788,2026-05-11 22:33:46.913788,-3,11
8246,398,174,17,3,3,2,0,9,0,0,7,12,5,3,0,,3,2026-05-11 22:33:46.913788,2026-05-11 22:33:46.913788,5,18
8247,398,132,16,6,1,0,4,2,3,0,8,19,0,0,0,,3,2026-05-11 22:33:46.913788,2026-05-11 22:33:46.913788,-1,18
8248,398,121,14,2,2,2,1,1,0,0,5,5,4,4,0,,2,2026-05-11 22:33:46.913788,2026-05-11 22:33:46.913788,-3,18
8249,398,126,22,1,1,0,0,3,7,3,7,14,6,5,4,,4,2026-05-11 22:33:46.913788,2026-05-11 22:33:46.913788,-6,18
8250,398,124,18,4,0,1,2,2,8,3,6,12,6,3,1,,3,2026-05-11 22:33:46.913788,2026-05-11 22:33:46.913788,1,18
8251,398,136,23,0,0,0,0,1,7,5,8,13,2,2,0,,2,2026-05-11 22:33:46.913788,2026-05-11 22:33:46.913788,4,18
8252,398,195,15,0,0,0,0,4,2,1,6,10,2,2,1,,1,2026-05-11 22:33:46.913788,2026-05-11 22:33:46.913788,-1,18
8253,398,123,9,1,0,1,0,4,3,3,3,3,0,0,0,,2,2026-05-11 22:33:46.913788,2026-05-11 22:33:46.913788,17,18
8254,398,122,2,1,0,1,0,1,0,0,1,1,0,0,1,,1,2026-05-11 22:33:46.913788,2026-05-11 22:33:46.913788,4,18
8255,399,360,20,5,4,2,0,3,9,3,7,16,3,3,2,,2,2026-05-11 22:34:07.389116,2026-05-11 22:34:07.389116,18,26
8256,399,349,5,5,1,2,1,4,4,0,2,9,2,1,1,,1,2026-05-11 22:34:07.389116,2026-05-11 22:34:07.389116,-12,26
8257,399,361,23,8,1,1,0,4,4,2,9,12,5,3,3,,3,2026-05-11 22:34:07.389116,2026-05-11 22:34:07.389116,20,26
8258,399,352,20,5,1,0,0,6,6,2,5,14,9,8,4,,3,2026-05-11 22:34:07.389116,2026-05-11 22:34:07.389116,2,26
8259,399,351,29,5,4,2,1,4,11,6,11,18,4,1,4,,2,2026-05-11 22:34:07.389116,2026-05-11 22:34:07.389116,16,26
8260,399,558,6,1,0,1,0,2,2,0,0,3,6,6,0,,2,2026-05-11 22:34:07.389116,2026-05-11 22:34:07.389116,-10,26
8261,399,358,11,1,0,0,2,0,4,3,4,6,0,0,1,,0,2026-05-11 22:34:07.389116,2026-05-11 22:34:07.389116,3,26
8262,399,357,3,1,0,0,0,1,3,0,0,5,3,3,1,,3,2026-05-11 22:34:07.389116,2026-05-11 22:34:07.389116,-10,26
8263,399,350,7,2,5,2,2,1,1,1,3,6,2,0,0,,5,2026-05-11 22:34:07.389116,2026-05-11 22:34:07.389116,3,26
8264,399,297,7,3,0,2,0,6,3,1,3,10,0,0,0,,4,2026-05-11 22:34:07.389116,2026-05-11 22:34:07.389116,1,10
8265,399,285,7,3,1,1,0,6,2,1,2,3,2,2,3,,2,2026-05-11 22:34:07.389116,2026-05-11 22:34:07.389116,-4,10
8266,399,381,11,6,1,1,1,2,3,1,4,12,3,2,4,,2,2026-05-11 22:34:07.389116,2026-05-11 22:34:07.389116,11,10
8267,399,294,30,3,0,1,0,1,8,3,9,15,10,9,2,,2,2026-05-11 22:34:07.389116,2026-05-11 22:34:07.389116,3,10
8268,399,284,11,3,0,2,0,5,6,2,3,8,3,3,3,,0,2026-05-11 22:34:07.389116,2026-05-11 22:34:07.389116,-4,10
8269,399,293,10,2,1,2,0,0,0,0,5,6,0,0,2,,4,2026-05-11 22:34:07.389116,2026-05-11 22:34:07.389116,-11,10
8270,399,291,17,4,0,1,0,3,6,3,5,9,4,4,2,,2,2026-05-11 22:34:07.389116,2026-05-11 22:34:07.389116,-14,10
8271,399,287,10,0,0,0,1,2,4,2,4,8,0,0,0,,1,2026-05-11 22:34:07.389116,2026-05-11 22:34:07.389116,-10,10
8272,399,298,2,1,0,0,0,4,2,0,1,3,0,0,0,,1,2026-05-11 22:34:07.389116,2026-05-11 22:34:07.389116,0,10
8273,399,580,6,3,1,0,1,1,0,0,1,3,4,4,0,,3,2026-05-11 22:34:07.389116,2026-05-11 22:34:07.389116,-6,10
8274,399,290,7,1,1,2,0,0,1,1,2,3,2,2,0,,1,2026-05-11 22:34:07.389116,2026-05-11 22:34:07.389116,4,10
8275,399,296,0,1,1,0,1,0,1,0,0,1,0,0,0,,0,2026-05-11 22:34:07.389116,2026-05-11 22:34:07.389116,0,10
8276,400,156,35,4,0,1,1,5,6,1,11,19,13,12,3,,3,2026-05-11 22:34:28.051775,2026-05-11 22:34:28.051775,9,25
8277,400,157,5,0,1,1,1,3,8,1,2,13,0,0,0,,2,2026-05-11 22:34:28.051775,2026-05-11 22:34:28.051775,2,25
8278,400,159,18,10,3,0,2,2,7,3,6,12,3,3,0,,2,2026-05-11 22:34:28.051775,2026-05-11 22:34:28.051775,-9,25
8279,400,164,9,1,2,1,0,4,3,0,2,6,5,5,3,,1,2026-05-11 22:34:28.051775,2026-05-11 22:34:28.051775,8,25
8280,400,163,9,0,1,2,0,3,3,1,3,6,2,2,2,,3,2026-05-11 22:34:28.051775,2026-05-11 22:34:28.051775,18,25
8281,400,170,8,2,2,0,0,2,5,2,3,10,0,0,2,,1,2026-05-11 22:34:28.051775,2026-05-11 22:34:28.051775,4,25
8282,400,171,6,1,1,4,2,1,3,1,2,5,2,1,0,,0,2026-05-11 22:34:28.051775,2026-05-11 22:34:28.051775,16,25
8283,400,167,10,5,2,1,0,2,2,1,4,5,2,1,2,,1,2026-05-11 22:34:28.051775,2026-05-11 22:34:28.051775,19,25
8284,400,173,13,8,2,1,1,0,2,2,4,7,4,3,1,,1,2026-05-11 22:34:28.051775,2026-05-11 22:34:28.051775,25,25
8285,400,158,2,0,0,1,0,1,0,0,0,0,2,2,0,,0,2026-05-11 22:34:28.051775,2026-05-11 22:34:28.051775,1,25
8286,400,162,0,0,0,0,0,0,0,0,0,0,0,0,0,,0,2026-05-11 22:34:28.051775,2026-05-11 22:34:28.051775,1,25
8287,400,155,0,0,0,0,0,0,0,0,0,0,0,0,0,,1,2026-05-11 22:34:28.051775,2026-05-11 22:34:28.051775,1,25
8288,400,172,1,0,0,0,0,0,0,0,0,0,2,1,0,,0,2026-05-11 22:34:28.051775,2026-05-11 22:34:28.051775,1,25
8289,400,579,0,1,0,0,0,0,0,0,0,0,0,0,0,,0,2026-05-11 22:34:28.051775,2026-05-11 22:34:28.051775,-1,25
8290,400,308,24,5,3,1,0,5,5,1,10,20,3,3,1,,1,2026-05-11 22:34:28.051775,2026-05-11 22:34:28.051775,-6,13
8291,400,307,10,1,1,1,1,1,3,2,3,5,2,2,3,,5,2026-05-11 22:34:28.051775,2026-05-11 22:34:28.051775,-2,13
8292,400,309,21,4,2,0,0,1,11,5,8,15,0,0,2,,3,2026-05-11 22:34:28.051775,2026-05-11 22:34:28.051775,-6,13
8293,400,305,5,4,1,0,0,1,2,1,2,3,0,0,2,,4,2026-05-11 22:34:28.051775,2026-05-11 22:34:28.051775,3,13
8294,400,214,16,4,1,3,0,7,8,2,5,16,4,4,3,,3,2026-05-11 22:34:28.051775,2026-05-11 22:34:28.051775,-2,13
8295,400,253,0,0,0,0,0,1,1,0,0,2,0,0,0,,0,2026-05-11 22:34:28.051775,2026-05-11 22:34:28.051775,-8,13
8296,400,310,15,5,0,1,1,0,4,2,5,9,3,3,1,,4,2026-05-11 22:34:28.051775,2026-05-11 22:34:28.051775,-22,13
8297,400,304,0,1,1,0,1,0,1,0,0,3,0,0,2,,2,2026-05-11 22:34:28.051775,2026-05-11 22:34:28.051775,-18,13
8298,400,312,4,0,0,0,0,1,4,0,2,6,0,0,1,,4,2026-05-11 22:34:28.051775,2026-05-11 22:34:28.051775,-18,13
8299,400,299,0,1,0,0,0,0,1,0,0,1,0,0,0,,0,2026-05-11 22:34:28.051775,2026-05-11 22:34:28.051775,-4,13
8300,400,303,0,0,0,0,0,0,0,0,0,1,0,0,0,,0,2026-05-11 22:34:28.051775,2026-05-11 22:34:28.051775,-3,13
8301,400,313,0,0,0,0,0,0,0,0,0,0,0,0,0,,0,2026-05-11 22:34:28.051775,2026-05-11 22:34:28.051775,-3,13
8302,400,568,2,0,1,0,0,0,0,0,1,2,0,0,0,,1,2026-05-11 22:34:28.051775,2026-05-11 22:34:28.051775,-3,13
8303,400,571,0,0,0,0,0,0,0,0,0,0,0,0,1,,0,2026-05-11 22:34:28.051775,2026-05-11 22:34:28.051775,-3,13
8304,401,320,28,6,0,4,0,12,2,2,10,16,9,6,2,,1,2026-05-11 22:34:46.309157,2026-05-11 22:34:46.309157,27,14
8305,401,317,13,2,0,0,0,3,3,2,4,8,4,3,2,,4,2026-05-11 22:34:46.309157,2026-05-11 22:34:46.309157,28,14
8306,401,315,10,3,2,1,1,0,0,0,4,8,2,2,0,,2,2026-05-11 22:34:46.309157,2026-05-11 22:34:46.309157,19,14
8307,401,323,2,3,0,2,0,1,0,0,1,1,0,0,1,,2,2026-05-11 22:34:46.309157,2026-05-11 22:34:46.309157,11,14
8308,401,375,19,1,0,3,0,3,4,2,6,12,5,5,1,,0,2026-05-11 22:34:46.309157,2026-05-11 22:34:46.309157,14,14
8309,401,319,3,2,0,1,0,0,2,1,1,2,0,0,2,,0,2026-05-11 22:34:46.309157,2026-05-11 22:34:46.309157,5,14
8310,401,330,6,6,1,1,0,1,2,0,3,6,0,0,0,,2,2026-05-11 22:34:46.309157,2026-05-11 22:34:46.309157,6,14
8311,401,321,2,0,0,1,0,0,1,0,1,3,2,0,0,,2,2026-05-11 22:34:46.309157,2026-05-11 22:34:46.309157,3,14
8312,401,326,6,5,0,2,1,7,2,0,2,5,2,2,2,,2,2026-05-11 22:34:46.309157,2026-05-11 22:34:46.309157,5,14
8313,401,327,4,1,1,0,0,0,3,0,1,5,2,2,1,,2,2026-05-11 22:34:46.309157,2026-05-11 22:34:46.309157,6,14
8314,401,329,2,1,0,0,0,0,0,0,1,2,0,0,0,,1,2026-05-11 22:34:46.309157,2026-05-11 22:34:46.309157,6,14
8315,401,322,5,1,0,0,1,0,1,1,1,1,2,2,0,,0,2026-05-11 22:34:46.309157,2026-05-11 22:34:46.309157,4,14
8316,401,328,0,0,0,1,0,0,0,0,0,0,0,0,0,,0,2026-05-11 22:34:46.309157,2026-05-11 22:34:46.309157,3,14
8317,401,324,1,0,0,1,0,0,0,0,0,0,2,1,0,,0,2026-05-11 22:34:46.309157,2026-05-11 22:34:46.309157,3,14
8318,401,337,1,1,1,1,0,1,2,0,0,3,2,1,2,,1,2026-05-11 22:34:46.309157,2026-05-11 22:34:46.309157,-39,24
8319,401,336,12,0,2,1,0,1,4,0,5,14,4,2,3,,4,2026-05-11 22:34:46.309157,2026-05-11 22:34:46.309157,-17,24
8320,401,348,7,3,2,0,1,0,0,0,2,2,4,3,2,,3,2026-05-11 22:34:46.309157,2026-05-11 22:34:46.309157,-20,24
8321,401,339,5,1,4,0,0,3,4,1,2,6,0,0,0,,0,2026-05-11 22:34:46.309157,2026-05-11 22:34:46.309157,6,24
8322,401,332,8,3,1,1,0,1,5,1,2,7,3,3,2,,0,2026-05-11 22:34:46.309157,2026-05-11 22:34:46.309157,5,24
8323,401,346,11,6,1,3,0,3,7,2,4,10,2,1,1,,3,2026-05-11 22:34:46.309157,2026-05-11 22:34:46.309157,0,24
8324,401,334,4,1,1,0,0,3,2,0,1,7,2,2,4,,0,2026-05-11 22:34:46.309157,2026-05-11 22:34:46.309157,-33,24
8325,401,343,8,7,3,0,0,2,0,0,3,4,4,2,1,,1,2026-05-11 22:34:46.309157,2026-05-11 22:34:46.309157,3,24
8326,401,338,3,2,1,0,0,2,6,1,1,6,0,0,5,,2,2026-05-11 22:34:46.309157,2026-05-11 22:34:46.309157,-9,24
8327,401,268,7,2,0,1,0,0,2,1,3,6,0,0,1,,2,2026-05-11 22:34:46.309157,2026-05-11 22:34:46.309157,-11,24
8328,401,335,3,1,0,1,0,1,7,1,1,8,0,0,2,,1,2026-05-11 22:34:46.309157,2026-05-11 22:34:46.309157,-13,24
8329,401,345,4,2,1,0,0,0,0,0,2,3,0,0,0,,1,2026-05-11 22:34:46.309157,2026-05-11 22:34:46.309157,-8,24
8330,401,590,0,0,1,0,0,0,1,0,0,1,0,0,0,,0,2026-05-11 22:34:46.309157,2026-05-11 22:34:46.309157,-4,24
8331,402,45,30,7,0,2,1,7,14,6,8,20,8,8,3,,3,2026-05-11 22:38:30.640395,2026-05-11 22:38:30.640395,15,2
8332,402,50,9,7,1,1,1,3,6,1,2,9,4,4,1,,4,2026-05-11 22:38:30.640395,2026-05-11 22:38:30.640395,-14,2
8333,402,38,27,8,4,1,0,1,6,3,10,18,4,4,2,,4,2026-05-11 22:38:30.640395,2026-05-11 22:38:30.640395,13,2
8334,402,46,3,2,1,1,0,0,3,1,1,4,0,0,1,,4,2026-05-11 22:38:30.640395,2026-05-11 22:38:30.640395,8,2
8335,402,40,27,6,1,3,0,4,12,5,10,20,2,2,3,,0,2026-05-11 22:38:30.640395,2026-05-11 22:38:30.640395,7,2
8336,402,550,2,3,1,1,4,7,1,0,0,3,2,2,6,,2,2026-05-11 22:38:30.640395,2026-05-11 22:38:30.640395,3,2
8337,402,52,2,1,0,0,0,1,0,0,1,1,0,0,1,,2,2026-05-11 22:38:30.640395,2026-05-11 22:38:30.640395,-8,2
8338,402,189,13,4,0,1,0,1,8,3,4,12,2,2,0,,4,2026-05-11 22:38:30.640395,2026-05-11 22:38:30.640395,1,2
8339,402,434,20,3,1,1,0,1,7,2,7,18,4,4,1,,2,2026-05-11 22:38:30.640395,2026-05-11 22:38:30.640395,-4,22
8340,402,419,23,6,4,0,0,11,5,0,7,22,11,9,6,,3,2026-05-11 22:38:30.640395,2026-05-11 22:38:30.640395,2,22
8341,402,424,3,6,2,0,2,2,2,0,0,5,4,3,2,,4,2026-05-11 22:38:30.640395,2026-05-11 22:38:30.640395,-4,22
8342,402,420,8,0,2,1,1,1,4,1,3,8,2,1,0,,0,2026-05-11 22:38:30.640395,2026-05-11 22:38:30.640395,9,22
8343,402,433,23,6,0,1,1,3,15,7,8,17,0,0,4,,1,2026-05-11 22:38:30.640395,2026-05-11 22:38:30.640395,6,22
8344,402,426,8,6,0,1,0,2,2,0,3,6,2,2,2,,0,2026-05-11 22:38:30.640395,2026-05-11 22:38:30.640395,3,22
8345,402,423,2,1,1,0,0,0,1,0,0,1,2,2,0,,1,2026-05-11 22:38:30.640395,2026-05-11 22:38:30.640395,-9,22
8346,402,421,5,4,3,0,0,1,0,0,2,2,2,1,1,,4,2026-05-11 22:38:30.640395,2026-05-11 22:38:30.640395,-1,22
8347,402,422,13,2,1,1,1,1,4,1,5,9,3,2,2,,4,2026-05-11 22:38:30.640395,2026-05-11 22:38:30.640395,-13,22
8348,402,193,3,2,0,1,0,0,3,1,1,3,0,0,1,,0,2026-05-11 22:38:30.640395,2026-05-11 22:38:30.640395,-14,22
8349,403,54,0,0,0,0,0,0,0,0,0,0,0,0,0,,1,2026-05-11 22:38:59.375957,2026-05-11 22:38:59.375957,0,20
8350,403,58,5,4,0,1,0,6,5,0,2,9,1,1,2,,1,2026-05-11 22:38:59.375957,2026-05-11 22:38:59.375957,-7,20
8351,403,60,8,7,2,1,2,1,0,0,4,8,0,0,3,,3,2026-05-11 22:38:59.375957,2026-05-11 22:38:59.375957,1,20
8352,403,508,16,3,2,2,1,7,9,4,6,16,0,0,1,,2,2026-05-11 22:38:59.375957,2026-05-11 22:38:59.375957,-19,20
8353,403,63,21,1,2,1,0,1,7,4,8,15,2,1,0,,1,2026-05-11 22:38:59.375957,2026-05-11 22:38:59.375957,-1,20
8354,403,56,2,2,1,2,0,0,1,0,1,5,0,0,0,,4,2026-05-11 22:38:59.375957,2026-05-11 22:38:59.375957,-1,20
8355,403,57,12,3,1,0,0,2,5,1,5,11,3,1,1,,2,2026-05-11 22:38:59.375957,2026-05-11 22:38:59.375957,-15,20
8356,403,538,12,3,3,0,0,5,6,2,4,9,2,2,0,,4,2026-05-11 22:38:59.375957,2026-05-11 22:38:59.375957,-10,20
8357,403,61,4,2,0,0,0,2,0,0,2,3,0,0,3,,2,2026-05-11 22:38:59.375957,2026-05-11 22:38:59.375957,-15,20
8358,403,64,14,1,1,2,0,1,6,2,6,11,0,0,0,,4,2026-05-11 22:38:59.375957,2026-05-11 22:38:59.375957,-3,20
8359,403,546,2,1,0,1,0,0,1,0,1,3,0,0,0,,1,2026-05-11 22:38:59.375957,2026-05-11 22:38:59.375957,0,20
8360,403,385,7,1,0,0,0,2,2,0,3,8,2,1,0,,1,2026-05-11 22:38:59.375957,2026-05-11 22:38:59.375957,6,4
8361,403,392,14,5,1,2,1,5,10,3,5,14,1,1,2,,2,2026-05-11 22:38:59.375957,2026-05-11 22:38:59.375957,15,4
8362,403,387,4,5,4,0,2,3,0,0,2,3,0,0,0,,1,2026-05-11 22:38:59.375957,2026-05-11 22:38:59.375957,0,4
8363,403,384,19,5,2,2,1,6,16,5,7,19,0,0,5,,3,2026-05-11 22:38:59.375957,2026-05-11 22:38:59.375957,2,4
8364,403,395,19,2,1,1,1,2,8,3,5,12,7,6,3,,3,2026-05-11 22:38:59.375957,2026-05-11 22:38:59.375957,8,4
8365,403,390,8,5,0,1,0,2,5,2,3,6,0,0,2,,1,2026-05-11 22:38:59.375957,2026-05-11 22:38:59.375957,4,4
8366,403,391,9,3,2,1,1,2,0,0,4,4,1,1,1,,1,2026-05-11 22:38:59.375957,2026-05-11 22:38:59.375957,13,4
8367,403,209,19,1,0,0,0,2,6,3,6,10,6,4,2,,1,2026-05-11 22:38:59.375957,2026-05-11 22:38:59.375957,18,4
8368,403,401,8,4,2,0,1,2,3,2,3,4,0,0,0,,0,2026-05-11 22:38:59.375957,2026-05-11 22:38:59.375957,16,4
8369,403,388,3,2,0,0,0,0,2,1,1,2,0,0,0,,0,2026-05-11 22:38:59.375957,2026-05-11 22:38:59.375957,9,4
8370,403,393,0,0,0,0,0,0,0,0,0,1,0,0,1,,0,2026-05-11 22:38:59.375957,2026-05-11 22:38:59.375957,-7,4
8371,403,394,0,1,0,0,0,1,0,0,0,1,0,0,0,,0,2026-05-11 22:38:59.375957,2026-05-11 22:38:59.375957,-7,4
8372,403,398,0,0,0,0,0,0,0,0,0,1,0,0,1,,0,2026-05-11 22:38:59.375957,2026-05-11 22:38:59.375957,-7,4
8373,404,226,18,5,1,1,0,3,7,3,6,16,4,3,4,,2,2026-05-11 22:39:19.450152,2026-05-11 22:39:19.450152,-3,6
8374,404,224,26,2,6,0,0,5,8,4,9,16,4,4,1,,1,2026-05-11 22:39:19.450152,2026-05-11 22:39:19.450152,3,6
8375,404,220,10,5,1,0,1,3,3,1,4,6,2,1,0,,2,2026-05-11 22:39:19.450152,2026-05-11 22:39:19.450152,-5,6
8376,404,223,10,5,0,0,0,2,6,1,4,9,1,1,1,,1,2026-05-11 22:39:19.450152,2026-05-11 22:39:19.450152,7,6
8377,404,221,7,3,4,0,1,4,1,1,3,5,0,0,2,,2,2026-05-11 22:39:19.450152,2026-05-11 22:39:19.450152,11,6
8378,404,222,22,10,1,1,0,8,8,4,9,16,0,0,7,,1,2026-05-11 22:39:19.450152,2026-05-11 22:39:19.450152,10,6
8379,404,566,12,1,0,1,1,1,5,1,5,9,1,1,1,,2,2026-05-11 22:39:19.450152,2026-05-11 22:39:19.450152,16,6
8380,404,592,10,4,2,2,1,2,2,1,4,6,3,1,2,,5,2026-05-11 22:39:19.450152,2026-05-11 22:39:19.450152,18,6
8381,404,547,15,1,2,3,0,3,3,2,4,6,6,5,1,,2,2026-05-11 22:39:19.450152,2026-05-11 22:39:19.450152,8,6
8382,404,450,24,4,0,0,1,3,9,5,7,13,6,5,1,,1,2026-05-11 22:39:19.450152,2026-05-11 22:39:19.450152,-10,30
8383,404,439,13,4,2,3,0,3,10,3,5,14,0,0,2,,5,2026-05-11 22:39:19.450152,2026-05-11 22:39:19.450152,-6,30
8384,404,443,14,5,1,1,0,0,3,2,6,7,0,0,1,,2,2026-05-11 22:39:19.450152,2026-05-11 22:39:19.450152,-10,30
8385,404,447,6,5,0,0,0,4,3,0,2,11,2,2,2,,2,2026-05-11 22:39:19.450152,2026-05-11 22:39:19.450152,-8,30
8386,404,438,20,2,0,2,1,9,6,4,7,18,3,2,3,,3,2026-05-11 22:39:19.450152,2026-05-11 22:39:19.450152,-3,30
8387,404,440,20,0,2,0,0,6,4,2,8,11,2,2,3,,2,2026-05-11 22:39:19.450152,2026-05-11 22:39:19.450152,-13,30
8388,404,459,6,1,0,0,0,3,4,2,2,6,2,0,0,,5,2026-05-11 22:39:19.450152,2026-05-11 22:39:19.450152,-9,30
8389,404,560,0,1,0,1,0,1,2,0,0,3,0,0,0,,0,2026-05-11 22:39:19.450152,2026-05-11 22:39:19.450152,-3,30
8390,404,563,14,1,2,3,0,0,0,0,5,7,4,4,0,,1,2026-05-11 22:39:19.450152,2026-05-11 22:39:19.450152,-3,30
8391,405,84,11,5,0,3,0,1,3,0,4,8,3,3,2,,3,2026-05-11 22:39:46.659143,2026-05-11 22:39:46.659143,8,23
8392,405,78,11,5,0,0,0,2,4,1,4,7,2,2,1,,0,2026-05-11 22:39:46.659143,2026-05-11 22:39:46.659143,2,23
8393,405,72,4,1,1,0,0,0,0,0,2,3,0,0,0,,1,2026-05-11 22:39:46.659143,2026-05-11 22:39:46.659143,10,23
8394,405,75,9,6,1,1,0,11,5,1,4,11,0,0,1,,1,2026-05-11 22:39:46.659143,2026-05-11 22:39:46.659143,31,23
8395,405,82,21,2,0,1,0,1,5,2,8,13,3,3,3,,0,2026-05-11 22:39:46.659143,2026-05-11 22:39:46.659143,13,23
8396,405,74,12,6,6,1,1,3,3,2,5,10,0,0,0,,3,2026-05-11 22:39:46.659143,2026-05-11 22:39:46.659143,26,23
8397,405,80,20,3,0,1,0,5,6,4,7,13,2,2,2,,3,2026-05-11 22:39:46.659143,2026-05-11 22:39:46.659143,13,23
8398,405,76,17,1,0,4,0,2,8,5,6,13,0,0,1,,0,2026-05-11 22:39:46.659143,2026-05-11 22:39:46.659143,24,23
8399,405,70,7,3,0,2,0,2,0,0,2,2,4,3,1,,4,2026-05-11 22:39:46.659143,2026-05-11 22:39:46.659143,18,23
8400,405,85,7,1,1,0,0,0,1,1,2,2,4,2,0,,2,2026-05-11 22:39:46.659143,2026-05-11 22:39:46.659143,-13,23
8401,405,86,2,0,0,0,1,1,0,0,1,1,0,0,1,,2,2026-05-11 22:39:46.659143,2026-05-11 22:39:46.659143,-15,23
8402,405,81,0,0,0,0,0,0,5,0,0,5,0,0,0,,0,2026-05-11 22:39:46.659143,2026-05-11 22:39:46.659143,-6,23
8403,405,207,2,1,1,0,0,0,0,0,1,1,1,0,0,,0,2026-05-11 22:39:46.659143,2026-05-11 22:39:46.659143,-6,23
8404,405,71,3,0,1,0,0,0,1,0,1,2,2,1,0,,0,2026-05-11 22:39:46.659143,2026-05-11 22:39:46.659143,-2,23
8405,405,26,0,0,0,0,0,0,0,0,0,0,0,0,0,,0,2026-05-11 22:39:46.659143,2026-05-11 22:39:46.659143,-3,23
8406,405,276,14,5,0,1,0,2,10,3,5,14,1,1,2,,1,2026-05-11 22:39:46.659143,2026-05-11 22:39:46.659143,-30,17
8407,405,141,11,7,0,1,0,8,6,0,4,12,3,3,6,,0,2026-05-11 22:39:46.659143,2026-05-11 22:39:46.659143,-12,17
8408,405,278,15,2,5,1,0,3,0,0,7,9,1,1,2,,3,2026-05-11 22:39:46.659143,2026-05-11 22:39:46.659143,-19,17
8409,405,583,22,7,3,1,0,4,12,3,8,20,3,3,2,,1,2026-05-11 22:39:46.659143,2026-05-11 22:39:46.659143,-18,17
8410,405,269,19,4,1,1,0,1,14,5,7,16,0,0,3,,4,2026-05-11 22:39:46.659143,2026-05-11 22:39:46.659143,-23,17
8411,405,271,9,6,1,2,1,2,2,0,3,10,8,3,0,,1,2026-05-11 22:39:46.659143,2026-05-11 22:39:46.659143,-2,17
8412,405,266,8,0,2,1,1,6,0,0,3,6,4,2,1,,4,2026-05-11 22:39:46.659143,2026-05-11 22:39:46.659143,-2,17
8413,405,264,8,2,0,0,0,0,3,2,2,3,2,2,1,,1,2026-05-11 22:39:46.659143,2026-05-11 22:39:46.659143,6,17
8414,406,417,4,1,1,1,0,2,4,0,1,9,2,2,0,,1,2026-05-11 22:40:21.957768,2026-05-11 22:40:21.957768,8,16
8415,406,402,25,8,2,3,2,3,4,1,11,18,4,2,0,,0,2026-05-11 22:40:21.957768,2026-05-11 22:40:21.957768,16,16
8416,406,416,16,6,1,1,0,1,5,4,6,9,2,0,1,,2,2026-05-11 22:40:21.957768,2026-05-11 22:40:21.957768,6,16
8417,406,406,5,10,0,1,0,8,6,1,2,9,0,0,3,,1,2026-05-11 22:40:21.957768,2026-05-11 22:40:21.957768,10,16
8418,406,412,12,2,0,1,0,1,2,2,5,6,0,0,1,,2,2026-05-11 22:40:21.957768,2026-05-11 22:40:21.957768,12,16
8419,406,408,26,0,1,0,0,5,3,1,12,17,2,1,0,,0,2026-05-11 22:40:21.957768,2026-05-11 22:40:21.957768,16,16
8420,406,409,12,0,4,2,0,3,2,0,6,8,0,0,0,,4,2026-05-11 22:40:21.957768,2026-05-11 22:40:21.957768,19,16
8421,406,413,25,1,1,1,0,2,7,3,8,17,6,6,0,,1,2026-05-11 22:40:21.957768,2026-05-11 22:40:21.957768,8,16
8422,406,407,8,1,2,0,0,5,2,2,3,3,0,0,1,,2,2026-05-11 22:40:21.957768,2026-05-11 22:40:21.957768,6,16
8423,406,404,2,1,1,0,0,3,0,0,1,2,0,0,0,,0,2026-05-11 22:40:21.957768,2026-05-11 22:40:21.957768,5,16
8424,406,557,2,0,0,1,0,0,1,0,1,3,0,0,0,,0,2026-05-11 22:40:21.957768,2026-05-11 22:40:21.957768,8,16
8425,406,405,3,2,0,0,1,0,0,0,1,1,1,1,0,,1,2026-05-11 22:40:21.957768,2026-05-11 22:40:21.957768,8,16
8426,406,418,3,0,0,0,0,1,1,1,1,1,0,0,0,,0,2026-05-11 22:40:21.957768,2026-05-11 22:40:21.957768,8,16
8427,406,382,11,7,2,1,0,3,3,1,5,8,0,0,3,,1,2026-05-11 22:40:21.957768,2026-05-11 22:40:21.957768,-3,1
8428,406,379,17,7,4,0,1,2,3,1,7,13,4,2,2,,2,2026-05-11 22:40:21.957768,2026-05-11 22:40:21.957768,-18,1
8429,406,246,4,2,3,0,0,2,1,0,2,6,0,0,0,,0,2026-05-11 22:40:21.957768,2026-05-11 22:40:21.957768,-18,1
8430,406,376,21,2,1,0,0,2,9,5,7,12,3,2,2,,1,2026-05-11 22:40:21.957768,2026-05-11 22:40:21.957768,-12,1
8431,406,383,8,4,0,0,0,6,8,1,2,13,4,3,1,,3,2026-05-11 22:40:21.957768,2026-05-11 22:40:21.957768,-28,1
8432,406,370,10,3,0,0,0,3,6,2,4,10,0,0,2,,4,2026-05-11 22:40:21.957768,2026-05-11 22:40:21.957768,-24,1
8433,406,496,4,5,3,0,1,1,2,0,1,5,4,2,3,,4,2026-05-11 22:40:21.957768,2026-05-11 22:40:21.957768,-17,1
8434,406,548,11,0,0,1,0,9,1,0,4,8,3,3,2,,2,2026-05-11 22:40:21.957768,2026-05-11 22:40:21.957768,-11,1
8435,406,286,31,3,0,1,0,3,11,7,12,18,0,0,1,,0,2026-05-11 22:40:21.957768,2026-05-11 22:40:21.957768,1,1
8436,407,302,20,5,2,2,0,2,7,4,7,13,3,2,2,,1,2026-05-11 22:40:42.784524,2026-05-11 22:40:42.784524,-6,12
8437,407,569,2,2,0,5,1,4,1,0,1,2,2,0,0,,3,2026-05-11 22:40:42.784524,2026-05-11 22:40:42.784524,-19,12
8438,407,258,15,9,2,2,0,2,10,3,6,13,0,0,4,,2,2026-05-11 22:40:42.784524,2026-05-11 22:40:42.784524,-6,12
8439,407,261,18,1,2,1,0,6,8,3,5,14,6,5,3,,2,2026-05-11 22:40:42.784524,2026-05-11 22:40:42.784524,-3,12
8440,407,251,21,0,0,3,0,8,4,1,7,15,6,6,1,,1,2026-05-11 22:40:42.784524,2026-05-11 22:40:42.784524,-8,12
8441,407,262,21,2,0,0,0,2,11,7,7,12,0,0,2,,1,2026-05-11 22:40:42.784524,2026-05-11 22:40:42.784524,-11,12
8442,407,249,13,2,1,1,5,3,5,2,4,8,3,3,3,,6,2026-05-11 22:40:42.784524,2026-05-11 22:40:42.784524,3,12
8443,407,252,8,0,1,0,0,4,4,2,3,7,0,0,1,,0,2026-05-11 22:40:42.784524,2026-05-11 22:40:42.784524,-3,12
8444,407,257,3,2,0,1,0,0,4,1,1,6,0,0,0,,1,2026-05-11 22:40:42.784524,2026-05-11 22:40:42.784524,-7,12
8445,407,245,7,4,1,1,1,4,0,0,3,4,2,1,1,,3,2026-05-11 22:40:42.784524,2026-05-11 22:40:42.784524,28,9
8446,407,231,24,3,1,3,0,1,4,4,9,12,2,2,0,,1,2026-05-11 22:40:42.784524,2026-05-11 22:40:42.784524,30,9
8447,407,240,26,4,2,3,3,3,0,0,11,11,4,4,0,,1,2026-05-11 22:40:42.784524,2026-05-11 22:40:42.784524,28,9
8448,407,241,9,2,0,0,0,2,2,1,4,5,0,0,1,,1,2026-05-11 22:40:42.784524,2026-05-11 22:40:42.784524,28,9
8449,407,228,7,7,1,0,0,14,6,1,3,12,0,0,4,,0,2026-05-11 22:40:42.784524,2026-05-11 22:40:42.784524,30,9
8450,407,238,6,0,0,0,0,0,1,1,1,3,4,3,2,,1,2026-05-11 22:40:42.784524,2026-05-11 22:40:42.784524,-9,9
8451,407,244,16,3,2,0,1,0,2,1,7,9,2,1,2,,3,2026-05-11 22:40:42.784524,2026-05-11 22:40:42.784524,-9,9
8452,407,199,15,2,0,3,0,3,7,3,5,10,2,2,0,,0,2026-05-11 22:40:42.784524,2026-05-11 22:40:42.784524,-12,9
8453,407,232,3,5,0,0,1,2,4,1,1,5,0,0,1,,3,2026-05-11 22:40:42.784524,2026-05-11 22:40:42.784524,-12,9
8454,407,234,2,3,2,1,0,4,1,0,1,7,0,0,4,,2,2026-05-11 22:40:42.784524,2026-05-11 22:40:42.784524,-17,9
8455,407,230,6,2,1,1,0,1,3,2,2,3,0,0,0,,0,2026-05-11 22:40:42.784524,2026-05-11 22:40:42.784524,-9,9
8456,407,235,2,0,0,0,0,0,0,0,0,1,2,2,1,,0,2026-05-11 22:40:42.784524,2026-05-11 22:40:42.784524,-7,9
8457,407,242,3,0,0,0,0,0,3,1,1,4,0,0,0,,1,2026-05-11 22:40:42.784524,2026-05-11 22:40:42.784524,-1,9
8458,407,243,5,1,2,0,0,1,0,0,1,2,4,3,0,,1,2026-05-11 22:40:42.784524,2026-05-11 22:40:42.784524,-4,9
8459,407,237,2,0,0,0,0,0,0,0,1,1,0,0,1,,0,2026-05-11 22:40:42.784524,2026-05-11 22:40:42.784524,-4,9
8460,408,93,25,8,1,0,1,2,5,3,7,10,8,8,1,,1,2026-05-11 22:41:17.939527,2026-05-11 22:41:17.939527,22,28
8461,408,88,18,12,0,1,3,12,0,0,8,11,2,2,1,,0,2026-05-11 22:41:17.939527,2026-05-11 22:41:17.939527,35,28
8462,408,99,11,5,0,2,1,2,0,0,5,5,5,1,3,,2,2026-05-11 22:41:17.939527,2026-05-11 22:41:17.939527,16,28
8463,408,89,26,2,1,0,0,2,5,2,9,15,9,6,1,,5,2026-05-11 22:41:17.939527,2026-05-11 22:41:17.939527,22,28
8464,408,100,4,2,0,2,0,5,2,0,2,6,0,0,1,,0,2026-05-11 22:41:17.939527,2026-05-11 22:41:17.939527,7,28
8465,408,101,6,1,0,1,1,4,2,0,3,6,0,0,2,,2,2026-05-11 22:41:17.939527,2026-05-11 22:41:17.939527,5,28
8466,408,98,2,2,0,0,0,2,0,0,0,0,2,2,0,,5,2026-05-11 22:41:17.939527,2026-05-11 22:41:17.939527,12,28
8467,408,95,9,3,0,0,0,3,2,1,4,5,0,0,0,,1,2026-05-11 22:41:17.939527,2026-05-11 22:41:17.939527,12,28
8468,408,103,11,0,0,1,1,1,5,3,3,5,2,2,1,,2,2026-05-11 22:41:17.939527,2026-05-11 22:41:17.939527,9,28
8469,408,94,10,0,0,0,0,0,4,2,4,6,0,0,0,,1,2026-05-11 22:41:17.939527,2026-05-11 22:41:17.939527,10,28
8470,408,91,3,0,0,0,0,0,0,0,1,4,1,1,0,,0,2026-05-11 22:41:17.939527,2026-05-11 22:41:17.939527,5,28
8471,408,97,2,1,0,1,0,2,0,0,1,1,0,0,0,,0,2026-05-11 22:41:17.939527,2026-05-11 22:41:17.939527,5,28
8472,408,288,4,3,1,0,1,0,0,0,2,3,0,0,0,,1,2026-05-11 22:41:17.939527,2026-05-11 22:41:17.939527,5,28
8473,408,90,2,0,0,0,0,0,1,0,1,2,0,0,0,,0,2026-05-11 22:41:17.939527,2026-05-11 22:41:17.939527,5,28
8474,408,102,3,1,0,1,0,1,1,1,1,1,0,0,0,,0,2026-05-11 22:41:17.939527,2026-05-11 22:41:17.939527,5,28
8475,408,577,8,4,1,0,0,6,6,2,3,9,0,0,2,,3,2026-05-11 22:41:17.939527,2026-05-11 22:41:17.939527,-30,3
8476,408,24,17,3,1,1,0,1,5,3,5,10,4,4,1,,6,2026-05-11 22:41:17.939527,2026-05-11 22:41:17.939527,-18,3
8477,408,593,8,2,1,1,0,1,5,2,3,8,0,0,2,,2,2026-05-11 22:41:17.939527,2026-05-11 22:41:17.939527,-17,3
8478,408,28,8,1,0,1,0,0,4,0,3,10,2,2,2,,0,2026-05-11 22:41:17.939527,2026-05-11 22:41:17.939527,-32,3
8479,408,29,15,1,2,2,0,4,1,0,6,10,4,3,4,,6,2026-05-11 22:41:17.939527,2026-05-11 22:41:17.939527,-7,3
8480,408,23,16,8,5,1,0,2,3,0,6,14,5,4,1,,3,2026-05-11 22:41:17.939527,2026-05-11 22:41:17.939527,-23,3
8481,408,34,9,5,3,1,0,3,0,0,3,9,6,3,2,,5,2026-05-11 22:41:17.939527,2026-05-11 22:41:17.939527,-27,3
8482,408,21,20,1,0,2,0,4,10,2,6,16,8,6,1,,2,2026-05-11 22:41:17.939527,2026-05-11 22:41:17.939527,-21,3
8483,409,457,10,3,1,1,0,1,1,0,4,8,2,2,0,,1,2026-05-11 22:41:47.823893,2026-05-11 22:41:47.823893,21,7
8484,409,446,8,1,0,0,0,1,3,2,2,3,2,2,1,,0,2026-05-11 22:41:47.823893,2026-05-11 22:41:47.823893,15,7
8485,409,466,7,10,2,1,0,2,2,1,3,4,0,0,0,,4,2026-05-11 22:41:47.823893,2026-05-11 22:41:47.823893,15,7
8486,409,453,12,1,0,0,2,1,4,2,5,7,1,0,1,,0,2026-05-11 22:41:47.823893,2026-05-11 22:41:47.823893,24,7
8487,409,465,15,7,2,2,0,23,2,1,6,11,2,2,4,,2,2026-05-11 22:41:47.823893,2026-05-11 22:41:47.823893,23,7
8488,409,454,17,10,10,2,2,1,0,0,6,15,6,5,3,,4,2026-05-11 22:41:47.823893,2026-05-11 22:41:47.823893,4,7
8489,409,468,12,0,0,1,0,1,9,4,4,10,0,0,0,,0,2026-05-11 22:41:47.823893,2026-05-11 22:41:47.823893,-4,7
8490,409,444,20,1,0,0,0,1,3,0,6,12,9,8,5,,5,2026-05-11 22:41:47.823893,2026-05-11 22:41:47.823893,-7,7
8491,409,567,28,2,0,1,1,4,16,8,9,18,3,2,1,,3,2026-05-11 22:41:47.823893,2026-05-11 22:41:47.823893,5,7
8492,409,575,20,6,1,2,0,0,9,4,7,12,2,2,3,,5,2026-05-11 22:41:47.823893,2026-05-11 22:41:47.823893,9,7
8493,409,210,13,4,0,3,1,5,9,2,5,15,1,1,2,,2,2026-05-11 22:41:47.823893,2026-05-11 22:41:47.823893,-9,5
8494,409,133,17,5,2,0,1,2,4,1,8,12,1,0,3,,3,2026-05-11 22:41:47.823893,2026-05-11 22:41:47.823893,-28,5
8495,409,204,10,8,7,2,0,10,0,0,4,7,2,2,1,,2,2026-05-11 22:41:47.823893,2026-05-11 22:41:47.823893,-11,5
8496,409,399,19,2,1,1,0,1,1,1,8,16,2,2,0,,3,2026-05-11 22:41:47.823893,2026-05-11 22:41:47.823893,-9,5
8497,409,200,6,2,1,1,0,2,3,0,3,11,0,0,0,,1,2026-05-11 22:41:47.823893,2026-05-11 22:41:47.823893,-12,5
8498,409,597,11,1,2,2,1,4,3,0,4,8,4,3,2,,2,2026-05-11 22:41:47.823893,2026-05-11 22:41:47.823893,-14,5
8499,409,125,25,5,0,2,0,5,5,1,11,18,4,2,5,,2,2026-05-11 22:41:47.823893,2026-05-11 22:41:47.823893,-19,5
8500,409,587,13,0,0,1,0,0,4,2,4,7,4,3,0,,3,2026-05-11 22:41:47.823893,2026-05-11 22:41:47.823893,-1,5
8501,409,201,14,2,0,0,0,1,9,3,5,12,1,1,0,,2,2026-05-11 22:41:47.823893,2026-05-11 22:41:47.823893,-2,5
8502,410,136,26,3,1,1,0,5,7,0,6,18,18,14,3,,2,2026-05-11 22:42:10.053939,2026-05-11 22:42:10.053939,9,18
8503,410,130,15,6,0,1,1,10,6,3,6,10,0,0,3,,3,2026-05-11 22:42:10.053939,2026-05-11 22:42:10.053939,-8,18
8504,410,121,24,7,6,0,7,2,0,0,9,12,9,6,0,,3,2026-05-11 22:42:10.053939,2026-05-11 22:42:10.053939,-1,18
8505,410,122,8,2,1,0,1,2,7,2,3,9,0,0,1,,2,2026-05-11 22:42:10.053939,2026-05-11 22:42:10.053939,-15,18
8506,410,124,3,1,0,0,0,3,5,1,1,5,0,0,0,,1,2026-05-11 22:42:10.053939,2026-05-11 22:42:10.053939,1,18
8507,410,205,16,0,1,1,0,1,5,1,6,12,6,3,1,,5,2026-05-11 22:42:10.053939,2026-05-11 22:42:10.053939,-1,18
8508,410,127,13,5,2,2,2,2,4,2,4,8,4,3,2,,5,2026-05-11 22:42:10.053939,2026-05-11 22:42:10.053939,25,18
8509,410,582,19,2,1,0,0,5,3,1,8,12,2,2,0,,4,2026-05-11 22:42:10.053939,2026-05-11 22:42:10.053939,13,18
8510,410,137,8,9,0,0,2,2,0,0,2,3,4,4,1,,2,2026-05-11 22:42:10.053939,2026-05-11 22:42:10.053939,7,18
8511,410,521,21,1,3,1,2,3,4,2,6,12,8,7,1,,6,2026-05-11 22:42:10.053939,2026-05-11 22:42:10.053939,-4,19
8512,410,596,4,3,3,0,0,2,0,0,2,2,1,0,1,,6,2026-05-11 22:42:10.053939,2026-05-11 22:42:10.053939,-4,19
8513,410,523,30,15,7,1,1,4,2,1,11,28,8,7,4,,5,2026-05-11 22:42:10.053939,2026-05-11 22:42:10.053939,-5,19
8514,410,512,13,4,1,1,1,3,4,1,4,18,4,4,0,,3,2026-05-11 22:42:10.053939,2026-05-11 22:42:10.053939,-15,19
8515,410,511,36,7,3,2,1,5,5,0,12,28,14,12,2,,3,2026-05-11 22:42:10.053939,2026-05-11 22:42:10.053939,0,19
8516,410,510,6,2,2,1,0,2,2,0,3,8,0,0,0,,2,2026-05-11 22:42:10.053939,2026-05-11 22:42:10.053939,2,19
8517,410,507,16,0,1,3,1,1,4,1,7,11,3,1,1,,3,2026-05-11 22:42:10.053939,2026-05-11 22:42:10.053939,-4,19
8518,411,476,20,6,2,0,0,3,5,1,8,17,3,3,2,,1,2026-05-11 22:42:34.1418,2026-05-11 22:42:34.1418,20,11
8519,411,485,13,4,2,1,0,2,2,1,6,9,1,0,3,,1,2026-05-11 22:42:34.1418,2026-05-11 22:42:34.1418,11,11
8520,411,472,23,6,7,1,3,1,2,1,9,11,7,4,0,,3,2026-05-11 22:42:34.1418,2026-05-11 22:42:34.1418,24,11
8521,411,483,19,4,0,1,1,3,12,4,7,18,2,1,0,,0,2026-05-11 22:42:34.1418,2026-05-11 22:42:34.1418,18,11
8522,411,481,3,2,2,1,1,2,3,1,1,6,0,0,1,,0,2026-05-11 22:42:34.1418,2026-05-11 22:42:34.1418,21,11
8523,411,478,6,3,2,1,1,1,4,0,2,8,2,2,3,,2,2026-05-11 22:42:34.1418,2026-05-11 22:42:34.1418,7,11
8524,411,477,9,0,2,1,0,1,5,1,3,8,2,2,0,,1,2026-05-11 22:42:34.1418,2026-05-11 22:42:34.1418,22,11
8525,411,479,7,3,0,2,0,2,4,2,2,4,2,1,1,,1,2026-05-11 22:42:34.1418,2026-05-11 22:42:34.1418,17,11
8526,411,473,11,5,1,0,0,1,3,1,4,6,2,2,1,,1,2026-05-11 22:42:34.1418,2026-05-11 22:42:34.1418,-8,11
8527,411,474,9,9,1,1,2,7,4,0,2,9,6,5,0,,0,2026-05-11 22:42:34.1418,2026-05-11 22:42:34.1418,21,11
8528,411,480,12,1,2,1,0,0,5,2,4,9,3,2,0,,0,2026-05-11 22:42:34.1418,2026-05-11 22:42:34.1418,2,11
8529,411,595,6,6,1,1,2,1,4,0,3,10,0,0,0,,4,2026-05-11 22:42:34.1418,2026-05-11 22:42:34.1418,-24,15
8530,411,169,21,10,2,2,1,5,5,2,8,15,3,3,6,,4,2026-05-11 22:42:34.1418,2026-05-11 22:42:34.1418,-24,15
8531,411,574,4,2,2,0,0,1,0,0,1,4,2,2,0,,3,2026-05-11 22:42:34.1418,2026-05-11 22:42:34.1418,-7,15
8532,411,594,26,4,0,0,0,1,11,4,11,21,0,0,0,,2,2026-05-11 22:42:34.1418,2026-05-11 22:42:34.1418,-13,15
8533,411,499,11,1,0,0,2,11,9,2,4,12,1,1,3,,6,2026-05-11 22:42:34.1418,2026-05-11 22:42:34.1418,-32,15
8534,411,588,15,6,0,3,1,3,10,3,5,14,2,2,2,,5,2026-05-11 22:42:34.1418,2026-05-11 22:42:34.1418,-31,15
8535,411,503,18,2,1,2,0,1,10,2,7,19,2,2,2,,0,2026-05-11 22:42:34.1418,2026-05-11 22:42:34.1418,-24,15
8536,412,142,6,1,0,2,0,1,5,2,2,6,0,0,0,,0,2026-05-11 22:42:56.270935,2026-05-11 22:42:56.270935,-28,21
8537,412,151,3,1,1,1,1,5,3,1,1,7,0,0,2,,1,2026-05-11 22:42:56.270935,2026-05-11 22:42:56.270935,-22,21
8538,412,139,26,9,1,2,5,1,10,5,10,20,2,1,1,,0,2026-05-11 22:42:56.270935,2026-05-11 22:42:56.270935,-18,21
8539,412,83,9,3,1,1,0,2,4,0,4,13,2,1,1,,1,2026-05-11 22:42:56.270935,2026-05-11 22:42:56.270935,-29,21
8540,412,149,18,3,1,0,0,14,5,2,8,16,3,0,5,,3,2026-05-11 22:42:56.270935,2026-05-11 22:42:56.270935,-18,21
8541,412,154,13,6,3,0,0,8,6,2,5,12,2,1,1,,2,2026-05-11 22:42:56.270935,2026-05-11 22:42:56.270935,-26,21
8542,412,138,5,1,1,2,1,1,4,1,2,8,0,0,0,,0,2026-05-11 22:42:56.270935,2026-05-11 22:42:56.270935,-22,21
8543,412,581,23,3,1,1,0,0,9,5,9,13,0,0,0,,1,2026-05-11 22:42:56.270935,2026-05-11 22:42:56.270935,3,21
8544,412,268,17,2,1,0,0,3,6,3,7,14,0,0,1,,0,2026-05-11 22:42:56.270935,2026-05-11 22:42:56.270935,20,24
8545,412,338,16,6,0,2,1,2,7,4,6,13,0,0,2,,2,2026-05-11 22:42:56.270935,2026-05-11 22:42:56.270935,20,24
8546,412,343,2,4,2,0,2,5,0,0,1,3,0,0,1,,0,2026-05-11 22:42:56.270935,2026-05-11 22:42:56.270935,16,24
8547,412,337,20,10,1,0,1,5,3,2,8,11,3,2,1,,0,2026-05-11 22:42:56.270935,2026-05-11 22:42:56.270935,22,24
8548,412,334,27,5,0,1,2,9,8,3,12,23,2,0,4,,1,2026-05-11 22:42:56.270935,2026-05-11 22:42:56.270935,37,24
8549,412,345,18,7,7,1,2,0,5,2,8,15,0,0,1,,3,2026-05-11 22:42:56.270935,2026-05-11 22:42:56.270935,14,24
8550,412,22,5,0,0,0,0,0,1,0,2,3,1,1,0,,1,2026-05-11 22:42:56.270935,2026-05-11 22:42:56.270935,2,24
8551,412,335,20,4,1,0,0,3,9,6,7,11,0,0,1,,1,2026-05-11 22:42:56.270935,2026-05-11 22:42:56.270935,13,24
8552,412,590,10,3,1,1,0,1,2,0,5,8,0,0,0,,1,2026-05-11 22:42:56.270935,2026-05-11 22:42:56.270935,16,24
8574,414,540,19,2,2,2,0,2,8,3,7,13,2,2,3,,1,2026-05-11 22:45:36.165838,2026-05-11 22:45:36.165838,-2,27
8575,414,529,7,3,1,0,1,1,4,1,3,7,0,0,1,,1,2026-05-11 22:45:36.165838,2026-05-11 22:45:36.165838,-17,27
8576,414,396,2,2,1,0,0,1,0,0,1,1,0,0,0,,1,2026-05-11 22:45:36.165838,2026-05-11 22:45:36.165838,-6,27
8577,414,528,10,8,3,1,0,9,3,2,3,10,4,2,2,,3,2026-05-11 22:45:36.165838,2026-05-11 22:45:36.165838,-11,27
8578,414,530,24,6,0,0,1,5,14,4,8,21,4,4,0,,2,2026-05-11 22:45:36.165838,2026-05-11 22:45:36.165838,2,27
8579,414,526,2,1,0,0,0,0,0,0,1,1,0,0,1,,0,2026-05-11 22:45:36.165838,2026-05-11 22:45:36.165838,-14,27
8580,414,531,9,1,2,1,0,1,1,0,4,9,1,1,0,,2,2026-05-11 22:45:36.165838,2026-05-11 22:45:36.165838,-14,27
8581,414,533,18,4,2,0,0,1,5,2,6,12,6,4,1,,4,2026-05-11 22:45:36.165838,2026-05-11 22:45:36.165838,10,27
8582,414,527,13,3,2,0,3,5,7,1,6,13,1,0,1,,4,2026-05-11 22:45:36.165838,2026-05-11 22:45:36.165838,2,27
8583,414,525,12,1,0,1,0,1,5,2,5,11,0,0,0,,0,2026-05-11 22:45:36.165838,2026-05-11 22:45:36.165838,-5,27
8584,414,536,2,0,1,0,0,1,0,0,1,1,0,0,0,,0,2026-05-11 22:45:36.165838,2026-05-11 22:45:36.165838,5,27
8585,414,117,25,6,0,1,0,3,8,4,9,19,4,3,3,,3,2026-05-11 22:45:36.165838,2026-05-11 22:45:36.165838,2,8
8586,414,115,6,2,0,0,0,2,2,0,3,6,0,0,0,,4,2026-05-11 22:45:36.165838,2026-05-11 22:45:36.165838,-9,8
8587,414,111,23,4,4,0,1,1,2,1,7,12,8,8,0,,1,2026-05-11 22:45:36.165838,2026-05-11 22:45:36.165838,6,8
8588,414,106,14,4,0,1,0,5,1,0,7,8,0,0,1,,1,2026-05-11 22:45:36.165838,2026-05-11 22:45:36.165838,12,8
8589,414,429,5,3,2,0,0,4,4,1,2,7,0,0,1,,0,2026-05-11 22:45:36.165838,2026-05-11 22:45:36.165838,6,8
8590,414,116,11,3,0,0,1,6,5,1,4,13,4,2,2,,0,2026-05-11 22:45:36.165838,2026-05-11 22:45:36.165838,11,8
8591,414,564,15,6,7,1,0,2,1,0,6,13,3,3,0,,3,2026-05-11 22:45:36.165838,2026-05-11 22:45:36.165838,7,8
8592,414,112,13,4,1,1,0,3,4,4,4,5,2,1,1,,2,2026-05-11 22:45:36.165838,2026-05-11 22:45:36.165838,6,8
8593,414,109,0,1,0,0,2,0,1,0,0,1,1,0,1,,0,2026-05-11 22:45:36.165838,2026-05-11 22:45:36.165838,-3,8
8594,414,119,16,6,5,0,1,4,2,0,8,16,0,0,1,,2,2026-05-11 22:45:36.165838,2026-05-11 22:45:36.165838,12,8
8595,415,320,18,4,0,3,0,6,3,0,6,15,7,6,4,,0,2026-05-11 22:45:55.692135,2026-05-11 22:45:55.692135,14,14
8596,415,317,22,8,2,1,0,0,5,3,8,12,4,3,0,,3,2026-05-11 22:45:55.692135,2026-05-11 22:45:55.692135,19,14
8597,415,315,22,7,3,0,3,1,0,0,10,14,2,2,0,,1,2026-05-11 22:45:55.692135,2026-05-11 22:45:55.692135,13,14
8598,415,326,5,2,0,1,0,10,5,1,1,7,2,2,3,,3,2026-05-11 22:45:55.692135,2026-05-11 22:45:55.692135,13,14
8599,415,375,3,0,0,0,0,1,0,0,1,1,2,1,1,,1,2026-05-11 22:45:55.692135,2026-05-11 22:45:55.692135,8,14
8600,415,319,11,1,0,1,0,4,4,3,4,7,0,0,0,,1,2026-05-11 22:45:55.692135,2026-05-11 22:45:55.692135,13,14
8601,415,323,2,4,0,2,1,3,1,0,1,3,0,0,0,,0,2026-05-11 22:45:55.692135,2026-05-11 22:45:55.692135,11,14
8602,415,321,2,2,4,0,1,0,0,0,1,2,0,0,2,,3,2026-05-11 22:45:55.692135,2026-05-11 22:45:55.692135,10,14
8603,415,330,4,4,0,2,1,2,2,0,2,5,0,0,1,,1,2026-05-11 22:45:55.692135,2026-05-11 22:45:55.692135,5,14
8604,415,327,12,0,0,0,0,1,6,2,5,11,0,0,1,,0,2026-05-11 22:45:55.692135,2026-05-11 22:45:55.692135,6,14
8605,415,322,17,2,0,1,0,4,6,5,6,9,0,0,0,,3,2026-05-11 22:45:55.692135,2026-05-11 22:45:55.692135,3,14
8606,415,328,8,3,1,0,0,2,0,0,4,4,0,0,2,,2,2026-05-11 22:45:55.692135,2026-05-11 22:45:55.692135,3,14
8607,415,329,3,0,0,1,0,2,1,1,1,1,0,0,1,,1,2026-05-11 22:45:55.692135,2026-05-11 22:45:55.692135,1,14
8608,415,324,2,1,1,0,0,1,1,0,1,2,0,0,0,,1,2026-05-11 22:45:55.692135,2026-05-11 22:45:55.692135,1,14
8609,415,191,14,2,1,2,0,6,2,0,5,15,4,4,1,,2,2026-05-11 22:45:55.692135,2026-05-11 22:45:55.692135,-10,29
8610,415,554,10,3,3,1,0,2,8,2,4,12,0,0,0,,3,2026-05-11 22:45:55.692135,2026-05-11 22:45:55.692135,-8,29
8611,415,190,29,8,9,0,0,3,0,0,12,17,8,5,3,,1,2026-05-11 22:45:55.692135,2026-05-11 22:45:55.692135,-15,29
8612,415,175,15,1,2,0,1,1,9,1,7,21,2,0,3,,4,2026-05-11 22:45:55.692135,2026-05-11 22:45:55.692135,-19,29
8613,415,576,14,4,0,5,0,9,4,1,5,10,5,3,4,,2,2026-05-11 22:45:55.692135,2026-05-11 22:45:55.692135,-24,29
8614,415,188,15,2,0,1,0,1,8,3,4,10,6,4,3,,1,2026-05-11 22:45:55.692135,2026-05-11 22:45:55.692135,-9,29
8615,415,497,4,5,2,3,2,2,2,0,2,6,0,0,1,,1,2026-05-11 22:45:55.692135,2026-05-11 22:45:55.692135,-17,29
8616,415,598,6,0,0,1,1,1,1,0,2,3,2,2,1,,0,2026-05-11 22:45:55.692135,2026-05-11 22:45:55.692135,-18,29
8617,416,156,25,6,0,0,0,10,9,5,9,19,3,2,3,,1,2026-05-11 22:46:25.172852,2026-05-11 22:46:25.172852,12,25
8618,416,157,15,2,2,0,0,2,8,3,6,14,0,0,0,,2,2026-05-11 22:46:25.172852,2026-05-11 22:46:25.172852,1,25
8619,416,159,13,4,6,0,1,1,2,1,6,10,0,0,1,,4,2026-05-11 22:46:25.172852,2026-05-11 22:46:25.172852,9,25
8620,416,164,23,3,4,0,1,3,8,2,8,18,6,5,4,,2,2026-05-11 22:46:25.172852,2026-05-11 22:46:25.172852,10,25
8621,416,163,15,2,0,2,0,4,7,2,6,12,1,1,3,,3,2026-05-11 22:46:25.172852,2026-05-11 22:46:25.172852,6,25
8622,416,171,5,1,0,0,0,0,3,1,2,4,0,0,0,,1,2026-05-11 22:46:25.172852,2026-05-11 22:46:25.172852,1,25
8623,416,170,9,0,1,2,0,4,4,0,3,11,3,3,1,,2,2026-05-11 22:46:25.172852,2026-05-11 22:46:25.172852,5,25
8624,416,173,6,7,3,2,1,1,0,0,3,4,0,0,0,,2,2026-05-11 22:46:25.172852,2026-05-11 22:46:25.172852,7,25
8625,416,167,9,2,2,3,0,3,2,2,3,4,2,1,0,,1,2026-05-11 22:46:25.172852,2026-05-11 22:46:25.172852,27,25
8626,416,377,2,0,0,0,0,0,1,0,1,3,0,0,0,,1,2026-05-11 22:46:25.172852,2026-05-11 22:46:25.172852,2,25
8627,416,162,0,1,0,0,0,0,0,0,0,0,0,0,0,,0,2026-05-11 22:46:25.172852,2026-05-11 22:46:25.172852,-4,25
8628,416,172,0,0,0,0,0,0,0,0,0,0,0,0,0,,1,2026-05-11 22:46:25.172852,2026-05-11 22:46:25.172852,-4,25
8629,416,158,0,0,0,0,0,0,0,0,0,0,0,0,0,,1,2026-05-11 22:46:25.172852,2026-05-11 22:46:25.172852,-4,25
8630,416,166,0,0,0,0,0,0,1,0,0,1,0,0,0,,0,2026-05-11 22:46:25.172852,2026-05-11 22:46:25.172852,-4,25
8631,416,579,0,0,0,0,0,0,1,0,0,1,0,0,0,,0,2026-05-11 22:46:25.172852,2026-05-11 22:46:25.172852,-4,25
8632,416,360,8,1,0,0,2,2,4,1,2,5,3,3,3,,4,2026-05-11 22:46:25.172852,2026-05-11 22:46:25.172852,-8,26
8633,416,349,27,7,4,0,1,4,3,0,10,21,11,7,2,,1,2026-05-11 22:46:25.172852,2026-05-11 22:46:25.172852,-1,26
8634,416,361,21,7,2,1,2,2,4,3,7,10,4,4,3,,0,2026-05-11 22:46:25.172852,2026-05-11 22:46:25.172852,-9,26
8635,416,352,24,7,0,0,1,5,1,0,10,13,4,4,4,,0,2026-05-11 22:46:25.172852,2026-05-11 22:46:25.172852,-12,26
8636,416,351,8,2,4,2,1,8,3,0,3,14,5,2,2,,1,2026-05-11 22:46:25.172852,2026-05-11 22:46:25.172852,-10,26
8637,416,357,7,3,0,1,0,0,4,2,2,5,2,1,0,,4,2026-05-11 22:46:25.172852,2026-05-11 22:46:25.172852,0,26
8638,416,350,6,3,5,1,1,0,1,0,3,7,0,0,1,,5,2026-05-11 22:46:25.172852,2026-05-11 22:46:25.172852,-12,26
8639,416,558,9,2,0,2,0,3,1,1,3,8,2,2,1,,3,2026-05-11 22:46:25.172852,2026-05-11 22:46:25.172852,-8,26
8640,417,307,0,3,1,0,0,0,1,0,0,4,0,0,0,,1,2026-05-11 22:46:41.691617,2026-05-11 22:46:41.691617,-6,13
8641,417,304,18,8,1,0,0,0,2,0,8,12,2,2,1,,5,2026-05-11 22:46:41.691617,2026-05-11 22:46:41.691617,-1,13
8642,417,309,7,5,3,1,0,0,4,1,3,8,0,0,1,,4,2026-05-11 22:46:41.691617,2026-05-11 22:46:41.691617,-6,13
8643,417,305,4,1,0,2,0,3,3,0,2,5,0,0,2,,0,2026-05-11 22:46:41.691617,2026-05-11 22:46:41.691617,-12,13
8644,417,214,15,1,0,0,0,6,5,1,6,17,2,2,1,,2,2026-05-11 22:46:41.691617,2026-05-11 22:46:41.691617,-9,13
8645,417,253,20,5,4,0,1,8,7,2,7,17,6,4,2,,3,2026-05-11 22:46:41.691617,2026-05-11 22:46:41.691617,8,13
8646,417,310,14,4,0,0,0,6,2,1,4,6,5,5,2,,1,2026-05-11 22:46:41.691617,2026-05-11 22:46:41.691617,12,13
8647,417,312,11,2,1,0,0,2,2,1,3,6,4,4,0,,2,2026-05-11 22:46:41.691617,2026-05-11 22:46:41.691617,16,13
8648,417,299,9,2,0,0,1,2,5,3,3,5,0,0,0,,4,2026-05-11 22:46:41.691617,2026-05-11 22:46:41.691617,10,13
8649,417,301,17,3,0,0,2,0,8,5,6,9,0,0,1,,2,2026-05-11 22:46:41.691617,2026-05-11 22:46:41.691617,13,13
8650,417,291,4,2,1,0,2,2,3,0,1,6,2,2,1,,0,2026-05-11 22:46:41.691617,2026-05-11 22:46:41.691617,4,10
8651,417,287,5,4,0,0,0,2,4,1,2,5,0,0,1,,0,2026-05-11 22:46:41.691617,2026-05-11 22:46:41.691617,10,10
8652,417,381,12,6,2,0,0,1,4,0,3,8,6,6,0,,4,2026-05-11 22:46:41.691617,2026-05-11 22:46:41.691617,5,10
8653,417,294,10,3,1,0,0,2,5,2,3,10,2,2,1,,0,2026-05-11 22:46:41.691617,2026-05-11 22:46:41.691617,16,10
8654,417,284,24,6,0,1,1,3,9,4,7,14,8,6,3,,0,2026-05-11 22:46:41.691617,2026-05-11 22:46:41.691617,13,10
8655,417,297,7,3,4,0,0,2,0,0,3,6,2,1,1,,3,2026-05-11 22:46:41.691617,2026-05-11 22:46:41.691617,8,10
8656,417,293,2,1,1,1,0,1,1,0,1,2,0,0,0,,2,2026-05-11 22:46:41.691617,2026-05-11 22:46:41.691617,2,10
8657,417,296,0,1,1,1,0,1,3,0,0,3,0,0,0,,2,2026-05-11 22:46:41.691617,2026-05-11 22:46:41.691617,-12,10
8658,417,580,16,1,2,0,0,2,0,0,5,6,8,6,1,,4,2026-05-11 22:46:41.691617,2026-05-11 22:46:41.691617,-17,10
8659,417,283,6,1,0,0,0,2,4,2,2,7,0,0,0,,0,2026-05-11 22:46:41.691617,2026-05-11 22:46:41.691617,-12,10
8660,417,298,7,2,1,0,0,3,3,1,3,8,0,0,1,,2,2026-05-11 22:46:41.691617,2026-05-11 22:46:41.691617,-18,10
8661,417,290,8,1,1,0,0,2,0,0,3,4,2,2,0,,3,2026-05-11 22:46:41.691617,2026-05-11 22:46:41.691617,-13,10
8662,417,562,9,0,2,0,0,1,3,1,3,7,2,2,0,,1,2026-05-11 22:46:41.691617,2026-05-11 22:46:41.691617,-11,10
8663,418,392,6,4,1,0,0,1,6,0,2,12,2,2,0,,4,2026-05-11 22:55:07.84127,2026-05-11 22:55:07.84127,-20,4
8664,418,385,28,9,0,1,3,2,10,5,10,18,3,3,0,,2,2026-05-11 22:55:07.84127,2026-05-11 22:55:07.84127,-7,4
8665,418,387,8,6,8,0,1,1,0,0,4,5,0,0,1,,1,2026-05-11 22:55:07.84127,2026-05-11 22:55:07.84127,-17,4
8666,418,395,23,3,2,0,2,5,10,5,9,17,0,0,1,,4,2026-05-11 22:55:07.84127,2026-05-11 22:55:07.84127,5,4
8667,418,384,30,5,0,1,1,10,16,2,12,31,4,4,3,,5,2026-05-11 22:55:07.84127,2026-05-11 22:55:07.84127,15,4
8668,418,390,2,3,0,0,0,3,1,0,1,2,0,0,0,,0,2026-05-11 22:55:07.84127,2026-05-11 22:55:07.84127,-2,4
8669,418,391,6,1,4,0,0,1,0,0,3,4,0,0,0,,0,2026-05-11 22:55:07.84127,2026-05-11 22:55:07.84127,12,4
8670,418,209,19,5,0,2,0,3,8,5,7,15,0,0,1,,1,2026-05-11 22:55:07.84127,2026-05-11 22:55:07.84127,21,4
8671,418,388,0,0,1,0,0,0,0,0,0,1,0,0,0,,2,2026-05-11 22:55:07.84127,2026-05-11 22:55:07.84127,0,4
8672,418,401,5,1,1,0,0,0,5,1,2,8,0,0,0,,2,2026-05-11 22:55:07.84127,2026-05-11 22:55:07.84127,-2,4
8673,418,417,27,5,2,0,0,3,8,4,10,18,3,3,0,,2,2026-05-11 22:55:07.84127,2026-05-11 22:55:07.84127,-6,16
8674,418,402,6,3,0,1,0,1,0,0,3,3,0,0,0,,0,2026-05-11 22:55:07.84127,2026-05-11 22:55:07.84127,1,16
8675,418,416,12,13,6,0,5,4,8,2,5,12,0,0,0,,1,2026-05-11 22:55:07.84127,2026-05-11 22:55:07.84127,-5,16
8676,418,406,23,3,0,0,0,6,6,3,7,18,6,6,2,,1,2026-05-11 22:55:07.84127,2026-05-11 22:55:07.84127,-2,16
8677,418,412,28,3,1,2,1,6,9,4,12,24,0,0,0,,2,2026-05-11 22:55:07.84127,2026-05-11 22:55:07.84127,-6,16
8678,418,408,13,5,1,0,1,8,6,2,5,14,2,1,1,,2,2026-05-11 22:55:07.84127,2026-05-11 22:55:07.84127,4,16
8679,418,411,6,2,1,1,0,3,1,0,2,4,3,2,2,,0,2026-05-11 22:55:07.84127,2026-05-11 22:55:07.84127,-5,16
8680,418,413,11,1,1,0,0,1,2,1,5,9,0,0,2,,1,2026-05-11 22:55:07.84127,2026-05-11 22:55:07.84127,11,16
8681,418,403,0,1,0,0,1,0,1,0,0,1,0,0,0,,0,2026-05-11 22:55:07.84127,2026-05-11 22:55:07.84127,3,16
8682,419,392,6,4,1,0,0,1,6,0,2,12,2,2,0,,4,2026-05-11 22:56:34.997407,2026-05-11 22:56:34.997407,-20,4
8683,419,385,28,9,0,1,3,2,10,5,10,18,3,3,0,,2,2026-05-11 22:56:34.997407,2026-05-11 22:56:34.997407,-7,4
8684,419,387,8,6,8,0,1,1,0,0,4,5,0,0,1,,1,2026-05-11 22:56:34.997407,2026-05-11 22:56:34.997407,-17,4
8685,419,395,23,3,2,0,2,5,10,5,9,17,0,0,1,,4,2026-05-11 22:56:34.997407,2026-05-11 22:56:34.997407,5,4
8686,419,384,30,5,0,1,1,10,16,2,12,31,4,4,3,,5,2026-05-11 22:56:34.997407,2026-05-11 22:56:34.997407,15,4
8687,419,390,2,3,0,0,0,3,1,0,1,2,0,0,0,,0,2026-05-11 22:56:34.997407,2026-05-11 22:56:34.997407,-2,4
8688,419,391,6,1,4,0,0,1,0,0,3,4,0,0,0,,0,2026-05-11 22:56:34.997407,2026-05-11 22:56:34.997407,12,4
8689,419,209,19,5,0,2,0,3,8,5,7,15,0,0,1,,1,2026-05-11 22:56:34.997407,2026-05-11 22:56:34.997407,21,4
8690,419,388,0,0,1,0,0,0,0,0,0,1,0,0,0,,2,2026-05-11 22:56:34.997407,2026-05-11 22:56:34.997407,0,4
8691,419,401,5,1,1,0,0,0,5,1,2,8,0,0,0,,2,2026-05-11 22:56:34.997407,2026-05-11 22:56:34.997407,-2,4
8692,419,417,27,5,2,0,0,3,8,4,10,18,3,3,0,,2,2026-05-11 22:56:34.997407,2026-05-11 22:56:34.997407,-6,16
8693,419,402,6,3,0,1,0,1,0,0,3,3,0,0,0,,0,2026-05-11 22:56:34.997407,2026-05-11 22:56:34.997407,1,16
8694,419,416,12,13,6,0,5,4,8,2,5,12,0,0,0,,1,2026-05-11 22:56:34.997407,2026-05-11 22:56:34.997407,-5,16
8695,419,406,23,3,0,0,0,6,6,3,7,18,6,6,2,,1,2026-05-11 22:56:34.997407,2026-05-11 22:56:34.997407,-2,16
8696,419,412,28,3,1,2,1,6,9,4,12,24,0,0,0,,2,2026-05-11 22:56:34.997407,2026-05-11 22:56:34.997407,-6,16
8697,419,408,13,5,1,0,1,8,6,2,5,14,2,1,1,,2,2026-05-11 22:56:34.997407,2026-05-11 22:56:34.997407,4,16
8698,419,411,6,2,1,1,0,3,1,0,2,4,3,2,2,,0,2026-05-11 22:56:34.997407,2026-05-11 22:56:34.997407,-5,16
8699,419,413,11,1,1,0,0,1,2,1,5,9,0,0,2,,1,2026-05-11 22:56:34.997407,2026-05-11 22:56:34.997407,11,16
8700,419,403,0,1,0,0,1,0,1,0,0,1,0,0,0,,0,2026-05-11 22:56:34.997407,2026-05-11 22:56:34.997407,3,16
8701,420,340,12,3,1,1,0,0,6,3,4,7,3,1,2,,2,2026-05-11 22:56:58.204176,2026-05-11 22:56:58.204176,0,24
8702,420,336,20,5,2,4,0,2,4,2,6,10,6,6,1,,6,2026-05-11 22:56:58.204176,2026-05-11 22:56:58.204176,9,24
8703,420,348,4,3,1,0,3,2,0,0,2,3,0,0,0,,1,2026-05-11 22:56:58.204176,2026-05-11 22:56:58.204176,-2,24
8704,420,341,35,5,0,0,1,2,7,2,14,29,6,5,5,,2,2026-05-11 22:56:58.204176,2026-05-11 22:56:58.204176,-5,24
8705,420,333,22,1,0,1,0,4,2,0,7,17,13,8,2,,5,2026-05-11 22:56:58.204176,2026-05-11 22:56:58.204176,-3,24
8706,420,343,3,1,0,1,0,6,0,0,1,2,2,1,2,,3,2026-05-11 22:56:58.204176,2026-05-11 22:56:58.204176,3,24
8707,420,339,5,2,2,1,1,0,3,1,1,4,2,2,1,,1,2026-05-11 22:56:58.204176,2026-05-11 22:56:58.204176,0,24
8708,420,337,2,2,2,0,1,1,0,0,1,2,0,0,0,,1,2026-05-11 22:56:58.204176,2026-05-11 22:56:58.204176,-10,24
8709,420,346,7,7,1,4,0,3,3,1,3,5,0,0,0,,3,2026-05-11 22:56:58.204176,2026-05-11 22:56:58.204176,-12,24
8710,420,156,41,7,0,0,2,12,8,3,15,22,13,8,5,,4,2026-05-11 22:56:58.204176,2026-05-11 22:56:58.204176,13,25
8711,420,157,8,3,1,4,0,0,7,2,3,9,0,0,1,,5,2026-05-11 22:56:58.204176,2026-05-11 22:56:58.204176,-6,25
8712,420,159,2,5,6,1,3,4,3,0,1,6,0,0,0,,2,2026-05-11 22:56:58.204176,2026-05-11 22:56:58.204176,8,25
8713,420,164,21,3,1,0,0,4,11,4,7,18,4,3,4,,2,2026-05-11 22:56:58.204176,2026-05-11 22:56:58.204176,-1,25
8714,420,163,9,2,1,2,1,2,3,1,3,6,2,2,2,,2,2026-05-11 22:56:58.204176,2026-05-11 22:56:58.204176,8,25
8715,420,171,3,0,0,0,1,0,1,1,1,2,0,0,0,,2,2026-05-11 22:56:58.204176,2026-05-11 22:56:58.204176,-13,25
8716,420,161,16,2,0,1,1,0,8,4,5,12,2,2,1,,4,2026-05-11 22:56:58.204176,2026-05-11 22:56:58.204176,-4,25
8717,420,170,12,1,0,0,0,1,5,2,4,7,2,2,2,,2,2026-05-11 22:56:58.204176,2026-05-11 22:56:58.204176,19,25
8718,420,173,2,4,3,1,1,1,1,0,1,6,0,0,0,,3,2026-05-11 22:56:58.204176,2026-05-11 22:56:58.204176,-14,25
8719,420,167,0,2,1,0,1,3,0,0,0,0,0,0,0,,1,2026-05-11 22:56:58.204176,2026-05-11 22:56:58.204176,10,25
8720,421,84,19,3,0,1,0,1,10,5,6,12,2,2,2,,3,2026-05-11 22:57:17.682648,2026-05-11 22:57:17.682648,19,23
8721,421,78,16,5,0,2,0,5,6,1,6,16,4,3,0,,4,2026-05-11 22:57:17.682648,2026-05-11 22:57:17.682648,16,23
8722,421,72,2,2,1,0,3,0,0,0,0,1,2,2,0,,3,2026-05-11 22:57:17.682648,2026-05-11 22:57:17.682648,3,23
8723,421,75,19,11,0,1,0,1,5,1,7,16,5,4,4,,4,2026-05-11 22:57:17.682648,2026-05-11 22:57:17.682648,11,23
8724,421,82,31,2,0,1,1,6,9,3,11,25,8,6,3,,3,2026-05-11 22:57:17.682648,2026-05-11 22:57:17.682648,11,23
8725,421,74,14,7,3,3,3,2,3,2,5,8,2,2,0,,2,2026-05-11 22:57:17.682648,2026-05-11 22:57:17.682648,9,23
8726,421,80,4,3,1,0,1,2,1,0,1,3,2,2,0,,3,2026-05-11 22:57:17.682648,2026-05-11 22:57:17.682648,-3,23
8727,421,70,4,0,2,0,1,0,1,0,2,4,0,0,2,,5,2026-05-11 22:57:17.682648,2026-05-11 22:57:17.682648,-6,23
8728,421,434,12,3,1,0,0,3,2,0,5,11,2,2,0,,4,2026-05-11 22:57:17.682648,2026-05-11 22:57:17.682648,1,22
8729,421,419,18,4,1,0,1,4,5,0,7,22,6,4,6,,3,2026-05-11 22:57:17.682648,2026-05-11 22:57:17.682648,-17,22
8730,421,424,5,7,4,1,2,1,2,0,1,7,4,3,0,,2,2026-05-11 22:57:17.682648,2026-05-11 22:57:17.682648,-14,22
8731,421,420,34,3,0,0,1,3,6,4,10,16,11,10,5,,3,2026-05-11 22:57:17.682648,2026-05-11 22:57:17.682648,-11,22
8732,421,433,4,6,0,3,0,4,6,1,1,9,1,1,1,,3,2026-05-11 22:57:17.682648,2026-05-11 22:57:17.682648,-14,22
8733,421,423,5,2,0,0,0,1,2,1,2,5,0,0,0,,1,2026-05-11 22:57:17.682648,2026-05-11 22:57:17.682648,-7,22
8734,421,426,4,2,0,0,0,0,0,0,2,2,0,0,1,,0,2026-05-11 22:57:17.682648,2026-05-11 22:57:17.682648,2,22
8735,421,421,2,0,2,1,0,0,0,0,1,1,0,0,0,,2,2026-05-11 22:57:17.682648,2026-05-11 22:57:17.682648,2,22
8736,421,422,13,5,1,0,0,3,4,1,4,8,7,4,1,,3,2026-05-11 22:57:17.682648,2026-05-11 22:57:17.682648,-2,22
8737,422,308,21,7,0,0,0,3,6,1,8,17,4,4,5,,2,2026-05-11 22:57:37.807039,2026-05-11 22:57:37.807039,6,13
8738,422,307,13,1,1,3,1,1,4,1,5,9,2,2,0,,3,2026-05-11 22:57:37.807039,2026-05-11 22:57:37.807039,-7,13
8739,422,309,17,3,2,2,1,1,6,1,7,16,2,2,0,,2,2026-05-11 22:57:37.807039,2026-05-11 22:57:37.807039,-7,13
8740,422,305,7,2,1,3,0,10,2,1,3,5,0,0,1,,4,2026-05-11 22:57:37.807039,2026-05-11 22:57:37.807039,-9,13
8741,422,214,21,3,2,1,0,8,4,2,8,15,3,3,2,,6,2026-05-11 22:57:37.807039,2026-05-11 22:57:37.807039,-9,13
8742,422,304,11,8,1,2,1,0,3,1,5,8,0,0,3,,0,2026-05-11 22:57:37.807039,2026-05-11 22:57:37.807039,-4,13
8743,422,253,23,3,0,3,0,2,6,5,7,11,4,4,4,,3,2026-05-11 22:57:37.807039,2026-05-11 22:57:37.807039,-4,13
8744,422,310,5,0,2,1,0,2,1,1,1,2,2,2,1,,2,2026-05-11 22:57:37.807039,2026-05-11 22:57:37.807039,0,13
8745,422,312,3,0,0,0,0,3,3,1,1,3,0,0,1,,1,2026-05-11 22:57:37.807039,2026-05-11 22:57:37.807039,9,13
8746,422,297,20,3,3,1,0,5,4,2,9,13,0,0,5,,2,2026-05-11 22:57:37.807039,2026-05-11 22:57:37.807039,16,10
8747,422,285,7,6,0,4,0,9,3,1,3,5,0,0,3,,2,2026-05-11 22:57:37.807039,2026-05-11 22:57:37.807039,0,10
8748,422,381,20,2,3,1,2,5,6,3,8,12,3,1,1,,1,2026-05-11 22:57:37.807039,2026-05-11 22:57:37.807039,-4,10
8749,422,294,17,5,2,1,1,2,7,2,5,11,8,5,4,,2,2026-05-11 22:57:37.807039,2026-05-11 22:57:37.807039,10,10
8750,422,284,35,1,0,1,0,4,12,7,12,23,5,4,3,,4,2026-05-11 22:57:37.807039,2026-05-11 22:57:37.807039,9,10
8751,422,293,6,2,1,2,0,1,0,0,2,4,3,2,0,,2,2026-05-11 22:57:37.807039,2026-05-11 22:57:37.807039,8,10
8752,422,291,7,4,1,2,0,3,2,0,3,7,2,1,2,,4,2026-05-11 22:57:37.807039,2026-05-11 22:57:37.807039,-7,10
8753,422,287,14,3,0,0,0,0,7,4,5,8,0,0,2,,2,2026-05-11 22:57:37.807039,2026-05-11 22:57:37.807039,-7,10
8754,423,434,18,7,0,1,0,6,1,0,5,10,10,8,2,,2,2026-05-11 22:58:33.420968,2026-05-11 22:58:33.420968,29,22
8755,423,419,25,5,0,2,1,6,6,2,9,17,8,5,2,,2,2026-05-11 22:58:33.420968,2026-05-11 22:58:33.420968,17,22
8756,423,424,16,3,3,0,1,1,2,2,6,7,4,2,2,,2,2026-05-11 22:58:33.420968,2026-05-11 22:58:33.420968,16,22
8757,423,420,13,7,0,3,0,0,3,0,4,14,5,5,1,,2,2026-05-11 22:58:33.420968,2026-05-11 22:58:33.420968,30,22
8758,423,433,12,5,0,0,1,6,5,2,5,8,0,0,3,,6,2026-05-11 22:58:33.420968,2026-05-11 22:58:33.420968,25,22
8759,423,422,7,2,3,0,1,3,4,0,2,10,3,3,0,,5,2026-05-11 22:58:33.420968,2026-05-11 22:58:33.420968,9,22
8760,423,426,5,2,1,0,0,1,2,1,2,4,0,0,1,,5,2026-05-11 22:58:33.420968,2026-05-11 22:58:33.420968,8,22
8761,423,421,7,1,3,0,4,2,0,0,2,2,3,3,1,,3,2026-05-11 22:58:33.420968,2026-05-11 22:58:33.420968,16,22
8762,423,423,9,0,1,0,0,0,0,0,3,3,4,3,1,,2,2026-05-11 22:58:33.420968,2026-05-11 22:58:33.420968,4,22
8763,423,430,4,0,0,0,0,0,0,0,2,2,0,0,0,,0,2026-05-11 22:58:33.420968,2026-05-11 22:58:33.420968,-1,22
8764,423,431,2,2,0,0,0,2,1,0,1,2,0,0,0,,1,2026-05-11 22:58:33.420968,2026-05-11 22:58:33.420968,-1,22
8765,423,427,3,1,0,0,0,0,2,1,1,3,0,0,1,,1,2026-05-11 22:58:33.420968,2026-05-11 22:58:33.420968,-1,22
8766,423,435,0,3,0,0,0,0,1,0,0,2,0,0,0,,0,2026-05-11 22:58:33.420968,2026-05-11 22:58:33.420968,-1,22
8767,423,193,0,0,0,0,0,0,0,0,0,0,0,0,0,,0,2026-05-11 22:58:33.420968,2026-05-11 22:58:33.420968,5,22
8768,423,392,11,2,1,1,0,1,6,1,3,10,5,4,0,,3,2026-05-11 22:58:33.420968,2026-05-11 22:58:33.420968,-26,4
8769,423,385,15,2,0,0,0,1,6,1,5,12,4,4,3,,3,2026-05-11 22:58:33.420968,2026-05-11 22:58:33.420968,-29,4
8770,423,387,2,7,1,0,3,2,0,0,1,4,0,0,1,,3,2026-05-11 22:58:33.420968,2026-05-11 22:58:33.420968,-20,4
8771,423,395,14,3,0,2,0,1,7,4,5,10,0,0,5,,4,2026-05-11 22:58:33.420968,2026-05-11 22:58:33.420968,-24,4
8772,423,384,23,1,1,0,0,5,8,3,7,17,6,6,3,,4,2026-05-11 22:58:33.420968,2026-05-11 22:58:33.420968,-9,4
8773,423,390,6,2,0,0,0,2,5,2,2,5,0,0,1,,3,2026-05-11 22:58:33.420968,2026-05-11 22:58:33.420968,-17,4
8774,423,391,2,2,1,2,1,1,0,0,0,3,2,2,1,,3,2026-05-11 22:58:33.420968,2026-05-11 22:58:33.420968,-6,4
8775,423,401,1,1,1,1,0,0,4,0,0,4,2,1,1,,3,2026-05-11 22:58:33.420968,2026-05-11 22:58:33.420968,-10,4
8776,423,209,4,0,0,0,0,0,1,0,1,5,2,2,1,,4,2026-05-11 22:58:33.420968,2026-05-11 22:58:33.420968,-11,4
8777,423,388,0,2,0,0,0,0,2,0,0,2,0,0,0,,2,2026-05-11 22:58:33.420968,2026-05-11 22:58:33.420968,-5,4
8778,423,398,4,1,1,0,0,2,2,1,1,4,2,1,0,,1,2026-05-11 22:58:33.420968,2026-05-11 22:58:33.420968,2,4
8779,423,393,2,0,0,0,0,1,3,0,0,3,2,2,0,,0,2026-05-11 22:58:33.420968,2026-05-11 22:58:33.420968,-1,4
8780,423,49,2,1,1,0,0,0,0,0,1,1,0,0,0,,0,2026-05-11 22:58:33.420968,2026-05-11 22:58:33.420968,-1,4
8781,423,394,2,0,0,1,0,0,0,0,1,1,0,0,0,,0,2026-05-11 22:58:33.420968,2026-05-11 22:58:33.420968,1,4
8782,423,386,2,3,0,0,0,1,1,0,1,2,0,0,0,,0,2026-05-11 22:58:33.420968,2026-05-11 22:58:33.420968,1,4
8783,424,340,19,5,4,6,0,2,7,4,7,11,1,1,1,,1,2026-05-11 22:58:51.213041,2026-05-11 22:58:51.213041,17,24
8784,424,336,13,0,1,0,0,4,8,3,4,14,2,2,5,,4,2026-05-11 22:58:51.213041,2026-05-11 22:58:51.213041,21,24
8785,424,343,10,4,2,1,1,1,0,0,4,6,2,2,1,,2,2026-05-11 22:58:51.213041,2026-05-11 22:58:51.213041,-1,24
8786,424,341,36,5,1,2,3,4,14,8,14,20,0,0,2,,3,2026-05-11 22:58:51.213041,2026-05-11 22:58:51.213041,22,24
8787,424,333,20,6,0,1,0,8,4,0,5,12,10,10,1,,4,2026-05-11 22:58:51.213041,2026-05-11 22:58:51.213041,25,24
8788,424,339,2,1,1,1,0,2,1,0,1,2,0,0,1,,1,2026-05-11 22:58:51.213041,2026-05-11 22:58:51.213041,-7,24
8789,424,346,11,2,0,0,0,1,10,3,4,11,0,0,1,,5,2026-05-11 22:58:51.213041,2026-05-11 22:58:51.213041,-4,24
8790,424,345,0,2,0,0,0,0,1,0,0,1,0,0,0,,1,2026-05-11 22:58:51.213041,2026-05-11 22:58:51.213041,2,24
8791,424,337,0,0,0,1,0,0,1,0,0,1,0,0,0,,0,2026-05-11 22:58:51.213041,2026-05-11 22:58:51.213041,-2,24
8792,424,22,0,1,0,2,0,1,3,0,0,3,0,0,0,,2,2026-05-11 22:58:51.213041,2026-05-11 22:58:51.213041,8,24
8793,424,334,0,1,0,0,0,0,0,0,0,0,0,0,0,,0,2026-05-11 22:58:51.213041,2026-05-11 22:58:51.213041,-2,24
8794,424,268,0,0,0,0,0,0,0,0,0,0,0,0,0,,0,2026-05-11 22:58:51.213041,2026-05-11 22:58:51.213041,-2,24
8795,424,338,0,0,0,0,0,0,0,0,0,0,0,0,0,,0,2026-05-11 22:58:51.213041,2026-05-11 22:58:51.213041,-2,24
8796,424,297,9,2,4,1,0,4,3,0,4,8,2,1,2,,4,2026-05-11 22:58:51.213041,2026-05-11 22:58:51.213041,-8,10
8797,424,285,5,2,0,1,0,6,2,0,2,4,2,1,5,,6,2026-05-11 22:58:51.213041,2026-05-11 22:58:51.213041,-13,10
8798,424,381,11,1,0,0,0,0,3,2,3,5,4,3,3,,1,2026-05-11 22:58:51.213041,2026-05-11 22:58:51.213041,-22,10
8799,424,294,23,7,3,1,0,0,5,3,9,17,3,2,4,,2,2026-05-11 22:58:51.213041,2026-05-11 22:58:51.213041,-5,10
8800,424,284,17,4,0,2,0,4,10,3,4,16,6,6,4,,1,2026-05-11 22:58:51.213041,2026-05-11 22:58:51.213041,-13,10
8801,424,293,4,2,1,0,0,3,1,0,2,4,0,0,0,,4,2026-05-11 22:58:51.213041,2026-05-11 22:58:51.213041,-10,10
8802,424,291,16,5,3,0,0,3,4,2,5,10,4,4,1,,0,2026-05-11 22:58:51.213041,2026-05-11 22:58:51.213041,-9,10
8803,424,287,9,4,1,0,0,2,4,1,3,8,2,2,1,,1,2026-05-11 22:58:51.213041,2026-05-11 22:58:51.213041,-3,10
8804,424,298,2,0,0,0,0,0,1,0,1,2,0,0,0,,0,2026-05-11 22:58:51.213041,2026-05-11 22:58:51.213041,2,10
8805,424,580,0,0,0,0,0,0,0,0,0,0,0,0,0,,0,2026-05-11 22:58:51.213041,2026-05-11 22:58:51.213041,2,10
8806,424,296,0,0,0,0,0,0,0,0,0,0,0,0,0,,0,2026-05-11 22:58:51.213041,2026-05-11 22:58:51.213041,2,10
8807,424,283,0,0,0,0,0,0,0,0,0,0,0,0,0,,0,2026-05-11 22:58:51.213041,2026-05-11 22:58:51.213041,2,10
8808,425,227,5,2,1,2,0,1,2,1,2,3,0,0,0,,2,2026-05-11 22:59:14.920545,2026-05-11 22:59:14.920545,20,6
8809,425,219,17,5,2,0,0,4,2,1,6,9,6,4,2,,2,2026-05-11 22:59:14.920545,2026-05-11 22:59:14.920545,12,6
8810,425,211,10,6,1,1,0,0,0,0,5,7,2,0,0,,3,2026-05-11 22:59:14.920545,2026-05-11 22:59:14.920545,8,6
8811,425,218,32,2,1,2,0,4,7,4,11,20,7,6,4,,2,2026-05-11 22:59:14.920545,2026-05-11 22:59:14.920545,16,6
8812,425,306,22,2,0,2,0,10,7,4,8,18,2,2,4,,2,2026-05-11 22:59:14.920545,2026-05-11 22:59:14.920545,6,6
8813,425,217,7,3,1,0,0,2,3,1,1,4,4,4,0,,1,2026-05-11 22:59:14.920545,2026-05-11 22:59:14.920545,10,6
8814,425,223,24,2,1,0,0,0,6,4,8,10,4,4,2,,5,2026-05-11 22:59:14.920545,2026-05-11 22:59:14.920545,8,6
8815,425,226,2,0,0,1,0,1,2,0,0,4,2,2,0,,4,2026-05-11 22:59:14.920545,2026-05-11 22:59:14.920545,-2,6
8816,425,354,3,3,0,1,0,0,1,1,1,1,1,0,0,,1,2026-05-11 22:59:14.920545,2026-05-11 22:59:14.920545,-5,6
8817,425,364,2,1,0,0,0,2,2,0,1,4,0,0,1,,4,2026-05-11 22:59:14.920545,2026-05-11 22:59:14.920545,-2,6
8818,425,221,0,0,0,0,0,0,0,0,0,0,0,0,0,,0,2026-05-11 22:59:14.920545,2026-05-11 22:59:14.920545,-2,6
8819,425,224,2,0,0,0,0,0,0,0,1,1,0,0,1,,2,2026-05-11 22:59:14.920545,2026-05-11 22:59:14.920545,-2,6
8820,425,220,0,0,0,0,0,0,0,0,0,0,0,0,1,,0,2026-05-11 22:59:14.920545,2026-05-11 22:59:14.920545,-2,6
8821,425,93,17,2,0,0,1,4,1,0,5,9,10,7,1,,2,2026-05-11 22:59:14.920545,2026-05-11 22:59:14.920545,-19,28
8822,425,88,21,1,0,0,0,7,4,3,6,14,9,6,5,,2,2026-05-11 22:59:14.920545,2026-05-11 22:59:14.920545,-22,28
8823,425,99,4,6,0,1,2,2,0,0,1,2,2,2,2,,3,2026-05-11 22:59:14.920545,2026-05-11 22:59:14.920545,0,28
8824,425,89,24,2,0,1,0,3,6,3,7,13,9,7,4,,2,2026-05-11 22:59:14.920545,2026-05-11 22:59:14.920545,-16,28
8825,425,101,17,1,0,0,0,2,6,5,6,11,1,0,2,,4,2026-05-11 22:59:14.920545,2026-05-11 22:59:14.920545,-6,28
8826,425,103,7,2,0,0,0,2,4,1,2,5,2,2,0,,0,2026-05-11 22:59:14.920545,2026-05-11 22:59:14.920545,-6,28
8827,425,98,14,3,1,0,0,4,1,0,7,8,0,0,1,,0,2026-05-11 22:59:14.920545,2026-05-11 22:59:14.920545,-15,28
8828,425,95,3,5,3,1,0,2,2,1,1,3,0,0,0,,5,2026-05-11 22:59:14.920545,2026-05-11 22:59:14.920545,-4,28
8829,425,94,2,0,0,0,1,3,2,0,1,4,0,0,1,,4,2026-05-11 22:59:14.920545,2026-05-11 22:59:14.920545,11,28
8830,425,90,0,0,0,0,0,0,1,0,0,1,0,0,0,,0,2026-05-11 22:59:14.920545,2026-05-11 22:59:14.920545,6,28
8831,425,97,2,0,0,0,0,0,0,0,1,1,0,0,0,,0,2026-05-11 22:59:14.920545,2026-05-11 22:59:14.920545,2,28
8832,425,91,0,1,0,0,0,0,0,0,0,0,0,0,0,,0,2026-05-11 22:59:14.920545,2026-05-11 22:59:14.920545,2,28
8833,425,288,2,0,0,0,0,0,0,0,0,0,2,2,1,,1,2026-05-11 22:59:14.920545,2026-05-11 22:59:14.920545,2,28
8834,426,110,12,0,0,0,0,1,7,2,5,12,0,0,1,,1,2026-05-11 22:59:39.892298,2026-05-11 22:59:39.892298,5,8
8835,426,107,17,4,4,0,0,3,5,1,5,10,8,6,1,,3,2026-05-11 22:59:39.892298,2026-05-11 22:59:39.892298,8,8
8836,426,111,25,12,1,1,0,11,7,2,11,19,1,1,5,,3,2026-05-11 22:59:39.892298,2026-05-11 22:59:39.892298,9,8
8837,426,105,12,7,1,0,0,1,3,2,4,10,2,2,0,,2,2026-05-11 22:59:39.892298,2026-05-11 22:59:39.892298,0,8
8838,426,114,30,5,0,0,0,7,8,0,7,22,16,16,2,,2,2026-05-11 22:59:39.892298,2026-05-11 22:59:39.892298,13,8
8839,426,108,7,3,0,1,1,1,3,1,2,6,2,2,2,,1,2026-05-11 22:59:39.892298,2026-05-11 22:59:39.892298,9,8
8840,426,106,8,5,2,5,0,3,2,1,3,7,1,1,1,,2,2026-05-11 22:59:39.892298,2026-05-11 22:59:39.892298,7,8
8841,426,113,5,0,0,0,0,0,1,1,1,1,3,2,0,,0,2026-05-11 22:59:39.892298,2026-05-11 22:59:39.892298,2,8
8842,426,119,0,3,0,0,0,0,0,0,0,0,0,0,1,,3,2026-05-11 22:59:39.892298,2026-05-11 22:59:39.892298,2,8
8843,426,132,16,5,3,0,0,3,4,0,6,14,4,4,1,,4,2026-05-11 22:59:39.892298,2026-05-11 22:59:39.892298,-17,18
8844,426,134,16,6,1,0,0,2,3,0,7,16,2,2,1,,4,2026-05-11 22:59:39.892298,2026-05-11 22:59:39.892298,-9,18
8845,426,128,17,7,3,1,0,2,0,0,8,9,5,1,3,,1,2026-05-11 22:59:39.892298,2026-05-11 22:59:39.892298,-8,18
8846,426,126,22,9,0,0,3,7,9,2,7,19,7,6,3,,4,2026-05-11 22:59:39.892298,2026-05-11 22:59:39.892298,-3,18
8847,426,124,12,4,0,2,0,2,7,4,4,9,0,0,1,,3,2026-05-11 22:59:39.892298,2026-05-11 22:59:39.892298,0,18
8848,426,135,5,3,0,1,0,2,2,1,2,6,0,0,2,,4,2026-05-11 22:59:39.892298,2026-05-11 22:59:39.892298,-7,18
8849,426,195,14,0,0,1,0,1,7,3,5,10,1,1,1,,2,2026-05-11 22:59:39.892298,2026-05-11 22:59:39.892298,-8,18
8850,426,123,3,1,0,1,0,2,1,1,1,1,0,0,0,,1,2026-05-11 22:59:39.892298,2026-05-11 22:59:39.892298,0,18
8851,426,129,0,1,0,0,0,0,1,0,0,3,0,0,0,,1,2026-05-11 22:59:39.892298,2026-05-11 22:59:39.892298,-3,18
8852,426,174,0,0,0,1,0,0,0,0,0,0,0,0,1,,1,2026-05-11 22:59:39.892298,2026-05-11 22:59:39.892298,0,18
8853,427,53,18,8,0,1,0,0,3,2,6,9,4,4,0,,3,2026-05-11 22:59:56.216105,2026-05-11 22:59:56.216105,9,20
8854,427,59,11,14,0,3,0,5,1,0,4,8,4,3,2,,2,2026-05-11 22:59:56.216105,2026-05-11 22:59:56.216105,4,20
8855,427,67,25,6,2,1,3,4,4,3,6,13,10,10,5,,5,2026-05-11 22:59:56.216105,2026-05-11 22:59:56.216105,3,20
8856,427,54,11,2,0,1,0,1,4,1,5,9,0,0,1,,1,2026-05-11 22:59:56.216105,2026-05-11 22:59:56.216105,4,20
8857,427,55,28,4,1,1,0,7,4,3,9,22,8,7,2,,1,2026-05-11 22:59:56.216105,2026-05-11 22:59:56.216105,5,20
8858,427,65,3,4,0,0,2,1,0,0,1,1,4,1,0,,1,2026-05-11 22:59:56.216105,2026-05-11 22:59:56.216105,5,20
8859,427,66,3,0,1,0,0,1,5,1,1,6,0,0,0,,3,2026-05-11 22:59:56.216105,2026-05-11 22:59:56.216105,4,20
8860,427,63,6,1,0,0,0,2,4,2,2,6,0,0,1,,4,2026-05-11 22:59:56.216105,2026-05-11 22:59:56.216105,12,20
8861,427,56,8,0,2,0,0,1,0,0,4,6,0,0,0,,4,2026-05-11 22:59:56.216105,2026-05-11 22:59:56.216105,9,20
8862,427,368,4,8,1,3,0,11,2,0,2,7,0,0,2,,2,2026-05-11 22:59:56.216105,2026-05-11 22:59:56.216105,-3,1
8863,427,374,23,7,0,0,0,3,7,3,8,19,4,4,1,,3,2026-05-11 22:59:56.216105,2026-05-11 22:59:56.216105,-3,1
8864,427,380,19,7,1,0,1,2,6,4,6,9,4,3,2,,4,2026-05-11 22:59:56.216105,2026-05-11 22:59:56.216105,-12,1
8865,427,367,17,1,0,0,1,4,8,3,6,17,4,2,1,,1,2026-05-11 22:59:56.216105,2026-05-11 22:59:56.216105,-9,1
8866,427,378,26,3,0,0,1,1,9,4,11,20,2,0,5,,2,2026-05-11 22:59:56.216105,2026-05-11 22:59:56.216105,-9,1
8867,427,331,2,0,1,1,0,2,1,0,1,2,0,0,1,,1,2026-05-11 22:59:56.216105,2026-05-11 22:59:56.216105,-8,1
8868,427,289,8,3,1,0,0,1,2,0,3,7,3,2,0,,2,2026-05-11 22:59:56.216105,2026-05-11 22:59:56.216105,-7,1
8869,427,382,0,2,2,0,0,0,0,0,0,3,0,0,0,,1,2026-05-11 22:59:56.216105,2026-05-11 22:59:56.216105,-5,1
8870,427,372,3,1,2,1,0,1,2,0,1,3,2,1,0,,5,2026-05-11 22:59:56.216105,2026-05-11 22:59:56.216105,1,1
8871,428,320,19,8,0,2,1,13,2,1,9,15,2,0,2,,3,2026-05-11 23:00:14.73817,2026-05-11 23:00:14.73817,11,14
8872,428,317,14,2,0,3,2,0,4,2,6,10,0,0,2,,3,2026-05-11 23:00:14.73817,2026-05-11 23:00:14.73817,7,14
8873,428,315,19,8,3,0,1,2,0,0,8,10,3,3,3,,1,2026-05-11 23:00:14.73817,2026-05-11 23:00:14.73817,7,14
8874,428,326,15,2,0,1,2,8,5,1,5,12,8,4,5,,4,2026-05-11 23:00:14.73817,2026-05-11 23:00:14.73817,-5,14
8875,428,375,27,4,0,0,0,3,5,5,9,13,6,4,3,,1,2026-05-11 23:00:14.73817,2026-05-11 23:00:14.73817,7,14
8876,428,323,6,2,0,1,1,3,1,0,1,3,4,4,1,,2,2026-05-11 23:00:14.73817,2026-05-11 23:00:14.73817,9,14
8877,428,330,3,5,0,0,0,0,2,1,1,2,0,0,0,,5,2026-05-11 23:00:14.73817,2026-05-11 23:00:14.73817,4,14
8878,428,318,4,1,0,0,1,0,0,0,1,1,3,2,1,,4,2026-05-11 23:00:14.73817,2026-05-11 23:00:14.73817,2,14
8879,428,319,0,0,0,0,0,0,0,0,0,0,0,0,1,,2,2026-05-11 23:00:14.73817,2026-05-11 23:00:14.73817,3,14
8880,428,486,17,3,4,3,1,7,1,0,7,18,6,3,2,,4,2026-05-11 23:00:14.73817,2026-05-11 23:00:14.73817,0,11
8881,428,484,16,7,5,2,0,0,9,3,5,14,5,3,1,,1,2026-05-11 23:00:14.73817,2026-05-11 23:00:14.73817,-7,11
8882,428,482,19,4,4,1,1,6,2,0,6,19,9,7,3,,5,2026-05-11 23:00:14.73817,2026-05-11 23:00:14.73817,-2,11
8883,428,481,7,0,0,2,0,1,2,1,2,4,2,2,0,,2,2026-05-11 23:00:14.73817,2026-05-11 23:00:14.73817,-10,11
8884,428,483,17,1,0,1,1,8,14,5,6,20,0,0,4,,2,2026-05-11 23:00:14.73817,2026-05-11 23:00:14.73817,-7,11
8885,428,472,2,1,1,0,0,0,0,0,1,2,0,0,1,,0,2026-05-11 23:00:14.73817,2026-05-11 23:00:14.73817,-7,11
8886,428,479,0,0,0,0,0,0,2,0,0,4,0,0,1,,2,2026-05-11 23:00:14.73817,2026-05-11 23:00:14.73817,-1,11
8887,428,485,4,0,4,1,0,0,1,0,1,5,2,2,0,,2,2026-05-11 23:00:14.73817,2026-05-11 23:00:14.73817,-5,11
8888,428,476,16,7,3,3,0,2,2,2,7,7,1,0,1,,4,2026-05-11 23:00:14.73817,2026-05-11 23:00:14.73817,-6,11
8889,429,41,12,6,1,1,0,2,6,4,4,6,0,0,0,,2,2026-05-11 23:00:40.646718,2026-05-11 23:00:40.646718,14,2
8890,429,48,25,11,0,2,0,7,7,1,9,17,6,6,1,,1,2026-05-11 23:00:40.646718,2026-05-11 23:00:40.646718,20,2
8891,429,44,13,2,0,0,1,1,0,0,5,5,4,3,0,,5,2026-05-11 23:00:40.646718,2026-05-11 23:00:40.646718,12,2
8892,429,37,26,3,1,2,0,3,2,2,11,21,2,2,2,,3,2026-05-11 23:00:40.646718,2026-05-11 23:00:40.646718,23,2
8893,429,51,10,2,1,1,0,6,7,2,4,10,1,0,1,,1,2026-05-11 23:00:40.646718,2026-05-11 23:00:40.646718,24,2
8894,429,208,3,6,0,0,0,3,2,1,1,3,0,0,2,,4,2026-05-11 23:00:40.646718,2026-05-11 23:00:40.646718,13,2
8895,429,43,12,3,0,1,0,6,9,2,4,12,3,2,2,,2,2026-05-11 23:00:40.646718,2026-05-11 23:00:40.646718,21,2
8896,429,50,5,2,0,0,0,2,3,1,2,5,2,0,0,,0,2026-05-11 23:00:40.646718,2026-05-11 23:00:40.646718,14,2
8897,429,38,7,0,2,0,0,1,4,1,1,4,4,4,0,,2,2026-05-11 23:00:40.646718,2026-05-11 23:00:40.646718,5,2
8898,429,45,5,2,0,0,1,0,3,1,2,5,0,0,0,,1,2026-05-11 23:00:40.646718,2026-05-11 23:00:40.646718,8,2
8899,429,40,5,0,0,0,0,0,1,1,2,2,0,0,0,,0,2026-05-11 23:00:40.646718,2026-05-11 23:00:40.646718,3,2
8900,429,39,0,1,0,0,1,0,0,0,0,0,0,0,0,,0,2026-05-11 23:00:40.646718,2026-05-11 23:00:40.646718,3,2
8901,429,84,10,6,1,0,0,2,5,0,5,14,1,0,1,,2,2026-05-11 23:00:40.646718,2026-05-11 23:00:40.646718,-21,23
8902,429,78,17,4,0,0,0,1,2,1,4,8,9,8,2,,1,2026-05-11 23:00:40.646718,2026-05-11 23:00:40.646718,-10,23
8903,429,72,3,1,2,0,0,0,0,0,1,3,2,1,1,,3,2026-05-11 23:00:40.646718,2026-05-11 23:00:40.646718,0,23
8904,429,75,13,0,3,2,0,3,5,0,6,16,1,1,2,,2,2026-05-11 23:00:40.646718,2026-05-11 23:00:40.646718,-26,23
8905,429,82,21,1,0,0,0,8,4,1,8,20,5,4,3,,4,2026-05-11 23:00:40.646718,2026-05-11 23:00:40.646718,-29,23
8906,429,74,2,5,0,1,1,2,1,0,1,2,0,0,3,,3,2026-05-11 23:00:40.646718,2026-05-11 23:00:40.646718,-19,23
8907,429,80,7,4,0,0,0,2,2,1,3,6,0,0,2,,2,2026-05-11 23:00:40.646718,2026-05-11 23:00:40.646718,-13,23
8908,429,70,4,1,2,0,0,0,0,0,1,6,2,2,0,,1,2026-05-11 23:00:40.646718,2026-05-11 23:00:40.646718,-15,23
8909,429,76,7,3,3,0,0,0,3,1,3,9,1,0,0,,2,2026-05-11 23:00:40.646718,2026-05-11 23:00:40.646718,-21,23
8910,429,86,6,1,0,0,0,0,0,0,3,4,0,0,0,,0,2026-05-11 23:00:40.646718,2026-05-11 23:00:40.646718,-1,23
8911,429,207,1,2,0,0,0,2,1,0,0,2,2,1,0,,0,2026-05-11 23:00:40.646718,2026-05-11 23:00:40.646718,-2,23
8912,429,85,0,1,0,0,0,0,0,0,0,0,0,0,0,,0,2026-05-11 23:00:40.646718,2026-05-11 23:00:40.646718,-3,23
8913,430,152,22,5,2,1,1,6,5,2,9,15,2,2,1,,1,2026-05-11 23:00:57.982871,2026-05-11 23:00:57.982871,22,21
8914,430,145,16,5,2,2,2,0,6,2,5,10,4,4,1,,1,2026-05-11 23:00:57.982871,2026-05-11 23:00:57.982871,12,21
8915,430,144,8,4,4,0,2,2,0,0,4,4,0,0,1,,4,2026-05-11 23:00:57.982871,2026-05-11 23:00:57.982871,7,21
8916,430,142,8,2,0,1,0,2,6,2,3,8,0,0,0,,2,2026-05-11 23:00:57.982871,2026-05-11 23:00:57.982871,8,21
8917,430,143,25,3,1,0,2,7,4,0,5,18,17,15,0,,2,2026-05-11 23:00:57.982871,2026-05-11 23:00:57.982871,24,21
8918,430,140,2,3,2,0,0,1,1,0,1,3,0,0,0,,2,2026-05-11 23:00:57.982871,2026-05-11 23:00:57.982871,14,21
8919,430,147,9,2,3,2,0,2,4,3,3,7,0,0,0,,1,2026-05-11 23:00:57.982871,2026-05-11 23:00:57.982871,22,21
8920,430,153,5,4,0,4,0,2,4,1,2,5,0,0,2,,1,2026-05-11 23:00:57.982871,2026-05-11 23:00:57.982871,24,21
8921,430,150,6,2,2,2,0,2,2,0,3,5,0,0,0,,4,2026-05-11 23:00:57.982871,2026-05-11 23:00:57.982871,23,21
8922,430,146,9,2,0,1,0,1,8,3,3,8,0,0,0,,2,2026-05-11 23:00:57.982871,2026-05-11 23:00:57.982871,12,21
8923,430,83,5,0,0,0,0,0,3,1,2,5,0,0,0,,2,2026-05-11 23:00:57.982871,2026-05-11 23:00:57.982871,6,21
8924,430,151,2,1,1,0,0,1,1,0,1,2,0,0,1,,0,2026-05-11 23:00:57.982871,2026-05-11 23:00:57.982871,1,21
8925,430,154,2,2,2,0,0,1,2,0,1,3,0,0,0,,0,2026-05-11 23:00:57.982871,2026-05-11 23:00:57.982871,1,21
8926,430,149,0,0,0,0,0,1,0,0,0,0,0,0,0,,0,2026-05-11 23:00:57.982871,2026-05-11 23:00:57.982871,-1,21
8927,430,336,18,7,0,0,0,2,10,3,6,22,3,3,2,,4,2026-05-11 23:00:57.982871,2026-05-11 23:00:57.982871,-18,24
8928,430,340,2,0,0,0,0,0,3,0,1,4,0,0,0,,2,2026-05-11 23:00:57.982871,2026-05-11 23:00:57.982871,0,24
8929,430,343,0,2,7,0,0,3,0,0,0,3,0,0,1,,3,2026-05-11 23:00:57.982871,2026-05-11 23:00:57.982871,-19,24
8930,430,341,17,5,0,1,1,1,7,2,6,16,4,3,3,,1,2026-05-11 23:00:57.982871,2026-05-11 23:00:57.982871,-19,24
8931,430,333,23,2,4,0,0,2,5,2,8,17,7,5,3,,4,2026-05-11 23:00:57.982871,2026-05-11 23:00:57.982871,-25,24
8932,430,339,8,2,0,1,0,2,4,2,3,6,0,0,2,,1,2026-05-11 23:00:57.982871,2026-05-11 23:00:57.982871,-35,24
8933,430,22,0,1,1,0,0,1,2,0,0,2,0,0,1,,0,2026-05-11 23:00:57.982871,2026-05-11 23:00:57.982871,-11,24
8934,430,337,0,5,0,0,0,1,3,0,0,3,0,0,3,,1,2026-05-11 23:00:57.982871,2026-05-11 23:00:57.982871,-14,24
8935,430,346,4,3,0,0,1,3,2,1,1,2,2,1,0,,2,2026-05-11 23:00:57.982871,2026-05-11 23:00:57.982871,-23,24
8936,430,345,0,2,1,0,0,0,0,0,0,2,0,0,1,,0,2026-05-11 23:00:57.982871,2026-05-11 23:00:57.982871,-10,24
8937,430,334,3,2,1,1,0,1,0,0,1,3,2,1,0,,0,2026-05-11 23:00:57.982871,2026-05-11 23:00:57.982871,-1,24
8938,430,338,9,0,0,0,0,0,3,3,3,3,0,0,0,,0,2026-05-11 23:00:57.982871,2026-05-11 23:00:57.982871,-1,24
8939,430,268,0,0,0,0,0,0,0,0,0,0,0,0,1,,0,2026-05-11 23:00:57.982871,2026-05-11 23:00:57.982871,1,24
8940,431,245,8,4,3,3,0,1,0,0,3,7,2,2,2,,1,2026-05-11 23:01:14.127372,2026-05-11 23:01:14.127372,-5,9
8941,431,231,17,5,1,1,2,3,7,1,5,15,7,6,3,,3,2026-05-11 23:01:14.127372,2026-05-11 23:01:14.127372,-15,9
8942,431,229,8,6,1,0,1,1,0,0,3,4,4,2,3,,3,2026-05-11 23:01:14.127372,2026-05-11 23:01:14.127372,-21,9
8943,431,241,9,0,0,0,0,4,6,3,3,8,0,0,1,,3,2026-05-11 23:01:14.127372,2026-05-11 23:01:14.127372,-14,9
8944,431,228,39,5,0,0,0,4,8,3,13,27,11,10,3,,0,2026-05-11 23:01:14.127372,2026-05-11 23:01:14.127372,-1,9
8945,431,199,3,2,0,1,0,1,2,1,1,3,0,0,0,,1,2026-05-11 23:01:14.127372,2026-05-11 23:01:14.127372,7,9
8946,431,244,3,4,0,1,1,0,1,0,0,2,4,3,0,,3,2026-05-11 23:01:14.127372,2026-05-11 23:01:14.127372,6,9
8947,431,238,3,3,0,0,1,1,1,1,1,1,0,0,0,,1,2026-05-11 23:01:14.127372,2026-05-11 23:01:14.127372,1,9
8948,431,232,2,2,0,1,0,1,0,0,1,2,0,0,2,,1,2026-05-11 23:01:14.127372,2026-05-11 23:01:14.127372,-6,9
8949,431,234,6,1,1,0,1,2,6,1,1,7,6,3,0,,0,2026-05-11 23:01:14.127372,2026-05-11 23:01:14.127372,-11,9
8950,431,230,3,1,0,2,0,1,1,0,0,1,4,3,0,,1,2026-05-11 23:01:14.127372,2026-05-11 23:01:14.127372,4,9
8951,431,419,23,8,1,1,0,4,4,2,8,15,7,5,3,,1,2026-05-11 23:01:14.127372,2026-05-11 23:01:14.127372,10,22
8952,431,434,19,5,0,2,0,4,2,1,7,13,5,4,3,,2,2026-05-11 23:01:14.127372,2026-05-11 23:01:14.127372,9,22
8953,431,424,17,6,1,2,1,5,2,1,8,9,0,0,0,,1,2026-05-11 23:01:14.127372,2026-05-11 23:01:14.127372,20,22
8954,431,420,17,4,2,2,0,5,8,1,7,20,2,2,2,,5,2026-05-11 23:01:14.127372,2026-05-11 23:01:14.127372,17,22
8955,431,433,16,3,1,3,1,4,10,3,6,16,1,1,1,,6,2026-05-11 23:01:14.127372,2026-05-11 23:01:14.127372,11,22
8956,431,422,7,2,1,1,2,3,4,1,3,7,2,0,0,,4,2026-05-11 23:01:14.127372,2026-05-11 23:01:14.127372,-3,22
8957,431,426,7,2,2,0,0,0,3,1,3,6,0,0,1,,2,2026-05-11 23:01:14.127372,2026-05-11 23:01:14.127372,6,22
8958,431,421,4,3,3,0,2,1,0,0,1,2,2,2,0,,1,2026-05-11 23:01:14.127372,2026-05-11 23:01:14.127372,-9,22
8959,431,423,2,1,0,0,0,0,1,0,1,2,0,0,2,,2,2026-05-11 23:01:14.127372,2026-05-11 23:01:14.127372,-6,22
8960,432,540,15,3,0,0,2,2,9,4,5,13,2,1,1,,2,2026-05-11 23:01:32.150169,2026-05-11 23:01:32.150169,8,27
8961,432,529,6,4,1,3,1,2,3,2,2,3,0,0,1,,2,2026-05-11 23:01:32.150169,2026-05-11 23:01:32.150169,13,27
8962,432,542,35,5,0,0,2,1,6,5,13,21,5,4,4,,2,2026-05-11 23:01:32.150169,2026-05-11 23:01:32.150169,4,27
8963,432,530,17,3,2,1,0,8,5,2,7,15,2,1,0,,3,2026-05-11 23:01:32.150169,2026-05-11 23:01:32.150169,12,27
8964,432,528,17,6,1,0,0,7,5,1,4,13,8,8,3,,3,2026-05-11 23:01:32.150169,2026-05-11 23:01:32.150169,-2,27
8965,432,533,3,4,3,1,0,1,2,1,1,4,0,0,2,,2,2026-05-11 23:01:32.150169,2026-05-11 23:01:32.150169,2,27
8966,432,531,6,3,1,0,0,2,2,0,3,7,0,0,2,,2,2026-05-11 23:01:32.150169,2026-05-11 23:01:32.150169,18,27
8967,432,535,10,4,2,1,0,1,0,0,5,6,0,0,0,,0,2026-05-11 23:01:32.150169,2026-05-11 23:01:32.150169,9,27
8968,432,525,2,0,1,0,0,0,1,0,0,2,2,2,0,,0,2026-05-11 23:01:32.150169,2026-05-11 23:01:32.150169,0,27
8969,432,527,0,2,0,0,0,0,0,0,0,0,0,0,0,,3,2026-05-11 23:01:32.150169,2026-05-11 23:01:32.150169,1,27
8970,432,526,0,0,0,0,0,0,0,0,0,0,0,0,0,,0,2026-05-11 23:01:32.150169,2026-05-11 23:01:32.150169,0,27
8971,432,537,0,0,0,0,0,0,0,0,0,0,0,0,0,,0,2026-05-11 23:01:32.150169,2026-05-11 23:01:32.150169,0,27
8972,432,541,0,0,0,0,0,0,0,0,0,0,0,0,0,,0,2026-05-11 23:01:32.150169,2026-05-11 23:01:32.150169,0,27
8973,432,156,30,9,1,1,1,5,5,2,12,21,6,4,2,,2,2026-05-11 23:01:32.150169,2026-05-11 23:01:32.150169,-12,25
8974,432,157,8,1,1,2,1,1,5,2,2,7,2,2,2,,2,2026-05-11 23:01:32.150169,2026-05-11 23:01:32.150169,-15,25
8975,432,159,4,6,1,0,0,1,3,0,2,7,0,0,0,,3,2026-05-11 23:01:32.150169,2026-05-11 23:01:32.150169,-10,25
8976,432,163,18,3,0,1,0,3,4,2,7,11,2,2,3,,4,2026-05-11 23:01:32.150169,2026-05-11 23:01:32.150169,-3,25
8977,432,164,9,2,2,1,0,11,7,1,4,15,0,0,1,,3,2026-05-11 23:01:32.150169,2026-05-11 23:01:32.150169,-7,25
8978,432,171,3,4,0,1,0,1,3,1,1,3,0,0,0,,1,2026-05-11 23:01:32.150169,2026-05-11 23:01:32.150169,-4,25
8979,432,173,11,3,3,0,0,4,3,1,5,7,0,0,0,,0,2026-05-11 23:01:32.150169,2026-05-11 23:01:32.150169,3,25
8980,432,161,5,0,0,2,0,0,3,1,2,6,0,0,2,,1,2026-05-11 23:01:32.150169,2026-05-11 23:01:32.150169,-25,25
8981,432,170,10,1,0,1,0,2,4,0,4,13,2,2,0,,1,2026-05-11 23:01:32.150169,2026-05-11 23:01:32.150169,9,25
8982,432,167,0,0,0,0,0,0,0,0,0,0,0,0,0,,0,2026-05-11 23:01:32.150169,2026-05-11 23:01:32.150169,-1,25
8983,432,172,0,0,0,0,0,0,0,0,0,0,0,0,0,,0,2026-05-11 23:01:32.150169,2026-05-11 23:01:32.150169,0,25
8984,432,162,0,0,0,0,0,0,0,0,0,0,0,0,0,,0,2026-05-11 23:01:32.150169,2026-05-11 23:01:32.150169,0,25
8985,432,158,0,1,0,0,0,0,1,0,0,1,0,0,0,,0,2026-05-11 23:01:32.150169,2026-05-11 23:01:32.150169,0,25
8986,432,377,0,0,0,0,0,0,0,0,0,0,0,0,0,,0,2026-05-11 23:01:32.150169,2026-05-11 23:01:32.150169,0,25
8987,433,227,3,3,2,2,0,1,3,1,1,3,0,0,1,,2,2026-05-11 23:13:50.731465,2026-05-11 23:13:50.731465,14,6
8988,433,219,25,6,2,0,1,2,2,1,11,13,3,2,1,,3,2026-05-11 23:13:50.731465,2026-05-11 23:13:50.731465,3,6
8989,433,211,10,3,0,2,3,1,0,0,4,6,4,2,0,,1,2026-05-11 23:13:50.731465,2026-05-11 23:13:50.731465,18,6
8990,433,218,30,4,3,1,0,5,10,4,13,23,1,0,1,,3,2026-05-11 23:13:50.731465,2026-05-11 23:13:50.731465,11,6
8991,433,306,28,5,0,5,1,4,8,3,9,14,10,7,5,,2,2026-05-11 23:13:50.731465,2026-05-11 23:13:50.731465,14,6
8992,433,217,5,1,0,1,0,1,5,1,2,6,1,0,1,,2,2026-05-11 23:13:50.731465,2026-05-11 23:13:50.731465,1,6
8993,433,223,6,3,0,0,0,3,4,2,2,5,0,0,1,,2,2026-05-11 23:13:50.731465,2026-05-11 23:13:50.731465,-3,6
8994,433,364,5,1,0,0,0,4,2,0,1,5,3,3,0,,0,2026-05-11 23:13:50.731465,2026-05-11 23:13:50.731465,-3,6
8995,433,226,3,1,1,0,0,1,2,1,1,4,0,0,1,,3,2026-05-11 23:13:50.731465,2026-05-11 23:13:50.731465,-2,6
8996,433,354,0,0,0,2,0,0,4,0,0,4,0,0,1,,2,2026-05-11 23:13:50.731465,2026-05-11 23:13:50.731465,-3,6
8997,433,93,7,4,0,1,0,3,3,1,3,15,0,0,5,,2,2026-05-11 23:13:50.731465,2026-05-11 23:13:50.731465,-15,28
8998,433,88,26,3,1,2,1,5,4,1,11,19,4,3,4,,4,2026-05-11 23:13:50.731465,2026-05-11 23:13:50.731465,-17,28
8999,433,99,2,2,2,0,0,1,0,0,1,2,0,0,2,,1,2026-05-11 23:13:50.731465,2026-05-11 23:13:50.731465,-7,28
9000,433,89,22,5,4,0,0,5,1,0,10,13,2,2,4,,5,2026-05-11 23:13:50.731465,2026-05-11 23:13:50.731465,-9,28
9001,433,101,3,3,0,2,1,4,5,1,1,5,0,0,3,,5,2026-05-11 23:13:50.731465,2026-05-11 23:13:50.731465,1,28
9002,433,103,14,1,0,1,0,1,7,3,5,9,1,1,1,,2,2026-05-11 23:13:50.731465,2026-05-11 23:13:50.731465,-6,28
9003,433,95,12,7,3,1,0,2,3,1,5,8,2,1,2,,3,2026-05-11 23:13:50.731465,2026-05-11 23:13:50.731465,7,28
9004,433,98,17,5,2,1,1,1,2,0,6,10,6,5,1,,2,2026-05-11 23:13:50.731465,2026-05-11 23:13:50.731465,-6,28
9005,433,94,2,0,0,0,0,1,1,0,0,2,2,2,0,,0,2026-05-11 23:13:50.731465,2026-05-11 23:13:50.731465,2,28
9006,434,53,14,8,0,2,1,2,4,2,4,9,8,4,1,,3,2026-05-11 23:14:15.431678,2026-05-11 23:14:15.431678,-1,20
9007,434,59,15,12,1,1,0,6,5,1,5,11,6,4,1,,2,2026-05-11 23:14:15.431678,2026-05-11 23:14:15.431678,8,20
9008,434,67,18,5,3,0,2,2,5,2,8,12,0,0,3,,4,2026-05-11 23:14:15.431678,2026-05-11 23:14:15.431678,5,20
9009,434,54,10,1,0,1,0,2,6,2,3,10,2,2,0,,3,2026-05-11 23:14:15.431678,2026-05-11 23:14:15.431678,0,20
9010,434,55,29,2,0,0,0,7,10,4,10,26,7,5,3,,4,2026-05-11 23:14:15.431678,2026-05-11 23:14:15.431678,3,20
9011,434,65,13,3,4,1,1,0,0,0,6,6,2,1,1,,2,2026-05-11 23:14:15.431678,2026-05-11 23:14:15.431678,-10,20
9012,434,63,0,0,1,0,0,0,1,0,0,3,0,0,2,,0,2026-05-11 23:14:15.431678,2026-05-11 23:14:15.431678,-4,20
9013,434,66,0,0,0,0,0,0,1,0,0,1,0,0,2,,1,2026-05-11 23:14:15.431678,2026-05-11 23:14:15.431678,-6,20
9014,434,56,7,0,5,0,0,0,1,0,3,6,2,1,0,,1,2026-05-11 23:14:15.431678,2026-05-11 23:14:15.431678,-5,20
9015,434,508,0,2,0,0,0,3,1,0,0,3,0,0,1,,1,2026-05-11 23:14:15.431678,2026-05-11 23:14:15.431678,5,20
9016,434,368,6,3,1,2,1,2,1,0,2,5,2,2,0,,4,2026-05-11 23:14:15.431678,2026-05-11 23:14:15.431678,-15,1
9017,434,374,17,7,1,1,0,3,3,0,6,12,5,5,3,,4,2026-05-11 23:14:15.431678,2026-05-11 23:14:15.431678,-10,1
9018,434,380,15,7,1,0,0,1,3,2,6,9,2,1,1,,4,2026-05-11 23:14:15.431678,2026-05-11 23:14:15.431678,-1,1
9019,434,367,9,4,1,0,3,6,5,2,3,12,1,1,2,,1,2026-05-11 23:14:15.431678,2026-05-11 23:14:15.431678,0,1
9020,434,378,32,3,0,2,1,6,10,3,12,22,7,5,2,,2,2026-05-11 23:14:15.431678,2026-05-11 23:14:15.431678,9,1
9021,434,372,0,0,0,0,0,0,1,0,0,2,0,0,0,,1,2026-05-11 23:14:15.431678,2026-05-11 23:14:15.431678,-3,1
9022,434,289,19,3,1,2,1,1,4,1,7,12,6,4,1,,4,2026-05-11 23:14:15.431678,2026-05-11 23:14:15.431678,10,1
9023,434,331,3,0,1,0,0,1,2,1,1,2,0,0,0,,2,2026-05-11 23:14:15.431678,2026-05-11 23:14:15.431678,-2,1
9024,434,246,2,1,0,1,1,1,0,0,1,2,0,0,1,,1,2026-05-11 23:14:15.431678,2026-05-11 23:14:15.431678,7,1
9025,434,376,4,2,0,1,0,1,1,0,2,3,0,0,1,,3,2026-05-11 23:14:15.431678,2026-05-11 23:14:15.431678,10,1
9026,435,110,13,1,0,1,0,2,6,1,5,10,2,2,0,,5,2026-05-11 23:14:39.65255,2026-05-11 23:14:39.65255,-10,8
9027,435,107,8,7,0,0,0,4,4,1,3,9,2,1,0,,4,2026-05-11 23:14:39.65255,2026-05-11 23:14:39.65255,-1,8
9028,435,111,24,15,0,0,1,8,7,1,8,20,7,7,3,,3,2026-05-11 23:14:39.65255,2026-05-11 23:14:39.65255,1,8
9029,435,105,16,3,0,2,0,5,3,1,5,9,7,5,0,,1,2026-05-11 23:14:39.65255,2026-05-11 23:14:39.65255,4,8
9030,435,114,30,4,3,1,0,7,14,6,11,25,2,2,4,,0,2026-05-11 23:14:39.65255,2026-05-11 23:14:39.65255,-4,8
9031,435,108,16,2,1,1,0,0,3,3,4,9,8,5,0,,3,2026-05-11 23:14:39.65255,2026-05-11 23:14:39.65255,4,8
9032,435,113,0,2,0,0,0,0,0,0,0,0,0,0,1,,3,2026-05-11 23:14:39.65255,2026-05-11 23:14:39.65255,-4,8
9033,435,106,7,3,0,0,0,2,4,2,2,4,2,1,1,,3,2026-05-11 23:14:39.65255,2026-05-11 23:14:39.65255,-11,8
9034,435,119,0,1,1,0,0,0,0,0,0,0,0,0,0,,2,2026-05-11 23:14:39.65255,2026-05-11 23:14:39.65255,-4,8
9035,435,132,14,1,1,0,0,3,3,0,7,15,1,0,3,,5,2026-05-11 23:14:39.65255,2026-05-11 23:14:39.65255,6,18
9036,435,134,24,9,0,0,0,6,4,2,7,14,10,8,1,,4,2026-05-11 23:14:39.65255,2026-05-11 23:14:39.65255,6,18
9037,435,128,2,4,3,2,0,1,0,0,1,4,2,0,2,,5,2026-05-11 23:14:39.65255,2026-05-11 23:14:39.65255,-4,18
9038,435,126,30,9,1,1,2,2,11,3,10,25,9,7,2,,2,2026-05-11 23:14:39.65255,2026-05-11 23:14:39.65255,0,18
9039,435,124,16,7,0,1,0,6,7,4,6,9,2,0,2,,3,2026-05-11 23:14:39.65255,2026-05-11 23:14:39.65255,20,18
9040,435,135,11,7,2,0,0,1,3,1,4,9,4,2,0,,2,2026-05-11 23:14:39.65255,2026-05-11 23:14:39.65255,-4,18
9041,435,195,9,2,2,0,0,5,2,1,4,8,0,0,1,,3,2026-05-11 23:14:39.65255,2026-05-11 23:14:39.65255,-3,18
9042,435,129,13,0,0,1,0,2,4,3,4,5,2,2,1,,4,2026-05-11 23:14:39.65255,2026-05-11 23:14:39.65255,0,18
9043,435,174,0,1,0,1,0,2,0,0,0,1,0,0,0,,1,2026-05-11 23:14:39.65255,2026-05-11 23:14:39.65255,3,18
9044,435,123,0,0,0,0,0,2,0,0,0,0,0,0,0,,1,2026-05-11 23:14:39.65255,2026-05-11 23:14:39.65255,1,18
9045,436,41,6,2,2,0,1,1,8,2,2,8,0,0,0,,0,2026-05-12 00:01:51.292598,2026-05-12 00:01:51.292598,-2,2
9046,436,48,19,11,3,1,0,9,8,2,8,19,2,1,3,,5,2026-05-12 00:01:51.292598,2026-05-12 00:01:51.292598,1,2
9047,436,44,8,5,1,0,0,0,0,0,3,4,2,2,1,,3,2026-05-12 00:01:51.292598,2026-05-12 00:01:51.292598,-4,2
9048,436,37,36,4,3,1,1,4,12,5,11,24,12,9,3,,4,2026-05-12 00:01:51.292598,2026-05-12 00:01:51.292598,-9,2
9049,436,51,8,2,0,0,2,3,10,2,3,12,0,0,3,,2,2026-05-12 00:01:51.292598,2026-05-12 00:01:51.292598,-8,2
9050,436,208,9,4,1,0,0,1,4,1,3,7,2,2,0,,2,2026-05-12 00:01:51.292598,2026-05-12 00:01:51.292598,-7,2
9051,436,43,4,1,4,0,0,5,4,0,2,8,0,0,1,,0,2026-05-12 00:01:51.292598,2026-05-12 00:01:51.292598,-15,2
9052,436,50,0,2,1,0,0,0,0,0,0,1,0,0,0,,1,2026-05-12 00:01:51.292598,2026-05-12 00:01:51.292598,-15,2
9053,436,45,5,0,1,1,0,0,1,1,2,2,0,0,0,,0,2026-05-12 00:01:51.292598,2026-05-12 00:01:51.292598,-8,2
9054,436,40,0,0,0,0,0,1,1,0,0,1,0,0,0,,0,2026-05-12 00:01:51.292598,2026-05-12 00:01:51.292598,-1,2
9055,436,38,2,1,2,0,0,0,1,0,1,2,0,0,0,,0,2026-05-12 00:01:51.292598,2026-05-12 00:01:51.292598,-1,2
9056,436,46,0,0,0,0,0,0,1,0,0,1,0,0,0,,0,2026-05-12 00:01:51.292598,2026-05-12 00:01:51.292598,-1,2
9057,436,84,12,4,1,0,0,0,6,2,5,10,1,0,0,,4,2026-05-12 00:01:51.292598,2026-05-12 00:01:51.292598,10,23
9058,436,78,19,3,1,1,1,3,5,2,7,13,6,3,1,,3,2026-05-12 00:01:51.292598,2026-05-12 00:01:51.292598,0,23
9059,436,72,0,3,0,0,1,0,0,0,0,4,0,0,1,,2,2026-05-12 00:01:51.292598,2026-05-12 00:01:51.292598,0,23
9060,436,75,30,6,4,2,0,2,10,6,12,20,0,0,2,,0,2026-05-12 00:01:51.292598,2026-05-12 00:01:51.292598,17,23
9061,436,82,29,3,1,2,0,9,12,5,11,28,2,2,1,,2,2026-05-12 00:01:51.292598,2026-05-12 00:01:51.292598,6,23
9062,436,74,10,5,3,1,0,2,1,1,4,4,2,1,1,,2,2026-05-12 00:01:51.292598,2026-05-12 00:01:51.292598,12,23
9063,436,80,6,3,0,0,1,1,3,2,2,6,0,0,1,,1,2026-05-12 00:01:51.292598,2026-05-12 00:01:51.292598,7,23
9064,436,76,5,3,1,0,1,1,2,1,2,5,0,0,0,,1,2026-05-12 00:01:51.292598,2026-05-12 00:01:51.292598,8,23
9065,436,70,0,0,1,0,0,0,0,0,0,0,0,0,0,,2,2026-05-12 00:01:51.292598,2026-05-12 00:01:51.292598,10,23
9066,437,540,16,11,1,3,1,2,5,0,6,16,5,4,1,,0,2026-05-12 00:02:09.908356,2026-05-12 00:02:09.908356,-1,27
9067,437,529,9,4,0,1,2,0,3,2,3,4,2,1,1,,5,2026-05-12 00:02:09.908356,2026-05-12 00:02:09.908356,-14,27
9068,437,542,5,2,2,0,1,1,1,0,1,3,4,3,2,,1,2026-05-12 00:02:09.908356,2026-05-12 00:02:09.908356,-7,27
9069,437,530,17,1,1,2,0,4,3,1,6,16,5,4,3,,4,2026-05-12 00:02:09.908356,2026-05-12 00:02:09.908356,-14,27
9070,437,528,18,5,2,2,1,5,6,2,7,20,5,2,3,,2,2026-05-12 00:02:09.908356,2026-05-12 00:02:09.908356,-1,27
9071,437,533,7,4,0,2,0,1,3,1,3,7,0,0,1,,3,2026-05-12 00:02:09.908356,2026-05-12 00:02:09.908356,7,27
9072,437,531,10,0,0,1,0,2,0,0,4,7,2,2,3,,2,2026-05-12 00:02:09.908356,2026-05-12 00:02:09.908356,4,27
9073,437,535,10,4,5,2,0,2,0,0,4,5,3,2,1,,2,2026-05-12 00:02:09.908356,2026-05-12 00:02:09.908356,11,27
9074,437,525,4,1,0,0,0,0,1,0,1,3,2,2,0,,0,2026-05-12 00:02:09.908356,2026-05-12 00:02:09.908356,13,27
9075,437,527,7,1,1,0,0,2,2,1,3,5,0,0,1,,2,2026-05-12 00:02:09.908356,2026-05-12 00:02:09.908356,-13,27
9076,437,156,14,4,0,0,1,3,2,1,5,13,5,3,4,,5,2026-05-12 00:02:09.908356,2026-05-12 00:02:09.908356,-1,25
9077,437,157,10,7,2,3,1,1,5,2,3,7,2,2,0,,1,2026-05-12 00:02:09.908356,2026-05-12 00:02:09.908356,17,25
9078,437,159,9,5,5,1,2,2,6,1,4,12,0,0,1,,3,2026-05-12 00:02:09.908356,2026-05-12 00:02:09.908356,-14,25
9079,437,163,31,0,1,1,1,0,9,5,11,17,6,4,2,,3,2026-05-12 00:02:09.908356,2026-05-12 00:02:09.908356,9,25
9080,437,164,16,2,3,1,2,9,6,2,6,17,2,2,5,,3,2026-05-12 00:02:09.908356,2026-05-12 00:02:09.908356,12,25
9081,437,161,5,1,0,1,0,0,2,0,1,8,3,3,0,,2,2026-05-12 00:02:09.908356,2026-05-12 00:02:09.908356,2,25
9082,437,171,0,1,0,0,1,1,2,0,0,3,0,0,0,,1,2026-05-12 00:02:09.908356,2026-05-12 00:02:09.908356,-22,25
9083,437,173,11,6,3,1,2,4,2,1,5,6,1,0,0,,2,2026-05-12 00:02:09.908356,2026-05-12 00:02:09.908356,13,25
9084,437,167,1,1,1,0,0,0,1,0,0,1,2,1,3,,1,2026-05-12 00:02:09.908356,2026-05-12 00:02:09.908356,0,25
9085,437,170,9,1,0,0,1,0,3,1,3,5,2,2,0,,2,2026-05-12 00:02:09.908356,2026-05-12 00:02:09.908356,-1,25
9086,438,320,28,7,1,1,0,7,5,2,8,20,14,10,3,,3,2026-05-12 00:02:27.074737,2026-05-12 00:02:27.074737,6,14
9087,438,317,13,4,1,0,0,2,6,3,5,10,0,0,0,,3,2026-05-12 00:02:27.074737,2026-05-12 00:02:27.074737,0,14
9088,438,315,6,4,1,0,1,1,0,0,3,8,0,0,1,,1,2026-05-12 00:02:27.074737,2026-05-12 00:02:27.074737,-5,14
9089,438,326,25,1,1,5,1,7,7,5,8,13,5,4,3,,3,2026-05-12 00:02:27.074737,2026-05-12 00:02:27.074737,3,14
9090,438,375,23,5,1,3,0,2,6,3,8,13,4,4,2,,1,2026-05-12 00:02:27.074737,2026-05-12 00:02:27.074737,2,14
9091,438,323,0,1,1,0,1,0,1,0,0,2,0,0,2,,5,2026-05-12 00:02:27.074737,2026-05-12 00:02:27.074737,8,14
9092,438,318,6,2,2,1,2,1,1,0,1,2,5,4,0,,2,2026-05-12 00:02:27.074737,2026-05-12 00:02:27.074737,12,14
9093,438,330,0,4,1,1,0,1,2,0,0,3,0,0,0,,2,2026-05-12 00:02:27.074737,2026-05-12 00:02:27.074737,8,14
9094,438,319,0,0,0,0,0,0,0,0,0,1,0,0,1,,0,2026-05-12 00:02:27.074737,2026-05-12 00:02:27.074737,1,14
9095,438,475,23,4,2,1,1,4,4,1,7,12,9,8,9,,4,2026-05-12 00:02:27.074737,2026-05-12 00:02:27.074737,-2,11
9096,438,484,18,5,1,0,1,1,7,3,7,16,2,1,1,,2,2026-05-12 00:02:27.074737,2026-05-12 00:02:27.074737,-11,11
9097,438,482,20,6,5,4,2,5,1,0,9,20,3,2,1,,4,2026-05-12 00:02:27.074737,2026-05-12 00:02:27.074737,1,11
9098,438,486,16,4,1,1,0,9,1,0,6,10,5,4,3,,4,2026-05-12 00:02:27.074737,2026-05-12 00:02:27.074737,1,11
9099,438,481,7,1,1,0,0,0,3,1,3,6,0,0,0,,3,2026-05-12 00:02:27.074737,2026-05-12 00:02:27.074737,-4,11
9100,438,476,10,3,5,0,1,1,6,2,4,14,0,0,1,,2,2026-05-12 00:02:27.074737,2026-05-12 00:02:27.074737,-4,11
9101,438,472,0,1,1,0,1,0,0,0,0,3,0,0,0,,0,2026-05-12 00:02:27.074737,2026-05-12 00:02:27.074737,-9,11
9102,438,483,0,0,0,1,0,3,3,0,0,4,0,0,0,,0,2026-05-12 00:02:27.074737,2026-05-12 00:02:27.074737,1,11
9103,438,479,0,1,0,1,0,0,3,0,0,3,0,0,0,,0,2026-05-12 00:02:27.074737,2026-05-12 00:02:27.074737,-4,11
9104,438,485,0,0,1,0,0,0,1,0,0,1,0,0,0,,3,2026-05-12 00:02:27.074737,2026-05-12 00:02:27.074737,-4,11
9105,439,245,11,5,3,2,1,1,0,0,5,9,2,1,2,,3,2026-05-12 00:02:55.073462,2026-05-12 00:02:55.073462,24,9
9106,439,231,16,7,4,2,2,1,3,0,7,17,2,2,1,,1,2026-05-12 00:02:55.073462,2026-05-12 00:02:55.073462,14,9
9107,439,229,11,5,4,1,0,4,0,0,4,10,5,3,3,,1,2026-05-12 00:02:55.073462,2026-05-12 00:02:55.073462,21,9
9108,439,241,10,4,2,2,1,3,8,3,3,9,2,1,2,,4,2026-05-12 00:02:55.073462,2026-05-12 00:02:55.073462,25,9
9109,439,228,27,6,0,1,1,11,6,1,11,19,8,4,7,,2,2026-05-12 00:02:55.073462,2026-05-12 00:02:55.073462,16,9
9110,439,199,3,1,0,0,0,0,2,1,1,2,0,0,2,,0,2026-05-12 00:02:55.073462,2026-05-12 00:02:55.073462,-4,9
9111,439,238,4,1,0,0,0,0,2,0,2,6,0,0,0,,0,2026-05-12 00:02:55.073462,2026-05-12 00:02:55.073462,-7,9
9112,439,244,10,3,2,0,2,0,1,1,4,4,1,1,3,,5,2026-05-12 00:02:55.073462,2026-05-12 00:02:55.073462,-6,9
9113,439,230,2,4,1,1,3,0,1,0,0,1,2,2,1,,3,2026-05-12 00:02:55.073462,2026-05-12 00:02:55.073462,-2,9
9114,439,234,4,1,1,0,1,2,2,0,2,7,2,0,1,,2,2026-05-12 00:02:55.073462,2026-05-12 00:02:55.073462,-3,9
9115,439,232,0,3,0,0,0,0,1,0,0,1,0,0,0,,2,2026-05-12 00:02:55.073462,2026-05-12 00:02:55.073462,-3,9
9116,439,240,0,0,0,0,0,0,0,0,0,0,0,0,0,,0,2026-05-12 00:02:55.073462,2026-05-12 00:02:55.073462,0,9
9117,439,242,0,0,0,0,0,0,0,0,0,0,0,0,0,,0,2026-05-12 00:02:55.073462,2026-05-12 00:02:55.073462,0,9
9118,439,419,18,5,1,1,1,8,2,0,7,17,8,4,4,,3,2026-05-12 00:02:55.073462,2026-05-12 00:02:55.073462,-15,22
9119,439,434,12,5,2,4,0,1,2,0,4,11,4,4,2,,1,2026-05-12 00:02:55.073462,2026-05-12 00:02:55.073462,-22,22
9120,439,424,3,3,2,1,2,0,2,0,1,6,2,1,0,,6,2026-05-12 00:02:55.073462,2026-05-12 00:02:55.073462,-29,22
9121,439,420,12,1,3,2,1,2,7,2,2,11,7,6,3,,4,2026-05-12 00:02:55.073462,2026-05-12 00:02:55.073462,-22,22
9122,439,433,19,4,2,0,0,4,10,3,7,18,2,2,3,,3,2026-05-12 00:02:55.073462,2026-05-12 00:02:55.073462,-18,22
9123,439,422,5,3,0,3,0,1,1,0,1,6,4,3,1,,0,2026-05-12 00:02:55.073462,2026-05-12 00:02:55.073462,0,22
9124,439,426,3,2,1,1,0,0,2,1,1,3,0,0,1,,2,2026-05-12 00:02:55.073462,2026-05-12 00:02:55.073462,2,22
9125,439,421,3,3,2,2,2,0,0,0,0,0,4,3,2,,5,2026-05-12 00:02:55.073462,2026-05-12 00:02:55.073462,11,22
9126,439,423,2,1,0,1,0,0,1,0,1,2,1,0,1,,0,2026-05-12 00:02:55.073462,2026-05-12 00:02:55.073462,3,22
9127,439,431,6,0,0,0,0,0,2,2,2,2,0,0,0,,0,2026-05-12 00:02:55.073462,2026-05-12 00:02:55.073462,3,22
9128,439,193,0,0,0,1,0,1,1,0,0,1,0,0,0,,0,2026-05-12 00:02:55.073462,2026-05-12 00:02:55.073462,3,22
9129,439,427,0,0,0,0,0,0,2,0,0,2,0,0,0,,0,2026-05-12 00:02:55.073462,2026-05-12 00:02:55.073462,3,22
9130,439,435,0,1,0,0,0,0,0,0,0,1,0,0,0,,1,2026-05-12 00:02:55.073462,2026-05-12 00:02:55.073462,3,22
9131,439,430,0,1,0,0,0,0,0,0,0,0,0,0,0,,0,2026-05-12 00:02:55.073462,2026-05-12 00:02:55.073462,3,22
9132,440,152,19,1,0,1,0,4,3,2,7,11,5,3,1,,1,2026-05-12 00:03:15.99367,2026-05-12 00:03:15.99367,17,21
9133,440,145,19,7,1,0,4,0,6,3,7,12,3,2,3,,2,2026-05-12 00:03:15.99367,2026-05-12 00:03:15.99367,6,21
9134,440,144,9,4,6,1,1,2,0,0,3,6,4,3,1,,4,2026-05-12 00:03:15.99367,2026-05-12 00:03:15.99367,7,21
9135,440,142,9,1,0,1,0,0,7,3,3,7,0,0,0,,3,2026-05-12 00:03:15.99367,2026-05-12 00:03:15.99367,12,21
9136,440,143,37,4,1,1,0,9,5,2,13,25,9,9,3,,1,2026-05-12 00:03:15.99367,2026-05-12 00:03:15.99367,16,21
9137,440,140,7,2,0,3,0,1,4,1,3,7,0,0,0,,2,2026-05-12 00:03:15.99367,2026-05-12 00:03:15.99367,3,21
9138,440,147,14,2,3,2,0,5,5,1,5,12,4,3,1,,2,2026-05-12 00:03:15.99367,2026-05-12 00:03:15.99367,9,21
9139,440,153,0,1,0,1,1,1,1,0,0,2,0,0,0,,2,2026-05-12 00:03:15.99367,2026-05-12 00:03:15.99367,1,21
9140,440,150,0,5,1,3,0,2,2,0,0,2,0,0,0,,2,2026-05-12 00:03:15.99367,2026-05-12 00:03:15.99367,3,21
9141,440,146,6,1,0,1,0,0,7,2,2,7,0,0,1,,2,2026-05-12 00:03:15.99367,2026-05-12 00:03:15.99367,-9,21
9142,440,83,0,0,0,0,0,0,0,0,0,0,0,0,0,,0,2026-05-12 00:03:15.99367,2026-05-12 00:03:15.99367,0,21
9143,440,341,21,2,3,2,0,3,8,1,8,23,5,4,7,,2,2026-05-12 00:03:15.99367,2026-05-12 00:03:15.99367,-12,24
9144,440,336,30,6,0,0,0,1,9,5,12,23,1,1,1,,6,2026-05-12 00:03:15.99367,2026-05-12 00:03:15.99367,-11,24
9145,440,343,7,4,4,0,1,5,0,0,3,8,2,1,2,,2,2026-05-12 00:03:15.99367,2026-05-12 00:03:15.99367,-23,24
9146,440,333,22,4,3,1,0,4,3,0,7,14,10,8,5,,3,2026-05-12 00:03:15.99367,2026-05-12 00:03:15.99367,-12,24
9147,440,339,7,3,3,2,0,6,5,1,3,9,0,0,2,,4,2026-05-12 00:03:15.99367,2026-05-12 00:03:15.99367,-14,24
9148,440,346,16,7,2,2,0,4,5,4,4,5,4,4,2,,4,2026-05-12 00:03:15.99367,2026-05-12 00:03:15.99367,-4,24
9149,440,337,0,1,0,0,0,0,0,0,0,0,0,0,0,,1,2026-05-12 00:03:15.99367,2026-05-12 00:03:15.99367,1,24
9150,440,345,4,2,0,0,0,0,1,0,2,3,0,0,2,,3,2026-05-12 00:03:15.99367,2026-05-12 00:03:15.99367,10,24
9151,440,338,0,0,0,0,0,0,0,0,0,0,0,0,0,,0,2026-05-12 00:03:15.99367,2026-05-12 00:03:15.99367,0,24
9152,440,268,0,0,0,0,0,0,0,0,0,0,0,0,0,,0,2026-05-12 00:03:15.99367,2026-05-12 00:03:15.99367,0,24
9153,440,334,0,0,0,0,0,0,0,0,0,0,0,0,0,,0,2026-05-12 00:03:15.99367,2026-05-12 00:03:15.99367,0,24
9154,441,368,8,10,3,3,1,6,2,1,3,7,2,1,5,,1,2026-05-12 00:04:01.617848,2026-05-12 00:04:01.617848,4,1
9155,441,374,24,9,1,2,1,8,6,2,8,19,10,6,2,,3,2026-05-12 00:04:01.617848,2026-05-12 00:04:01.617848,2,1
9156,441,380,9,5,2,1,2,1,4,1,4,7,0,0,1,,3,2026-05-12 00:04:01.617848,2026-05-12 00:04:01.617848,-4,1
9157,441,367,14,3,0,1,1,0,7,3,4,12,3,3,2,,1,2026-05-12 00:04:01.617848,2026-05-12 00:04:01.617848,-11,1
9158,441,378,23,2,3,2,2,1,4,2,8,19,7,5,4,,3,2026-05-12 00:04:01.617848,2026-05-12 00:04:01.617848,-6,1
9159,441,331,5,0,1,0,0,1,3,1,1,3,2,2,1,,1,2026-05-12 00:04:01.617848,2026-05-12 00:04:01.617848,12,1
9160,441,289,21,2,2,1,1,0,4,2,9,14,2,1,1,,3,2026-05-12 00:04:01.617848,2026-05-12 00:04:01.617848,3,1
9161,441,372,5,0,1,0,0,1,3,1,2,4,0,0,0,,1,2026-05-12 00:04:01.617848,2026-05-12 00:04:01.617848,5,1
9162,441,376,0,1,0,0,0,1,0,0,0,1,0,0,0,,1,2026-05-12 00:04:01.617848,2026-05-12 00:04:01.617848,0,1
9163,441,53,29,5,4,1,3,1,8,4,9,16,7,7,0,,3,2026-05-12 00:04:01.617848,2026-05-12 00:04:01.617848,-4,20
9164,441,59,2,7,2,2,0,6,4,0,1,9,0,0,2,,3,2026-05-12 00:04:01.617848,2026-05-12 00:04:01.617848,3,20
9165,441,67,21,13,4,2,2,4,3,1,7,12,6,6,3,,2,2026-05-12 00:04:01.617848,2026-05-12 00:04:01.617848,22,20
9166,441,54,0,1,0,0,0,2,2,0,0,3,0,0,4,,2,2026-05-12 00:04:01.617848,2026-05-12 00:04:01.617848,-26,20
9167,441,55,26,3,0,2,0,4,5,0,11,23,5,4,3,,3,2026-05-12 00:04:01.617848,2026-05-12 00:04:01.617848,1,20
9168,441,63,15,1,0,2,0,1,10,5,5,14,0,0,2,,3,2026-05-12 00:04:01.617848,2026-05-12 00:04:01.617848,16,20
9169,441,65,2,2,2,1,0,0,0,0,1,2,0,0,0,,0,2026-05-12 00:04:01.617848,2026-05-12 00:04:01.617848,-18,20
9170,441,56,8,0,2,0,0,1,2,0,4,11,1,0,1,,0,2026-05-12 00:04:01.617848,2026-05-12 00:04:01.617848,1,20
9171,441,508,5,0,0,0,0,0,1,0,2,3,1,1,0,,1,2026-05-12 00:04:01.617848,2026-05-12 00:04:01.617848,2,20
9172,441,66,0,0,0,0,0,0,0,0,0,0,0,0,0,,0,2026-05-12 00:04:01.617848,2026-05-12 00:04:01.617848,-2,20
9173,442,93,12,3,0,2,0,2,2,1,5,9,2,1,2,,4,2026-05-12 00:04:22.996089,2026-05-12 00:04:22.996089,15,28
9174,442,88,33,4,1,1,1,11,5,3,11,17,10,8,1,,3,2026-05-12 00:04:22.996089,2026-05-12 00:04:22.996089,23,28
9175,442,99,8,3,3,0,1,2,0,0,4,6,0,0,0,,4,2026-05-12 00:04:22.996089,2026-05-12 00:04:22.996089,4,28
9176,442,89,33,5,0,2,1,5,8,6,12,19,7,3,2,,3,2026-05-12 00:04:22.996089,2026-05-12 00:04:22.996089,24,28
9177,442,103,0,2,0,0,0,0,3,0,0,6,0,0,0,,2,2026-05-12 00:04:22.996089,2026-05-12 00:04:22.996089,6,28
9178,442,101,2,1,0,5,0,5,1,0,1,3,0,0,3,,1,2026-05-12 00:04:22.996089,2026-05-12 00:04:22.996089,12,28
9179,442,95,0,1,1,0,0,1,0,0,0,3,2,0,1,,0,2026-05-12 00:04:22.996089,2026-05-12 00:04:22.996089,0,28
9180,442,98,22,3,5,1,1,2,0,0,11,15,0,0,2,,1,2026-05-12 00:04:22.996089,2026-05-12 00:04:22.996089,21,28
9181,442,90,14,2,0,0,0,0,4,4,5,5,0,0,0,,1,2026-05-12 00:04:22.996089,2026-05-12 00:04:22.996089,20,28
9182,442,288,0,0,1,0,0,0,0,0,0,1,0,0,0,,1,2026-05-12 00:04:22.996089,2026-05-12 00:04:22.996089,-3,28
9183,442,102,0,0,0,0,0,1,0,0,0,1,0,0,0,,0,2026-05-12 00:04:22.996089,2026-05-12 00:04:22.996089,-3,28
9184,442,94,0,0,0,0,0,0,0,0,0,1,0,0,0,,0,2026-05-12 00:04:22.996089,2026-05-12 00:04:22.996089,-3,28
9185,442,97,2,0,0,0,0,0,0,0,1,1,0,0,0,,1,2026-05-12 00:04:22.996089,2026-05-12 00:04:22.996089,-3,28
9186,442,91,0,0,0,0,0,0,0,0,0,0,0,0,0,,0,2026-05-12 00:04:22.996089,2026-05-12 00:04:22.996089,-3,28
9187,442,227,5,2,3,1,0,0,4,1,2,5,2,0,0,,1,2026-05-12 00:04:22.996089,2026-05-12 00:04:22.996089,-10,6
9188,442,219,15,4,2,2,1,7,4,0,4,13,8,7,2,,0,2026-05-12 00:04:22.996089,2026-05-12 00:04:22.996089,-20,6
9189,442,211,12,3,1,2,3,1,0,0,5,7,2,2,1,,4,2026-05-12 00:04:22.996089,2026-05-12 00:04:22.996089,-22,6
9190,442,218,15,4,1,0,0,3,7,1,7,16,0,0,3,,2,2026-05-12 00:04:22.996089,2026-05-12 00:04:22.996089,-14,6
9191,442,306,18,4,0,0,0,4,10,3,5,13,6,5,8,,2,2026-05-12 00:04:22.996089,2026-05-12 00:04:22.996089,-17,6
9192,442,223,15,3,3,1,0,3,8,4,5,10,2,1,2,,2,2026-05-12 00:04:22.996089,2026-05-12 00:04:22.996089,-16,6
9193,442,217,3,0,3,0,0,0,2,1,1,2,0,0,0,,0,2026-05-12 00:04:22.996089,2026-05-12 00:04:22.996089,-5,6
9194,442,364,3,1,0,0,0,0,2,1,1,2,0,0,3,,0,2026-05-12 00:04:22.996089,2026-05-12 00:04:22.996089,-8,6
9195,442,226,13,1,1,1,0,4,6,3,5,9,0,0,0,,2,2026-05-12 00:04:22.996089,2026-05-12 00:04:22.996089,1,6
9196,442,354,0,3,1,0,1,0,0,0,0,0,0,0,1,,2,2026-05-12 00:04:22.996089,2026-05-12 00:04:22.996089,1,6
9197,442,213,3,1,0,0,1,0,1,0,1,2,1,1,0,,0,2026-05-12 00:04:22.996089,2026-05-12 00:04:22.996089,0,6
9198,442,221,0,0,0,0,0,0,1,0,0,1,0,0,0,,0,2026-05-12 00:04:22.996089,2026-05-12 00:04:22.996089,0,6
9199,442,224,0,0,1,0,0,1,0,0,0,1,0,0,0,,0,2026-05-12 00:04:22.996089,2026-05-12 00:04:22.996089,0,6
9200,442,220,0,0,0,0,0,0,0,0,0,0,0,0,0,,0,2026-05-12 00:04:22.996089,2026-05-12 00:04:22.996089,0,6
9201,442,222,2,0,0,0,0,0,0,0,0,0,2,2,0,,0,2026-05-12 00:04:22.996089,2026-05-12 00:04:22.996089,0,6
9202,443,132,20,6,4,1,1,3,3,1,9,13,1,1,0,,2,2026-05-12 00:04:40.885995,2026-05-12 00:04:40.885995,8,18
9203,443,134,15,5,1,0,1,4,3,0,6,15,6,3,1,,3,2026-05-12 00:04:40.885995,2026-05-12 00:04:40.885995,8,18
9204,443,128,10,9,3,0,3,3,0,0,3,7,5,4,0,,4,2026-05-12 00:04:40.885995,2026-05-12 00:04:40.885995,18,18
9205,443,126,17,5,0,0,0,3,8,2,6,15,3,3,2,,5,2026-05-12 00:04:40.885995,2026-05-12 00:04:40.885995,11,18
9206,443,124,15,4,0,4,0,7,8,3,6,13,0,0,1,,4,2026-05-12 00:04:40.885995,2026-05-12 00:04:40.885995,20,18
9207,443,135,5,5,1,0,0,2,4,1,2,7,0,0,2,,4,2026-05-12 00:04:40.885995,2026-05-12 00:04:40.885995,4,18
9208,443,195,25,2,1,0,0,9,3,0,10,15,6,5,2,,2,2026-05-12 00:04:40.885995,2026-05-12 00:04:40.885995,11,18
9209,443,129,6,4,0,0,0,0,4,2,2,5,0,0,2,,2,2026-05-12 00:04:40.885995,2026-05-12 00:04:40.885995,-1,18
9210,443,174,0,0,0,0,0,0,0,0,0,1,0,0,0,,1,2026-05-12 00:04:40.885995,2026-05-12 00:04:40.885995,3,18
9211,443,205,0,1,0,1,0,0,0,0,0,0,0,0,0,,0,2026-05-12 00:04:40.885995,2026-05-12 00:04:40.885995,3,18
9212,443,130,0,0,0,0,0,0,0,0,0,0,0,0,0,,0,2026-05-12 00:04:40.885995,2026-05-12 00:04:40.885995,0,18
9213,443,121,0,0,2,0,0,0,0,0,0,1,0,0,0,,0,2026-05-12 00:04:40.885995,2026-05-12 00:04:40.885995,0,18
9214,443,123,0,0,0,0,0,0,1,0,0,1,0,0,0,,0,2026-05-12 00:04:40.885995,2026-05-12 00:04:40.885995,0,18
9215,443,110,6,2,0,1,0,1,3,0,2,6,2,2,0,,3,2026-05-12 00:04:40.885995,2026-05-12 00:04:40.885995,-14,8
9216,443,113,6,1,0,0,1,0,2,2,2,3,0,0,1,,4,2026-05-12 00:04:40.885995,2026-05-12 00:04:40.885995,-5,8
9217,443,111,27,13,2,2,0,3,10,2,7,26,11,11,4,,3,2026-05-12 00:04:40.885995,2026-05-12 00:04:40.885995,-21,8
9218,443,105,2,1,1,0,1,0,1,0,0,4,4,2,0,,1,2026-05-12 00:04:40.885995,2026-05-12 00:04:40.885995,-19,8
9219,443,114,16,3,0,0,0,4,5,0,5,17,7,6,1,,0,2026-05-12 00:04:40.885995,2026-05-12 00:04:40.885995,-12,8
9220,443,108,11,4,1,0,0,0,6,2,3,8,4,3,1,,1,2026-05-12 00:04:40.885995,2026-05-12 00:04:40.885995,-13,8
9221,443,117,6,2,1,0,0,0,3,1,2,7,2,1,2,,1,2026-05-12 00:04:40.885995,2026-05-12 00:04:40.885995,0,8
9222,443,106,9,4,0,1,0,2,0,0,4,7,2,1,1,,2,2026-05-12 00:04:40.885995,2026-05-12 00:04:40.885995,-3,8
9223,443,115,10,2,1,1,0,1,1,1,2,2,6,5,0,,3,2026-05-12 00:04:40.885995,2026-05-12 00:04:40.885995,2,8
9224,443,429,2,0,0,0,0,0,1,0,1,2,0,0,0,,0,2026-05-12 00:04:40.885995,2026-05-12 00:04:40.885995,0,8
9225,443,109,0,2,0,0,0,0,0,0,0,0,0,0,0,,0,2026-05-12 00:04:40.885995,2026-05-12 00:04:40.885995,0,8
9226,443,116,1,0,0,0,0,1,0,0,0,0,2,1,0,,0,2026-05-12 00:04:40.885995,2026-05-12 00:04:40.885995,0,8
9227,444,84,17,4,2,1,1,1,4,1,6,12,4,4,0,,2,2026-05-12 00:08:15.907697,2026-05-12 00:08:15.907697,-8,23
9228,444,78,18,0,0,2,0,5,7,4,7,14,0,0,1,,1,2026-05-12 00:08:15.907697,2026-05-12 00:08:15.907697,-4,23
9229,444,72,10,3,2,1,3,0,0,0,3,5,6,4,3,,6,2026-05-12 00:08:15.907697,2026-05-12 00:08:15.907697,9,23
9230,444,75,10,6,4,1,1,5,7,0,5,17,0,0,2,,3,2026-05-12 00:08:15.907697,2026-05-12 00:08:15.907697,0,23
9231,444,82,31,3,1,1,2,6,13,5,12,31,2,2,1,,1,2026-05-12 00:08:15.907697,2026-05-12 00:08:15.907697,-5,23
9232,444,74,12,3,3,0,0,0,2,2,5,6,2,0,2,,3,2026-05-12 00:08:15.907697,2026-05-12 00:08:15.907697,-17,23
9233,444,80,2,4,0,0,1,1,1,0,0,1,2,2,0,,1,2026-05-12 00:08:15.907697,2026-05-12 00:08:15.907697,-8,23
9234,444,76,0,1,1,0,0,0,1,0,0,1,0,0,2,,3,2026-05-12 00:08:15.907697,2026-05-12 00:08:15.907697,-7,23
9235,444,48,25,5,0,1,0,7,9,5,9,17,3,2,1,,1,2026-05-12 00:08:15.907697,2026-05-12 00:08:15.907697,2,2
9236,444,41,6,2,1,0,0,0,2,2,2,4,0,0,0,,1,2026-05-12 00:08:15.907697,2026-05-12 00:08:15.907697,-6,2
9237,444,44,6,5,2,1,2,0,0,0,1,1,4,4,3,,4,2026-05-12 00:08:15.907697,2026-05-12 00:08:15.907697,-2,2
9238,444,37,25,4,3,1,3,4,2,1,9,16,6,6,6,,3,2026-05-12 00:08:15.907697,2026-05-12 00:08:15.907697,13,2
9239,444,51,11,2,2,1,3,2,8,1,3,12,4,4,2,,0,2026-05-12 00:08:15.907697,2026-05-12 00:08:15.907697,-6,2
9240,444,208,11,5,1,0,3,4,9,3,4,10,0,0,4,,5,2026-05-12 00:08:15.907697,2026-05-12 00:08:15.907697,7,2
9241,444,43,15,2,2,0,0,2,10,5,5,12,0,0,1,,2,2026-05-12 00:08:15.907697,2026-05-12 00:08:15.907697,18,2
9242,444,50,0,3,1,0,0,0,1,0,0,2,0,0,0,,1,2026-05-12 00:08:15.907697,2026-05-12 00:08:15.907697,18,2
9243,444,38,3,1,1,0,0,1,2,1,1,3,0,0,0,,1,2026-05-12 00:08:15.907697,2026-05-12 00:08:15.907697,1,2
9244,444,45,6,1,2,2,0,1,4,2,2,4,0,0,0,,1,2026-05-12 00:08:15.907697,2026-05-12 00:08:15.907697,-5,2
9245,445,476,5,2,2,4,0,2,4,0,2,9,1,1,1,,3,2026-05-12 00:08:38.229624,2026-05-12 00:08:38.229624,6,11
9246,445,484,24,5,1,1,0,1,10,6,8,16,2,2,2,,4,2026-05-12 00:08:38.229624,2026-05-12 00:08:38.229624,4,11
9247,445,482,33,11,5,3,1,6,5,1,15,27,3,2,3,,2,2026-05-12 00:08:38.229624,2026-05-12 00:08:38.229624,10,11
9248,445,483,17,3,1,3,2,7,13,4,6,21,2,1,5,,5,2026-05-12 00:08:38.229624,2026-05-12 00:08:38.229624,-2,11
9249,445,486,26,6,5,3,3,4,1,0,8,14,13,10,1,,2,2026-05-12 00:08:38.229624,2026-05-12 00:08:38.229624,6,11
9250,445,481,0,0,1,0,0,0,0,0,0,1,0,0,1,,0,2026-05-12 00:08:38.229624,2026-05-12 00:08:38.229624,-13,11
9251,445,472,2,0,2,0,0,1,0,0,1,2,0,0,0,,1,2026-05-12 00:08:38.229624,2026-05-12 00:08:38.229624,-11,11
9252,445,477,0,3,1,1,0,0,4,0,0,5,0,0,0,,1,2026-05-12 00:08:38.229624,2026-05-12 00:08:38.229624,-6,11
9253,445,479,0,0,0,0,0,0,1,0,0,1,0,0,1,,0,2026-05-12 00:08:38.229624,2026-05-12 00:08:38.229624,-1,11
9254,445,485,1,1,0,0,0,0,0,0,0,0,2,1,0,,1,2026-05-12 00:08:38.229624,2026-05-12 00:08:38.229624,-9,11
9255,445,478,0,0,0,0,0,0,1,0,0,2,0,0,1,,1,2026-05-12 00:08:38.229624,2026-05-12 00:08:38.229624,-4,11
9256,445,320,29,13,0,3,1,6,9,4,10,22,6,5,8,,1,2026-05-12 00:08:38.229624,2026-05-12 00:08:38.229624,0,14
9257,445,317,22,3,1,1,0,2,7,4,8,14,4,2,1,,5,2026-05-12 00:08:38.229624,2026-05-12 00:08:38.229624,0,14
9258,445,315,2,4,2,1,1,2,0,0,1,3,0,0,3,,3,2026-05-12 00:08:38.229624,2026-05-12 00:08:38.229624,-6,14
9259,445,326,21,3,1,5,2,10,4,2,5,9,11,9,3,,2,2026-05-12 00:08:38.229624,2026-05-12 00:08:38.229624,3,14
9260,445,375,14,6,0,0,0,6,6,1,4,12,6,5,3,,3,2026-05-12 00:08:38.229624,2026-05-12 00:08:38.229624,-3,14
9261,445,323,2,0,2,1,0,1,0,0,1,4,0,0,1,,3,2026-05-12 00:08:38.229624,2026-05-12 00:08:38.229624,9,14
9262,445,318,12,2,2,1,2,0,0,0,5,8,3,2,1,,2,2026-05-12 00:08:38.229624,2026-05-12 00:08:38.229624,7,14
9263,445,319,5,0,0,0,0,0,1,1,2,2,0,0,0,,1,2026-05-12 00:08:38.229624,2026-05-12 00:08:38.229624,4,14
9264,445,330,5,5,1,0,0,1,2,0,2,5,2,1,0,,3,2026-05-12 00:08:38.229624,2026-05-12 00:08:38.229624,6,14
9265,445,327,0,0,0,0,0,0,0,0,0,0,0,0,0,,0,2026-05-12 00:08:38.229624,2026-05-12 00:08:38.229624,0,14
9266,446,156,19,5,1,0,0,9,4,1,3,15,16,12,2,,2,2026-05-12 00:08:56.996974,2026-05-12 00:08:56.996974,-16,25
9267,446,157,2,3,0,1,0,1,4,0,1,6,0,0,2,,5,2026-05-12 00:08:56.996974,2026-05-12 00:08:56.996974,-12,25
9268,446,159,7,8,3,0,0,2,3,1,2,6,4,2,0,,3,2026-05-12 00:08:56.996974,2026-05-12 00:08:56.996974,0,25
9269,446,164,29,4,2,4,0,5,9,5,12,18,0,0,2,,4,2026-05-12 00:08:56.996974,2026-05-12 00:08:56.996974,-7,25
9270,446,163,21,2,0,1,0,1,10,5,8,18,0,0,2,,4,2026-05-12 00:08:56.996974,2026-05-12 00:08:56.996974,9,25
9271,446,173,11,3,6,1,2,2,1,0,5,8,2,1,2,,1,2026-05-12 00:08:56.996974,2026-05-12 00:08:56.996974,-11,25
9272,446,161,13,1,1,0,0,0,5,2,4,11,3,3,0,,3,2026-05-12 00:08:56.996974,2026-05-12 00:08:56.996974,-19,25
9273,446,170,4,1,2,0,1,1,0,0,2,5,2,0,0,,2,2026-05-12 00:08:56.996974,2026-05-12 00:08:56.996974,-4,25
9274,446,171,2,1,1,0,1,0,1,0,0,2,2,2,0,,0,2026-05-12 00:08:56.996974,2026-05-12 00:08:56.996974,2,25
9275,446,167,0,0,0,0,0,0,0,0,0,0,0,0,0,,0,2026-05-12 00:08:56.996974,2026-05-12 00:08:56.996974,-2,25
9276,446,377,0,0,0,0,0,0,1,0,0,1,0,0,0,,0,2026-05-12 00:08:56.996974,2026-05-12 00:08:56.996974,0,25
9277,446,172,0,0,0,0,0,0,0,0,0,0,0,0,0,,0,2026-05-12 00:08:56.996974,2026-05-12 00:08:56.996974,0,25
9278,446,162,0,1,0,0,0,0,0,0,0,0,0,0,0,,0,2026-05-12 00:08:56.996974,2026-05-12 00:08:56.996974,0,25
9279,446,158,0,0,0,0,0,0,0,0,0,0,0,0,0,,0,2026-05-12 00:08:56.996974,2026-05-12 00:08:56.996974,0,25
9280,446,540,11,6,1,2,1,3,7,3,4,12,1,0,2,,3,2026-05-12 00:08:56.996974,2026-05-12 00:08:56.996974,6,27
9281,446,529,9,6,0,1,0,1,4,2,3,7,1,1,1,,1,2026-05-12 00:08:56.996974,2026-05-12 00:08:56.996974,7,27
9282,446,535,14,5,5,0,2,2,1,1,6,9,2,1,1,,5,2026-05-12 00:08:56.996974,2026-05-12 00:08:56.996974,4,27
9283,446,530,18,4,0,0,0,6,6,1,7,16,5,3,2,,4,2026-05-12 00:08:56.996974,2026-05-12 00:08:56.996974,8,27
9284,446,528,33,2,0,1,0,5,4,3,10,18,11,10,4,,2,2026-05-12 00:08:56.996974,2026-05-12 00:08:56.996974,-9,27
9285,446,531,27,7,3,1,1,3,5,4,9,12,6,5,1,,4,2026-05-12 00:08:56.996974,2026-05-12 00:08:56.996974,25,27
9286,446,533,5,4,1,1,1,3,1,1,1,7,2,2,2,,2,2026-05-12 00:08:56.996974,2026-05-12 00:08:56.996974,4,27
9287,446,527,3,2,4,0,3,4,4,1,1,5,0,0,0,,4,2026-05-12 00:08:56.996974,2026-05-12 00:08:56.996974,17,27
9288,446,525,0,0,0,0,0,0,1,0,0,1,0,0,0,,0,2026-05-12 00:08:56.996974,2026-05-12 00:08:56.996974,-2,27
9289,447,434,17,4,1,1,1,6,2,1,7,18,2,2,1,,3,2026-05-12 00:09:21.962449,2026-05-12 00:09:21.962449,19,22
9290,447,419,25,10,2,3,2,9,5,2,6,17,14,11,3,,3,2026-05-12 00:09:21.962449,2026-05-12 00:09:21.962449,6,22
9291,447,424,14,9,8,0,1,3,3,0,5,9,5,4,4,,5,2026-05-12 00:09:21.962449,2026-05-12 00:09:21.962449,8,22
9292,447,420,25,6,1,1,0,0,9,7,9,18,0,0,1,,3,2026-05-12 00:09:21.962449,2026-05-12 00:09:21.962449,9,22
9293,447,433,15,2,1,0,0,3,8,3,5,12,2,2,5,,5,2026-05-12 00:09:21.962449,2026-05-12 00:09:21.962449,2,22
9294,447,422,8,1,0,3,3,1,3,1,1,6,8,5,0,,2,2026-05-12 00:09:21.962449,2026-05-12 00:09:21.962449,-12,22
9295,447,426,0,0,0,0,0,0,1,0,0,2,0,0,0,,1,2026-05-12 00:09:21.962449,2026-05-12 00:09:21.962449,-4,22
9296,447,421,2,1,1,0,1,0,0,0,1,3,0,0,0,,1,2026-05-12 00:09:21.962449,2026-05-12 00:09:21.962449,0,22
9297,447,423,7,1,0,0,0,0,2,1,2,4,2,2,0,,1,2026-05-12 00:09:21.962449,2026-05-12 00:09:21.962449,12,22
9298,447,245,17,4,4,2,5,3,1,0,7,10,5,3,1,,3,2026-05-12 00:09:21.962449,2026-05-12 00:09:21.962449,-10,9
9299,447,231,23,7,0,2,0,2,6,2,8,16,5,5,1,,2,2026-05-12 00:09:21.962449,2026-05-12 00:09:21.962449,-7,9
9300,447,229,8,6,3,0,5,1,0,0,3,10,2,2,2,,6,2026-05-12 00:09:21.962449,2026-05-12 00:09:21.962449,0,9
9301,447,241,10,0,0,0,1,3,7,3,3,8,1,1,0,,3,2026-05-12 00:09:21.962449,2026-05-12 00:09:21.962449,-8,9
9302,447,228,27,3,2,0,0,9,10,3,8,23,9,8,9,,3,2026-05-12 00:09:21.962449,2026-05-12 00:09:21.962449,2,9
9303,447,199,0,1,0,1,0,5,1,0,0,2,0,0,0,,1,2026-05-12 00:09:21.962449,2026-05-12 00:09:21.962449,-1,9
9304,447,244,3,3,0,0,1,0,0,0,1,3,2,1,0,,3,2026-05-12 00:09:21.962449,2026-05-12 00:09:21.962449,-6,9
9305,447,238,2,1,0,0,0,0,0,0,1,1,0,0,1,,0,2026-05-12 00:09:21.962449,2026-05-12 00:09:21.962449,2,9
9306,447,230,6,1,0,1,0,1,6,2,2,6,0,0,2,,0,2026-05-12 00:09:21.962449,2026-05-12 00:09:21.962449,-3,9
9307,447,234,5,2,0,0,0,0,1,1,2,3,0,0,0,,1,2026-05-12 00:09:21.962449,2026-05-12 00:09:21.962449,-10,9
9308,447,240,4,4,1,0,0,0,0,0,2,3,0,0,0,,3,2026-05-12 00:09:21.962449,2026-05-12 00:09:21.962449,1,9
9309,448,341,26,5,0,1,0,6,9,3,8,19,8,7,1,,2,2026-05-12 00:09:42.598191,2026-05-12 00:09:42.598191,4,24
9310,448,336,33,4,3,0,0,1,9,4,11,21,7,7,3,,5,2026-05-12 00:09:42.598191,2026-05-12 00:09:42.598191,-2,24
9311,448,343,15,3,0,0,1,4,0,0,6,8,4,3,2,,5,2026-05-12 00:09:42.598191,2026-05-12 00:09:42.598191,-2,24
9312,448,333,16,1,3,0,0,7,6,2,6,16,2,2,2,,3,2026-05-12 00:09:42.598191,2026-05-12 00:09:42.598191,-14,24
9313,448,339,7,7,3,1,1,5,5,1,3,9,0,0,0,,3,2026-05-12 00:09:42.598191,2026-05-12 00:09:42.598191,-6,24
9314,448,346,3,6,0,0,0,0,4,1,1,4,0,0,1,,3,2026-05-12 00:09:42.598191,2026-05-12 00:09:42.598191,-14,24
9315,448,332,7,1,0,0,0,1,8,2,2,8,2,1,0,,3,2026-05-12 00:09:42.598191,2026-05-12 00:09:42.598191,-16,24
9316,448,345,2,2,0,0,0,0,0,0,1,2,0,0,0,,1,2026-05-12 00:09:42.598191,2026-05-12 00:09:42.598191,-6,24
9317,448,22,0,1,0,0,0,0,0,0,0,0,0,0,1,,0,2026-05-12 00:09:42.598191,2026-05-12 00:09:42.598191,-12,24
9318,448,334,0,0,0,0,0,0,0,0,0,0,0,0,0,,0,2026-05-12 00:09:42.598191,2026-05-12 00:09:42.598191,2,24
9319,448,337,0,0,0,0,0,1,0,0,0,0,0,0,0,,0,2026-05-12 00:09:42.598191,2026-05-12 00:09:42.598191,2,24
9320,448,338,0,0,0,0,0,0,0,0,0,0,0,0,0,,0,2026-05-12 00:09:42.598191,2026-05-12 00:09:42.598191,2,24
9321,448,268,0,0,0,0,0,0,0,0,0,0,0,0,1,,0,2026-05-12 00:09:42.598191,2026-05-12 00:09:42.598191,2,24
9322,448,142,9,4,2,0,0,3,7,3,3,8,0,0,0,,3,2026-05-12 00:09:42.598191,2026-05-12 00:09:42.598191,-2,21
9323,448,145,10,7,0,1,2,2,1,0,5,6,0,0,0,,5,2026-05-12 00:09:42.598191,2026-05-12 00:09:42.598191,-5,21
9324,448,144,9,2,1,1,1,1,0,0,3,4,4,3,2,,5,2026-05-12 00:09:42.598191,2026-05-12 00:09:42.598191,-3,21
9325,448,147,15,4,2,0,0,2,5,1,5,20,4,4,1,,1,2026-05-12 00:09:42.598191,2026-05-12 00:09:42.598191,15,21
9326,448,143,42,3,1,1,0,8,3,1,15,18,12,11,3,,4,2026-05-12 00:09:42.598191,2026-05-12 00:09:42.598191,10,21
9327,448,140,13,4,1,1,1,1,6,3,5,9,0,0,1,,1,2026-05-12 00:09:42.598191,2026-05-12 00:09:42.598191,16,21
9328,448,151,2,1,0,0,0,2,0,0,1,1,0,0,0,,1,2026-05-12 00:09:42.598191,2026-05-12 00:09:42.598191,8,21
9329,448,150,6,1,0,2,1,2,6,2,2,8,0,0,0,,0,2026-05-12 00:09:42.598191,2026-05-12 00:09:42.598191,11,21
9330,448,153,8,6,0,0,1,1,6,2,3,8,0,0,0,,2,2026-05-12 00:09:42.598191,2026-05-12 00:09:42.598191,17,21
9331,448,83,7,3,1,0,0,1,2,0,3,8,1,1,0,,0,2026-05-12 00:09:42.598191,2026-05-12 00:09:42.598191,-3,21
9332,448,149,0,0,0,0,0,0,0,0,0,0,0,0,0,,0,2026-05-12 00:09:42.598191,2026-05-12 00:09:42.598191,-2,21
9333,448,154,0,0,0,0,0,0,1,0,0,1,0,0,0,,0,2026-05-12 00:09:42.598191,2026-05-12 00:09:42.598191,-2,21
9334,449,368,6,6,3,2,0,6,2,0,3,7,0,0,2,,2,2026-05-12 00:10:05.035925,2026-05-12 00:10:05.035925,-9,1
9335,449,374,14,2,1,0,0,5,5,1,4,12,5,5,2,,4,2026-05-12 00:10:05.035925,2026-05-12 00:10:05.035925,-19,1
9336,449,380,12,6,0,4,0,1,3,1,4,7,4,3,1,,4,2026-05-12 00:10:05.035925,2026-05-12 00:10:05.035925,-10,1
9337,449,367,15,2,2,0,0,1,10,5,5,11,0,0,6,,4,2026-05-12 00:10:05.035925,2026-05-12 00:10:05.035925,-17,1
9338,449,378,17,1,0,1,2,3,4,0,8,15,3,1,4,,1,2026-05-12 00:10:05.035925,2026-05-12 00:10:05.035925,-17,1
9339,449,331,10,0,0,0,1,2,4,2,3,6,3,2,1,,1,2026-05-12 00:10:05.035925,2026-05-12 00:10:05.035925,-14,1
9340,449,372,0,3,1,0,0,0,1,0,0,1,0,0,0,,0,2026-05-12 00:10:05.035925,2026-05-12 00:10:05.035925,-12,1
9341,449,289,10,1,1,0,0,0,6,0,3,10,5,4,2,,3,2026-05-12 00:10:05.035925,2026-05-12 00:10:05.035925,-7,1
9342,449,376,3,0,2,0,0,1,3,0,1,7,1,1,0,,1,2026-05-12 00:10:05.035925,2026-05-12 00:10:05.035925,5,1
9343,449,246,4,4,1,0,1,0,0,0,1,1,2,2,0,,1,2026-05-12 00:10:05.035925,2026-05-12 00:10:05.035925,5,1
9344,449,383,2,0,0,0,0,0,1,0,0,2,2,2,0,,0,2026-05-12 00:10:05.035925,2026-05-12 00:10:05.035925,5,1
9345,449,382,3,1,1,0,0,0,2,1,1,2,0,0,0,,0,2026-05-12 00:10:05.035925,2026-05-12 00:10:05.035925,5,1
9346,449,379,2,0,0,1,1,1,0,0,1,2,0,0,0,,0,2026-05-12 00:10:05.035925,2026-05-12 00:10:05.035925,5,1
9347,449,53,22,8,2,1,1,1,6,3,9,16,2,1,1,,3,2026-05-12 00:10:05.035925,2026-05-12 00:10:05.035925,19,20
9348,449,59,10,9,0,2,0,3,5,1,4,10,2,1,2,,3,2026-05-12 00:10:05.035925,2026-05-12 00:10:05.035925,16,20
9349,449,67,20,7,3,2,0,10,2,1,6,10,9,7,2,,5,2026-05-12 00:10:05.035925,2026-05-12 00:10:05.035925,16,20
9350,449,54,8,2,0,0,0,1,0,0,3,4,2,2,0,,1,2026-05-12 00:10:05.035925,2026-05-12 00:10:05.035925,0,20
9351,449,55,19,0,0,1,0,3,7,3,7,18,2,2,6,,2,2026-05-12 00:10:05.035925,2026-05-12 00:10:05.035925,11,20
9352,449,63,11,0,0,0,0,1,6,3,4,7,0,0,0,,4,2026-05-12 00:10:05.035925,2026-05-12 00:10:05.035925,13,20
9353,449,508,6,1,0,3,0,2,3,2,2,5,0,0,1,,1,2026-05-12 00:10:05.035925,2026-05-12 00:10:05.035925,8,20
9354,449,56,7,0,0,0,0,0,1,0,2,4,3,3,0,,2,2026-05-12 00:10:05.035925,2026-05-12 00:10:05.035925,12,20
9355,449,65,6,3,5,0,0,1,0,0,2,3,3,2,0,,1,2026-05-12 00:10:05.035925,2026-05-12 00:10:05.035925,5,20
9356,449,62,2,0,0,0,1,0,0,0,1,1,0,0,0,,1,2026-05-12 00:10:05.035925,2026-05-12 00:10:05.035925,-5,20
9357,449,60,0,1,2,0,1,0,0,0,0,1,0,0,1,,0,2026-05-12 00:10:05.035925,2026-05-12 00:10:05.035925,-5,20
9358,449,58,0,0,0,0,0,1,0,0,0,3,0,0,0,,0,2026-05-12 00:10:05.035925,2026-05-12 00:10:05.035925,-5,20
9359,449,66,3,0,0,0,0,0,1,1,1,1,0,0,1,,0,2026-05-12 00:10:05.035925,2026-05-12 00:10:05.035925,-5,20
9360,450,132,12,4,4,0,1,3,1,0,4,11,4,4,2,,5,2026-05-12 00:10:24.319743,2026-05-12 00:10:24.319743,14,18
9361,450,134,15,7,2,0,0,2,1,0,6,16,4,3,4,,3,2026-05-12 00:10:24.319743,2026-05-12 00:10:24.319743,13,18
9362,450,128,4,10,5,2,2,2,1,0,2,8,0,0,2,,2,2026-05-12 00:10:24.319743,2026-05-12 00:10:24.319743,1,18
9363,450,126,5,3,0,0,0,0,3,1,1,8,2,2,0,,0,2026-05-12 00:10:24.319743,2026-05-12 00:10:24.319743,-3,18
9364,450,124,0,0,0,0,0,1,1,0,0,1,0,0,0,,0,2026-05-12 00:10:24.319743,2026-05-12 00:10:24.319743,5,18
9365,450,195,43,2,2,0,1,1,5,5,13,17,12,12,1,,4,2026-05-12 00:10:24.319743,2026-05-12 00:10:24.319743,10,18
9366,450,135,17,6,3,1,1,2,5,1,7,13,2,2,2,,2,2026-05-12 00:10:24.319743,2026-05-12 00:10:24.319743,14,18
9367,450,129,8,1,0,1,0,7,5,0,3,9,2,2,0,,1,2026-05-12 00:10:24.319743,2026-05-12 00:10:24.319743,9,18
9368,450,123,5,1,0,2,0,4,2,1,2,4,0,0,1,,4,2026-05-12 00:10:24.319743,2026-05-12 00:10:24.319743,7,18
9369,450,174,0,0,0,0,0,0,0,0,0,1,0,0,0,,0,2026-05-12 00:10:24.319743,2026-05-12 00:10:24.319743,5,18
9370,450,136,3,0,0,0,0,0,1,1,1,1,0,0,0,,1,2026-05-12 00:10:24.319743,2026-05-12 00:10:24.319743,5,18
9371,450,110,9,1,1,1,1,2,2,1,3,6,4,2,2,,3,2026-05-12 00:10:24.319743,2026-05-12 00:10:24.319743,-12,8
9372,450,107,9,1,0,0,1,0,5,1,4,11,0,0,0,,2,2026-05-12 00:10:24.319743,2026-05-12 00:10:24.319743,-7,8
9373,450,111,24,10,5,3,1,9,3,0,8,22,8,8,4,,3,2026-05-12 00:10:24.319743,2026-05-12 00:10:24.319743,-12,8
9374,450,105,8,5,0,1,1,1,1,1,2,4,4,3,2,,3,2026-05-12 00:10:24.319743,2026-05-12 00:10:24.319743,-9,8
9375,450,114,30,4,1,0,1,5,7,3,10,25,7,7,2,,3,2026-05-12 00:10:24.319743,2026-05-12 00:10:24.319743,-13,8
9376,450,108,10,3,2,1,0,2,6,0,3,10,5,4,0,,2,2026-05-12 00:10:24.319743,2026-05-12 00:10:24.319743,1,8
9377,450,113,0,1,3,1,2,0,2,0,0,2,0,0,0,,3,2026-05-12 00:10:24.319743,2026-05-12 00:10:24.319743,-14,8
9378,450,106,6,1,0,0,0,2,2,0,3,7,0,0,0,,3,2026-05-12 00:10:24.319743,2026-05-12 00:10:24.319743,-14,8
9379,450,109,0,0,0,0,0,0,0,0,0,0,0,0,0,,0,2026-05-12 00:10:24.319743,2026-05-12 00:10:24.319743,0,8
9380,450,116,0,0,0,0,0,0,0,0,0,0,0,0,0,,0,2026-05-12 00:10:24.319743,2026-05-12 00:10:24.319743,0,8
9381,451,93,23,4,2,0,2,0,7,3,6,23,9,8,1,,2,2026-05-12 00:10:47.136473,2026-05-12 00:10:47.136473,1,28
9382,451,88,23,5,4,1,3,6,2,0,6,15,14,11,4,,3,2026-05-12 00:10:47.136473,2026-05-12 00:10:47.136473,9,28
9383,451,99,10,3,3,1,1,1,0,0,4,7,2,2,0,,2,2026-05-12 00:10:47.136473,2026-05-12 00:10:47.136473,-7,28
9384,451,89,18,5,3,2,1,1,6,1,8,22,4,1,4,,4,2026-05-12 00:10:47.136473,2026-05-12 00:10:47.136473,-2,28
9385,451,103,0,6,1,3,0,3,8,0,0,9,0,0,0,,3,2026-05-12 00:10:47.136473,2026-05-12 00:10:47.136473,-15,28
9386,451,101,2,4,0,0,0,4,5,0,1,6,0,0,0,,2,2026-05-12 00:10:47.136473,2026-05-12 00:10:47.136473,15,28
9387,451,98,15,5,5,2,0,3,0,0,5,11,7,5,2,,2,2026-05-12 00:10:47.136473,2026-05-12 00:10:47.136473,11,28
9388,451,95,2,5,3,2,1,1,1,0,1,3,0,0,0,,1,2026-05-12 00:10:47.136473,2026-05-12 00:10:47.136473,6,28
9389,451,90,0,1,0,0,0,0,1,0,0,1,0,0,0,,0,2026-05-12 00:10:47.136473,2026-05-12 00:10:47.136473,0,28
9390,451,94,0,0,0,0,0,0,0,0,0,0,0,0,0,,0,2026-05-12 00:10:47.136473,2026-05-12 00:10:47.136473,2,28
9391,451,227,7,5,0,0,0,0,3,1,3,5,0,0,0,,1,2026-05-12 00:10:47.136473,2026-05-12 00:10:47.136473,11,6
9392,451,219,8,5,4,1,1,3,3,0,4,11,0,0,1,,5,2026-05-12 00:10:47.136473,2026-05-12 00:10:47.136473,-13,6
9393,451,211,3,9,6,1,2,0,0,0,1,5,4,1,0,,4,2026-05-12 00:10:47.136473,2026-05-12 00:10:47.136473,14,6
9394,451,218,20,6,0,1,0,3,12,4,6,24,4,4,4,,4,2026-05-12 00:10:47.136473,2026-05-12 00:10:47.136473,-8,6
9395,451,306,19,2,0,1,1,8,6,2,6,14,6,5,7,,3,2026-05-12 00:10:47.136473,2026-05-12 00:10:47.136473,1,6
9396,451,223,1,4,3,0,0,0,5,0,0,5,2,1,1,,3,2026-05-12 00:10:47.136473,2026-05-12 00:10:47.136473,-15,6
9397,451,226,9,3,2,0,0,0,1,0,3,6,6,3,2,,4,2026-05-12 00:10:47.136473,2026-05-12 00:10:47.136473,-11,6
9398,451,364,8,5,0,1,1,0,2,0,4,7,0,0,2,,1,2026-05-12 00:10:47.136473,2026-05-12 00:10:47.136473,0,6
9399,451,217,14,0,0,0,0,0,7,3,5,9,1,1,0,,2,2026-05-12 00:10:47.136473,2026-05-12 00:10:47.136473,4,6
9400,451,354,0,1,1,0,0,1,1,0,0,1,0,0,0,,0,2026-05-12 00:10:47.136473,2026-05-12 00:10:47.136473,-3,6
9401,452,156,26,7,0,1,0,3,3,2,8,14,9,8,5,,6,2026-05-12 00:11:02.834249,2026-05-12 00:11:02.834249,-16,25
9402,452,157,8,3,2,1,1,1,6,2,3,8,0,0,2,,3,2026-05-12 00:11:02.834249,2026-05-12 00:11:02.834249,-12,25
9403,452,159,5,4,2,0,1,0,6,1,2,10,0,0,1,,2,2026-05-12 00:11:02.834249,2026-05-12 00:11:02.834249,-14,25
9404,452,164,20,6,0,1,0,4,6,3,6,13,6,5,6,,2,2026-05-12 00:11:02.834249,2026-05-12 00:11:02.834249,-25,25
9405,452,163,0,0,0,1,0,2,3,0,0,7,0,0,1,,4,2026-05-12 00:11:02.834249,2026-05-12 00:11:02.834249,-22,25
9406,452,161,17,4,1,0,1,1,3,1,6,12,4,4,1,,2,2026-05-12 00:11:02.834249,2026-05-12 00:11:02.834249,-6,25
9407,452,170,8,2,1,1,0,0,2,1,3,6,2,1,0,,0,2026-05-12 00:11:02.834249,2026-05-12 00:11:02.834249,5,25
9408,452,173,4,5,1,0,2,2,0,0,2,4,0,0,0,,0,2026-05-12 00:11:02.834249,2026-05-12 00:11:02.834249,3,25
9409,452,167,4,1,0,0,0,0,1,0,2,3,0,0,0,,1,2026-05-12 00:11:02.834249,2026-05-12 00:11:02.834249,-9,25
9410,452,158,0,0,0,1,0,1,1,0,0,3,0,0,1,,0,2026-05-12 00:11:02.834249,2026-05-12 00:11:02.834249,-3,25
9411,452,377,0,0,0,0,0,0,0,0,0,0,0,0,0,,0,2026-05-12 00:11:02.834249,2026-05-12 00:11:02.834249,-2,25
9412,452,172,1,0,0,0,0,0,0,0,0,0,2,1,1,,0,2026-05-12 00:11:02.834249,2026-05-12 00:11:02.834249,-2,25
9413,452,162,0,0,0,0,0,0,0,0,0,0,0,0,0,,0,2026-05-12 00:11:02.834249,2026-05-12 00:11:02.834249,-2,25
9414,452,540,11,5,1,1,1,3,3,1,5,9,0,0,2,,3,2026-05-12 00:11:02.834249,2026-05-12 00:11:02.834249,14,27
9415,452,529,8,3,0,1,0,0,4,2,3,6,0,0,0,,1,2026-05-12 00:11:02.834249,2026-05-12 00:11:02.834249,22,27
9416,452,542,27,11,1,4,7,3,4,1,9,17,8,8,4,,3,2026-05-12 00:11:02.834249,2026-05-12 00:11:02.834249,28,27
9417,452,530,28,5,1,1,2,7,8,4,11,17,4,2,3,,1,2026-05-12 00:11:02.834249,2026-05-12 00:11:02.834249,21,27
9418,452,528,16,1,0,1,0,8,6,3,6,14,1,1,1,,5,2026-05-12 00:11:02.834249,2026-05-12 00:11:02.834249,17,27
9419,452,535,2,3,4,1,0,0,0,0,1,7,0,0,1,,1,2026-05-12 00:11:02.834249,2026-05-12 00:11:02.834249,-10,27
9420,452,531,3,2,0,1,0,1,2,0,1,6,2,1,0,,3,2026-05-12 00:11:02.834249,2026-05-12 00:11:02.834249,4,27
9421,452,533,9,1,0,1,0,1,2,1,3,5,2,2,0,,1,2026-05-12 00:11:02.834249,2026-05-12 00:11:02.834249,-5,27
9422,452,525,2,0,1,0,0,1,1,0,1,2,0,0,0,,1,2026-05-12 00:11:02.834249,2026-05-12 00:11:02.834249,8,27
9423,452,527,6,0,1,0,0,1,3,2,2,3,0,0,1,,1,2026-05-12 00:11:02.834249,2026-05-12 00:11:02.834249,-3,27
9424,452,526,0,0,0,0,0,0,0,0,0,0,0,0,0,,0,2026-05-12 00:11:02.834249,2026-05-12 00:11:02.834249,2,27
9425,452,536,2,0,0,1,0,1,0,0,1,1,0,0,0,,1,2026-05-12 00:11:02.834249,2026-05-12 00:11:02.834249,2,27
9426,452,541,0,0,0,0,0,0,0,0,0,0,0,0,0,,0,2026-05-12 00:11:02.834249,2026-05-12 00:11:02.834249,2,27
9427,452,396,0,0,0,0,0,0,0,0,0,0,0,0,0,,0,2026-05-12 00:11:02.834249,2026-05-12 00:11:02.834249,3,27
9428,453,84,2,4,0,0,1,1,2,0,0,6,2,2,0,,4,2026-05-12 00:11:29.809056,2026-05-12 00:11:29.809056,-31,23
9429,453,78,16,3,1,3,1,1,3,3,6,13,1,1,1,,1,2026-05-12 00:11:29.809056,2026-05-12 00:11:29.809056,-13,23
9430,453,77,26,8,2,1,1,6,6,1,9,21,9,7,3,,2,2026-05-12 00:11:29.809056,2026-05-12 00:11:29.809056,-25,23
9431,453,75,6,2,2,1,0,1,4,0,2,9,2,2,1,,5,2026-05-12 00:11:29.809056,2026-05-12 00:11:29.809056,-14,23
9432,453,82,22,2,0,0,1,6,7,4,7,14,4,4,1,,3,2026-05-12 00:11:29.809056,2026-05-12 00:11:29.809056,-22,23
9433,453,74,2,0,0,0,0,1,1,0,0,1,2,2,0,,3,2026-05-12 00:11:29.809056,2026-05-12 00:11:29.809056,-6,23
9434,453,76,0,2,0,0,0,2,0,0,0,0,0,0,0,,0,2026-05-12 00:11:29.809056,2026-05-12 00:11:29.809056,-17,23
9435,453,70,0,1,0,0,2,0,1,0,0,1,0,0,0,,1,2026-05-12 00:11:29.809056,2026-05-12 00:11:29.809056,-16,23
9436,453,80,12,2,0,1,1,6,3,1,5,7,2,1,0,,2,2026-05-12 00:11:29.809056,2026-05-12 00:11:29.809056,-5,23
9437,453,72,4,0,0,0,0,0,0,0,2,2,0,0,1,,0,2026-05-12 00:11:29.809056,2026-05-12 00:11:29.809056,4,23
9438,453,86,4,0,0,0,0,1,0,0,1,1,2,2,0,,0,2026-05-12 00:11:29.809056,2026-05-12 00:11:29.809056,-5,23
9439,453,85,2,0,1,0,0,0,2,0,1,4,0,0,0,,0,2026-05-12 00:11:29.809056,2026-05-12 00:11:29.809056,-5,23
9440,453,207,0,0,0,0,0,0,1,0,0,1,0,0,1,,0,2026-05-12 00:11:29.809056,2026-05-12 00:11:29.809056,-5,23
9441,453,48,30,7,0,0,0,11,10,5,8,16,9,9,5,,3,2026-05-12 00:11:29.809056,2026-05-12 00:11:29.809056,25,2
9442,453,41,6,2,2,0,0,1,6,2,2,8,0,0,0,,2,2026-05-12 00:11:29.809056,2026-05-12 00:11:29.809056,13,2
9443,453,44,9,6,2,0,1,1,0,0,3,3,4,3,0,,4,2026-05-12 00:11:29.809056,2026-05-12 00:11:29.809056,12,2
9444,453,37,20,7,0,1,1,1,7,3,6,15,9,5,3,,2,2026-05-12 00:11:29.809056,2026-05-12 00:11:29.809056,7,2
9445,453,51,6,2,4,1,2,3,4,2,2,5,0,0,2,,1,2026-05-12 00:11:29.809056,2026-05-12 00:11:29.809056,11,2
9446,453,208,4,3,2,0,0,2,2,0,2,6,2,0,1,,2,2026-05-12 00:11:29.809056,2026-05-12 00:11:29.809056,11,2
9447,453,43,32,3,1,1,0,5,12,6,12,21,2,2,0,,0,2026-05-12 00:11:29.809056,2026-05-12 00:11:29.809056,20,2
9448,453,38,6,3,0,0,0,2,1,1,2,2,2,1,0,,5,2026-05-12 00:11:29.809056,2026-05-12 00:11:29.809056,12,2
9449,453,50,3,0,1,2,1,0,4,1,1,4,0,0,0,,0,2026-05-12 00:11:29.809056,2026-05-12 00:11:29.809056,13,2
9450,453,45,6,3,2,0,0,0,5,2,2,5,0,0,0,,1,2026-05-12 00:11:29.809056,2026-05-12 00:11:29.809056,12,2
9451,453,40,3,1,0,0,0,0,1,1,1,1,0,0,0,,0,2026-05-12 00:11:29.809056,2026-05-12 00:11:29.809056,6,2
9452,453,550,0,0,0,0,0,0,0,0,0,0,0,0,0,,0,2026-05-12 00:11:29.809056,2026-05-12 00:11:29.809056,6,2
9453,453,46,3,0,0,0,0,0,1,1,1,1,0,0,0,,1,2026-05-12 00:11:29.809056,2026-05-12 00:11:29.809056,6,2
9454,453,39,0,0,0,0,0,2,0,0,0,0,0,0,1,,0,2026-05-12 00:11:29.809056,2026-05-12 00:11:29.809056,6,2
9455,454,476,20,7,1,5,1,2,5,2,7,10,4,4,2,,4,2026-05-12 00:11:49.302682,2026-05-12 00:11:49.302682,31,11
9456,454,484,16,7,1,3,0,3,10,2,4,15,6,6,1,,3,2026-05-12 00:11:49.302682,2026-05-12 00:11:49.302682,24,11
9457,454,482,19,3,3,1,1,2,0,0,6,12,13,7,2,,3,2026-05-12 00:11:49.302682,2026-05-12 00:11:49.302682,7,11
9458,454,483,17,1,0,3,0,3,7,4,6,12,1,1,1,,2,2026-05-12 00:11:49.302682,2026-05-12 00:11:49.302682,22,11
9459,454,486,23,2,2,1,0,7,0,0,10,16,3,3,4,,2,2026-05-12 00:11:49.302682,2026-05-12 00:11:49.302682,21,11
9460,454,481,5,1,3,3,0,1,2,1,2,5,0,0,0,,3,2026-05-12 00:11:49.302682,2026-05-12 00:11:49.302682,20,11
9461,454,479,9,0,0,1,1,1,5,3,3,8,0,0,1,,0,2026-05-12 00:11:49.302682,2026-05-12 00:11:49.302682,-1,11
9462,454,477,2,1,0,0,1,0,1,0,0,2,2,2,0,,3,2026-05-12 00:11:49.302682,2026-05-12 00:11:49.302682,-13,11
9463,454,485,2,0,1,0,0,0,0,0,1,1,0,0,0,,2,2026-05-12 00:11:49.302682,2026-05-12 00:11:49.302682,-6,11
9464,454,474,2,2,0,0,0,0,0,0,0,0,2,2,2,,0,2026-05-12 00:11:49.302682,2026-05-12 00:11:49.302682,-6,11
9465,454,478,0,0,0,0,0,0,0,0,0,0,0,0,0,,0,2026-05-12 00:11:49.302682,2026-05-12 00:11:49.302682,-4,11
9466,454,320,10,4,0,0,0,9,3,0,2,9,6,6,8,,2,2026-05-12 00:11:49.302682,2026-05-12 00:11:49.302682,-18,14
9467,454,317,13,3,0,1,1,1,2,1,6,10,0,0,1,,2,2026-05-12 00:11:49.302682,2026-05-12 00:11:49.302682,-18,14
9468,454,315,19,8,2,0,0,0,0,0,9,12,1,1,2,,3,2026-05-12 00:11:49.302682,2026-05-12 00:11:49.302682,-19,14
9469,454,326,9,1,1,3,3,5,2,0,3,8,3,3,4,,2,2026-05-12 00:11:49.302682,2026-05-12 00:11:49.302682,-20,14
9470,454,375,7,3,0,0,0,2,3,0,3,8,1,1,2,,3,2026-05-12 00:11:49.302682,2026-05-12 00:11:49.302682,-13,14
9471,454,323,6,1,2,0,1,0,1,0,2,5,2,2,2,,0,2026-05-12 00:11:49.302682,2026-05-12 00:11:49.302682,-14,14
9472,454,318,2,2,0,0,1,0,0,0,1,2,2,0,0,,4,2026-05-12 00:11:49.302682,2026-05-12 00:11:49.302682,-4,14
9473,454,330,8,2,2,1,0,0,1,0,4,6,1,0,1,,0,2026-05-12 00:11:49.302682,2026-05-12 00:11:49.302682,-1,14
9474,454,319,5,0,2,0,0,4,4,1,2,5,0,0,1,,2,2026-05-12 00:11:49.302682,2026-05-12 00:11:49.302682,-1,14
9475,454,328,3,0,0,0,0,0,0,0,1,1,1,1,1,,1,2026-05-12 00:11:49.302682,2026-05-12 00:11:49.302682,4,14
9476,454,322,8,3,0,0,0,0,3,2,2,3,2,2,0,,0,2026-05-12 00:11:49.302682,2026-05-12 00:11:49.302682,4,14
9477,454,327,5,0,0,0,1,0,3,1,2,5,0,0,1,,0,2026-05-12 00:11:49.302682,2026-05-12 00:11:49.302682,4,14
9478,454,321,1,0,1,1,0,2,0,0,0,0,2,1,0,,1,2026-05-12 00:11:49.302682,2026-05-12 00:11:49.302682,1,14
9479,455,434,19,4,1,4,0,3,3,1,7,15,4,4,0,,2,2026-05-12 00:13:13.090114,2026-05-12 00:13:13.090114,17,22
9480,455,419,18,8,0,1,1,4,4,0,4,18,13,10,2,,2,2026-05-12 00:13:13.090114,2026-05-12 00:13:13.090114,8,22
9481,455,424,12,6,5,0,2,4,2,1,3,8,8,5,2,,2,2026-05-12 00:13:13.090114,2026-05-12 00:13:13.090114,17,22
9482,455,420,22,3,2,1,0,1,10,5,7,18,4,3,3,,4,2026-05-12 00:13:13.090114,2026-05-12 00:13:13.090114,15,22
9483,455,433,5,2,0,2,1,2,11,1,1,13,2,2,3,,4,2026-05-12 00:13:13.090114,2026-05-12 00:13:13.090114,17,22
9484,455,422,2,2,0,0,0,0,0,0,1,4,0,0,0,,3,2026-05-12 00:13:13.090114,2026-05-12 00:13:13.090114,-19,22
9485,455,426,6,3,1,0,0,1,3,1,2,4,2,1,0,,0,2026-05-12 00:13:13.090114,2026-05-12 00:13:13.090114,-5,22
9486,455,423,8,6,3,0,0,0,2,0,4,8,0,0,0,,4,2026-05-12 00:13:13.090114,2026-05-12 00:13:13.090114,-9,22
9487,455,421,2,2,4,0,2,0,0,0,1,4,1,0,0,,4,2026-05-12 00:13:13.090114,2026-05-12 00:13:13.090114,-11,22
9488,455,245,6,5,4,1,2,1,0,0,2,8,4,2,2,,3,2026-05-12 00:13:13.090114,2026-05-12 00:13:13.090114,-16,9
9489,455,231,20,6,0,1,1,0,5,0,8,17,5,4,1,,3,2026-05-12 00:13:13.090114,2026-05-12 00:13:13.090114,-10,9
9490,455,229,12,4,4,1,1,3,0,0,5,8,2,2,4,,5,2026-05-12 00:13:13.090114,2026-05-12 00:13:13.090114,-11,9
9491,455,241,7,1,0,1,0,0,6,1,2,8,2,2,1,,3,2026-05-12 00:13:13.090114,2026-05-12 00:13:13.090114,-18,9
9492,455,228,25,9,0,0,2,6,11,3,7,23,10,8,8,,5,2026-05-12 00:13:13.090114,2026-05-12 00:13:13.090114,-7,9
9493,455,230,5,5,0,1,2,0,3,1,2,4,0,0,0,,4,2026-05-12 00:13:13.090114,2026-05-12 00:13:13.090114,8,9
9494,455,199,0,1,0,0,0,0,0,0,0,0,0,0,0,,0,2026-05-12 00:13:13.090114,2026-05-12 00:13:13.090114,6,9
9495,455,238,2,5,0,0,2,3,1,0,1,4,0,0,2,,1,2026-05-12 00:13:13.090114,2026-05-12 00:13:13.090114,11,9
9496,455,234,3,1,1,0,0,4,3,0,1,6,2,1,0,,1,2026-05-12 00:13:13.090114,2026-05-12 00:13:13.090114,2,9
9497,455,244,8,0,3,0,8,1,1,1,3,4,3,1,2,,4,2026-05-12 00:13:13.090114,2026-05-12 00:13:13.090114,5,9
9498,456,341,23,4,2,4,0,4,10,1,10,25,3,2,2,,3,2026-05-12 00:13:28.799835,2026-05-12 00:13:28.799835,-15,24
9499,456,336,23,2,2,1,1,3,4,2,10,19,1,1,0,,3,2026-05-12 00:13:28.799835,2026-05-12 00:13:28.799835,1,24
9500,456,343,8,7,1,2,1,4,0,0,4,5,0,0,2,,5,2026-05-12 00:13:28.799835,2026-05-12 00:13:28.799835,-1,24
9501,456,333,24,0,0,0,1,6,6,1,8,16,9,7,6,,5,2026-05-12 00:13:28.799835,2026-05-12 00:13:28.799835,-16,24
9502,456,339,20,2,0,1,0,2,11,6,7,12,1,0,0,,4,2026-05-12 00:13:28.799835,2026-05-12 00:13:28.799835,-27,24
9503,456,346,8,5,2,0,0,2,2,2,3,3,0,0,1,,3,2026-05-12 00:13:28.799835,2026-05-12 00:13:28.799835,-3,24
9504,456,345,2,1,1,0,0,0,0,0,1,1,0,0,0,,0,2026-05-12 00:13:28.799835,2026-05-12 00:13:28.799835,-7,24
9505,456,332,12,2,1,0,2,3,3,2,4,5,2,2,0,,0,2026-05-12 00:13:28.799835,2026-05-12 00:13:28.799835,15,24
9506,456,338,0,0,1,2,1,0,2,0,0,2,0,0,1,,2,2026-05-12 00:13:28.799835,2026-05-12 00:13:28.799835,2,24
9507,456,268,0,0,0,0,0,0,0,0,0,0,0,0,0,,0,2026-05-12 00:13:28.799835,2026-05-12 00:13:28.799835,2,24
9508,456,334,2,0,0,0,0,0,0,0,1,1,0,0,0,,0,2026-05-12 00:13:28.799835,2026-05-12 00:13:28.799835,2,24
9509,456,337,0,0,0,0,0,0,1,0,0,1,0,0,0,,0,2026-05-12 00:13:28.799835,2026-05-12 00:13:28.799835,2,24
9510,456,142,1,1,0,0,1,0,2,0,0,2,2,1,0,,4,2026-05-12 00:13:28.799835,2026-05-12 00:13:28.799835,5,21
9511,456,145,24,10,2,2,0,3,5,2,9,16,4,4,2,,2,2026-05-12 00:13:28.799835,2026-05-12 00:13:28.799835,21,21
9512,456,144,18,5,7,1,0,3,0,0,5,7,9,8,2,,2,2026-05-12 00:13:28.799835,2026-05-12 00:13:28.799835,13,21
9513,456,147,22,3,1,0,0,6,6,4,7,16,4,4,3,,2,2026-05-12 00:13:28.799835,2026-05-12 00:13:28.799835,27,21
9514,456,143,31,2,0,0,1,8,4,2,10,17,11,9,3,,2,2026-05-12 00:13:28.799835,2026-05-12 00:13:28.799835,-7,21
9515,456,151,2,0,0,0,0,2,0,0,1,1,0,0,0,,1,2026-05-12 00:13:28.799835,2026-05-12 00:13:28.799835,6,21
9516,456,140,14,4,0,1,0,1,6,4,5,7,0,0,3,,2,2026-05-12 00:13:28.799835,2026-05-12 00:13:28.799835,5,21
9517,456,150,10,1,3,1,1,4,3,2,4,7,0,0,2,,2,2026-05-12 00:13:28.799835,2026-05-12 00:13:28.799835,-1,21
9518,456,153,3,0,0,0,1,1,3,1,1,3,0,0,0,,2,2026-05-12 00:13:28.799835,2026-05-12 00:13:28.799835,-8,21
9519,456,83,0,0,0,0,0,0,0,0,0,1,0,0,0,,0,2026-05-12 00:13:28.799835,2026-05-12 00:13:28.799835,-2,21
9520,456,146,6,0,0,0,0,0,5,2,2,5,0,0,1,,1,2026-05-12 00:13:28.799835,2026-05-12 00:13:28.799835,-10,21
9521,456,149,0,0,0,0,0,0,0,0,0,0,0,0,0,,0,2026-05-12 00:13:28.799835,2026-05-12 00:13:28.799835,-2,21
9522,456,154,0,0,0,0,0,0,0,0,0,0,0,0,0,,0,2026-05-12 00:13:28.799835,2026-05-12 00:13:28.799835,-2,21
9523,457,110,18,4,2,3,0,5,7,2,8,13,0,0,1,,1,2026-05-12 00:13:45.497815,2026-05-12 00:13:45.497815,24,8
9524,457,113,20,3,0,3,3,1,5,4,7,9,2,2,1,,5,2026-05-12 00:13:45.497815,2026-05-12 00:13:45.497815,13,8
9525,457,111,27,12,0,0,2,16,4,1,9,15,10,8,3,,4,2026-05-12 00:13:45.497815,2026-05-12 00:13:45.497815,18,8
9526,457,105,9,2,0,3,0,3,2,1,3,5,2,2,1,,4,2026-05-12 00:13:45.497815,2026-05-12 00:13:45.497815,18,8
9527,457,114,24,2,2,4,0,7,6,2,9,23,4,4,4,,3,2026-05-12 00:13:45.497815,2026-05-12 00:13:45.497815,6,8
9528,457,108,8,0,0,0,0,0,3,1,3,5,1,1,0,,2,2026-05-12 00:13:45.497815,2026-05-12 00:13:45.497815,-1,8
9529,457,106,7,0,0,2,0,0,2,0,3,7,2,1,3,,3,2026-05-12 00:13:45.497815,2026-05-12 00:13:45.497815,0,8
9530,457,117,0,0,0,0,0,0,0,0,0,0,0,0,0,,1,2026-05-12 00:13:45.497815,2026-05-12 00:13:45.497815,-5,8
9531,457,429,3,0,0,1,0,2,0,0,1,2,2,1,0,,1,2026-05-12 00:13:45.497815,2026-05-12 00:13:45.497815,-7,8
9532,457,119,9,1,1,0,1,1,0,0,4,4,2,1,3,,5,2026-05-12 00:13:45.497815,2026-05-12 00:13:45.497815,-6,8
9533,457,132,13,2,1,0,1,1,3,0,5,11,5,3,4,,5,2026-05-12 00:13:45.497815,2026-05-12 00:13:45.497815,-25,18
9534,457,134,27,6,3,1,0,6,4,2,8,15,11,9,5,,5,2026-05-12 00:13:45.497815,2026-05-12 00:13:45.497815,-16,18
9535,457,128,3,6,1,2,0,2,0,0,1,2,1,1,1,,2,2026-05-12 00:13:45.497815,2026-05-12 00:13:45.497815,-25,18
9536,457,195,18,2,1,1,0,4,5,3,7,14,1,1,2,,3,2026-05-12 00:13:45.497815,2026-05-12 00:13:45.497815,-17,18
9537,457,123,4,1,0,0,0,4,0,0,2,4,0,0,1,,2,2026-05-12 00:13:45.497815,2026-05-12 00:13:45.497815,-7,18
9538,457,136,15,1,0,0,0,0,4,2,6,10,1,1,1,,1,2026-05-12 00:13:45.497815,2026-05-12 00:13:45.497815,-4,18
9539,457,129,15,0,1,1,0,1,7,3,5,9,2,2,3,,1,2026-05-12 00:13:45.497815,2026-05-12 00:13:45.497815,-3,18
9540,457,135,12,7,1,0,0,1,5,2,5,11,0,0,3,,4,2026-05-12 00:13:45.497815,2026-05-12 00:13:45.497815,3,18
9541,457,174,4,2,1,0,0,6,0,0,2,4,0,0,4,,1,2026-05-12 00:13:45.497815,2026-05-12 00:13:45.497815,3,18
9542,457,122,0,1,0,0,1,1,0,0,0,1,0,0,0,,3,2026-05-12 00:13:45.497815,2026-05-12 00:13:45.497815,13,18
9543,457,121,2,1,0,1,0,0,0,0,0,0,2,2,1,,0,2026-05-12 00:13:45.497815,2026-05-12 00:13:45.497815,6,18
9544,457,130,0,0,0,0,0,0,0,0,0,0,0,0,0,,0,2026-05-12 00:13:45.497815,2026-05-12 00:13:45.497815,6,18
9545,457,205,0,0,0,0,0,0,0,0,0,0,0,0,0,,0,2026-05-12 00:13:45.497815,2026-05-12 00:13:45.497815,6,18
9546,458,41,8,3,2,0,0,0,5,2,3,7,0,0,2,,2,2026-05-12 00:14:06.755134,2026-05-12 00:14:06.755134,-21,2
9547,458,48,24,13,3,3,0,4,12,4,8,19,7,4,4,,0,2026-05-12 00:14:06.755134,2026-05-12 00:14:06.755134,-9,2
9548,458,44,8,9,5,0,0,1,0,0,4,8,2,0,0,,5,2026-05-12 00:14:06.755134,2026-05-12 00:14:06.755134,-10,2
9549,458,37,22,2,3,1,0,5,4,1,9,23,5,3,3,,2,2026-05-12 00:14:06.755134,2026-05-12 00:14:06.755134,-17,2
9550,458,51,6,1,0,0,0,3,4,0,2,8,2,2,1,,2,2026-05-12 00:14:06.755134,2026-05-12 00:14:06.755134,-14,2
9551,458,43,12,2,0,0,0,6,5,1,5,10,1,1,0,,0,2026-05-12 00:14:06.755134,2026-05-12 00:14:06.755134,8,2
9552,458,208,8,2,0,0,0,3,5,2,3,6,0,0,1,,2,2026-05-12 00:14:06.755134,2026-05-12 00:14:06.755134,-10,2
9553,458,50,1,2,1,2,0,2,1,0,0,2,2,1,0,,2,2026-05-12 00:14:06.755134,2026-05-12 00:14:06.755134,-2,2
9554,458,45,3,0,0,0,0,0,2,1,1,2,0,0,1,,1,2026-05-12 00:14:06.755134,2026-05-12 00:14:06.755134,-3,2
9555,458,38,4,0,0,0,0,1,1,0,1,2,2,2,0,,1,2026-05-12 00:14:06.755134,2026-05-12 00:14:06.755134,5,2
9556,458,40,0,0,0,0,0,0,0,0,0,1,0,0,0,,0,2026-05-12 00:14:06.755134,2026-05-12 00:14:06.755134,-3,2
9557,458,39,0,0,0,0,0,0,0,0,0,0,0,0,0,,0,2026-05-12 00:14:06.755134,2026-05-12 00:14:06.755134,-3,2
9558,458,52,1,0,1,0,0,0,0,0,0,1,2,1,0,,0,2026-05-12 00:14:06.755134,2026-05-12 00:14:06.755134,-1,2
9559,458,84,4,6,0,0,0,1,2,0,2,5,1,0,0,,2,2026-05-12 00:14:06.755134,2026-05-12 00:14:06.755134,7,23
9560,458,78,16,9,0,2,0,7,9,4,6,13,0,0,2,,5,2026-05-12 00:14:06.755134,2026-05-12 00:14:06.755134,19,23
9561,458,77,33,3,1,0,1,8,5,0,12,23,10,9,3,,4,2026-05-12 00:14:06.755134,2026-05-12 00:14:06.755134,13,23
9562,458,75,10,5,2,1,0,3,6,3,3,8,2,1,1,,3,2026-05-12 00:14:06.755134,2026-05-12 00:14:06.755134,9,23
9563,458,82,25,10,0,2,1,5,10,3,10,18,2,2,2,,1,2026-05-12 00:14:06.755134,2026-05-12 00:14:06.755134,15,23
9564,458,74,5,4,0,0,0,0,1,1,1,1,2,2,0,,0,2026-05-12 00:14:06.755134,2026-05-12 00:14:06.755134,2,23
9565,458,80,18,2,0,0,1,0,7,4,5,8,4,4,1,,3,2026-05-12 00:14:06.755134,2026-05-12 00:14:06.755134,18,23
9566,458,70,2,1,2,0,0,0,0,0,0,0,2,2,0,,1,2026-05-12 00:14:06.755134,2026-05-12 00:14:06.755134,-7,23
9567,458,72,0,0,0,0,0,0,0,0,0,0,0,0,0,,0,2026-05-12 00:14:06.755134,2026-05-12 00:14:06.755134,0,23
9568,458,81,0,1,0,0,0,0,0,0,0,0,0,0,0,,1,2026-05-12 00:14:06.755134,2026-05-12 00:14:06.755134,1,23
9569,458,86,0,1,0,0,0,0,0,0,0,0,0,0,0,,0,2026-05-12 00:14:06.755134,2026-05-12 00:14:06.755134,1,23
9570,458,207,0,0,0,0,0,0,0,0,0,0,0,0,0,,0,2026-05-12 00:14:06.755134,2026-05-12 00:14:06.755134,1,23
9571,458,85,0,0,0,0,0,0,2,0,0,2,0,0,0,,0,2026-05-12 00:14:06.755134,2026-05-12 00:14:06.755134,1,23
9572,459,53,17,9,1,2,1,1,3,2,5,8,5,5,0,,2,2026-05-12 00:14:24.194076,2026-05-12 00:14:24.194076,19,20
9573,459,59,9,4,1,0,0,4,4,1,3,8,2,2,1,,2,2026-05-12 00:14:24.194076,2026-05-12 00:14:24.194076,15,20
9574,459,67,16,13,1,2,2,6,3,1,5,7,6,5,3,,2,2026-05-12 00:14:24.194076,2026-05-12 00:14:24.194076,11,20
9575,459,54,7,1,0,1,0,1,3,1,3,6,0,0,1,,4,2026-05-12 00:14:24.194076,2026-05-12 00:14:24.194076,11,20
9576,459,55,39,2,1,0,0,8,5,3,15,23,8,6,1,,4,2026-05-12 00:14:24.194076,2026-05-12 00:14:24.194076,23,20
9577,459,63,0,2,1,0,0,1,2,0,0,4,0,0,1,,2,2026-05-12 00:14:24.194076,2026-05-12 00:14:24.194076,19,20
9578,459,65,7,4,2,0,1,0,0,0,3,3,4,1,2,,2,2026-05-12 00:14:24.194076,2026-05-12 00:14:24.194076,19,20
9579,459,56,9,0,0,0,0,1,1,0,3,7,3,3,1,,3,2026-05-12 00:14:24.194076,2026-05-12 00:14:24.194076,14,20
9580,459,508,12,2,0,0,1,1,3,2,4,7,2,2,1,,2,2026-05-12 00:14:24.194076,2026-05-12 00:14:24.194076,4,20
9581,459,66,0,0,0,0,0,1,1,0,0,1,0,0,0,,0,2026-05-12 00:14:24.194076,2026-05-12 00:14:24.194076,2,20
9582,459,62,0,1,0,0,0,2,0,0,0,1,0,0,0,,0,2026-05-12 00:14:24.194076,2026-05-12 00:14:24.194076,2,20
9583,459,60,0,1,1,1,1,0,0,0,0,0,2,0,0,,0,2026-05-12 00:14:24.194076,2026-05-12 00:14:24.194076,2,20
9584,459,538,10,1,0,0,0,0,1,1,4,4,2,1,0,,0,2026-05-12 00:14:24.194076,2026-05-12 00:14:24.194076,2,20
9585,459,57,0,0,0,0,0,0,0,0,0,0,0,0,0,,0,2026-05-12 00:14:24.194076,2026-05-12 00:14:24.194076,2,20
9586,459,368,17,1,1,0,0,5,4,2,7,11,2,1,0,,1,2026-05-12 00:14:24.194076,2026-05-12 00:14:24.194076,-17,1
9587,459,374,18,9,1,2,0,6,5,1,7,15,3,3,3,,4,2026-05-12 00:14:24.194076,2026-05-12 00:14:24.194076,-18,1
9588,459,380,16,3,2,1,1,4,4,2,6,10,2,2,0,,3,2026-05-12 00:14:24.194076,2026-05-12 00:14:24.194076,-10,1
9589,459,367,16,0,0,1,0,3,9,4,6,11,1,0,1,,2,2026-05-12 00:14:24.194076,2026-05-12 00:14:24.194076,-15,1
9590,459,378,6,2,1,1,1,1,2,0,3,10,3,0,4,,3,2026-05-12 00:14:24.194076,2026-05-12 00:14:24.194076,-14,1
9591,459,289,13,4,0,0,0,1,5,1,4,10,4,4,1,,2,2026-05-12 00:14:24.194076,2026-05-12 00:14:24.194076,-11,1
9592,459,331,6,0,0,0,0,1,7,2,2,7,0,0,0,,3,2026-05-12 00:14:24.194076,2026-05-12 00:14:24.194076,-20,1
9593,459,246,0,2,0,1,0,1,0,0,0,0,2,0,0,,5,2026-05-12 00:14:24.194076,2026-05-12 00:14:24.194076,-17,1
9594,459,376,0,1,0,1,0,2,3,0,0,4,0,0,0,,1,2026-05-12 00:14:24.194076,2026-05-12 00:14:24.194076,-7,1
9595,459,372,0,0,0,0,0,0,1,0,0,1,0,0,0,,1,2026-05-12 00:14:24.194076,2026-05-12 00:14:24.194076,-7,1
9596,459,286,5,0,0,0,0,0,1,1,2,3,0,0,1,,0,2026-05-12 00:14:24.194076,2026-05-12 00:14:24.194076,-5,1
9597,459,383,0,0,0,0,0,1,1,0,0,1,0,0,0,,1,2026-05-12 00:14:24.194076,2026-05-12 00:14:24.194076,-4,1
9598,460,540,10,1,0,1,1,2,4,0,4,11,2,2,1,,2,2026-05-12 00:14:44.84239,2026-05-12 00:14:44.84239,22,27
9599,460,529,19,7,0,0,0,3,7,5,6,9,3,2,0,,2,2026-05-12 00:14:44.84239,2026-05-12 00:14:44.84239,10,27
9600,460,542,17,14,0,0,6,3,2,1,5,7,6,6,1,,3,2026-05-12 00:14:44.84239,2026-05-12 00:14:44.84239,20,27
9601,460,530,21,3,0,1,0,9,5,2,8,14,4,3,2,,4,2026-05-12 00:14:44.84239,2026-05-12 00:14:44.84239,26,27
9602,460,528,15,2,1,0,1,5,6,2,6,11,2,1,7,,6,2026-05-12 00:14:44.84239,2026-05-12 00:14:44.84239,12,27
9603,460,535,5,2,1,0,0,3,0,0,2,2,1,1,0,,3,2026-05-12 00:14:44.84239,2026-05-12 00:14:44.84239,-1,27
9604,460,533,7,3,2,0,0,1,2,1,3,8,2,0,2,,1,2026-05-12 00:14:44.84239,2026-05-12 00:14:44.84239,2,27
9605,460,531,17,1,2,3,0,1,1,1,6,9,5,4,1,,2,2026-05-12 00:14:44.84239,2026-05-12 00:14:44.84239,4,27
9606,460,525,3,0,1,0,0,0,2,0,1,3,2,1,0,,1,2026-05-12 00:14:44.84239,2026-05-12 00:14:44.84239,0,27
9607,460,541,0,1,0,0,0,0,1,0,0,1,0,0,0,,0,2026-05-12 00:14:44.84239,2026-05-12 00:14:44.84239,0,27
9608,460,527,0,0,0,0,0,0,0,0,0,0,0,0,0,,0,2026-05-12 00:14:44.84239,2026-05-12 00:14:44.84239,0,27
9609,460,537,0,0,0,0,0,0,0,0,0,0,2,0,0,,0,2026-05-12 00:14:44.84239,2026-05-12 00:14:44.84239,0,27
9610,460,536,0,0,0,0,0,0,0,0,0,0,0,0,0,,0,2026-05-12 00:14:44.84239,2026-05-12 00:14:44.84239,0,27
9611,460,526,0,1,0,0,0,0,0,0,0,0,0,0,0,,0,2026-05-12 00:14:44.84239,2026-05-12 00:14:44.84239,0,27
9612,460,156,22,2,1,0,1,3,6,1,7,15,11,7,4,,4,2026-05-12 00:14:44.84239,2026-05-12 00:14:44.84239,-20,25
9613,460,157,7,5,3,0,0,2,7,1,2,10,2,2,1,,2,2026-05-12 00:14:44.84239,2026-05-12 00:14:44.84239,-22,25
9614,460,159,10,2,3,0,0,6,7,2,4,11,0,0,1,,3,2026-05-12 00:14:44.84239,2026-05-12 00:14:44.84239,-9,25
9615,460,163,5,1,1,0,0,0,2,1,2,6,0,0,1,,2,2026-05-12 00:14:44.84239,2026-05-12 00:14:44.84239,-19,25
9616,460,164,8,5,1,0,0,7,6,1,3,14,1,1,2,,3,2026-05-12 00:14:44.84239,2026-05-12 00:14:44.84239,-22,25
9617,460,161,12,1,0,2,0,1,2,1,2,6,8,7,0,,3,2026-05-12 00:14:44.84239,2026-05-12 00:14:44.84239,3,25
9618,460,171,2,1,0,2,1,2,5,0,1,6,0,0,0,,1,2026-05-12 00:14:44.84239,2026-05-12 00:14:44.84239,-5,25
9619,460,173,11,4,3,1,0,1,3,1,5,10,0,0,0,,2,2026-05-12 00:14:44.84239,2026-05-12 00:14:44.84239,-4,25
9620,460,158,11,2,2,3,0,0,3,2,4,6,1,1,0,,4,2026-05-12 00:14:44.84239,2026-05-12 00:14:44.84239,9,25
9621,460,170,5,0,0,0,0,0,2,1,2,5,0,0,0,,0,2026-05-12 00:14:44.84239,2026-05-12 00:14:44.84239,-7,25
9622,460,377,2,1,0,0,0,2,2,0,1,3,0,0,0,,3,2026-05-12 00:14:44.84239,2026-05-12 00:14:44.84239,1,25
9623,460,167,0,0,0,0,0,0,0,0,0,0,0,0,0,,1,2026-05-12 00:14:44.84239,2026-05-12 00:14:44.84239,0,25
9624,460,162,0,0,0,0,0,0,2,0,0,2,0,0,0,,0,2026-05-12 00:14:44.84239,2026-05-12 00:14:44.84239,0,25
9625,460,172,0,0,0,0,0,0,0,0,0,0,0,0,0,,0,2026-05-12 00:14:44.84239,2026-05-12 00:14:44.84239,0,25
9626,461,245,6,11,4,5,2,6,0,0,3,5,2,0,5,,1,2026-05-12 00:15:40.475719,2026-05-12 00:15:40.475719,-2,9
9627,461,231,23,7,1,2,0,1,3,1,9,18,7,4,1,,3,2026-05-12 00:15:40.475719,2026-05-12 00:15:40.475719,6,9
9628,461,229,12,4,5,0,2,2,0,0,4,6,4,4,3,,5,2026-05-12 00:15:40.475719,2026-05-12 00:15:40.475719,-3,9
9629,461,241,12,2,1,0,0,1,6,3,4,8,2,1,1,,1,2026-05-12 00:15:40.475719,2026-05-12 00:15:40.475719,2,9
9630,461,228,45,1,3,1,0,5,8,5,13,23,14,14,6,,3,2026-05-12 00:15:40.475719,2026-05-12 00:15:40.475719,3,9
9631,461,234,6,0,0,1,0,2,5,0,2,8,2,2,0,,1,2026-05-12 00:15:40.475719,2026-05-12 00:15:40.475719,10,9
9632,461,244,5,4,1,0,1,0,1,0,1,3,4,3,0,,3,2026-05-12 00:15:40.475719,2026-05-12 00:15:40.475719,10,9
9633,461,238,2,2,1,0,0,2,1,0,1,4,0,0,1,,4,2026-05-12 00:15:40.475719,2026-05-12 00:15:40.475719,5,9
9634,461,230,5,2,0,1,0,1,4,1,2,5,0,0,0,,0,2026-05-12 00:15:40.475719,2026-05-12 00:15:40.475719,4,9
9635,461,423,5,3,1,0,0,1,1,0,1,4,7,3,1,,2,2026-05-12 00:15:40.475719,2026-05-12 00:15:40.475719,-9,22
9636,461,419,45,7,2,2,0,7,11,6,17,31,12,5,6,,2,2026-05-12 00:15:40.475719,2026-05-12 00:15:40.475719,0,22
9637,461,424,9,2,2,1,3,4,3,1,2,4,4,4,1,,5,2026-05-12 00:15:40.475719,2026-05-12 00:15:40.475719,6,22
9638,461,420,18,4,1,3,0,1,10,4,6,15,2,2,2,,5,2026-05-12 00:15:40.475719,2026-05-12 00:15:40.475719,-2,22
9639,461,433,10,2,0,3,0,5,5,2,4,9,1,0,1,,2,2026-05-12 00:15:40.475719,2026-05-12 00:15:40.475719,-4,22
9640,461,422,19,5,0,3,0,3,6,4,7,12,2,1,3,,5,2026-05-12 00:15:40.475719,2026-05-12 00:15:40.475719,-4,22
9641,461,426,3,1,2,0,0,0,2,0,1,4,2,1,0,,3,2026-05-12 00:15:40.475719,2026-05-12 00:15:40.475719,-9,22
9642,461,421,0,1,0,0,2,0,0,0,0,1,0,0,2,,2,2026-05-12 00:15:40.475719,2026-05-12 00:15:40.475719,-13,22
9643,462,223,8,4,0,1,0,2,2,0,2,4,4,4,0,,3,2026-05-12 00:15:57.522462,2026-05-12 00:15:57.522462,0,6
9644,462,219,23,7,2,1,3,1,3,3,8,13,8,4,0,,3,2026-05-12 00:15:57.522462,2026-05-12 00:15:57.522462,-2,6
9645,462,211,9,3,0,0,3,1,0,0,4,5,2,1,3,,0,2026-05-12 00:15:57.522462,2026-05-12 00:15:57.522462,-4,6
9646,462,218,19,5,0,1,1,3,5,3,7,17,2,2,2,,3,2026-05-12 00:15:57.522462,2026-05-12 00:15:57.522462,-9,6
9647,462,306,23,8,1,2,1,5,8,4,7,13,6,5,6,,2,2026-05-12 00:15:57.522462,2026-05-12 00:15:57.522462,10,6
9648,462,217,9,1,0,1,0,2,2,2,2,3,4,3,2,,0,2026-05-12 00:15:57.522462,2026-05-12 00:15:57.522462,19,6
9649,462,227,7,2,1,1,0,1,6,1,3,10,0,0,0,,2,2026-05-12 00:15:57.522462,2026-05-12 00:15:57.522462,4,6
9650,462,213,0,0,0,1,0,1,0,0,0,0,0,0,1,,1,2026-05-12 00:15:57.522462,2026-05-12 00:15:57.522462,-1,6
9651,462,364,19,0,0,0,0,2,6,3,7,11,2,2,0,,1,2026-05-12 00:15:57.522462,2026-05-12 00:15:57.522462,8,6
9652,462,226,8,1,0,0,0,2,4,2,3,5,0,0,0,,1,2026-05-12 00:15:57.522462,2026-05-12 00:15:57.522462,0,6
9653,462,93,1,1,0,0,1,2,0,0,0,2,2,1,1,,0,2026-05-12 00:15:57.522462,2026-05-12 00:15:57.522462,-2,28
9654,462,89,25,7,5,0,0,5,5,2,9,19,9,5,3,,3,2026-05-12 00:15:57.522462,2026-05-12 00:15:57.522462,2,28
9655,462,99,14,9,0,0,1,3,0,0,5,6,6,4,0,,2,2026-05-12 00:15:57.522462,2026-05-12 00:15:57.522462,6,28
9656,462,103,20,2,1,4,0,2,14,6,7,16,0,0,1,,5,2026-05-12 00:15:57.522462,2026-05-12 00:15:57.522462,-7,28
9657,462,88,17,6,2,1,3,11,3,0,6,16,6,5,4,,2,2026-05-12 00:15:57.522462,2026-05-12 00:15:57.522462,2,28
9658,462,98,8,3,2,1,2,2,0,0,4,5,0,0,1,,4,2026-05-12 00:15:57.522462,2026-05-12 00:15:57.522462,-7,28
9659,462,101,18,0,1,2,0,7,10,4,7,15,0,0,3,,2,2026-05-12 00:15:57.522462,2026-05-12 00:15:57.522462,-2,28
9660,462,95,10,2,1,0,1,0,5,2,3,9,2,2,0,,1,2026-05-12 00:15:57.522462,2026-05-12 00:15:57.522462,-1,28
9661,462,90,7,3,3,0,0,0,1,1,3,5,0,0,1,,2,2026-05-12 00:15:57.522462,2026-05-12 00:15:57.522462,-13,28
9662,462,94,0,0,0,0,0,0,0,0,0,2,0,0,0,,0,2026-05-12 00:15:57.522462,2026-05-12 00:15:57.522462,-3,28
9663,463,320,25,3,0,2,0,7,6,0,9,20,10,7,2,,1,2026-05-12 00:16:14.23194,2026-05-12 00:16:14.23194,-5,14
9664,463,317,12,3,1,1,0,0,3,2,5,11,0,0,1,,4,2026-05-12 00:16:14.23194,2026-05-12 00:16:14.23194,5,14
9665,463,315,18,7,10,0,2,0,0,0,9,14,0,0,1,,3,2026-05-12 00:16:14.23194,2026-05-12 00:16:14.23194,2,14
9666,463,326,11,5,0,0,0,2,7,3,3,7,2,2,6,,2,2026-05-12 00:16:14.23194,2026-05-12 00:16:14.23194,-7,14
9667,463,375,1,3,0,2,1,2,2,0,0,4,2,1,1,,2,2026-05-12 00:16:14.23194,2026-05-12 00:16:14.23194,-3,14
9668,463,325,22,4,0,0,1,6,8,2,4,16,13,12,3,,3,2026-05-12 00:16:14.23194,2026-05-12 00:16:14.23194,-5,14
9669,463,323,2,1,1,0,1,1,0,0,1,1,0,0,0,,2,2026-05-12 00:16:14.23194,2026-05-12 00:16:14.23194,-1,14
9670,463,318,0,0,1,0,0,1,0,0,0,0,0,0,1,,2,2026-05-12 00:16:14.23194,2026-05-12 00:16:14.23194,-8,14
9671,463,330,2,2,0,0,0,0,1,0,1,3,0,0,0,,1,2026-05-12 00:16:14.23194,2026-05-12 00:16:14.23194,-8,14
9672,463,476,18,4,1,0,1,1,6,2,6,11,5,4,0,,5,2026-05-12 00:16:14.23194,2026-05-12 00:16:14.23194,-3,11
9673,463,484,22,5,2,0,2,3,9,4,6,13,8,6,0,,2,2026-05-12 00:16:14.23194,2026-05-12 00:16:14.23194,5,11
9674,463,482,14,8,1,2,1,8,0,0,5,9,4,4,5,,3,2026-05-12 00:16:14.23194,2026-05-12 00:16:14.23194,8,11
9675,463,486,15,5,2,4,0,4,5,2,4,14,8,5,3,,2,2026-05-12 00:16:14.23194,2026-05-12 00:16:14.23194,5,11
9676,463,483,12,0,0,3,0,6,7,2,5,12,0,0,1,,3,2026-05-12 00:16:14.23194,2026-05-12 00:16:14.23194,2,11
9677,463,481,7,3,0,1,0,2,4,1,3,6,0,0,0,,3,2026-05-12 00:16:14.23194,2026-05-12 00:16:14.23194,3,11
9678,463,479,5,0,0,0,0,0,4,1,2,5,0,0,0,,3,2026-05-12 00:16:14.23194,2026-05-12 00:16:14.23194,4,11
9679,463,477,6,3,0,0,0,1,5,2,2,5,0,0,1,,1,2026-05-12 00:16:14.23194,2026-05-12 00:16:14.23194,6,11
9680,464,368,3,0,0,1,0,0,3,1,1,4,0,0,2,,2,2026-05-12 00:17:16.17027,2026-05-12 00:17:16.17027,-36,1
9681,464,374,21,6,2,0,1,6,5,2,7,15,5,5,3,,2,2026-05-12 00:17:16.17027,2026-05-12 00:17:16.17027,-43,1
9682,464,380,4,4,2,1,1,5,2,0,2,6,0,0,2,,3,2026-05-12 00:17:16.17027,2026-05-12 00:17:16.17027,-38,1
9683,464,367,11,1,0,1,0,2,4,1,3,8,6,4,5,,3,2026-05-12 00:17:16.17027,2026-05-12 00:17:16.17027,-29,1
9684,464,378,11,0,3,0,0,0,4,1,4,13,2,2,2,,3,2026-05-12 00:17:16.17027,2026-05-12 00:17:16.17027,-24,1
9685,464,331,0,0,0,1,0,0,1,0,0,2,0,0,0,,2,2026-05-12 00:17:16.17027,2026-05-12 00:17:16.17027,-27,1
9686,464,372,2,1,1,0,0,2,2,0,1,3,0,0,1,,1,2026-05-12 00:17:16.17027,2026-05-12 00:17:16.17027,-15,1
9687,464,289,11,1,1,0,1,3,3,1,3,7,6,4,1,,2,2026-05-12 00:17:16.17027,2026-05-12 00:17:16.17027,-44,1
9688,464,286,5,2,0,0,0,0,1,1,2,2,0,0,1,,0,2026-05-12 00:17:16.17027,2026-05-12 00:17:16.17027,-10,1
9689,464,376,4,1,1,0,0,1,5,1,1,7,2,1,2,,2,2026-05-12 00:17:16.17027,2026-05-12 00:17:16.17027,5,1
9690,464,382,8,2,1,0,0,0,3,0,4,9,0,0,0,,1,2026-05-12 00:17:16.17027,2026-05-12 00:17:16.17027,-2,1
9691,464,383,4,3,0,1,0,2,1,0,2,5,0,0,0,,0,2026-05-12 00:17:16.17027,2026-05-12 00:17:16.17027,2,1
9692,464,246,5,3,0,0,1,1,1,1,1,1,2,2,0,,0,2026-05-12 00:17:16.17027,2026-05-12 00:17:16.17027,2,1
9693,464,379,0,0,0,0,0,0,0,0,0,0,0,0,0,,1,2026-05-12 00:17:16.17027,2026-05-12 00:17:16.17027,4,1
9694,464,53,29,7,0,4,1,2,6,4,11,14,5,3,0,,0,2026-05-12 00:17:16.17027,2026-05-12 00:17:16.17027,42,20
9695,464,59,14,5,0,0,0,2,4,2,6,10,1,0,2,,1,2026-05-12 00:17:16.17027,2026-05-12 00:17:16.17027,35,20
9696,464,67,12,7,4,3,1,10,1,0,1,4,10,10,3,,3,2026-05-12 00:17:16.17027,2026-05-12 00:17:16.17027,35,20
9697,464,54,24,4,1,0,1,3,2,2,10,12,2,2,0,,2,2026-05-12 00:17:16.17027,2026-05-12 00:17:16.17027,40,20
9698,464,55,17,2,0,2,0,8,6,1,6,12,4,4,0,,2,2026-05-12 00:17:16.17027,2026-05-12 00:17:16.17027,41,20
9699,464,63,3,1,0,2,0,0,3,1,1,3,0,0,0,,4,2026-05-12 00:17:16.17027,2026-05-12 00:17:16.17027,13,20
9700,464,65,6,1,2,0,2,0,0,0,3,3,0,0,0,,1,2026-05-12 00:17:16.17027,2026-05-12 00:17:16.17027,29,20
9701,464,56,7,0,0,1,0,1,1,0,2,4,4,3,0,,0,2026-05-12 00:17:16.17027,2026-05-12 00:17:16.17027,22,20
9702,464,508,3,1,0,2,0,2,2,1,1,2,0,0,0,,1,2026-05-12 00:17:16.17027,2026-05-12 00:17:16.17027,12,20
9703,464,66,5,1,0,0,0,0,3,1,2,5,0,0,0,,2,2026-05-12 00:17:16.17027,2026-05-12 00:17:16.17027,-4,20
9704,464,60,3,3,1,0,1,0,0,0,0,0,6,3,2,,3,2026-05-12 00:17:16.17027,2026-05-12 00:17:16.17027,-4,20
9705,464,58,2,3,1,1,0,2,2,0,1,4,0,0,1,,0,2026-05-12 00:17:16.17027,2026-05-12 00:17:16.17027,-2,20
9706,464,62,6,1,0,0,0,3,2,0,2,5,2,2,1,,1,2026-05-12 00:17:16.17027,2026-05-12 00:17:16.17027,-2,20
9707,464,538,4,0,0,1,0,0,1,0,2,3,0,0,0,,1,2026-05-12 00:17:16.17027,2026-05-12 00:17:16.17027,0,20
9708,464,57,5,1,0,0,0,0,3,1,2,4,0,0,0,,1,2026-05-12 00:17:16.17027,2026-05-12 00:17:16.17027,-2,20
9709,465,84,14,6,3,2,2,1,3,1,6,11,2,1,3,,3,2026-05-12 00:17:32.602627,2026-05-12 00:17:32.602627,23,23
9710,465,78,23,4,0,2,1,3,9,5,8,17,2,2,4,,2,2026-05-12 00:17:32.602627,2026-05-12 00:17:32.602627,11,23
9711,465,77,19,9,1,1,0,8,5,1,6,18,7,6,1,,2,2026-05-12 00:17:32.602627,2026-05-12 00:17:32.602627,7,23
9712,465,75,14,8,0,0,2,3,6,1,5,11,3,3,0,,3,2026-05-12 00:17:32.602627,2026-05-12 00:17:32.602627,18,23
9713,465,82,30,1,1,2,0,5,5,3,11,22,5,5,0,,1,2026-05-12 00:17:32.602627,2026-05-12 00:17:32.602627,15,23
9714,465,80,2,2,1,0,0,2,3,0,1,6,0,0,0,,0,2026-05-12 00:17:32.602627,2026-05-12 00:17:32.602627,2,23
9715,465,74,2,6,1,0,1,0,0,0,1,1,0,0,0,,2,2026-05-12 00:17:32.602627,2026-05-12 00:17:32.602627,10,23
9716,465,76,2,4,1,0,0,0,2,0,1,3,0,0,2,,2,2026-05-12 00:17:32.602627,2026-05-12 00:17:32.602627,-5,23
9717,465,86,0,0,0,0,0,0,0,0,0,0,0,0,0,,0,2026-05-12 00:17:32.602627,2026-05-12 00:17:32.602627,-4,23
9718,465,207,0,0,0,0,0,0,0,0,0,0,0,0,0,,0,2026-05-12 00:17:32.602627,2026-05-12 00:17:32.602627,-4,23
9719,465,72,0,0,0,0,0,0,0,0,0,0,0,0,0,,0,2026-05-12 00:17:32.602627,2026-05-12 00:17:32.602627,-4,23
9720,465,81,0,0,0,0,0,0,0,0,0,0,0,0,0,,0,2026-05-12 00:17:32.602627,2026-05-12 00:17:32.602627,-4,23
9721,465,48,17,11,0,0,0,3,6,2,6,13,5,3,3,,1,2026-05-12 00:17:32.602627,2026-05-12 00:17:32.602627,-11,2
9722,465,41,5,4,0,0,0,1,5,1,2,6,0,0,0,,1,2026-05-12 00:17:32.602627,2026-05-12 00:17:32.602627,-12,2
9723,465,44,4,10,1,0,2,0,0,0,2,5,0,0,1,,3,2026-05-12 00:17:32.602627,2026-05-12 00:17:32.602627,-14,2
9724,465,37,18,1,0,0,0,2,6,2,7,17,6,2,5,,4,2026-05-12 00:17:32.602627,2026-05-12 00:17:32.602627,-24,2
9725,465,51,11,0,1,3,0,1,6,3,3,8,2,2,2,,3,2026-05-12 00:17:32.602627,2026-05-12 00:17:32.602627,-25,2
9726,465,43,14,3,0,0,0,5,8,1,6,16,1,1,1,,0,2026-05-12 00:17:32.602627,2026-05-12 00:17:32.602627,-6,2
9727,465,208,2,1,1,1,0,1,2,0,1,5,0,0,0,,0,2026-05-12 00:17:32.602627,2026-05-12 00:17:32.602627,-5,2
9728,465,50,3,3,2,0,1,3,1,0,1,3,2,1,0,,1,2026-05-12 00:17:32.602627,2026-05-12 00:17:32.602627,10,2
9729,465,38,9,0,2,0,0,1,2,1,4,5,0,0,0,,2,2026-05-12 00:17:32.602627,2026-05-12 00:17:32.602627,6,2
9730,465,45,5,3,0,2,0,1,3,1,2,4,0,0,1,,2,2026-05-12 00:17:32.602627,2026-05-12 00:17:32.602627,2,2
9731,465,40,3,2,1,1,0,0,2,1,1,3,0,0,0,,1,2026-05-12 00:17:32.602627,2026-05-12 00:17:32.602627,10,2
9732,465,550,2,0,0,0,0,0,0,0,1,1,0,0,0,,0,2026-05-12 00:17:32.602627,2026-05-12 00:17:32.602627,4,2
9733,466,132,32,6,4,2,1,3,4,1,13,25,6,5,0,,4,2026-05-12 00:17:50.083094,2026-05-12 00:17:50.083094,16,18
9734,466,134,18,2,2,1,0,5,5,2,6,17,6,4,4,,2,2026-05-12 00:17:50.083094,2026-05-12 00:17:50.083094,15,18
9735,466,128,10,6,7,1,2,8,0,0,4,6,4,2,0,,5,2026-05-12 00:17:50.083094,2026-05-12 00:17:50.083094,11,18
9736,466,136,24,4,2,2,0,1,7,1,9,20,5,5,0,,2,2026-05-12 00:17:50.083094,2026-05-12 00:17:50.083094,7,18
9737,466,123,7,5,1,1,0,3,4,1,3,7,0,0,1,,3,2026-05-12 00:17:50.083094,2026-05-12 00:17:50.083094,-1,18
9738,466,129,1,1,1,0,0,1,3,0,0,3,2,1,0,,1,2026-05-12 00:17:50.083094,2026-05-12 00:17:50.083094,4,18
9739,466,135,15,6,1,1,0,4,3,1,7,13,1,0,2,,2,2026-05-12 00:17:50.083094,2026-05-12 00:17:50.083094,11,18
9740,466,122,3,1,1,0,0,1,3,1,1,3,0,0,0,,2,2026-05-12 00:17:50.083094,2026-05-12 00:17:50.083094,-3,18
9741,466,110,27,8,0,0,1,3,10,5,8,15,9,6,2,,5,2026-05-12 00:17:50.083094,2026-05-12 00:17:50.083094,-3,8
9742,466,113,8,2,0,0,1,1,3,2,3,4,0,0,1,,5,2026-05-12 00:17:50.083094,2026-05-12 00:17:50.083094,-9,8
9743,466,111,28,8,1,0,1,10,5,1,11,19,6,5,4,,5,2026-05-12 00:17:50.083094,2026-05-12 00:17:50.083094,-9,8
9744,466,105,3,1,0,0,3,0,4,1,1,4,0,0,1,,2,2026-05-12 00:17:50.083094,2026-05-12 00:17:50.083094,-9,8
9745,466,114,12,5,1,0,1,4,2,0,4,17,4,4,0,,2,2026-05-12 00:17:50.083094,2026-05-12 00:17:50.083094,-18,8
9746,466,108,13,2,2,1,1,2,2,1,4,7,4,4,1,,1,2026-05-12 00:17:50.083094,2026-05-12 00:17:50.083094,-5,8
9747,466,106,1,0,1,2,0,1,1,0,0,2,2,1,3,,3,2026-05-12 00:17:50.083094,2026-05-12 00:17:50.083094,-5,8
9748,466,429,4,0,0,1,0,3,0,0,2,4,0,0,0,,2,2026-05-12 00:17:50.083094,2026-05-12 00:17:50.083094,5,8
9749,466,115,0,0,0,0,0,0,0,0,0,0,0,0,0,,0,2026-05-12 00:17:50.083094,2026-05-12 00:17:50.083094,-5,8
9750,466,119,2,1,1,0,0,0,0,0,1,3,0,0,1,,1,2026-05-12 00:17:50.083094,2026-05-12 00:17:50.083094,-2,8
9751,467,423,3,3,1,1,1,2,2,1,1,3,0,0,1,,4,2026-05-12 00:18:10.443243,2026-05-12 00:18:10.443243,-7,22
9752,467,419,17,9,1,2,0,6,9,0,4,20,12,9,1,,3,2026-05-12 00:18:10.443243,2026-05-12 00:18:10.443243,-8,22
9753,467,424,9,0,0,0,2,2,2,1,3,5,4,2,2,,6,2026-05-12 00:18:10.443243,2026-05-12 00:18:10.443243,-10,22
9754,467,420,17,2,1,2,0,1,9,3,7,18,0,0,0,,3,2026-05-12 00:18:10.443243,2026-05-12 00:18:10.443243,-27,22
9755,467,433,7,6,1,1,0,7,6,1,1,10,4,4,5,,3,2026-05-12 00:18:10.443243,2026-05-12 00:18:10.443243,-14,22
9756,467,422,8,3,0,0,0,1,4,1,3,7,1,1,0,,2,2026-05-12 00:18:10.443243,2026-05-12 00:18:10.443243,-12,22
9757,467,421,6,1,3,0,1,1,0,0,3,5,0,0,0,,1,2026-05-12 00:18:10.443243,2026-05-12 00:18:10.443243,-3,22
9758,467,193,2,1,0,0,0,0,0,0,1,1,0,0,0,,0,2026-05-12 00:18:10.443243,2026-05-12 00:18:10.443243,1,22
9759,467,426,10,5,1,0,0,0,4,2,4,9,0,0,1,,0,2026-05-12 00:18:10.443243,2026-05-12 00:18:10.443243,10,22
9760,467,245,4,5,5,1,4,6,0,0,2,7,0,0,0,,1,2026-05-12 00:18:10.443243,2026-05-12 00:18:10.443243,22,9
9761,467,231,22,10,0,0,0,0,7,2,7,20,9,6,0,,4,2026-05-12 00:18:10.443243,2026-05-12 00:18:10.443243,14,9
9762,467,229,8,4,5,0,0,1,0,0,4,6,1,0,2,,5,2026-05-12 00:18:10.443243,2026-05-12 00:18:10.443243,9,9
9763,467,241,14,5,0,0,0,3,9,4,5,11,0,0,2,,4,2026-05-12 00:18:10.443243,2026-05-12 00:18:10.443243,24,9
9764,467,228,32,9,1,4,1,3,4,2,10,23,12,10,4,,3,2026-05-12 00:18:10.443243,2026-05-12 00:18:10.443243,7,9
9765,467,234,7,1,0,0,0,3,4,1,2,7,2,2,1,,2,2026-05-12 00:18:10.443243,2026-05-12 00:18:10.443243,1,9
9766,467,244,0,0,0,0,0,0,0,0,0,0,0,0,0,,0,2026-05-12 00:18:10.443243,2026-05-12 00:18:10.443243,-8,9
9767,467,230,0,1,0,0,0,0,0,0,0,0,0,0,0,,0,2026-05-12 00:18:10.443243,2026-05-12 00:18:10.443243,-1,9
9768,467,238,0,0,0,0,0,0,1,0,0,2,0,0,0,,0,2026-05-12 00:18:10.443243,2026-05-12 00:18:10.443243,-5,9
9769,467,240,6,3,3,0,3,0,2,0,2,4,2,2,1,,2,2026-05-12 00:18:10.443243,2026-05-12 00:18:10.443243,7,9
9770,468,89,24,7,2,1,0,3,12,4,8,21,5,4,5,,4,2026-05-12 00:18:28.965348,2026-05-12 00:18:28.965348,9,28
9771,468,88,25,5,2,3,3,14,2,0,11,21,4,3,3,,2,2026-05-12 00:18:28.965348,2026-05-12 00:18:28.965348,2,28
9772,468,99,2,2,2,2,1,1,0,0,1,3,0,0,0,,3,2026-05-12 00:18:28.965348,2026-05-12 00:18:28.965348,0,28
9773,468,103,24,5,0,3,1,0,9,4,7,13,6,6,0,,4,2026-05-12 00:18:28.965348,2026-05-12 00:18:28.965348,-6,28
9774,468,101,7,1,0,1,0,6,7,2,2,9,2,1,2,,5,2026-05-12 00:18:28.965348,2026-05-12 00:18:28.965348,6,28
9775,468,98,17,3,4,2,3,2,0,0,6,10,6,5,4,,4,2026-05-12 00:18:28.965348,2026-05-12 00:18:28.965348,2,28
9776,468,90,5,0,0,0,0,0,2,1,2,4,0,0,0,,1,2026-05-12 00:18:28.965348,2026-05-12 00:18:28.965348,-6,28
9777,468,95,2,4,0,1,1,1,1,0,1,3,0,0,0,,0,2026-05-12 00:18:28.965348,2026-05-12 00:18:28.965348,4,28
9778,468,94,6,1,0,0,0,0,3,2,2,3,0,0,1,,2,2026-05-12 00:18:28.965348,2026-05-12 00:18:28.965348,-1,28
9779,468,223,6,4,1,0,0,3,4,2,2,6,0,0,1,,1,2026-05-12 00:18:28.965348,2026-05-12 00:18:28.965348,-4,6
9780,468,219,26,10,4,1,0,3,7,3,9,15,8,5,3,,2,2026-05-12 00:18:28.965348,2026-05-12 00:18:28.965348,-3,6
9781,468,211,14,4,3,1,2,1,0,0,6,8,6,2,0,,2,2026-05-12 00:18:28.965348,2026-05-12 00:18:28.965348,8,6
9782,468,218,24,5,0,0,1,2,10,2,11,26,0,0,3,,2,2026-05-12 00:18:28.965348,2026-05-12 00:18:28.965348,-4,6
9783,468,306,16,4,5,2,1,9,4,1,5,14,5,5,4,,2,2026-05-12 00:18:28.965348,2026-05-12 00:18:28.965348,11,6
9784,468,217,2,0,1,1,0,1,3,0,1,5,0,0,1,,3,2026-05-12 00:18:28.965348,2026-05-12 00:18:28.965348,-6,6
9785,468,227,10,3,2,1,0,0,6,2,4,8,0,0,2,,4,2026-05-12 00:18:28.965348,2026-05-12 00:18:28.965348,10,6
9786,468,364,7,0,0,2,0,1,1,0,0,4,8,7,2,,2,2026-05-12 00:18:28.965348,2026-05-12 00:18:28.965348,-9,6
9787,468,213,0,1,1,0,0,0,1,0,0,1,0,0,0,,1,2026-05-12 00:18:28.965348,2026-05-12 00:18:28.965348,-7,6
9788,468,226,5,2,2,0,0,3,5,1,2,6,0,0,2,,2,2026-05-12 00:18:28.965348,2026-05-12 00:18:28.965348,-6,6
9789,469,476,14,5,0,3,1,2,7,2,5,14,2,2,0,,4,2026-05-12 00:18:49.703131,2026-05-12 00:18:49.703131,-14,11
9790,469,484,9,10,2,0,1,3,6,1,3,11,3,2,1,,5,2026-05-12 00:18:49.703131,2026-05-12 00:18:49.703131,-24,11
9791,469,482,17,8,3,0,2,1,0,0,5,12,10,7,4,,4,2026-05-12 00:18:49.703131,2026-05-12 00:18:49.703131,-27,11
9792,469,483,10,0,0,2,2,1,10,1,4,19,1,1,1,,2,2026-05-12 00:18:49.703131,2026-05-12 00:18:49.703131,-24,11
9793,469,486,18,7,1,0,3,3,0,0,7,14,6,4,2,,5,2026-05-12 00:18:49.703131,2026-05-12 00:18:49.703131,-26,11
9794,469,481,3,3,1,1,0,1,2,1,1,3,0,0,2,,1,2026-05-12 00:18:49.703131,2026-05-12 00:18:49.703131,0,11
9795,469,477,0,0,0,0,0,0,1,0,0,2,0,0,1,,1,2026-05-12 00:18:49.703131,2026-05-12 00:18:49.703131,-13,11
9796,469,479,2,1,0,0,0,2,0,0,1,1,0,0,0,,1,2026-05-12 00:18:49.703131,2026-05-12 00:18:49.703131,4,11
9797,469,485,3,3,0,0,0,0,2,0,1,3,2,1,0,,0,2026-05-12 00:18:49.703131,2026-05-12 00:18:49.703131,10,11
9798,469,474,0,0,0,0,0,0,0,0,0,0,0,0,0,,0,2026-05-12 00:18:49.703131,2026-05-12 00:18:49.703131,7,11
9799,469,472,2,0,1,0,0,0,0,0,1,1,0,0,0,,0,2026-05-12 00:18:49.703131,2026-05-12 00:18:49.703131,7,11
9800,469,320,28,6,1,0,0,8,5,2,10,25,8,6,3,,2,2026-05-12 00:18:49.703131,2026-05-12 00:18:49.703131,26,14
9801,469,317,21,5,1,0,1,2,7,5,8,15,0,0,0,,2,2026-05-12 00:18:49.703131,2026-05-12 00:18:49.703131,20,14
9802,469,315,7,13,3,0,1,1,0,0,2,6,7,3,0,,5,2026-05-12 00:18:49.703131,2026-05-12 00:18:49.703131,5,14
9803,469,325,15,3,0,0,3,2,4,0,7,14,1,1,2,,3,2026-05-12 00:18:49.703131,2026-05-12 00:18:49.703131,3,14
9804,469,326,7,6,1,2,2,1,4,2,2,7,2,1,1,,1,2026-05-12 00:18:49.703131,2026-05-12 00:18:49.703131,25,14
9805,469,375,3,1,2,1,0,3,2,1,1,6,0,0,1,,1,2026-05-12 00:18:49.703131,2026-05-12 00:18:49.703131,22,14
9806,469,318,5,2,2,0,1,1,0,0,1,1,4,3,1,,2,2026-05-12 00:18:49.703131,2026-05-12 00:18:49.703131,21,14
9807,469,323,7,2,3,0,1,0,2,1,3,8,0,0,2,,2,2026-05-12 00:18:49.703131,2026-05-12 00:18:49.703131,2,14
9808,469,319,0,0,1,1,0,1,1,0,0,1,0,0,0,,0,2026-05-12 00:18:49.703131,2026-05-12 00:18:49.703131,-6,14
9809,469,327,3,0,0,0,0,0,2,1,1,4,0,0,0,,0,2026-05-12 00:18:49.703131,2026-05-12 00:18:49.703131,-6,14
9810,469,328,2,0,1,0,0,0,0,0,1,1,2,0,0,,1,2026-05-12 00:18:49.703131,2026-05-12 00:18:49.703131,-6,14
9811,469,322,0,1,0,0,0,0,1,0,0,1,0,0,0,,0,2026-05-12 00:18:49.703131,2026-05-12 00:18:49.703131,-6,14
9812,470,45,0,4,2,1,0,2,3,0,0,4,0,0,0,,2,2026-05-12 00:19:16.447214,2026-05-12 00:19:16.447214,-9,2
9813,470,37,33,8,1,0,3,4,9,3,12,27,6,6,3,,3,2026-05-12 00:19:16.447214,2026-05-12 00:19:16.447214,-16,2
9814,470,38,0,0,0,0,1,0,2,0,0,2,0,0,1,,3,2026-05-12 00:19:16.447214,2026-05-12 00:19:16.447214,-15,2
9815,470,40,0,0,0,2,0,0,1,0,0,1,0,0,0,,0,2026-05-12 00:19:16.447214,2026-05-12 00:19:16.447214,-7,2
9816,470,51,26,4,2,0,3,4,16,5,9,26,4,3,0,,3,2026-05-12 00:19:16.447214,2026-05-12 00:19:16.447214,-6,2
9817,470,43,13,3,2,1,0,7,7,2,5,13,1,1,0,,1,2026-05-12 00:19:16.447214,2026-05-12 00:19:16.447214,-2,2
9818,470,44,17,11,1,0,0,1,0,0,7,8,3,3,1,,5,2026-05-12 00:19:16.447214,2026-05-12 00:19:16.447214,9,2
9819,470,41,11,2,1,0,0,1,6,3,4,7,0,0,0,,2,2026-05-12 00:19:16.447214,2026-05-12 00:19:16.447214,-3,2
9820,470,50,0,0,0,0,0,0,2,0,0,2,0,0,0,,0,2026-05-12 00:19:16.447214,2026-05-12 00:19:16.447214,1,2
9821,470,39,0,2,1,0,0,0,3,0,0,3,2,0,0,,4,2026-05-12 00:19:16.447214,2026-05-12 00:19:16.447214,3,2
9822,470,84,6,5,0,0,0,2,3,0,2,6,2,2,1,,4,2026-05-12 00:19:16.447214,2026-05-12 00:19:16.447214,6,23
9823,470,78,13,3,0,0,0,1,5,3,5,10,0,0,3,,4,2026-05-12 00:19:16.447214,2026-05-12 00:19:16.447214,9,23
9824,470,77,34,10,2,0,1,6,4,1,12,26,11,9,1,,2,2026-05-12 00:19:16.447214,2026-05-12 00:19:16.447214,11,23
9825,470,75,23,5,1,0,0,4,11,5,8,17,2,2,3,,2,2026-05-12 00:19:16.447214,2026-05-12 00:19:16.447214,19,23
9826,470,82,30,11,0,0,0,7,4,2,11,18,6,6,1,,4,2026-05-12 00:19:16.447214,2026-05-12 00:19:16.447214,8,23
9827,470,80,3,6,0,0,0,4,1,0,1,4,2,1,0,,0,2026-05-12 00:19:16.447214,2026-05-12 00:19:16.447214,1,23
9828,470,74,0,1,0,0,0,1,0,0,0,0,0,0,0,,2,2026-05-12 00:19:16.447214,2026-05-12 00:19:16.447214,-2,23
9829,470,76,0,0,0,0,0,0,0,0,0,1,0,0,0,,1,2026-05-12 00:19:16.447214,2026-05-12 00:19:16.447214,-8,23
9830,470,70,0,0,0,0,0,0,0,0,0,0,0,0,0,,0,2026-05-12 00:19:16.447214,2026-05-12 00:19:16.447214,1,23
9831,471,245,8,2,2,2,2,4,0,0,4,5,1,0,1,,1,2026-05-12 00:19:40.135853,2026-05-12 00:19:40.135853,12,9
9832,471,231,30,7,2,3,1,2,7,5,11,18,3,3,1,,2,2026-05-12 00:19:40.135853,2026-05-12 00:19:40.135853,22,9
9833,471,229,15,9,6,1,0,3,0,0,5,9,6,5,2,,3,2026-05-12 00:19:40.135853,2026-05-12 00:19:40.135853,27,9
9834,471,241,10,5,1,3,0,3,10,2,4,13,0,0,1,,3,2026-05-12 00:19:40.135853,2026-05-12 00:19:40.135853,15,9
9835,471,228,32,1,0,0,2,12,6,4,10,18,10,8,4,,4,2026-05-12 00:19:40.135853,2026-05-12 00:19:40.135853,29,9
9836,471,234,16,3,0,0,1,5,5,4,5,8,2,2,3,,2,2026-05-12 00:19:40.135853,2026-05-12 00:19:40.135853,5,9
9837,471,230,3,2,0,0,0,0,5,1,1,5,0,0,0,,3,2026-05-12 00:19:40.135853,2026-05-12 00:19:40.135853,3,9
9838,471,244,0,1,0,0,0,0,0,0,0,2,0,0,1,,2,2026-05-12 00:19:40.135853,2026-05-12 00:19:40.135853,0,9
9839,471,240,0,0,0,0,0,0,0,0,0,1,0,0,0,,1,2026-05-12 00:19:40.135853,2026-05-12 00:19:40.135853,-5,9
9840,471,242,0,0,0,0,0,1,0,0,0,0,0,0,0,,0,2026-05-12 00:19:40.135853,2026-05-12 00:19:40.135853,0,9
9841,471,232,0,0,0,0,0,0,0,0,0,0,0,0,0,,0,2026-05-12 00:19:40.135853,2026-05-12 00:19:40.135853,0,9
9842,471,243,0,0,0,0,0,0,0,0,0,0,0,0,0,,0,2026-05-12 00:19:40.135853,2026-05-12 00:19:40.135853,0,9
9843,471,237,2,0,0,0,0,0,0,0,1,1,0,0,0,,0,2026-05-12 00:19:40.135853,2026-05-12 00:19:40.135853,2,9
9844,471,423,5,2,2,0,2,1,3,1,2,6,1,0,0,,1,2026-05-12 00:19:40.135853,2026-05-12 00:19:40.135853,-16,22
9845,471,419,38,7,2,0,1,6,7,4,14,25,8,6,5,,4,2026-05-12 00:19:40.135853,2026-05-12 00:19:40.135853,-18,22
9846,471,424,13,3,2,0,1,2,4,1,3,7,8,6,1,,3,2026-05-12 00:19:40.135853,2026-05-12 00:19:40.135853,-27,22
9847,471,420,16,3,0,2,1,3,5,3,5,10,5,3,0,,4,2026-05-12 00:19:40.135853,2026-05-12 00:19:40.135853,-8,22
9848,471,433,6,4,0,4,2,4,4,0,2,9,2,2,3,,4,2026-05-12 00:19:40.135853,2026-05-12 00:19:40.135853,-28,22
9849,471,422,11,4,1,5,0,1,4,0,4,12,4,3,1,,3,2026-05-12 00:19:40.135853,2026-05-12 00:19:40.135853,-11,22
9850,471,193,0,0,1,0,0,1,1,0,0,2,0,0,0,,0,2026-05-12 00:19:40.135853,2026-05-12 00:19:40.135853,5,22
9851,471,435,5,1,1,0,0,0,1,1,1,3,2,2,1,,2,2026-05-12 00:19:40.135853,2026-05-12 00:19:40.135853,5,22
9852,471,426,0,0,0,0,0,0,1,0,0,1,0,0,2,,0,2026-05-12 00:19:40.135853,2026-05-12 00:19:40.135853,-12,22
9853,472,227,5,2,2,1,0,1,3,1,2,5,0,0,2,,0,2026-05-12 00:19:55.490849,2026-05-12 00:19:55.490849,-6,6
9854,472,219,13,6,1,0,1,4,2,1,5,7,4,2,4,,5,2026-05-12 00:19:55.490849,2026-05-12 00:19:55.490849,-4,6
9855,472,211,22,11,8,2,3,2,0,0,7,11,14,8,3,,2,2026-05-12 00:19:55.490849,2026-05-12 00:19:55.490849,13,6
9856,472,218,22,1,2,0,0,1,9,2,9,20,2,2,2,,3,2026-05-12 00:19:55.490849,2026-05-12 00:19:55.490849,8,6
9857,472,306,18,6,0,3,0,3,5,1,3,9,13,11,2,,3,2026-05-12 00:19:55.490849,2026-05-12 00:19:55.490849,5,6
9858,472,223,12,4,4,2,1,5,8,2,4,10,2,2,3,,3,2026-05-12 00:19:55.490849,2026-05-12 00:19:55.490849,20,6
9859,472,217,13,2,1,0,0,2,7,3,4,8,2,2,0,,4,2026-05-12 00:19:55.490849,2026-05-12 00:19:55.490849,16,6
9860,472,226,7,7,2,0,0,4,3,1,3,8,0,0,0,,2,2026-05-12 00:19:55.490849,2026-05-12 00:19:55.490849,19,6
9861,472,364,2,1,0,0,0,1,2,0,1,7,0,0,0,,1,2026-05-12 00:19:55.490849,2026-05-12 00:19:55.490849,-11,6
9862,472,89,23,4,0,3,0,6,6,1,9,25,5,4,3,,3,2026-05-12 00:19:55.490849,2026-05-12 00:19:55.490849,-4,28
9863,472,88,24,8,1,0,1,6,1,1,8,14,7,7,3,,5,2026-05-12 00:19:55.490849,2026-05-12 00:19:55.490849,0,28
9864,472,99,9,5,2,2,0,0,0,0,4,5,4,1,2,,4,2026-05-12 00:19:55.490849,2026-05-12 00:19:55.490849,9,28
9865,472,103,13,2,0,3,1,2,7,3,4,9,3,2,2,,4,2026-05-12 00:19:55.490849,2026-05-12 00:19:55.490849,-15,28
9866,472,101,14,1,2,0,0,7,8,2,5,16,3,2,1,,3,2026-05-12 00:19:55.490849,2026-05-12 00:19:55.490849,-13,28
9867,472,98,8,2,2,2,1,3,0,0,3,5,3,2,2,,3,2026-05-12 00:19:55.490849,2026-05-12 00:19:55.490849,-19,28
9868,472,90,3,2,0,0,0,1,2,1,1,3,0,0,0,,2,2026-05-12 00:19:55.490849,2026-05-12 00:19:55.490849,-8,28
9869,472,95,6,0,0,0,0,0,2,0,3,6,1,0,1,,2,2026-05-12 00:19:55.490849,2026-05-12 00:19:55.490849,-9,28
9870,472,94,2,2,0,0,1,0,2,0,1,4,0,0,0,,2,2026-05-12 00:19:55.490849,2026-05-12 00:19:55.490849,-1,28
9871,472,102,0,0,0,0,0,0,0,0,0,0,0,0,0,,0,2026-05-12 00:19:55.490849,2026-05-12 00:19:55.490849,0,28
9872,472,97,0,0,0,0,0,0,0,0,0,0,0,0,0,,0,2026-05-12 00:19:55.490849,2026-05-12 00:19:55.490849,0,28
9873,472,91,0,0,0,0,0,0,0,0,0,0,0,0,0,,0,2026-05-12 00:19:55.490849,2026-05-12 00:19:55.490849,0,28
9874,472,288,0,0,0,0,0,0,0,0,0,0,0,0,0,,0,2026-05-12 00:19:55.490849,2026-05-12 00:19:55.490849,0,28
9875,473,53,18,3,0,0,1,1,2,2,7,8,2,2,2,,3,2026-05-12 00:20:16.677493,2026-05-12 00:20:16.677493,22,20
9876,473,59,8,7,1,3,1,6,2,1,3,7,2,1,1,,1,2026-05-12 00:20:16.677493,2026-05-12 00:20:16.677493,24,20
9877,473,67,17,4,2,0,2,6,5,3,7,11,0,0,3,,4,2026-05-12 00:20:16.677493,2026-05-12 00:20:16.677493,11,20
9878,473,54,17,1,1,1,0,5,5,3,7,10,0,0,0,,2,2026-05-12 00:20:16.677493,2026-05-12 00:20:16.677493,19,20
9879,473,55,35,1,0,2,0,3,6,3,12,18,8,8,1,,0,2026-05-12 00:20:16.677493,2026-05-12 00:20:16.677493,27,20
9880,473,65,2,4,0,0,0,1,0,0,1,1,4,0,0,,4,2026-05-12 00:20:16.677493,2026-05-12 00:20:16.677493,6,20
9881,473,56,2,2,0,1,0,0,1,0,1,2,0,0,4,,3,2026-05-12 00:20:16.677493,2026-05-12 00:20:16.677493,11,20
9882,473,63,8,0,0,0,0,2,5,2,3,6,0,0,0,,1,2026-05-12 00:20:16.677493,2026-05-12 00:20:16.677493,16,20
9883,473,60,5,6,3,0,2,0,0,0,2,2,1,1,1,,4,2026-05-12 00:20:16.677493,2026-05-12 00:20:16.677493,22,20
9884,473,66,3,0,0,1,0,2,3,1,1,4,0,0,1,,2,2026-05-12 00:20:16.677493,2026-05-12 00:20:16.677493,8,20
9885,473,508,5,1,0,1,0,1,3,1,2,4,0,0,0,,0,2026-05-12 00:20:16.677493,2026-05-12 00:20:16.677493,5,20
9886,473,62,8,0,0,0,0,4,2,2,3,5,0,0,1,,0,2026-05-12 00:20:16.677493,2026-05-12 00:20:16.677493,8,20
9887,473,57,4,0,1,1,0,2,1,0,2,3,0,0,0,,0,2026-05-12 00:20:16.677493,2026-05-12 00:20:16.677493,7,20
9888,473,58,5,2,0,0,0,1,2,1,2,3,0,0,0,,1,2026-05-12 00:20:16.677493,2026-05-12 00:20:16.677493,9,20
9889,473,78,17,3,0,0,0,3,6,4,6,11,1,1,1,,1,2026-05-12 00:20:16.677493,2026-05-12 00:20:16.677493,-26,23
9890,473,84,12,3,2,1,1,1,2,1,5,8,1,1,2,,1,2026-05-12 00:20:16.677493,2026-05-12 00:20:16.677493,-25,23
9891,473,77,14,4,0,0,0,1,2,0,3,11,9,8,1,,1,2026-05-12 00:20:16.677493,2026-05-12 00:20:16.677493,-24,23
9892,473,75,12,0,1,1,0,2,5,2,5,11,2,0,1,,3,2026-05-12 00:20:16.677493,2026-05-12 00:20:16.677493,-15,23
9893,473,82,13,2,1,0,0,2,3,0,3,9,7,7,4,,1,2026-05-12 00:20:16.677493,2026-05-12 00:20:16.677493,-28,23
9894,473,80,5,1,0,1,0,4,3,1,1,4,2,2,0,,3,2026-05-12 00:20:16.677493,2026-05-12 00:20:16.677493,-24,23
9895,473,76,8,0,0,0,0,0,4,2,2,4,4,2,2,,5,2026-05-12 00:20:16.677493,2026-05-12 00:20:16.677493,-10,23
9896,473,74,0,2,1,0,0,0,1,0,0,1,0,0,2,,2,2026-05-12 00:20:16.677493,2026-05-12 00:20:16.677493,-3,23
9897,473,70,7,2,1,1,0,0,0,0,3,3,2,1,0,,0,2026-05-12 00:20:16.677493,2026-05-12 00:20:16.677493,-8,23
9898,473,72,0,1,0,0,0,0,0,0,0,0,0,0,3,,5,2026-05-12 00:20:16.677493,2026-05-12 00:20:16.677493,-4,23
9899,473,86,5,1,0,1,0,1,1,0,1,4,4,3,2,,0,2026-05-12 00:20:16.677493,2026-05-12 00:20:16.677493,-12,23
9900,473,207,3,0,0,1,0,1,2,1,1,4,0,0,0,,0,2026-05-12 00:20:16.677493,2026-05-12 00:20:16.677493,-8,23
9901,473,85,2,1,1,0,0,0,0,0,0,2,2,2,1,,2,2026-05-12 00:20:16.677493,2026-05-12 00:20:16.677493,-8,23
9902,473,73,0,0,1,0,0,0,1,0,0,1,0,0,0,,0,2026-05-12 00:20:16.677493,2026-05-12 00:20:16.677493,0,23
9903,474,540,14,2,3,3,1,3,6,3,5,11,1,1,1,,4,2026-05-12 00:20:31.708801,2026-05-12 00:20:31.708801,7,27
9904,474,529,17,4,3,0,0,0,7,3,7,12,0,0,1,,2,2026-05-12 00:20:31.708801,2026-05-12 00:20:31.708801,7,27
9905,474,542,11,13,2,0,12,5,8,0,5,17,2,1,3,,3,2026-05-12 00:20:31.708801,2026-05-12 00:20:31.708801,5,27
9906,474,530,10,3,0,1,0,6,4,0,5,14,0,0,6,,3,2026-05-12 00:20:31.708801,2026-05-12 00:20:31.708801,-13,27
9907,474,528,17,5,0,0,0,5,5,3,4,8,8,6,0,,6,2026-05-12 00:20:31.708801,2026-05-12 00:20:31.708801,4,27
9908,474,531,18,4,0,0,0,4,4,1,7,13,3,3,0,,4,2026-05-12 00:20:31.708801,2026-05-12 00:20:31.708801,-4,27
9909,474,533,11,2,0,0,0,1,2,0,5,10,2,1,0,,2,2026-05-12 00:20:31.708801,2026-05-12 00:20:31.708801,-13,27
9910,474,535,2,0,2,0,0,0,0,0,0,1,2,2,2,,1,2026-05-12 00:20:31.708801,2026-05-12 00:20:31.708801,-7,27
9911,474,525,2,1,3,0,1,0,0,0,1,1,0,0,0,,0,2026-05-12 00:20:31.708801,2026-05-12 00:20:31.708801,4,27
9912,474,132,16,4,1,1,1,2,2,0,7,14,2,2,1,,5,2026-05-12 00:20:31.708801,2026-05-12 00:20:31.708801,-2,18
9913,474,134,21,5,5,1,0,2,6,2,8,20,6,3,5,,5,2026-05-12 00:20:31.708801,2026-05-12 00:20:31.708801,-3,18
9914,474,128,7,7,3,4,1,3,0,0,3,7,5,1,1,,1,2026-05-12 00:20:31.708801,2026-05-12 00:20:31.708801,2,18
9915,474,136,16,5,0,0,0,1,1,0,5,13,8,6,0,,3,2026-05-12 00:20:31.708801,2026-05-12 00:20:31.708801,-10,18
9916,474,123,12,2,0,0,0,6,7,4,4,8,0,0,0,,1,2026-05-12 00:20:31.708801,2026-05-12 00:20:31.708801,13,18
9917,474,126,18,2,1,0,1,3,3,2,8,13,0,0,1,,3,2026-05-12 00:20:31.708801,2026-05-12 00:20:31.708801,-2,18
9918,474,135,12,8,1,0,1,1,3,2,5,8,0,0,2,,4,2026-05-12 00:20:31.708801,2026-05-12 00:20:31.708801,15,18
9919,474,129,0,1,0,1,1,2,4,0,0,6,0,0,0,,0,2026-05-12 00:20:31.708801,2026-05-12 00:20:31.708801,-2,18
9920,474,122,2,0,1,0,0,0,0,0,1,1,0,0,0,,0,2026-05-12 00:20:31.708801,2026-05-12 00:20:31.708801,-1,18
9921,475,245,11,4,4,1,1,5,0,0,4,6,4,3,1,,4,2026-05-12 00:20:52.174948,2026-05-12 00:20:52.174948,-9,9
9922,475,231,20,7,1,2,0,1,5,1,6,14,8,7,2,,1,2026-05-12 00:20:52.174948,2026-05-12 00:20:52.174948,6,9
9923,475,229,11,5,7,0,2,4,0,0,4,11,4,3,1,,0,2026-05-12 00:20:52.174948,2026-05-12 00:20:52.174948,17,9
9924,475,241,19,0,0,2,0,2,8,5,7,12,1,0,0,,4,2026-05-12 00:20:52.174948,2026-05-12 00:20:52.174948,6,9
9925,475,228,23,3,0,2,0,7,5,2,6,19,11,9,4,,2,2026-05-12 00:20:52.174948,2026-05-12 00:20:52.174948,12,9
9926,475,234,12,4,3,4,0,3,3,0,5,13,2,2,1,,2,2026-05-12 00:20:52.174948,2026-05-12 00:20:52.174948,8,9
9927,475,238,0,2,0,0,0,0,0,0,0,1,0,0,0,,1,2026-05-12 00:20:52.174948,2026-05-12 00:20:52.174948,13,9
9928,475,244,6,2,1,0,0,1,0,0,2,2,2,2,2,,2,2026-05-12 00:20:52.174948,2026-05-12 00:20:52.174948,-7,9
9929,475,232,6,1,0,1,0,0,2,1,2,3,3,1,0,,2,2026-05-12 00:20:52.174948,2026-05-12 00:20:52.174948,8,9
9930,475,230,3,1,0,0,0,0,3,1,1,3,0,0,0,,0,2026-05-12 00:20:52.174948,2026-05-12 00:20:52.174948,-4,9
9931,475,227,5,2,1,1,0,1,2,1,2,3,0,0,0,,1,2026-05-12 00:20:52.174948,2026-05-12 00:20:52.174948,-4,6
9932,475,219,14,6,3,0,2,5,5,2,6,11,0,0,1,,3,2026-05-12 00:20:52.174948,2026-05-12 00:20:52.174948,-18,6
9933,475,211,2,2,1,0,1,1,0,0,1,4,0,0,1,,4,2026-05-12 00:20:52.174948,2026-05-12 00:20:52.174948,4,6
9934,475,218,23,3,1,1,0,2,10,4,9,19,2,1,3,,3,2026-05-12 00:20:52.174948,2026-05-12 00:20:52.174948,-7,6
9935,475,306,22,6,2,1,2,7,7,1,6,15,9,9,7,,3,2026-05-12 00:20:52.174948,2026-05-12 00:20:52.174948,-7,6
9936,475,217,0,0,0,0,0,1,0,0,0,0,0,0,1,,0,2026-05-12 00:20:52.174948,2026-05-12 00:20:52.174948,-10,6
9937,475,223,19,4,1,1,0,2,8,4,7,13,1,1,1,,3,2026-05-12 00:20:52.174948,2026-05-12 00:20:52.174948,-9,6
9938,475,364,9,0,1,0,0,3,1,1,3,6,2,2,4,,1,2026-05-12 00:20:52.174948,2026-05-12 00:20:52.174948,0,6
9939,475,213,4,0,0,1,0,0,2,0,1,4,2,2,0,,1,2026-05-12 00:20:52.174948,2026-05-12 00:20:52.174948,-3,6
9940,475,226,0,5,0,0,0,1,0,0,0,1,0,0,1,,2,2026-05-12 00:20:52.174948,2026-05-12 00:20:52.174948,9,6
9941,475,354,3,2,1,2,0,0,3,1,1,4,0,0,0,,1,2026-05-12 00:20:52.174948,2026-05-12 00:20:52.174948,-5,6
9942,476,142,6,3,0,0,0,4,5,2,2,5,0,0,2,,1,2026-05-12 00:21:07.751244,2026-05-12 00:21:07.751244,2,21
9943,476,145,24,9,3,1,3,1,2,2,9,17,4,4,0,,0,2026-05-12 00:21:07.751244,2026-05-12 00:21:07.751244,10,21
9944,476,144,8,7,2,1,1,4,0,0,3,3,2,2,0,,2,2026-05-12 00:21:07.751244,2026-05-12 00:21:07.751244,5,21
9945,476,147,18,2,0,0,0,4,5,1,7,16,3,3,1,,1,2026-05-12 00:21:07.751244,2026-05-12 00:21:07.751244,14,21
9946,476,143,18,2,0,1,2,6,1,0,8,15,3,2,7,,1,2026-05-12 00:21:07.751244,2026-05-12 00:21:07.751244,9,21
9947,476,153,3,5,2,1,0,3,2,1,1,3,0,0,2,,3,2026-05-12 00:21:07.751244,2026-05-12 00:21:07.751244,11,21
9948,476,150,5,3,1,3,1,2,3,1,2,6,0,0,2,,2,2026-05-12 00:21:07.751244,2026-05-12 00:21:07.751244,11,21
9949,476,140,5,2,0,0,0,2,4,1,2,5,0,0,0,,1,2026-05-12 00:21:07.751244,2026-05-12 00:21:07.751244,15,21
9950,476,146,9,1,0,1,0,1,3,1,4,6,0,0,0,,0,2026-05-12 00:21:07.751244,2026-05-12 00:21:07.751244,11,21
9951,476,83,12,1,1,0,0,2,5,4,4,7,0,0,0,,3,2026-05-12 00:21:07.751244,2026-05-12 00:21:07.751244,4,21
9952,476,151,0,0,0,0,0,0,0,0,0,2,0,0,0,,0,2026-05-12 00:21:07.751244,2026-05-12 00:21:07.751244,-2,21
9953,476,154,0,0,0,0,0,0,0,0,0,0,0,0,0,,0,2026-05-12 00:21:07.751244,2026-05-12 00:21:07.751244,0,21
9954,476,320,27,3,1,1,0,6,6,3,12,17,1,0,2,,1,2026-05-12 00:21:07.751244,2026-05-12 00:21:07.751244,-6,14
9955,476,317,18,2,0,1,1,2,6,3,7,13,2,1,1,,1,2026-05-12 00:21:07.751244,2026-05-12 00:21:07.751244,-21,14
9956,476,315,10,7,5,0,1,2,0,0,5,12,0,0,1,,4,2026-05-12 00:21:07.751244,2026-05-12 00:21:07.751244,-4,14
9957,476,325,8,4,1,0,1,6,5,0,3,16,2,2,4,,3,2026-05-12 00:21:07.751244,2026-05-12 00:21:07.751244,-10,14
9958,476,326,12,2,2,4,0,7,8,2,4,15,2,2,2,,3,2026-05-12 00:21:07.751244,2026-05-12 00:21:07.751244,-10,14
9959,476,375,7,5,0,1,0,1,3,1,1,4,4,4,2,,1,2026-05-12 00:21:07.751244,2026-05-12 00:21:07.751244,-14,14
9960,476,318,3,3,3,0,0,1,0,0,1,3,2,1,3,,2,2026-05-12 00:21:07.751244,2026-05-12 00:21:07.751244,-12,14
9961,476,323,3,1,0,1,1,0,1,1,1,2,0,0,2,,0,2026-05-12 00:21:07.751244,2026-05-12 00:21:07.751244,-9,14
9962,476,330,2,1,0,0,0,0,1,0,1,2,0,0,0,,1,2026-05-12 00:21:07.751244,2026-05-12 00:21:07.751244,-4,14
9963,476,319,0,0,0,0,0,1,0,0,0,0,0,0,0,,0,2026-05-12 00:21:07.751244,2026-05-12 00:21:07.751244,0,14
9964,476,327,0,1,0,0,0,0,0,0,0,0,0,0,0,,0,2026-05-12 00:21:07.751244,2026-05-12 00:21:07.751244,0,14
9965,476,328,0,0,0,0,0,0,0,0,0,0,0,0,0,,0,2026-05-12 00:21:07.751244,2026-05-12 00:21:07.751244,0,14
9966,476,322,0,0,0,0,0,0,0,0,0,1,0,0,0,,0,2026-05-12 00:21:07.751244,2026-05-12 00:21:07.751244,0,14
9967,477,53,24,3,2,4,1,2,7,2,9,17,4,4,0,,3,2026-05-12 00:21:33.337767,2026-05-12 00:21:33.337767,12,20
9968,477,59,5,7,0,3,0,6,5,1,2,6,0,0,4,,3,2026-05-12 00:21:33.337767,2026-05-12 00:21:33.337767,5,20
9969,477,67,20,8,2,1,0,7,1,1,6,8,9,7,3,,4,2026-05-12 00:21:33.337767,2026-05-12 00:21:33.337767,6,20
9970,477,54,18,4,1,1,1,2,2,0,9,13,0,0,0,,1,2026-05-12 00:21:33.337767,2026-05-12 00:21:33.337767,7,20
9971,477,55,26,1,0,1,0,6,5,1,9,21,8,7,3,,1,2026-05-12 00:21:33.337767,2026-05-12 00:21:33.337767,7,20
9972,477,56,6,2,3,0,0,0,1,0,2,4,2,2,1,,0,2026-05-12 00:21:33.337767,2026-05-12 00:21:33.337767,-6,20
9973,477,63,4,1,0,0,0,1,4,1,1,5,2,1,1,,2,2026-05-12 00:21:33.337767,2026-05-12 00:21:33.337767,-2,20
9974,477,60,2,2,1,0,0,0,0,0,1,3,0,0,0,,4,2026-05-12 00:21:33.337767,2026-05-12 00:21:33.337767,-3,20
9975,477,538,0,0,0,0,0,0,0,0,0,0,0,0,0,,0,2026-05-12 00:21:33.337767,2026-05-12 00:21:33.337767,-1,20
9976,477,508,3,0,0,0,0,1,1,1,1,2,0,0,1,,2,2026-05-12 00:21:33.337767,2026-05-12 00:21:33.337767,-1,20
9977,477,66,0,0,0,0,0,0,0,0,0,0,0,0,0,,0,2026-05-12 00:21:33.337767,2026-05-12 00:21:33.337767,6,20
9978,477,78,19,5,1,2,2,4,13,5,7,18,1,0,2,,4,2026-05-12 00:21:33.337767,2026-05-12 00:21:33.337767,-4,23
9979,477,84,19,5,0,1,0,2,6,3,6,12,4,4,1,,2,2026-05-12 00:21:33.337767,2026-05-12 00:21:33.337767,-8,23
9980,477,74,6,6,2,1,0,1,0,0,2,2,2,2,0,,4,2026-05-12 00:21:33.337767,2026-05-12 00:21:33.337767,-3,23
9981,477,75,17,3,2,1,0,3,7,3,6,13,4,2,4,,3,2026-05-12 00:21:33.337767,2026-05-12 00:21:33.337767,-5,23
9982,477,82,26,3,0,1,0,6,6,1,9,23,9,7,6,,1,2026-05-12 00:21:33.337767,2026-05-12 00:21:33.337767,0,23
9983,477,72,2,1,6,0,2,1,0,0,0,0,4,2,2,,5,2026-05-12 00:21:33.337767,2026-05-12 00:21:33.337767,2,23
9984,477,80,7,3,0,1,0,3,2,1,1,4,4,4,1,,3,2026-05-12 00:21:33.337767,2026-05-12 00:21:33.337767,-6,23
9985,477,70,6,2,0,1,2,0,0,0,3,3,0,0,2,,1,2026-05-12 00:21:33.337767,2026-05-12 00:21:33.337767,-6,23
9986,478,540,10,4,1,0,0,4,6,2,3,9,2,2,0,,1,2026-05-12 00:21:56.136081,2026-05-12 00:21:56.136081,13,27
9987,478,529,12,3,0,2,1,2,6,4,4,6,0,0,0,,1,2026-05-12 00:21:56.136081,2026-05-12 00:21:56.136081,19,27
9988,478,542,19,11,4,1,2,2,7,2,7,15,3,3,2,,1,2026-05-12 00:21:56.136081,2026-05-12 00:21:56.136081,12,27
9989,478,530,16,0,0,2,0,2,2,2,5,10,5,4,1,,1,2026-05-12 00:21:56.136081,2026-05-12 00:21:56.136081,24,27
9990,478,528,21,3,1,2,0,4,1,0,6,10,9,9,5,,5,2026-05-12 00:21:56.136081,2026-05-12 00:21:56.136081,17,27
9991,478,531,11,6,1,2,0,5,3,1,5,10,0,0,2,,2,2026-05-12 00:21:56.136081,2026-05-12 00:21:56.136081,24,27
9992,478,533,9,8,2,0,1,1,1,0,2,8,8,5,1,,4,2026-05-12 00:21:56.136081,2026-05-12 00:21:56.136081,28,27
9993,478,535,4,2,0,2,3,1,0,0,1,1,2,2,0,,1,2026-05-12 00:21:56.136081,2026-05-12 00:21:56.136081,22,27
9994,478,527,2,1,1,0,0,2,2,0,1,3,2,0,1,,5,2026-05-12 00:21:56.136081,2026-05-12 00:21:56.136081,18,27
9995,478,525,12,1,1,0,0,0,5,2,4,7,2,2,1,,3,2026-05-12 00:21:56.136081,2026-05-12 00:21:56.136081,18,27
9996,478,536,2,0,0,1,0,2,0,0,1,1,0,0,0,,1,2026-05-12 00:21:56.136081,2026-05-12 00:21:56.136081,1,27
9997,478,537,5,1,0,1,0,2,2,1,2,3,0,0,1,,2,2026-05-12 00:21:56.136081,2026-05-12 00:21:56.136081,1,27
9998,478,541,8,2,2,0,0,1,4,2,3,5,0,0,1,,1,2026-05-12 00:21:56.136081,2026-05-12 00:21:56.136081,1,27
9999,478,396,0,0,0,0,2,1,0,0,0,0,0,0,0,,0,2026-05-12 00:21:56.136081,2026-05-12 00:21:56.136081,-4,27
10000,478,526,2,0,0,0,0,0,0,0,1,2,0,0,0,,0,2026-05-12 00:21:56.136081,2026-05-12 00:21:56.136081,-4,27
10001,478,132,12,1,2,0,1,4,1,0,6,10,1,0,2,,5,2026-05-12 00:21:56.136081,2026-05-12 00:21:56.136081,-6,18
10002,478,134,12,4,1,2,0,2,2,0,4,10,5,4,5,,2,2026-05-12 00:21:56.136081,2026-05-12 00:21:56.136081,-26,18
10003,478,128,5,6,4,0,0,1,0,0,1,4,9,3,4,,4,2026-05-12 00:21:56.136081,2026-05-12 00:21:56.136081,-23,18
10004,478,136,12,3,2,0,0,1,4,0,4,12,4,4,1,,5,2026-05-12 00:21:56.136081,2026-05-12 00:21:56.136081,-19,18
10005,478,123,3,1,0,1,0,3,3,1,1,4,0,0,0,,1,2026-05-12 00:21:56.136081,2026-05-12 00:21:56.136081,-10,18
10006,478,195,0,0,0,1,1,0,1,0,0,4,0,0,0,,0,2026-05-12 00:21:56.136081,2026-05-12 00:21:56.136081,-6,18
10007,478,126,12,3,0,0,0,0,5,1,5,13,2,1,4,,1,2026-05-12 00:21:56.136081,2026-05-12 00:21:56.136081,-33,18
10008,478,135,11,7,0,0,0,0,4,3,4,7,0,0,2,,3,2026-05-12 00:21:56.136081,2026-05-12 00:21:56.136081,-26,18
10009,478,122,3,0,0,1,0,1,4,1,1,5,0,0,0,,1,2026-05-12 00:21:56.136081,2026-05-12 00:21:56.136081,-8,18
10010,478,129,0,1,0,0,0,2,1,0,0,3,0,0,1,,0,2026-05-12 00:21:56.136081,2026-05-12 00:21:56.136081,-17,18
10011,478,174,8,2,1,0,0,4,1,0,3,6,6,2,1,,2,2026-05-12 00:21:56.136081,2026-05-12 00:21:56.136081,-13,18
10012,478,130,7,1,1,2,0,0,3,2,2,3,2,1,1,,0,2026-05-12 00:21:56.136081,2026-05-12 00:21:56.136081,-1,18
10013,478,205,3,0,0,0,0,1,1,1,1,3,0,0,0,,1,2026-05-12 00:21:56.136081,2026-05-12 00:21:56.136081,-1,18
10014,478,121,7,2,1,0,0,0,0,0,3,4,2,1,1,,0,2026-05-12 00:21:56.136081,2026-05-12 00:21:56.136081,-1,18
10015,479,245,10,4,3,2,0,2,0,0,5,8,2,0,0,,5,2026-05-12 00:22:17.641114,2026-05-12 00:22:17.641114,4,9
10016,479,231,21,6,1,2,2,0,3,2,9,16,2,1,1,,2,2026-05-12 00:22:17.641114,2026-05-12 00:22:17.641114,8,9
10017,479,229,8,8,2,0,0,1,0,0,2,7,6,4,2,,3,2026-05-12 00:22:17.641114,2026-05-12 00:22:17.641114,6,9
10018,479,241,17,3,0,3,0,3,9,5,6,12,0,0,1,,1,2026-05-12 00:22:17.641114,2026-05-12 00:22:17.641114,5,9
10019,479,228,25,3,0,1,2,10,6,3,7,14,8,8,5,,3,2026-05-12 00:22:17.641114,2026-05-12 00:22:17.641114,13,9
10020,479,234,14,4,2,0,0,4,5,2,6,14,0,0,1,,1,2026-05-12 00:22:17.641114,2026-05-12 00:22:17.641114,9,9
10021,479,244,2,0,2,0,0,0,0,0,1,1,0,0,0,,5,2026-05-12 00:22:17.641114,2026-05-12 00:22:17.641114,4,9
10022,479,232,2,1,1,1,1,0,2,0,0,3,2,2,0,,2,2026-05-12 00:22:17.641114,2026-05-12 00:22:17.641114,2,9
10023,479,238,8,1,1,0,0,1,3,2,3,5,0,0,0,,0,2026-05-12 00:22:17.641114,2026-05-12 00:22:17.641114,-1,9
10024,479,230,0,0,0,0,0,0,0,0,0,0,0,0,0,,0,2026-05-12 00:22:17.641114,2026-05-12 00:22:17.641114,0,9
10025,479,227,8,3,2,0,0,0,4,2,3,6,0,0,0,,1,2026-05-12 00:22:17.641114,2026-05-12 00:22:17.641114,-4,6
10026,479,219,9,1,0,3,3,4,4,1,4,10,0,0,2,,3,2026-05-12 00:22:17.641114,2026-05-12 00:22:17.641114,-6,6
10027,479,211,22,4,3,1,1,3,0,0,7,9,10,8,1,,5,2026-05-12 00:22:17.641114,2026-05-12 00:22:17.641114,-6,6
10028,479,218,31,5,1,2,0,3,9,2,11,24,9,7,2,,2,2026-05-12 00:22:17.641114,2026-05-12 00:22:17.641114,-2,6
10029,479,306,10,6,0,1,0,3,4,0,3,13,4,4,4,,3,2026-05-12 00:22:17.641114,2026-05-12 00:22:17.641114,-15,6
10030,479,226,7,3,2,0,0,1,2,0,3,7,2,1,0,,1,2026-05-12 00:22:17.641114,2026-05-12 00:22:17.641114,-3,6
10031,479,364,4,2,1,0,0,5,2,0,1,5,2,2,2,,2,2026-05-12 00:22:17.641114,2026-05-12 00:22:17.641114,-4,6
10032,479,223,3,3,0,0,2,1,6,1,1,6,0,0,0,,2,2026-05-12 00:22:17.641114,2026-05-12 00:22:17.641114,-9,6
10033,479,354,3,0,0,0,0,0,1,1,1,1,0,0,0,,0,2026-05-12 00:22:17.641114,2026-05-12 00:22:17.641114,-1,6
10034,480,142,3,1,0,1,0,2,6,1,1,6,0,0,2,,2,2026-05-12 00:22:36.045189,2026-05-12 00:22:36.045189,-1,21
10035,480,145,22,6,3,4,2,3,5,3,7,11,7,5,2,,3,2026-05-12 00:22:36.045189,2026-05-12 00:22:36.045189,19,21
10036,480,144,10,5,4,2,2,1,0,0,5,6,0,0,1,,2,2026-05-12 00:22:36.045189,2026-05-12 00:22:36.045189,1,21
10037,480,147,20,2,1,0,0,6,3,0,7,12,7,6,2,,2,2026-05-12 00:22:36.045189,2026-05-12 00:22:36.045189,18,21
10038,480,143,22,2,0,1,0,2,3,1,7,13,9,7,3,,4,2026-05-12 00:22:36.045189,2026-05-12 00:22:36.045189,5,21
10039,480,150,12,1,1,1,1,4,3,2,4,7,2,2,0,,3,2026-05-12 00:22:36.045189,2026-05-12 00:22:36.045189,17,21
10040,480,153,7,2,0,0,0,1,4,2,2,4,1,1,0,,2,2026-05-12 00:22:36.045189,2026-05-12 00:22:36.045189,12,21
10041,480,146,4,0,0,0,0,3,1,0,2,3,0,0,0,,0,2026-05-12 00:22:36.045189,2026-05-12 00:22:36.045189,-1,21
10042,480,140,5,4,0,2,0,4,5,1,2,6,0,0,1,,0,2026-05-12 00:22:36.045189,2026-05-12 00:22:36.045189,17,21
10043,480,83,18,0,0,0,0,0,5,4,7,11,0,0,1,,3,2026-05-12 00:22:36.045189,2026-05-12 00:22:36.045189,1,21
10044,480,151,0,0,0,1,0,0,0,0,0,0,0,0,0,,0,2026-05-12 00:22:36.045189,2026-05-12 00:22:36.045189,1,21
10045,480,154,0,0,0,0,0,0,1,0,0,1,0,0,0,,0,2026-05-12 00:22:36.045189,2026-05-12 00:22:36.045189,1,21
10046,480,149,2,0,0,0,0,0,0,0,1,1,0,0,0,,0,2026-05-12 00:22:36.045189,2026-05-12 00:22:36.045189,0,21
10047,480,320,23,1,1,3,0,6,4,1,9,18,4,4,3,,1,2026-05-12 00:22:36.045189,2026-05-12 00:22:36.045189,-9,14
10048,480,317,16,4,0,1,0,2,7,4,6,10,0,0,2,,2,2026-05-12 00:22:36.045189,2026-05-12 00:22:36.045189,-19,14
10049,480,315,3,5,5,0,0,0,0,0,1,7,2,1,2,,3,2026-05-12 00:22:36.045189,2026-05-12 00:22:36.045189,-4,14
10050,480,325,31,2,0,0,0,6,6,3,10,16,10,8,5,,5,2026-05-12 00:22:36.045189,2026-05-12 00:22:36.045189,-20,14
10051,480,326,14,2,2,1,0,5,7,1,4,13,5,5,3,,5,2026-05-12 00:22:36.045189,2026-05-12 00:22:36.045189,2,14
10052,480,323,0,0,0,1,0,1,1,0,0,2,0,0,1,,2,2026-05-12 00:22:36.045189,2026-05-12 00:22:36.045189,-14,14
10053,480,318,6,2,1,1,0,2,0,0,3,3,0,0,2,,5,2026-05-12 00:22:36.045189,2026-05-12 00:22:36.045189,-11,14
10054,480,375,10,1,0,0,0,0,3,2,4,5,0,0,0,,2,2026-05-12 00:22:36.045189,2026-05-12 00:22:36.045189,-15,14
10055,480,328,0,2,1,0,0,0,0,0,0,0,0,0,1,,1,2026-05-12 00:22:36.045189,2026-05-12 00:22:36.045189,3,14
10056,480,319,0,0,0,0,0,1,0,0,0,0,0,0,0,,0,2026-05-12 00:22:36.045189,2026-05-12 00:22:36.045189,-1,14
10057,480,322,2,1,0,0,0,0,0,0,1,1,0,0,1,,0,2026-05-12 00:22:36.045189,2026-05-12 00:22:36.045189,-1,14
10058,480,327,2,0,0,0,0,1,1,0,1,3,0,0,0,,0,2026-05-12 00:22:36.045189,2026-05-12 00:22:36.045189,-1,14
10059,481,84,22,6,2,0,0,1,5,2,7,16,6,6,0,,4,2026-05-12 00:23:08.903285,2026-05-12 00:23:08.903285,-6,23
10060,481,78,15,2,3,2,0,3,8,3,6,18,0,0,3,,3,2026-05-12 00:23:08.903285,2026-05-12 00:23:08.903285,-14,23
10061,481,77,18,5,1,0,3,5,4,0,7,17,6,4,3,,3,2026-05-12 00:23:08.903285,2026-05-12 00:23:08.903285,-9,23
10062,481,75,11,5,2,2,0,4,5,1,4,9,2,2,2,,4,2026-05-12 00:23:08.903285,2026-05-12 00:23:08.903285,-9,23
10063,481,82,17,2,0,1,0,7,3,1,8,12,0,0,2,,2,2026-05-12 00:23:08.903285,2026-05-12 00:23:08.903285,-11,23
10064,481,80,6,1,1,0,0,2,5,2,2,6,0,0,1,,4,2026-05-12 00:23:08.903285,2026-05-12 00:23:08.903285,-17,23
10065,481,74,0,1,0,1,0,0,1,0,0,1,0,0,0,,1,2026-05-12 00:23:08.903285,2026-05-12 00:23:08.903285,3,23
10066,481,70,2,1,0,0,0,0,0,0,1,1,0,0,0,,2,2026-05-12 00:23:08.903285,2026-05-12 00:23:08.903285,-7,23
10067,481,72,0,0,0,0,0,0,0,0,0,0,0,0,0,,1,2026-05-12 00:23:08.903285,2026-05-12 00:23:08.903285,-8,23
10068,481,85,0,0,0,0,0,0,1,0,0,1,0,0,0,,0,2026-05-12 00:23:08.903285,2026-05-12 00:23:08.903285,2,23
10069,481,207,0,1,0,1,0,1,0,0,0,2,0,0,0,,1,2026-05-12 00:23:08.903285,2026-05-12 00:23:08.903285,2,23
10070,481,76,0,0,0,0,0,0,0,0,0,0,0,0,0,,0,2026-05-12 00:23:08.903285,2026-05-12 00:23:08.903285,2,23
10071,481,86,3,0,0,0,0,0,0,0,1,1,2,1,0,,0,2026-05-12 00:23:08.903285,2026-05-12 00:23:08.903285,2,23
10072,481,59,12,9,2,1,0,3,4,0,6,12,2,0,4,,4,2026-05-12 00:23:08.903285,2026-05-12 00:23:08.903285,5,20
10073,481,54,23,3,0,2,0,1,4,2,8,14,5,5,0,,3,2026-05-12 00:23:08.903285,2026-05-12 00:23:08.903285,15,20
10074,481,67,8,8,4,0,1,7,2,0,3,8,2,2,1,,5,2026-05-12 00:23:08.903285,2026-05-12 00:23:08.903285,3,20
10075,481,63,3,0,0,0,2,2,5,1,1,6,0,0,0,,1,2026-05-12 00:23:08.903285,2026-05-12 00:23:08.903285,-4,20
10076,481,55,33,5,0,0,0,9,8,3,11,22,9,8,3,,2,2026-05-12 00:23:08.903285,2026-05-12 00:23:08.903285,13,20
10077,481,65,6,4,2,1,1,0,0,0,1,3,8,4,0,,2,2026-05-12 00:23:08.903285,2026-05-12 00:23:08.903285,16,20
10078,481,56,4,3,2,1,0,3,0,0,2,3,0,0,2,,1,2026-05-12 00:23:08.903285,2026-05-12 00:23:08.903285,11,20
10079,481,66,15,1,2,1,0,0,3,2,5,6,4,3,2,,3,2026-05-12 00:23:08.903285,2026-05-12 00:23:08.903285,20,20
10080,481,508,3,0,0,0,0,0,1,1,1,1,0,0,0,,0,2026-05-12 00:23:08.903285,2026-05-12 00:23:08.903285,2,20
10081,481,60,0,0,1,0,0,0,0,0,0,0,0,0,0,,0,2026-05-12 00:23:08.903285,2026-05-12 00:23:08.903285,-5,20
10082,481,62,0,0,0,0,0,0,0,0,0,1,0,0,0,,0,2026-05-12 00:23:08.903285,2026-05-12 00:23:08.903285,-2,20
10083,481,58,0,0,0,0,0,0,0,0,0,0,0,0,1,,0,2026-05-12 00:23:08.903285,2026-05-12 00:23:08.903285,-2,20
10084,481,57,0,1,0,0,0,0,0,0,0,0,0,0,1,,0,2026-05-12 00:23:08.903285,2026-05-12 00:23:08.903285,-1,20
10085,481,538,1,2,0,0,0,0,0,0,0,0,2,1,0,,0,2026-05-12 00:23:08.903285,2026-05-12 00:23:08.903285,-1,20
10086,482,132,17,3,4,1,1,2,8,3,5,22,4,4,1,,4,2026-05-12 00:23:29.152412,2026-05-12 00:23:29.152412,-15,18
10087,482,134,12,2,4,1,0,0,3,0,3,12,6,6,2,,5,2026-05-12 00:23:29.152412,2026-05-12 00:23:29.152412,-11,18
10088,482,128,13,4,3,0,3,2,0,0,6,7,1,1,1,,2,2026-05-12 00:23:29.152412,2026-05-12 00:23:29.152412,-6,18
10089,482,126,32,13,1,0,1,6,9,3,12,26,6,5,2,,5,2026-05-12 00:23:29.152412,2026-05-12 00:23:29.152412,-10,18
10090,482,123,0,2,0,0,0,0,1,0,0,1,0,0,1,,0,2026-05-12 00:23:29.152412,2026-05-12 00:23:29.152412,-10,18
10091,482,135,18,7,2,0,2,5,8,4,6,13,4,2,0,,4,2026-05-12 00:23:29.152412,2026-05-12 00:23:29.152412,3,18
10092,482,195,11,6,1,1,0,5,8,3,4,12,0,0,4,,3,2026-05-12 00:23:29.152412,2026-05-12 00:23:29.152412,-5,18
10093,482,136,5,2,0,0,0,2,3,1,2,6,0,0,1,,2,2026-05-12 00:23:29.152412,2026-05-12 00:23:29.152412,19,18
10094,482,540,13,5,1,2,0,3,6,1,6,14,0,0,1,,2,2026-05-12 00:23:29.152412,2026-05-12 00:23:29.152412,10,27
10095,482,529,6,8,4,2,0,3,6,2,2,7,0,0,0,,2,2026-05-12 00:23:29.152412,2026-05-12 00:23:29.152412,5,27
10096,482,542,39,14,1,1,5,1,5,3,13,18,12,10,1,,5,2026-05-12 00:23:29.152412,2026-05-12 00:23:29.152412,16,27
10097,482,530,17,2,1,1,0,5,5,1,7,19,3,2,2,,3,2026-05-12 00:23:29.152412,2026-05-12 00:23:29.152412,-2,27
10098,482,528,13,4,0,0,0,12,3,1,3,11,8,6,4,,3,2026-05-12 00:23:29.152412,2026-05-12 00:23:29.152412,17,27
10099,482,531,8,3,1,1,1,1,2,0,2,6,6,4,1,,2,2026-05-12 00:23:29.152412,2026-05-12 00:23:29.152412,-1,27
10100,482,533,11,2,0,1,0,1,4,2,3,7,4,3,0,,1,2026-05-12 00:23:29.152412,2026-05-12 00:23:29.152412,-11,27
10101,482,535,2,1,0,0,1,0,0,0,1,1,0,0,0,,3,2026-05-12 00:23:29.152412,2026-05-12 00:23:29.152412,-9,27
10102,482,525,0,1,0,1,0,0,0,0,0,0,0,0,0,,0,2026-05-12 00:23:29.152412,2026-05-12 00:23:29.152412,3,27
10103,482,527,6,0,0,0,0,0,2,2,2,2,0,0,0,,2,2026-05-12 00:23:29.152412,2026-05-12 00:23:29.152412,7,27
10104,483,227,3,1,0,0,0,0,2,1,1,2,0,0,2,,0,2026-05-12 00:23:52.614681,2026-05-12 00:23:52.614681,-6,6
10105,483,219,13,6,2,0,2,4,2,0,4,6,10,5,1,,5,2026-05-12 00:23:52.614681,2026-05-12 00:23:52.614681,9,6
10106,483,211,18,3,1,1,2,1,0,0,7,9,7,4,1,,1,2026-05-12 00:23:52.614681,2026-05-12 00:23:52.614681,3,6
10107,483,218,35,9,1,0,0,4,8,2,13,24,8,7,3,,3,2026-05-12 00:23:52.614681,2026-05-12 00:23:52.614681,7,6
10108,483,306,19,1,1,1,0,7,7,3,8,14,1,0,3,,1,2026-05-12 00:23:52.614681,2026-05-12 00:23:52.614681,8,6
10109,483,226,3,2,0,0,1,2,3,1,1,3,0,0,1,,0,2026-05-12 00:23:52.614681,2026-05-12 00:23:52.614681,2,6
10110,483,223,7,5,0,1,0,2,4,1,3,7,0,0,2,,5,2026-05-12 00:23:52.614681,2026-05-12 00:23:52.614681,8,6
10111,483,364,11,1,0,0,2,2,3,3,4,5,0,0,2,,0,2026-05-12 00:23:52.614681,2026-05-12 00:23:52.614681,0,6
10112,483,217,7,0,0,0,0,0,3,1,2,4,2,2,0,,2,2026-05-12 00:23:52.614681,2026-05-12 00:23:52.614681,4,6
10113,483,245,9,4,3,0,2,5,2,0,4,10,2,1,0,,4,2026-05-12 00:23:52.614681,2026-05-12 00:23:52.614681,12,9
10114,483,231,21,4,1,0,0,0,3,2,7,14,5,5,1,,2,2026-05-12 00:23:52.614681,2026-05-12 00:23:52.614681,3,9
10115,483,229,11,3,1,2,0,1,0,0,5,8,2,1,3,,3,2026-05-12 00:23:52.614681,2026-05-12 00:23:52.614681,-14,9
10116,483,241,15,3,0,5,1,4,7,4,5,9,2,1,0,,3,2026-05-12 00:23:52.614681,2026-05-12 00:23:52.614681,1,9
10117,483,228,27,4,6,1,0,10,6,2,10,27,6,5,8,,5,2026-05-12 00:23:52.614681,2026-05-12 00:23:52.614681,6,9
10118,483,234,2,0,1,0,0,3,3,0,1,5,0,0,1,,3,2026-05-12 00:23:52.614681,2026-05-12 00:23:52.614681,-28,9
10119,483,238,6,0,2,4,0,0,0,0,2,6,2,2,1,,0,2026-05-12 00:23:52.614681,2026-05-12 00:23:52.614681,-10,9
10120,483,244,4,2,0,0,0,0,0,0,2,3,0,0,0,,2,2026-05-12 00:23:52.614681,2026-05-12 00:23:52.614681,-4,9
10121,483,232,0,1,0,0,1,0,0,0,0,0,0,0,0,,0,2026-05-12 00:23:52.614681,2026-05-12 00:23:52.614681,-3,9
10122,483,230,3,1,1,0,0,0,4,1,1,5,0,0,0,,1,2026-05-12 00:23:52.614681,2026-05-12 00:23:52.614681,-9,9
10123,483,240,11,1,2,0,0,0,0,0,4,4,3,3,1,,2,2026-05-12 00:23:52.614681,2026-05-12 00:23:52.614681,11,9
10124,484,320,19,6,0,1,0,8,6,2,7,19,4,3,3,,1,2026-05-12 00:24:09.915038,2026-05-12 00:24:09.915038,-25,14
10125,484,317,21,4,1,1,0,4,8,5,7,14,2,2,1,,1,2026-05-12 00:24:09.915038,2026-05-12 00:24:09.915038,-25,14
10126,484,315,10,1,5,1,1,0,0,0,5,9,0,0,0,,3,2026-05-12 00:24:09.915038,2026-05-12 00:24:09.915038,-8,14
10127,484,325,17,2,1,0,0,9,5,1,5,13,8,6,5,,2,2026-05-12 00:24:09.915038,2026-05-12 00:24:09.915038,-24,14
10128,484,326,10,1,2,1,0,3,2,1,3,7,4,3,2,,4,2026-05-12 00:24:09.915038,2026-05-12 00:24:09.915038,-23,14
10129,484,375,18,2,0,1,0,2,6,4,7,10,0,0,0,,1,2026-05-12 00:24:09.915038,2026-05-12 00:24:09.915038,-9,14
10130,484,318,1,1,1,0,0,0,0,0,0,0,2,1,0,,2,2026-05-12 00:24:09.915038,2026-05-12 00:24:09.915038,-5,14
10131,484,328,4,5,3,0,0,1,1,0,1,3,3,2,2,,1,2026-05-12 00:24:09.915038,2026-05-12 00:24:09.915038,1,14
10132,484,321,0,0,1,0,0,1,0,0,0,1,0,0,2,,1,2026-05-12 00:24:09.915038,2026-05-12 00:24:09.915038,0,14
10133,484,322,0,1,0,0,0,3,1,0,0,2,0,0,0,,0,2026-05-12 00:24:09.915038,2026-05-12 00:24:09.915038,1,14
10134,484,319,2,0,0,0,0,0,0,0,1,1,0,0,1,,0,2026-05-12 00:24:09.915038,2026-05-12 00:24:09.915038,1,14
10135,484,327,6,0,0,1,0,0,1,1,2,2,2,1,0,,0,2026-05-12 00:24:09.915038,2026-05-12 00:24:09.915038,1,14
10136,484,142,10,2,1,1,0,0,2,2,4,5,0,0,0,,4,2026-05-12 00:24:09.915038,2026-05-12 00:24:09.915038,21,21
10137,484,145,18,7,2,0,1,1,4,0,9,14,0,0,1,,1,2026-05-12 00:24:09.915038,2026-05-12 00:24:09.915038,18,21
10138,484,144,12,7,2,1,0,2,0,0,6,7,0,0,4,,1,2026-05-12 00:24:09.915038,2026-05-12 00:24:09.915038,26,21
10139,484,147,24,2,2,3,0,10,4,2,10,17,3,2,0,,3,2026-05-12 00:24:09.915038,2026-05-12 00:24:09.915038,14,21
10140,484,143,23,2,2,1,2,9,7,3,7,20,7,6,2,,1,2026-05-12 00:24:09.915038,2026-05-12 00:24:09.915038,24,21
10141,484,153,3,4,0,0,0,2,2,1,1,2,0,0,0,,2,2026-05-12 00:24:09.915038,2026-05-12 00:24:09.915038,0,21
10142,484,150,16,0,1,1,0,1,6,4,6,10,0,0,1,,3,2026-05-12 00:24:09.915038,2026-05-12 00:24:09.915038,13,21
10143,484,146,12,3,2,1,0,2,6,4,4,7,0,0,0,,3,2026-05-12 00:24:09.915038,2026-05-12 00:24:09.915038,-2,21
10144,484,140,6,2,0,3,0,2,3,0,3,6,0,0,0,,3,2026-05-12 00:24:09.915038,2026-05-12 00:24:09.915038,11,21
10145,484,83,3,0,0,0,0,1,1,1,1,1,0,0,0,,0,2026-05-12 00:24:09.915038,2026-05-12 00:24:09.915038,-6,21
10146,484,154,0,0,0,0,0,0,2,0,0,2,0,0,0,,1,2026-05-12 00:24:09.915038,2026-05-12 00:24:09.915038,-1,21
10147,484,151,4,0,0,0,0,0,0,0,2,2,0,0,0,,0,2026-05-12 00:24:09.915038,2026-05-12 00:24:09.915038,-1,21
10148,484,149,0,2,0,1,0,0,1,0,0,1,0,0,1,,0,2026-05-12 00:24:09.915038,2026-05-12 00:24:09.915038,-2,21
10149,485,84,10,3,1,0,0,0,1,0,4,6,3,2,0,,0,2026-05-12 00:24:37.199644,2026-05-12 00:24:37.199644,-28,23
10150,485,78,7,1,0,0,0,2,4,1,3,7,0,0,2,,2,2026-05-12 00:24:37.199644,2026-05-12 00:24:37.199644,-35,23
10151,485,77,24,4,1,0,0,4,2,2,8,8,7,6,3,,3,2026-05-12 00:24:37.199644,2026-05-12 00:24:37.199644,-24,23
10152,485,75,8,4,2,0,1,7,6,0,4,14,0,0,0,,1,2026-05-12 00:24:37.199644,2026-05-12 00:24:37.199644,-33,23
10153,485,82,17,2,0,0,0,4,7,1,6,16,6,4,2,,2,2026-05-12 00:24:37.199644,2026-05-12 00:24:37.199644,-35,23
10154,485,74,4,2,2,0,0,0,0,0,2,4,0,0,1,,5,2026-05-12 00:24:37.199644,2026-05-12 00:24:37.199644,-14,23
10155,485,80,6,0,0,0,1,0,5,2,2,6,0,0,0,,2,2026-05-12 00:24:37.199644,2026-05-12 00:24:37.199644,-24,23
10156,485,76,8,1,0,0,0,1,6,0,3,9,2,2,0,,1,2026-05-12 00:24:37.199644,2026-05-12 00:24:37.199644,3,23
10157,485,70,5,1,0,0,0,1,0,0,2,3,1,1,0,,1,2026-05-12 00:24:37.199644,2026-05-12 00:24:37.199644,-3,23
10158,485,72,7,1,1,0,1,0,0,0,2,2,4,3,0,,1,2026-05-12 00:24:37.199644,2026-05-12 00:24:37.199644,4,23
10159,485,207,9,1,0,3,0,3,1,1,3,4,5,2,1,,2,2026-05-12 00:24:37.199644,2026-05-12 00:24:37.199644,9,23
10160,485,86,2,0,0,2,0,1,0,0,1,1,0,0,0,,2,2026-05-12 00:24:37.199644,2026-05-12 00:24:37.199644,14,23
10161,485,85,0,2,0,0,0,0,0,0,0,1,0,0,0,,1,2026-05-12 00:24:37.199644,2026-05-12 00:24:37.199644,12,23
10162,485,73,7,1,0,0,0,1,3,1,3,5,0,0,0,,0,2026-05-12 00:24:37.199644,2026-05-12 00:24:37.199644,4,23
10163,485,59,17,8,1,1,1,1,6,4,6,10,1,1,1,,0,2026-05-12 00:24:37.199644,2026-05-12 00:24:37.199644,30,20
10164,485,54,12,3,1,3,0,6,2,0,6,10,0,0,1,,1,2026-05-12 00:24:37.199644,2026-05-12 00:24:37.199644,31,20
10165,485,67,17,2,2,0,2,10,3,2,5,7,6,5,2,,5,2026-05-12 00:24:37.199644,2026-05-12 00:24:37.199644,23,20
10166,485,63,25,3,1,1,0,0,9,7,7,10,4,4,0,,0,2026-05-12 00:24:37.199644,2026-05-12 00:24:37.199644,33,20
10167,485,55,22,2,2,0,0,6,10,6,8,17,0,0,0,,2,2026-05-12 00:24:37.199644,2026-05-12 00:24:37.199644,31,20
10168,485,65,6,2,4,0,0,0,0,0,2,4,4,2,0,,2,2026-05-12 00:24:37.199644,2026-05-12 00:24:37.199644,14,20
10169,485,56,7,0,1,0,0,3,0,0,2,3,4,3,0,,2,2026-05-12 00:24:37.199644,2026-05-12 00:24:37.199644,8,20
10170,485,66,12,0,0,0,0,0,6,4,4,7,0,0,0,,2,2026-05-12 00:24:37.199644,2026-05-12 00:24:37.199644,13,20
10171,485,508,7,3,0,1,0,1,2,1,3,6,0,0,1,,0,2026-05-12 00:24:37.199644,2026-05-12 00:24:37.199644,13,20
10172,485,60,5,2,2,0,0,1,1,0,1,4,6,3,1,,5,2026-05-12 00:24:37.199644,2026-05-12 00:24:37.199644,-2,20
10173,485,62,4,3,0,0,0,2,2,0,2,5,0,0,1,,1,2026-05-12 00:24:37.199644,2026-05-12 00:24:37.199644,-7,20
10174,485,57,5,3,0,0,0,1,1,1,2,4,0,0,1,,0,2026-05-12 00:24:37.199644,2026-05-12 00:24:37.199644,-9,20
10175,485,58,0,0,0,0,0,0,2,0,0,3,0,0,0,,1,2026-05-12 00:24:37.199644,2026-05-12 00:24:37.199644,-14,20
10176,485,538,5,1,1,0,1,2,0,0,1,1,4,3,1,,1,2026-05-12 00:24:37.199644,2026-05-12 00:24:37.199644,-14,20
10177,486,132,14,4,2,0,0,0,2,0,6,15,2,2,1,,4,2026-05-12 00:24:57.630615,2026-05-12 00:24:57.630615,-5,18
10178,486,134,12,4,4,0,0,3,4,2,5,12,0,0,6,,2,2026-05-12 00:24:57.630615,2026-05-12 00:24:57.630615,12,18
10179,486,128,11,7,6,0,1,4,1,0,4,7,4,3,0,,1,2026-05-12 00:24:57.630615,2026-05-12 00:24:57.630615,-7,18
10180,486,126,36,5,1,1,0,2,5,3,13,22,8,7,4,,5,2026-05-12 00:24:57.630615,2026-05-12 00:24:57.630615,0,18
10181,486,195,10,5,0,2,0,3,4,1,3,12,3,3,2,,4,2026-05-12 00:24:57.630615,2026-05-12 00:24:57.630615,-4,18
10182,486,136,8,2,0,1,0,2,5,2,3,12,0,0,2,,1,2026-05-12 00:24:57.630615,2026-05-12 00:24:57.630615,11,18
10183,486,135,15,7,2,1,0,4,4,0,6,12,3,3,1,,5,2026-05-12 00:24:57.630615,2026-05-12 00:24:57.630615,8,18
10184,486,123,8,0,0,0,0,2,2,2,2,2,2,2,1,,1,2026-05-12 00:24:57.630615,2026-05-12 00:24:57.630615,10,18
10185,486,529,8,4,1,2,0,3,5,0,2,8,4,4,0,,1,2026-05-12 00:24:57.630615,2026-05-12 00:24:57.630615,-5,27
10186,486,540,14,1,0,2,0,3,5,2,6,10,0,0,1,,2,2026-05-12 00:24:57.630615,2026-05-12 00:24:57.630615,5,27
10187,486,542,4,3,1,0,0,1,1,0,2,5,0,0,2,,3,2026-05-12 00:24:57.630615,2026-05-12 00:24:57.630615,-1,27
10188,486,530,24,4,0,3,0,3,7,1,8,23,10,7,1,,2,2026-05-12 00:24:57.630615,2026-05-12 00:24:57.630615,-6,27
10189,486,528,20,3,3,1,1,4,6,2,8,17,3,2,1,,4,2026-05-12 00:24:57.630615,2026-05-12 00:24:57.630615,8,27
10190,486,533,4,2,1,1,0,1,0,0,2,4,1,0,3,,1,2026-05-12 00:24:57.630615,2026-05-12 00:24:57.630615,-5,27
10191,486,531,24,5,2,3,0,1,1,1,8,11,7,7,2,,2,2026-05-12 00:24:57.630615,2026-05-12 00:24:57.630615,-14,27
10192,486,535,7,4,5,1,2,1,0,0,3,4,2,1,1,,2,2026-05-12 00:24:57.630615,2026-05-12 00:24:57.630615,0,27
10193,486,527,2,1,0,0,0,0,1,0,1,2,0,0,3,,3,2026-05-12 00:24:57.630615,2026-05-12 00:24:57.630615,-2,27
10194,486,525,2,1,0,0,0,0,0,0,1,2,0,0,0,,0,2026-05-12 00:24:57.630615,2026-05-12 00:24:57.630615,-5,27
10195,487,227,0,3,2,0,0,0,0,0,0,1,0,0,1,,1,2026-05-13 02:53:57.689388,2026-05-13 02:53:57.689388,20,6
10196,487,219,17,4,4,3,5,5,4,1,6,11,4,4,3,,2,2026-05-13 02:53:57.689388,2026-05-13 02:53:57.689388,30,6
10197,487,211,9,3,2,0,2,1,0,0,3,6,4,3,1,,1,2026-05-13 02:53:57.689388,2026-05-13 02:53:57.689388,5,6
10198,487,218,43,4,1,1,0,2,12,4,13,26,15,13,1,,1,2026-05-13 02:53:57.689388,2026-05-13 02:53:57.689388,28,6
10199,487,306,24,0,0,3,1,11,9,5,5,14,9,9,2,,0,2026-05-13 02:53:57.689388,2026-05-13 02:53:57.689388,9,6
10200,487,223,5,2,2,2,0,2,6,1,2,7,0,0,2,,3,2026-05-13 02:53:57.689388,2026-05-13 02:53:57.689388,-12,6
10201,487,364,7,2,0,1,0,0,2,1,3,4,0,0,1,,3,2026-05-13 02:53:57.689388,2026-05-13 02:53:57.689388,-14,6
10202,487,226,1,2,1,0,0,0,1,0,0,1,2,1,0,,0,2026-05-13 02:53:57.689388,2026-05-13 02:53:57.689388,-7,6
10203,487,217,6,1,0,1,0,2,7,2,2,8,0,0,0,,4,2026-05-13 02:53:57.689388,2026-05-13 02:53:57.689388,6,6
10204,487,213,0,0,0,0,0,0,0,0,0,0,0,0,0,,0,2026-05-13 02:53:57.689388,2026-05-13 02:53:57.689388,-4,6
10205,487,354,0,0,0,0,0,0,0,0,0,0,0,0,0,,0,2026-05-13 02:53:57.689388,2026-05-13 02:53:57.689388,-4,6
10206,487,221,0,0,0,0,0,0,0,0,0,0,0,0,1,,0,2026-05-13 02:53:57.689388,2026-05-13 02:53:57.689388,-4,6
10207,487,222,0,0,0,0,0,0,0,0,0,0,0,0,1,,0,2026-05-13 02:53:57.689388,2026-05-13 02:53:57.689388,-4,6
10208,487,224,0,0,0,0,0,0,0,0,0,0,0,0,0,,0,2026-05-13 02:53:57.689388,2026-05-13 02:53:57.689388,-4,6
10209,487,245,4,3,1,1,0,1,0,0,2,3,0,0,4,,3,2026-05-13 02:53:57.689388,2026-05-13 02:53:57.689388,-27,9
10210,487,231,16,6,2,2,1,5,5,2,6,17,2,2,0,,1,2026-05-13 02:53:57.689388,2026-05-13 02:53:57.689388,-12,9
10211,487,229,8,1,1,2,1,2,0,0,4,8,0,0,4,,5,2026-05-13 02:53:57.689388,2026-05-13 02:53:57.689388,-12,9
10212,487,241,4,1,0,0,0,1,2,1,1,2,2,1,1,,4,2026-05-13 02:53:57.689388,2026-05-13 02:53:57.689388,-19,9
10213,487,228,19,3,0,1,0,6,5,2,7,16,3,3,5,,3,2026-05-13 02:53:57.689388,2026-05-13 02:53:57.689388,-23,9
10214,487,238,24,2,2,1,1,3,6,3,10,16,1,1,0,,2,2026-05-13 02:53:57.689388,2026-05-13 02:53:57.689388,15,9
10215,487,234,2,2,1,0,0,3,0,0,0,4,2,2,1,,2,2026-05-13 02:53:57.689388,2026-05-13 02:53:57.689388,6,9
10216,487,244,4,1,2,0,0,0,0,0,2,3,0,0,1,,3,2026-05-13 02:53:57.689388,2026-05-13 02:53:57.689388,6,9
10217,487,232,0,3,0,1,0,0,1,0,0,1,0,0,1,,1,2026-05-13 02:53:57.689388,2026-05-13 02:53:57.689388,11,9
10218,487,230,0,0,0,0,0,0,0,0,0,0,0,0,0,,2,2026-05-13 02:53:57.689388,2026-05-13 02:53:57.689388,5,9
10219,487,240,15,2,2,1,0,2,2,1,7,9,2,0,1,,1,2026-05-13 02:53:57.689388,2026-05-13 02:53:57.689388,-3,9
10220,487,242,7,0,0,1,0,0,2,1,3,4,0,0,0,,0,2026-05-13 02:53:57.689388,2026-05-13 02:53:57.689388,8,9
10221,488,320,24,12,0,0,1,3,6,2,8,18,8,6,4,,1,2026-05-13 02:54:15.381457,2026-05-13 02:54:15.381457,-17,14
10222,488,317,25,4,1,0,1,2,8,4,9,15,3,3,0,,5,2026-05-13 02:54:15.381457,2026-05-13 02:54:15.381457,-2,14
10223,488,315,6,2,1,0,0,1,0,0,3,3,0,0,0,,2,2026-05-13 02:54:15.381457,2026-05-13 02:54:15.381457,-2,14
10224,488,325,27,6,1,0,2,6,7,3,8,16,9,8,8,,5,2026-05-13 02:54:15.381457,2026-05-13 02:54:15.381457,-6,14
10225,488,326,5,2,0,2,0,3,4,0,2,8,1,1,6,,5,2026-05-13 02:54:15.381457,2026-05-13 02:54:15.381457,5,14
10226,488,375,5,2,0,1,0,2,2,1,2,5,0,0,0,,1,2026-05-13 02:54:15.381457,2026-05-13 02:54:15.381457,15,14
10227,488,318,18,2,3,0,1,1,0,0,6,8,6,6,1,,2,2026-05-13 02:54:15.381457,2026-05-13 02:54:15.381457,-1,14
10228,488,330,0,0,1,0,0,0,0,0,0,1,0,0,0,,0,2026-05-13 02:54:15.381457,2026-05-13 02:54:15.381457,-12,14
10229,488,328,0,0,0,0,0,0,1,0,0,1,0,0,0,,1,2026-05-13 02:54:15.381457,2026-05-13 02:54:15.381457,-5,14
10230,488,321,0,0,0,0,0,0,0,0,0,0,0,0,0,,0,2026-05-13 02:54:15.381457,2026-05-13 02:54:15.381457,0,14
10231,488,142,6,2,0,0,0,0,5,2,2,6,0,0,0,,3,2026-05-13 02:54:15.381457,2026-05-13 02:54:15.381457,-1,21
10232,488,145,16,8,1,1,0,0,2,0,6,9,4,4,1,,2,2026-05-13 02:54:15.381457,2026-05-13 02:54:15.381457,1,21
10233,488,144,5,7,3,3,0,5,0,0,2,4,2,1,3,,5,2026-05-13 02:54:15.381457,2026-05-13 02:54:15.381457,30,21
10234,488,147,28,2,1,4,0,4,4,1,12,19,3,3,1,,2,2026-05-13 02:54:15.381457,2026-05-13 02:54:15.381457,17,21
10235,488,143,35,1,0,1,0,8,4,1,11,22,15,12,3,,1,2026-05-13 02:54:15.381457,2026-05-13 02:54:15.381457,-7,21
10236,488,153,0,1,0,0,0,0,0,0,0,0,0,0,0,,1,2026-05-13 02:54:15.381457,2026-05-13 02:54:15.381457,-13,21
10237,488,150,3,2,0,1,0,0,1,1,1,2,0,0,1,,2,2026-05-13 02:54:15.381457,2026-05-13 02:54:15.381457,-24,21
10238,488,140,9,4,0,2,0,1,5,3,3,7,0,0,1,,5,2026-05-13 02:54:15.381457,2026-05-13 02:54:15.381457,7,21
10239,488,146,0,0,0,0,0,1,2,0,0,2,0,0,1,,3,2026-05-13 02:54:15.381457,2026-05-13 02:54:15.381457,-12,21
10240,488,83,13,1,1,0,0,0,8,3,5,10,0,0,0,,0,2026-05-13 02:54:15.381457,2026-05-13 02:54:15.381457,27,21
10241,488,151,0,0,0,0,0,0,0,0,0,0,0,0,0,,0,2026-05-13 02:54:15.381457,2026-05-13 02:54:15.381457,0,21
10242,489,529,8,4,0,2,0,0,8,2,3,9,0,0,0,,5,2026-05-13 02:55:20.759363,2026-05-13 02:55:20.759363,15,27
10243,489,540,12,2,1,0,1,2,7,2,4,10,3,2,1,,3,2026-05-13 02:55:20.759363,2026-05-13 02:55:20.759363,22,27
10244,489,542,27,15,2,0,3,5,5,2,9,16,9,7,4,,1,2026-05-13 02:55:20.759363,2026-05-13 02:55:20.759363,24,27
10245,489,530,18,4,0,0,0,5,4,1,6,15,5,5,1,,2,2026-05-13 02:55:20.759363,2026-05-13 02:55:20.759363,24,27
10246,489,528,17,4,0,2,1,6,1,0,8,11,3,1,4,,3,2026-05-13 02:55:20.759363,2026-05-13 02:55:20.759363,4,27
10247,489,531,12,5,5,1,1,2,1,0,5,10,2,2,2,,3,2026-05-13 02:55:20.759363,2026-05-13 02:55:20.759363,13,27
10248,489,533,21,0,2,2,1,0,3,1,8,11,5,4,2,,3,2026-05-13 02:55:20.759363,2026-05-13 02:55:20.759363,17,27
10249,489,535,0,0,0,2,1,0,0,0,0,1,0,0,0,,1,2026-05-13 02:55:20.759363,2026-05-13 02:55:20.759363,-2,27
10250,489,527,3,4,0,0,0,2,1,1,1,1,0,0,1,,1,2026-05-13 02:55:20.759363,2026-05-13 02:55:20.759363,9,27
10251,489,525,0,0,1,0,0,1,0,0,0,0,0,0,0,,0,2026-05-13 02:55:20.759363,2026-05-13 02:55:20.759363,0,27
10252,489,536,0,0,0,0,0,2,0,0,0,0,0,0,0,,0,2026-05-13 02:55:20.759363,2026-05-13 02:55:20.759363,7,27
10253,489,537,3,0,0,0,0,0,1,1,1,1,0,0,0,,0,2026-05-13 02:55:20.759363,2026-05-13 02:55:20.759363,4,27
10254,489,526,2,1,0,0,0,0,0,0,1,2,0,0,0,,2,2026-05-13 02:55:20.759363,2026-05-13 02:55:20.759363,4,27
10255,489,541,3,0,0,0,0,0,1,1,1,2,0,0,0,,0,2026-05-13 02:55:20.759363,2026-05-13 02:55:20.759363,4,27
10256,489,132,17,5,1,1,0,2,7,3,6,13,2,2,2,,5,2026-05-13 02:55:20.759363,2026-05-13 02:55:20.759363,-12,18
10257,489,134,17,5,5,0,0,1,4,0,6,17,7,5,0,,3,2026-05-13 02:55:20.759363,2026-05-13 02:55:20.759363,-22,18
10258,489,128,4,2,3,2,1,0,0,0,1,4,2,2,1,,3,2026-05-13 02:55:20.759363,2026-05-13 02:55:20.759363,-15,18
10259,489,126,20,2,0,0,0,2,3,1,6,13,7,7,4,,0,2026-05-13 02:55:20.759363,2026-05-13 02:55:20.759363,-9,18
10260,489,195,16,9,0,3,2,4,4,1,7,14,2,1,2,,4,2026-05-13 02:55:20.759363,2026-05-13 02:55:20.759363,-20,18
10261,489,123,5,1,0,0,0,2,2,1,2,3,0,0,0,,1,2026-05-13 02:55:20.759363,2026-05-13 02:55:20.759363,-6,18
10262,489,135,12,5,0,1,0,2,7,3,4,10,2,1,0,,4,2026-05-13 02:55:20.759363,2026-05-13 02:55:20.759363,-21,18
10263,489,136,2,0,0,0,0,4,4,0,0,5,2,2,2,,4,2026-05-13 02:55:20.759363,2026-05-13 02:55:20.759363,-5,18
10264,489,205,0,0,0,0,0,0,1,0,0,1,0,0,0,,0,2026-05-13 02:55:20.759363,2026-05-13 02:55:20.759363,-7,18
10265,489,129,0,1,0,0,0,0,1,0,0,1,0,0,1,,0,2026-05-13 02:55:20.759363,2026-05-13 02:55:20.759363,-7,18
10266,489,174,1,0,0,0,0,0,0,0,0,1,2,1,0,,0,2026-05-13 02:55:20.759363,2026-05-13 02:55:20.759363,-7,18
10267,489,121,3,2,1,0,1,0,0,0,0,1,4,3,1,,0,2026-05-13 02:55:20.759363,2026-05-13 02:55:20.759363,-7,18
10268,489,122,0,0,0,0,0,0,0,0,0,0,0,0,0,,0,2026-05-13 02:55:20.759363,2026-05-13 02:55:20.759363,-7,18
10269,490,245,6,4,3,4,3,5,1,0,2,6,2,2,2,,2,2026-05-17 00:51:55.317804,2026-05-17 00:51:55.317804,1,9
10270,490,231,13,4,2,1,1,3,7,1,6,19,0,0,0,,5,2026-05-17 00:51:55.317804,2026-05-17 00:51:55.317804,-2,9
10271,490,229,9,4,1,1,0,4,0,0,3,5,4,3,0,,2,2026-05-17 00:51:55.317804,2026-05-17 00:51:55.317804,-16,9
10272,490,234,19,1,1,1,2,3,8,2,8,17,1,1,0,,3,2026-05-17 00:51:55.317804,2026-05-17 00:51:55.317804,-9,9
10273,490,228,39,6,1,2,0,9,10,6,13,27,8,7,6,,4,2026-05-17 00:51:55.317804,2026-05-17 00:51:55.317804,-4,9
10274,490,238,7,1,0,1,1,1,3,0,2,7,3,3,0,,4,2026-05-17 00:51:55.317804,2026-05-17 00:51:55.317804,-7,9
10275,490,199,0,0,0,0,0,1,0,0,0,0,0,0,0,,0,2026-05-17 00:51:55.317804,2026-05-17 00:51:55.317804,-4,9
10276,490,242,2,1,1,0,0,0,1,0,1,2,0,0,1,,1,2026-05-17 00:51:55.317804,2026-05-17 00:51:55.317804,9,9
10277,490,244,8,0,2,0,1,1,3,2,3,5,0,0,0,,2,2026-05-17 00:51:55.317804,2026-05-17 00:51:55.317804,12,9
10278,490,240,10,4,4,0,2,1,0,0,4,7,2,2,1,,3,2026-05-17 00:51:55.317804,2026-05-17 00:51:55.317804,0,9
10279,490,227,0,5,1,1,0,0,0,0,0,0,0,0,0,,1,2026-05-17 00:51:55.317804,2026-05-17 00:51:55.317804,2,6
10280,490,219,19,7,1,1,3,8,3,2,6,13,6,5,4,,2,2026-05-17 00:51:55.317804,2026-05-17 00:51:55.317804,-7,6
10281,490,211,16,4,6,1,2,1,0,0,6,10,5,4,1,,1,2026-05-17 00:51:55.317804,2026-05-17 00:51:55.317804,14,6
10282,490,218,21,4,0,0,0,3,8,1,7,18,6,6,2,,2,2026-05-17 00:51:55.317804,2026-05-17 00:51:55.317804,-4,6
10283,490,306,30,5,3,1,3,6,10,3,8,21,14,11,6,,5,2026-05-17 00:51:55.317804,2026-05-17 00:51:55.317804,11,6
10284,490,223,20,6,2,1,1,1,8,6,6,8,2,2,0,,3,2026-05-17 00:51:55.317804,2026-05-17 00:51:55.317804,9,6
10285,490,364,5,0,0,0,0,5,1,0,1,4,5,3,2,,1,2026-05-17 00:51:55.317804,2026-05-17 00:51:55.317804,9,6
10286,490,217,6,0,0,1,0,1,5,2,2,5,0,0,0,,1,2026-05-17 00:51:55.317804,2026-05-17 00:51:55.317804,-7,6
10287,490,226,0,0,0,0,0,0,0,0,0,1,0,0,1,,0,2026-05-17 00:51:55.317804,2026-05-17 00:51:55.317804,-7,6
10288,491,227,3,2,1,0,0,0,2,1,1,2,0,0,0,,0,2026-05-17 00:52:24.177634,2026-05-17 00:52:24.177634,-16,6
10289,491,219,18,4,2,2,2,2,5,2,6,14,8,4,3,,2,2026-05-17 00:52:24.177634,2026-05-17 00:52:24.177634,-24,6
10290,491,211,13,1,7,1,1,1,0,0,5,6,4,3,1,,1,2026-05-17 00:52:24.177634,2026-05-17 00:52:24.177634,-5,6
10291,491,218,18,2,2,1,0,3,6,2,6,20,4,4,3,,2,2026-05-17 00:52:24.177634,2026-05-17 00:52:24.177634,-25,6
10292,491,306,23,7,0,4,0,4,8,3,6,13,10,8,8,,3,2026-05-17 00:52:24.177634,2026-05-17 00:52:24.177634,-5,6
10293,491,223,6,5,3,0,0,0,7,2,2,9,0,0,1,,3,2026-05-17 00:52:24.177634,2026-05-17 00:52:24.177634,-16,6
10294,491,364,0,2,0,0,0,3,1,0,0,4,0,0,3,,2,2026-05-17 00:52:24.177634,2026-05-17 00:52:24.177634,-4,6
10295,491,217,10,1,0,0,0,1,5,2,3,6,2,2,0,,4,2026-05-17 00:52:24.177634,2026-05-17 00:52:24.177634,-10,6
10296,491,221,0,0,0,0,0,0,0,0,0,0,0,0,0,,0,2026-05-17 00:52:24.177634,2026-05-17 00:52:24.177634,0,6
10297,491,226,2,0,0,0,0,0,0,0,1,1,0,0,0,,1,2026-05-17 00:52:24.177634,2026-05-17 00:52:24.177634,0,6
10298,491,224,1,0,1,0,0,0,0,0,0,0,2,1,0,,0,2026-05-17 00:52:24.177634,2026-05-17 00:52:24.177634,0,6
10299,491,354,0,0,0,1,0,1,0,0,0,0,0,0,1,,0,2026-05-17 00:52:24.177634,2026-05-17 00:52:24.177634,0,6
10300,491,213,0,0,0,0,0,0,1,0,0,2,0,0,0,,0,2026-05-17 00:52:24.177634,2026-05-17 00:52:24.177634,0,6
10301,491,245,10,4,5,4,1,4,1,0,4,6,3,2,2,,6,2026-05-17 00:52:24.177634,2026-05-17 00:52:24.177634,12,9
10302,491,231,6,5,0,2,0,3,2,0,2,7,2,2,2,,4,2026-05-17 00:52:24.177634,2026-05-17 00:52:24.177634,6,9
10303,491,229,15,7,4,1,3,0,0,0,7,10,4,1,0,,2,2026-05-17 00:52:24.177634,2026-05-17 00:52:24.177634,9,9
10304,491,234,15,2,1,0,0,3,7,3,5,11,2,2,0,,0,2026-05-17 00:52:24.177634,2026-05-17 00:52:24.177634,12,9
10305,491,228,21,2,0,0,0,8,10,5,7,19,2,2,7,,2,2026-05-17 00:52:24.177634,2026-05-17 00:52:24.177634,13,9
10306,491,238,8,3,0,1,1,3,5,2,3,7,0,0,2,,4,2026-05-17 00:52:24.177634,2026-05-17 00:52:24.177634,12,9
10307,491,244,0,1,0,0,0,0,1,0,0,1,0,0,0,,0,2026-05-17 00:52:24.177634,2026-05-17 00:52:24.177634,2,9
10308,491,241,14,2,0,0,0,2,7,4,4,7,3,2,0,,2,2026-05-17 00:52:24.177634,2026-05-17 00:52:24.177634,3,9
10309,491,242,9,1,0,1,0,1,2,1,4,5,0,0,1,,0,2026-05-17 00:52:24.177634,2026-05-17 00:52:24.177634,27,9
10310,491,240,17,3,3,0,1,1,1,1,7,9,3,2,3,,1,2026-05-17 00:52:24.177634,2026-05-17 00:52:24.177634,8,9
10311,491,232,0,0,0,0,0,0,0,0,0,0,0,0,0,,1,2026-05-17 00:52:24.177634,2026-05-17 00:52:24.177634,2,9
10312,491,237,0,0,0,0,0,0,0,0,0,0,0,0,0,,0,2026-05-17 00:52:24.177634,2026-05-17 00:52:24.177634,-1,9
10313,491,243,0,0,0,0,0,0,0,0,0,0,0,0,0,,0,2026-05-17 00:52:24.177634,2026-05-17 00:52:24.177634,0,9
10314,492,132,13,0,1,0,1,3,4,2,4,13,3,3,0,,5,2026-05-17 00:53:18.232872,2026-05-17 00:53:18.232872,-21,18
10315,492,134,3,5,2,0,0,1,2,0,1,8,2,1,0,,3,2026-05-17 00:53:18.232872,2026-05-17 00:53:18.232872,-34,18
10316,492,128,0,2,1,0,0,0,0,0,0,4,0,0,0,,3,2026-05-17 00:53:18.232872,2026-05-17 00:53:18.232872,-10,18
10317,492,126,24,1,1,3,0,2,7,2,9,26,7,4,3,,4,2026-05-17 00:53:18.232872,2026-05-17 00:53:18.232872,-31,18
10318,492,195,10,1,0,0,0,9,1,0,4,8,2,2,0,,3,2026-05-17 00:53:18.232872,2026-05-17 00:53:18.232872,-28,18
10319,492,135,18,6,1,0,0,1,7,3,7,13,1,1,0,,0,2026-05-17 00:53:18.232872,2026-05-17 00:53:18.232872,-15,18
10320,492,136,21,1,1,1,0,1,3,1,8,15,4,4,1,,3,2026-05-17 00:53:18.232872,2026-05-17 00:53:18.232872,-21,18
10321,492,123,6,0,0,3,0,4,3,2,2,3,0,0,0,,0,2026-05-17 00:53:18.232872,2026-05-17 00:53:18.232872,-5,18
10322,492,121,4,1,1,1,1,0,0,0,2,3,0,0,0,,0,2026-05-17 00:53:18.232872,2026-05-17 00:53:18.232872,3,18
10323,492,122,2,3,0,0,0,0,1,0,0,2,2,2,0,,0,2026-05-17 00:53:18.232872,2026-05-17 00:53:18.232872,3,18
10324,492,205,3,0,0,1,0,1,2,1,1,2,0,0,1,,0,2026-05-17 00:53:18.232872,2026-05-17 00:53:18.232872,3,18
10325,492,174,2,0,0,0,0,3,0,0,1,3,0,0,0,,0,2026-05-17 00:53:18.232872,2026-05-17 00:53:18.232872,3,18
10326,492,129,3,0,1,0,0,0,4,1,1,6,0,0,0,,1,2026-05-17 00:53:18.232872,2026-05-17 00:53:18.232872,3,18
10327,492,529,18,5,0,2,0,2,9,4,5,10,4,4,0,,3,2026-05-17 00:53:18.232872,2026-05-17 00:53:18.232872,35,27
10328,492,540,11,5,0,0,1,4,7,3,4,10,0,0,1,,3,2026-05-17 00:53:18.232872,2026-05-17 00:53:18.232872,14,27
10329,492,542,19,5,1,0,3,2,2,0,6,11,9,7,4,,3,2026-05-17 00:53:18.232872,2026-05-17 00:53:18.232872,25,27
10330,492,530,21,4,0,0,2,9,3,3,8,10,2,2,1,,1,2026-05-17 00:53:18.232872,2026-05-17 00:53:18.232872,26,27
10331,492,528,32,8,3,0,0,6,7,5,11,16,6,5,2,,2,2026-05-17 00:53:18.232872,2026-05-17 00:53:18.232872,28,27
10332,492,531,15,4,1,0,1,2,3,1,6,8,2,2,3,,2,2026-05-17 00:53:18.232872,2026-05-17 00:53:18.232872,16,27
10333,492,533,0,0,0,0,0,2,0,0,0,2,0,0,0,,1,2026-05-17 00:53:18.232872,2026-05-17 00:53:18.232872,-8,27
10334,492,535,6,4,2,0,4,1,0,0,2,3,2,2,1,,4,2026-05-17 00:53:18.232872,2026-05-17 00:53:18.232872,8,27
10335,492,527,3,5,1,0,0,1,1,0,1,3,2,1,0,,0,2026-05-17 00:53:18.232872,2026-05-17 00:53:18.232872,16,27
10336,492,525,3,1,3,0,0,2,3,1,1,3,0,0,0,,0,2026-05-17 00:53:18.232872,2026-05-17 00:53:18.232872,7,27
10337,492,536,2,1,0,0,0,1,0,0,1,1,0,0,0,,0,2026-05-17 00:53:18.232872,2026-05-17 00:53:18.232872,-3,27
10338,492,541,2,0,1,0,0,1,1,0,1,3,0,0,0,,0,2026-05-17 00:53:18.232872,2026-05-17 00:53:18.232872,-3,27
10339,492,537,3,4,0,0,0,1,2,1,1,4,0,0,1,,0,2026-05-17 00:53:18.232872,2026-05-17 00:53:18.232872,-3,27
10340,492,526,2,0,0,0,2,0,0,0,1,2,0,0,1,,1,2026-05-17 00:53:18.232872,2026-05-17 00:53:18.232872,-5,27
10341,492,396,2,2,0,0,0,0,0,0,1,2,0,0,1,,1,2026-05-17 00:53:18.232872,2026-05-17 00:53:18.232872,-3,27